UNQE_FIRE_,Calculated.Acres,size_class,latest_out,duration_hrs,Fire.Mgmt.Complexity,fire_mgmt_n,Incident.Type.Category,AcresTribal,Calendar.Year,GIS_ACRES,FIRE_YEAR_,is_ifph,is_inform
2020-OR952S-020360,116.97,Class D,2020-10-17T19:26:00Z,213.8,NA,NA,WF,0,2020,NA,NA,FALSE,TRUE
2020-OR952S-020220,74.41,Class C,2020-08-30T21:57:00Z,334.5833333333333,NA,NA,WF,0,2020,NA,NA,FALSE,TRUE
2020-OR952S-020144,112.23,Class D,2020-09-30T23:40:00Z,1344.0666666666666,NA,NA,WF,0,2020,NA,NA,FALSE,TRUE
2020-ORRFPN-000480,306.56,Class E,NA,NA,Type 3 Incident,3,WF,0,2020,NA,NA,FALSE,TRUE
2020-OR952S-020139,233.05,Class D,2020-08-11T17:53:00Z,138.51666666666668,Type 4 Incident,4,WF,0,2020,NA,NA,FALSE,TRUE
2020-ORRFPN-000519,218.12,Class D,NA,NA,NA,NA,WF,0,2020,NA,NA,FALSE,TRUE
2020-OR951S-000655,7.76,Class B,2020-08-28T22:07:00Z,288.95,NA,NA,WF,0,2020,NA,NA,FALSE,TRUE
2020-OR982S-200249,0.12,Class A,2020-07-29T22:22:00Z,44.75,NA,NA,WF,0,2020,NA,NA,FALSE,TRUE
2020-OR952S-020208,9.53,Class B,2020-08-10T22:32:00Z,58.83444444444444,NA,NA,WF,0,2020,NA,NA,FALSE,TRUE
2020-ORBENN-000649,39.29,Class C,NA,NA,NA,NA,WF,0,2020,NA,NA,FALSE,TRUE
2021-OR955S-000041,210.26,Class D,2021-06-03T22:45:00Z,1607.8833333333334,Type 4 Incident,4,WF,0,2021,NA,NA,FALSE,TRUE
2020-ORHINN-002012,0.15,Class A,2020-07-28T20:00:00Z,1871,NA,NA,WF,0,2020,NA,NA,FALSE,TRUE
2021-OR982S-210132,1836.3485,Class F,2021-09-17T23:32:00Z,3650.45,Type 4 Incident,4,WF,0,2021,NA,NA,FALSE,TRUE
2020-ORNGIN-000410,31.06,Class C,NA,NA,NA,NA,WF,0,2020,NA,NA,FALSE,TRUE
2020-OR952S-020310,22.49,Class C,2020-08-30T19:00:00Z,212.5036111111111,NA,NA,WF,0,2020,NA,NA,FALSE,TRUE
2020-OR952S-020097,9.33,Class B,2020-07-31T17:06:00Z,137.5872222222222,NA,NA,WF,0,2020,NA,NA,FALSE,TRUE
2020-OR952S-020262,5.36,Class B,2020-08-21T18:47:00Z,49.7025,NA,NA,WF,0,2020,NA,NA,FALSE,TRUE
2020-OR952S-020280,4.74,Class B,NA,NA,NA,NA,WF,0,2020,NA,NA,FALSE,TRUE
2020-ORNMAN-000364,4.69,Class B,NA,NA,NA,NA,WF,0,2020,NA,NA,FALSE,TRUE
2020-OR952S-020074,1.81,Class B,2020-07-12T17:44:00Z,167.28277777777777,NA,NA,WF,0,2020,NA,NA,FALSE,TRUE
2020-OR981S-200144,0.03,Class A,2020-06-23T19:34:00Z,382.98333333333335,NA,NA,WF,0,2020,NA,NA,FALSE,TRUE
2020-ORRFPN-000839,23.62,Class C,NA,NA,NA,NA,WF,0,2020,NA,NA,FALSE,TRUE
2020-OR952S-020177,4.86,Class B,2020-08-10T19:43:00Z,114.07638888888889,NA,NA,WF,0,2020,NA,NA,FALSE,TRUE
2020-OR952S-020105,4.03,Class B,2020-08-03T21:09:00Z,121.35,NA,NA,WF,0,2020,NA,NA,FALSE,TRUE
2020-ORJEFN-000800,43.07,Class C,NA,NA,NA,NA,WF,0,2020,NA,NA,FALSE,TRUE
2020-OR952S-020114,0.08,Class A,2020-08-03T21:59:00Z,90.42527777777778,NA,NA,WF,0,2020,NA,NA,FALSE,TRUE
2020-OR981S-200418,6.98,Class B,NA,NA,NA,NA,WF,0,2020,NA,NA,FALSE,TRUE
2020-OR981S-200162,0.16,Class A,2020-07-03T19:27:00Z,145.15,NA,NA,WF,0,2020,NA,NA,FALSE,TRUE
2020-OR952S-020297,92.23,Class C,2020-08-30T19:00:00Z,259.0938888888889,NA,NA,WF,0,2020,NA,NA,FALSE,TRUE
2020-OR952S-020161,5.72,Class B,2020-08-10T20:55:00Z,116.50694444444444,NA,NA,WF,0,2020,NA,NA,FALSE,TRUE
2020-OR952S-020081,58.56,Class C,2020-07-23T19:27:00Z,261.23333333333335,NA,NA,WF,0,2020,NA,NA,FALSE,TRUE
2020-OR952S-020354,675.84,Class E,2020-10-11T16:48:00Z,473.95,Type 4 Incident,4,WF,0,2020,NA,NA,FALSE,TRUE
2020-OR982S-200349,7.45,Class B,2020-08-23T23:25:00Z,160.51666666666668,NA,NA,WF,0,2020,NA,NA,FALSE,TRUE
2020-ORVAD-000090,0.1,Class A,2020-10-19T18:00:00Z,2184.75,NA,NA,WF,0,2020,NA,NA,FALSE,TRUE
2020-OR952S-020106,1.15,Class B,2020-08-05T20:21:00Z,167.0088888888889,NA,NA,WF,0,2020,NA,NA,FALSE,TRUE
2020-OR952S-020299,88.16,Class C,2020-09-11T23:22:00Z,550.7738888888889,NA,NA,WF,0,2020,NA,NA,FALSE,TRUE
2020-OR951S-000281,947.71,Class E,NA,NA,Type 4 Incident,4,WF,0,2020,NA,NA,FALSE,TRUE
2020-ORNMAN-000535,3.47,Class B,2020-08-06T23:30:28Z,101.49111111111112,NA,NA,WF,0,2020,NA,NA,FALSE,TRUE
2020-OR952S-020224,0.03,Class A,2020-08-23T21:38:00Z,164.51666666666668,NA,NA,WF,0,2020,NA,NA,FALSE,TRUE
2020-OR952S-020038,0.22,Class A,2020-05-11T17:49:00Z,267.8513888888889,NA,NA,WF,0,2020,NA,NA,FALSE,TRUE
2020-OR952S-020232,0.11,Class A,2020-08-20T18:04:00Z,67.25833333333334,NA,NA,WF,0,2020,NA,NA,FALSE,TRUE
2020-OR952S-020279,475.77,Class E,2020-08-30T19:00:00Z,263.75,Type 2 Incident,2,WF,0,2020,NA,NA,FALSE,TRUE
2021-OR952S-021044,3.82,Class B,2021-05-05T18:32:00Z,382.5833333333333,NA,NA,WF,0,2021,NA,NA,FALSE,TRUE
2020-OR952S-020078,0.15,Class A,2020-07-11T22:15:00Z,98.48583333333332,NA,NA,WF,0,2020,NA,NA,FALSE,TRUE
2020-ORPRD-000473,100.6279,Class D,NA,NA,NA,NA,WF,0,2020,NA,NA,FALSE,TRUE
2020-OR952S-020272,14.98,Class C,2020-08-30T19:00:00Z,265.0838888888889,NA,NA,WF,0,2020,NA,NA,FALSE,TRUE
2021-OR954S-000182,0.11,Class A,2021-05-10T20:17:00Z,0.7386111111111111,NA,NA,WF,0,2021,NA,NA,FALSE,TRUE
2021-OR954S-000193,1,Class B,2021-05-13T19:42:00Z,1.1158333333333332,NA,NA,WF,0,2021,NA,NA,FALSE,TRUE
2021-ORMUPN-000188,15.89,Class C,NA,NA,NA,NA,WF,0,2021,NA,NA,FALSE,TRUE
2021-OR954S-000243,3,Class B,2021-05-25T17:13:00Z,23.010277777777777,NA,NA,WF,0,2021,NA,NA,FALSE,TRUE
2021-ORVAD-000056,0.1,Class A,2021-07-07T23:40:00Z,813.9666666666667,NA,NA,WF,NA,2021,NA,NA,FALSE,TRUE
2021-ORNMAN-000281,500.08,Class E,NA,NA,NA,NA,WF,0,2021,NA,NA,FALSE,TRUE
2021-OR954S-000300,1.05,Class B,NA,NA,NA,NA,WF,0,2021,NA,NA,FALSE,TRUE
2021-OR954S-000310,1,Class B,2021-07-04T20:21:00Z,524.8869444444445,NA,NA,WF,0,2021,NA,NA,FALSE,TRUE
2021-OR954S-000311,8.62,Class B,2021-06-16T17:45:00Z,88.82833333333333,NA,NA,WF,0,2021,NA,NA,FALSE,TRUE
2021-OR954S-000312,0.54,Class B,2021-06-15T18:20:00Z,64.0886111111111,NA,NA,WF,0,2021,NA,NA,FALSE,TRUE
2021-OR954S-000313,0.23,Class A,2021-06-15T18:28:00Z,63.05416666666667,NA,NA,WF,0,2021,NA,NA,FALSE,TRUE
2021-OR952S-021096,0.09,Class A,2021-06-23T20:43:00Z,148.5811111111111,NA,NA,WF,0,2021,NA,NA,FALSE,TRUE
2021-OR952S-021099,0.87,Class B,2021-06-23T18:57:00Z,134.40833333333333,NA,NA,WF,0,2021,NA,NA,FALSE,TRUE
2021-ORPRD-000336,0.8,Class B,2021-06-25T19:08:00Z,116.86666666666666,NA,NA,WF,0,2021,NA,NA,FALSE,TRUE
2021-ORVAD-000081,1,Class B,2021-07-07T22:21:00Z,357.8333333333333,NA,NA,WF,NA,2021,NA,NA,FALSE,TRUE
2021-OR952S-021117,2.03,Class B,2021-06-29T20:36:00Z,143.04833333333335,NA,NA,WF,0,2021,NA,NA,FALSE,TRUE
2021-OR952S-021126,17.81,Class C,2021-07-03T20:10:00Z,217.48333333333332,NA,NA,WF,0,2021,NA,NA,FALSE,TRUE
2021-OR952S-021116,0.93,Class B,2021-06-27T19:10:00Z,94.5663888888889,NA,NA,WF,0,2021,NA,NA,FALSE,TRUE
2021-OR981S-210278,34.82,Class C,2021-07-23T22:07:00Z,649.0166666666667,NA,NA,WF,0,2021,NA,NA,FALSE,TRUE
2021-ORNMAN-000408,565.46,Class E,NA,NA,NA,NA,WF,0,2021,NA,NA,FALSE,TRUE
2021-ORREDN-000422,1,Class B,NA,NA,NA,NA,WF,0,2021,NA,NA,FALSE,TRUE
2021-OR954S-000396,5798.1,Class G,NA,NA,Type 4 Incident,4,WF,0,2021,NA,NA,FALSE,TRUE
2021-OR952S-021160,367.66,Class E,2021-10-13T15:30:00Z,2510.9333333333334,Type 5 Incident,5,WF,0,2021,NA,NA,FALSE,TRUE
2021-OR952S-021165,163.37,Class D,2021-08-01T19:00:00Z,760.95,NA,NA,WF,0,2021,NA,NA,FALSE,TRUE
2021-OR952S-021169,0.15,Class A,2021-07-07T22:58:00Z,163.57472222222222,NA,NA,WF,0,2021,NA,NA,FALSE,TRUE
2021-OR954S-000422,986.74,Class E,NA,NA,Type 5 Incident,5,WF,0,2021,NA,NA,FALSE,TRUE
2021-OR952S-021177,0.27,Class B,2021-07-09T19:29:00Z,188.25666666666663,NA,NA,WF,0,2021,NA,NA,FALSE,TRUE
2021-OR952S-021148,0.11,Class A,NA,NA,NA,NA,WF,0,2021,NA,NA,FALSE,TRUE
2021-OR952S-021187,541.47,Class E,2021-08-06T23:19:00Z,818.4666666666667,Type 5 Incident,5,WF,0,2021,NA,NA,FALSE,TRUE
2021-OR982S-210314,0.96,Class B,NA,NA,NA,NA,WF,0,2021,NA,NA,FALSE,TRUE
2021-ORVAD-000121,1,Class B,2021-08-20T16:35:00Z,1117.6166666666666,NA,NA,WF,0,2021,NA,NA,FALSE,TRUE
2021-OR954S-000467,28.56,Class C,2021-07-10T22:09:00Z,97.31,NA,NA,WF,0,2021,NA,NA,FALSE,TRUE
2021-ORBUD-002159,0.1,Class A,2021-06-22T16:15:00Z,13.914444444444444,NA,NA,WF,0,2021,NA,NA,FALSE,TRUE
2021-ORJEFN-000574,0.1,Class A,NA,NA,NA,NA,WF,0,2021,NA,NA,FALSE,TRUE
2021-OR954S-000579,1.23,Class B,2021-08-06T16:17:00Z,475.0213888888889,NA,NA,WF,0,2021,NA,NA,FALSE,TRUE
2021-ORPRD-000630,1,Class B,NA,NA,NA,NA,WF,0,2021,NA,NA,FALSE,TRUE
2021-ORVAD-000167,0.25,Class A,2021-08-20T16:47:00Z,646.9666666666667,NA,NA,WF,0,2021,NA,NA,FALSE,TRUE
2021-OR712S-020922,0.03,Class A,2021-08-07T19:09:00Z,329.65,NA,NA,WF,0,2021,NA,NA,FALSE,TRUE
2021-OR952S-021277,0.02,Class A,2021-08-03T17:57:00Z,112.05833333333334,NA,NA,WF,0,2021,NA,NA,FALSE,TRUE
2021-OR952S-021279,158.53,Class D,2021-10-13T15:30:00Z,1796.3166666666666,Type 5 Incident,5,WF,0,2021,NA,NA,FALSE,TRUE
2021-OR952S-021299,0.05,Class A,2021-08-04T17:07:00Z,38.5625,NA,NA,WF,0,2021,NA,NA,FALSE,TRUE
2021-OR981S-210391,84.38,Class C,2021-10-22T00:00:00Z,1851.9,Type 1 Incident,1,WF,0,2021,NA,NA,FALSE,TRUE
2021-OR981S-210394,75.3,Class C,NA,NA,Type 1 Incident,1,WF,0,2021,NA,NA,FALSE,TRUE
2021-ORROD-000488,117.3815,Class D,2021-10-31T19:00:00Z,2178,Type 1 Incident,1,WF,0,2021,NA,NA,FALSE,TRUE
2015-ORWIF-000171,0,Class A,2015-07-13T23:47:00Z,95.30833333333334,NA,NA,WF,0,2015,NA,NA,FALSE,TRUE
2022-ORRSF-000057,0.1,Class A,2022-06-06T20:31:00Z,1.5166666666666666,NA,NA,WF,0,2022,NA,NA,FALSE,TRUE
2022-OR952S-022091,0.08,Class A,2022-07-01T17:04:00Z,39.21,NA,NA,WF,0,2022,NA,NA,FALSE,TRUE
2022-ORVAD-000073,1.9,Class B,2022-08-01T18:00:00Z,684.9166666666666,NA,NA,WF,0,2022,NA,NA,FALSE,TRUE
2022-ORPRD-000296,0.1,Class A,2022-07-04T23:29:00Z,46.56666666666667,NA,NA,WF,0,2022,NA,NA,FALSE,TRUE
2022-ORPRD-000307,0.1,Class A,2022-07-05T21:29:00Z,53.78333333333333,NA,NA,WF,0,2022,NA,NA,FALSE,TRUE
2022-ORVAD-000072,0.01,Class A,2022-08-28T19:10:00Z,1335.55,NA,NA,WF,NA,2022,NA,NA,FALSE,TRUE
2022-ORPRD-000341,0.01,Class A,2022-07-15T17:25:00Z,166.71666666666667,NA,NA,WF,0,2022,NA,NA,FALSE,TRUE
2022-ORBENN-000436,1.4,Class B,NA,NA,NA,NA,WF,0,2022,NA,NA,FALSE,TRUE
2022-OR952S-022124,0.36,Class B,2022-08-04T18:04:00Z,140.48833333333334,NA,NA,WF,0,2022,NA,NA,FALSE,TRUE
2022-ORRFPN-002294,2.34,Class B,2022-08-05T19:00:00Z,145.8047222222222,NA,NA,WF,0,2022,NA,NA,FALSE,TRUE
2022-OR981S-220191,50.95,Class C,NA,NA,NA,NA,WF,0,2022,NA,NA,FALSE,TRUE
2022-ORUPF-000234,1006.9077,Class F,2023-02-01T18:00:00Z,4458.716666666666,Type 3 Incident,3,WF,0,2022,NA,NA,FALSE,TRUE
2022-OR955S-000491,2.95,Class B,NA,NA,NA,NA,WF,0,2022,NA,NA,FALSE,TRUE
2022-ORMAF-022131,154.8917,Class D,2022-10-27T16:00:00Z,2083.35,Type 4 Incident,4,WF,0,2022,NA,NA,FALSE,TRUE
2022-ORFWF-220229,0.11,Class A,2022-08-06T19:00:00Z,94.24555555555555,NA,NA,WF,0,2022,NA,NA,FALSE,TRUE
2022-OR952S-022138,0.11,Class A,2022-08-05T19:08:00Z,51.535,NA,NA,WF,0,2022,NA,NA,FALSE,TRUE
2022-ORDEF-000552,0.63,Class B,2022-08-08T21:02:00Z,117.84805555555556,NA,NA,WF,0,2022,NA,NA,FALSE,TRUE
2022-OR952S-022142,0,Class A,2022-08-06T18:53:00Z,66.42583333333333,NA,NA,WF,0,2022,NA,NA,FALSE,TRUE
2022-ORJEFN-000565,3.16,Class B,NA,NA,NA,NA,WF,0,2022,NA,NA,FALSE,TRUE
2022-ORMAF-002323,3,Class B,2022-08-14T19:25:00Z,125.25944444444444,NA,NA,WF,0,2022,NA,NA,FALSE,TRUE
2022-OR952S-022159,0.03,Class A,2022-08-13T17:06:00Z,90.73333333333332,NA,NA,WF,0,2022,NA,NA,FALSE,TRUE
2022-OR952S-022164,0.02,Class A,2022-08-10T23:09:00Z,23.940277777777776,NA,NA,WF,0,2022,NA,NA,FALSE,TRUE
2022-OR955S-000641,0.04,Class A,2022-08-12T17:10:00Z,67.71666666666667,NA,NA,WF,0,2022,NA,NA,FALSE,TRUE
2022-OR955S-000589,0.02,Class A,2022-08-11T21:56:00Z,52.2,NA,NA,WF,0,2022,NA,NA,FALSE,TRUE
2022-OR951S-000704,7.56,Class B,2022-09-13T23:02:00Z,816.2333333333333,NA,NA,WF,0,2022,NA,NA,FALSE,TRUE
2022-ORUPF-000312,12.28,Class C,NA,NA,Type 2 Incident,2,WF,0,2022,NA,NA,FALSE,TRUE
2022-OR955S-000775,10.47,Class C,2022-11-01T19:00:00Z,1770.7833333333333,NA,NA,WF,0,2022,NA,NA,FALSE,TRUE
2022-OR955S-000781,0.01,Class A,2022-08-23T17:52:00Z,74.76805555555555,NA,NA,WF,0,2022,NA,NA,FALSE,TRUE
2022-OR955S-000770,0.12,Class A,2022-08-23T19:37:00Z,92.39916666666667,NA,NA,WF,0,2022,NA,NA,FALSE,TRUE
2022-ORMAF-022199,4333.3244,Class F,2022-11-21T17:15:00Z,2190.383333333333,Type 5 Incident,5,WF,0,2022,NA,NA,FALSE,TRUE
2022-OR952S-022205,0,Class A,2022-08-25T22:45:00Z,78.7238888888889,NA,NA,WF,0,2022,NA,NA,FALSE,TRUE
2022-OR952S-022215,2.84,Class B,2022-08-30T19:07:00Z,158.05666666666667,NA,NA,WF,0,2022,NA,NA,FALSE,TRUE
2022-OR974S-000367,60.64,Class C,2022-08-28T21:00:00Z,92.6,NA,NA,WF,0,2022,NA,NA,FALSE,TRUE
2022-OR974S-000366,82.28,Class C,2022-09-05T19:33:00Z,283.43333333333334,NA,NA,WF,0,2022,NA,NA,FALSE,TRUE
2022-OR974S-000365,65.05,Class C,2022-09-05T19:33:00Z,283.5725,NA,NA,WF,0,2022,NA,NA,FALSE,TRUE
2022-ORREDN-000820,7.8,Class B,NA,NA,NA,NA,WF,0,2022,NA,NA,FALSE,TRUE
2022-ORVAD-000167,5,Class B,2022-09-30T18:00:00Z,596.7833333333333,NA,NA,WF,0,2022,NA,NA,FALSE,TRUE
2022-ORCBD-000375,0,Class A,2022-09-05T18:10:00Z,2.1666666666666665,NA,NA,WF,0,2022,NA,NA,FALSE,TRUE
2022-ORMAF-022270,131.91,Class D,2022-09-22T22:48:00Z,175.94305555555556,NA,NA,WF,0,2022,NA,NA,FALSE,TRUE
2022-ORROD-000380,0,Class A,2022-09-06T00:00:00Z,2139,NA,NA,WF,0,2022,NA,NA,FALSE,TRUE
2022-ORMAF-022287,13.72,Class C,2022-10-11T19:15:00Z,526.7894444444445,NA,NA,WF,0,2022,NA,NA,FALSE,TRUE
2022-OR952S-022289,0.62,Class B,2022-09-22T23:16:00Z,72.43333333333334,NA,NA,WF,0,2022,NA,NA,FALSE,TRUE
2022-OR951S-000932,0.18,Class A,2022-09-30T22:58:00Z,239.03861111111112,NA,NA,WF,0,2022,NA,NA,FALSE,TRUE
2022-OR952S-022291,0.69,Class B,2022-09-25T18:34:00Z,93.25194444444443,NA,NA,WF,0,2022,NA,NA,FALSE,TRUE
2022-ORCBD-000393,0,Class A,NA,NA,NA,NA,WF,0,2022,NA,NA,FALSE,TRUE
2022-ORROD-000400,0,Class A,2022-09-01T18:30:00Z,314.4166666666667,NA,NA,WF,0,2022,NA,NA,FALSE,TRUE
2022-OR952S-022296,0.5,Class B,2022-10-07T21:53:00Z,214.46666666666667,NA,NA,WF,0,2022,NA,NA,FALSE,TRUE
2022-ORNGIN-000958,124.43,Class D,NA,NA,NA,NA,WF,0,2022,NA,NA,FALSE,TRUE
2022-OR952S-022305,1.37,Class B,2022-10-17T16:15:00Z,266.21666666666664,NA,NA,WF,0,2022,NA,NA,FALSE,TRUE
2022-OR972S-000530,142.27,Class D,2022-10-24T15:00:00Z,426.65,NA,NA,WF,0,2022,NA,NA,FALSE,TRUE
2022-OR955S-000984,0.04,Class A,2022-10-16T18:26:00Z,140.2927777777778,NA,NA,WF,0,2022,NA,NA,FALSE,TRUE
2022-OR952S-022328,69.45,Class C,NA,NA,NA,NA,WF,0,2022,NA,NA,FALSE,TRUE
2022-OR952S-022322,18.33,Class C,2022-10-28T18:28:00Z,92.31333333333332,NA,NA,WF,0,2022,NA,NA,FALSE,TRUE
2022-ORCBD-000502,0,Class A,NA,NA,NA,NA,WF,0,2022,NA,NA,FALSE,TRUE
2023-ORLAD-230009,1,Class B,NA,NA,NA,NA,RX,0,2023,NA,NA,FALSE,TRUE
2023-ORDEF-000022,0.1,Class A,2023-01-25T20:40:00Z,2.7,NA,NA,WF,0,2023,NA,NA,FALSE,TRUE
2015-ORUMA-000002,129,Class D,NA,NA,NA,NA,WF,0,2015,NA,NA,FALSE,TRUE
2015-ORUMA-000003,75,Class C,NA,NA,NA,NA,WF,0,2015,NA,NA,FALSE,TRUE
2015-ORUMA-000004,248,Class D,NA,NA,NA,NA,WF,0,2015,NA,NA,FALSE,TRUE
2015-ORUMA-000005,1,Class B,NA,NA,NA,NA,WF,0,2015,NA,NA,FALSE,TRUE
2015-ORUMA-000006,0.1,Class A,NA,NA,NA,NA,WF,0.1,2015,NA,NA,FALSE,TRUE
2015-ORUMA-000007,10,Class C,NA,NA,NA,NA,WF,0,2015,NA,NA,FALSE,TRUE
2015-ORUMA-000008,0.1,Class A,NA,NA,NA,NA,WF,0.1,2015,NA,NA,FALSE,TRUE
2015-ORUMA-000010,2,Class B,NA,NA,NA,NA,WF,2,2015,NA,NA,FALSE,TRUE
2015-ORUMA-000011,21,Class C,NA,NA,NA,NA,WF,0,2015,NA,NA,FALSE,TRUE
2015-ORUMA-000012,230,Class D,NA,NA,NA,NA,WF,0,2015,NA,NA,FALSE,TRUE
2016-ORUMA-000001,0.2,Class A,NA,NA,NA,NA,WF,0,2016,NA,NA,FALSE,TRUE
2016-ORUMA-000002,0.1,Class A,NA,NA,NA,NA,WF,0,2016,NA,NA,FALSE,TRUE
2016-ORUMA-000004,0.3,Class B,NA,NA,NA,NA,WF,0,2016,NA,NA,FALSE,TRUE
2016-ORUMA-000007,0.5,Class B,NA,NA,NA,NA,WF,0.5,2016,NA,NA,FALSE,TRUE
2016-ORUMA-000010,0.1,Class A,NA,NA,NA,NA,WF,0,2016,NA,NA,FALSE,TRUE
2016-ORUMA-000011,2.5,Class B,NA,NA,NA,NA,WF,2.5,2016,NA,NA,FALSE,TRUE
2016-ORUMA-000012,688,Class E,NA,NA,NA,NA,WF,0,2016,NA,NA,FALSE,TRUE
2016-ORUMA-000013,3,Class B,NA,NA,NA,NA,WF,0,2016,NA,NA,FALSE,TRUE
2016-ORUMA-000014,0.1,Class A,NA,NA,NA,NA,WF,0.1,2016,NA,NA,FALSE,TRUE
2016-ORUMA-000017,100,Class D,NA,NA,NA,NA,WF,100,2016,NA,NA,FALSE,TRUE
2016-ORUMA-000018,0.1,Class A,NA,NA,NA,NA,WF,0.1,2016,NA,NA,FALSE,TRUE
2017-ORUMA-000003,0.5,Class B,NA,NA,NA,NA,WF,0,2017,NA,NA,FALSE,TRUE
2017-ORUMA-000004,1.6,Class B,NA,NA,NA,NA,WF,0,2017,NA,NA,FALSE,TRUE
2017-ORUMA-000008,20.1,Class C,NA,NA,NA,NA,WF,0,2017,NA,NA,FALSE,TRUE
2017-ORUMA-000010,221,Class D,NA,NA,NA,NA,WF,0,2017,NA,NA,FALSE,TRUE
2017-ORUMA-000012,0.3,Class B,NA,NA,NA,NA,WF,0,2017,NA,NA,FALSE,TRUE
2017-ORUMA-000016,0.5,Class B,NA,NA,NA,NA,WF,0,2017,NA,NA,FALSE,TRUE
2017-ORUMA-000017,0.1,Class A,NA,NA,NA,NA,WF,0,2017,NA,NA,FALSE,TRUE
2017-ORUMA-000019,0.1,Class A,NA,NA,NA,NA,WF,0,2017,NA,NA,FALSE,TRUE
2017-ORUMA-000022,2.4,Class B,NA,NA,NA,NA,WF,0,2017,NA,NA,FALSE,TRUE
2018-ORUMA-000005,0.1,Class A,NA,NA,NA,NA,WF,0,2018,NA,NA,FALSE,TRUE
2018-ORUMA-000007,6.7,Class B,NA,NA,NA,NA,WF,0,2018,NA,NA,FALSE,TRUE
2018-ORUMA-000010,0.1,Class A,NA,NA,NA,NA,WF,0,2018,NA,NA,FALSE,TRUE
2018-ORUMA-000014,2,Class B,NA,NA,NA,NA,WF,0,2018,NA,NA,FALSE,TRUE
2018-ORUMA-000019,0.3,Class B,NA,NA,NA,NA,WF,0.3,2018,NA,NA,FALSE,TRUE
2018-ORUMA-000021,7.2,Class B,NA,NA,NA,NA,WF,0,2018,NA,NA,FALSE,TRUE
2018-ORUMA-000023,1.9,Class B,NA,NA,NA,NA,WF,0,2018,NA,NA,FALSE,TRUE
2018-ORUMA-000025,0.3,Class B,NA,NA,NA,NA,WF,0,2018,NA,NA,FALSE,TRUE
2018-ORUMA-000027,30,Class C,NA,NA,NA,NA,WF,0,2018,NA,NA,FALSE,TRUE
2018-ORUMA-000029,7.9,Class B,NA,NA,NA,NA,WF,0,2018,NA,NA,FALSE,TRUE
2018-ORUMA-000031,0.1,Class A,NA,NA,NA,NA,WF,0,2018,NA,NA,FALSE,TRUE
2018-ORUMA-000037,5.8,Class B,NA,NA,NA,NA,WF,0,2018,NA,NA,FALSE,TRUE
2018-ORUMA-000039,125,Class D,NA,NA,NA,NA,WF,0,2018,NA,NA,FALSE,TRUE
2019-ORUMA-000001,0.3,Class B,NA,NA,NA,NA,WF,0,2019,NA,NA,FALSE,TRUE
2019-ORUMA-000003,0.1,Class A,NA,NA,NA,NA,WF,0,2019,NA,NA,FALSE,TRUE
2019-ORUMA-000004,0.3,Class B,NA,NA,NA,NA,WF,0,2019,NA,NA,FALSE,TRUE
2019-ORUMA-000005,0.3,Class B,NA,NA,NA,NA,WF,0,2019,NA,NA,FALSE,TRUE
2019-ORUMA-000008,43,Class C,NA,NA,NA,NA,WF,0,2019,NA,NA,FALSE,TRUE
2019-ORUMA-000009,1,Class B,NA,NA,NA,NA,WF,0,2019,NA,NA,FALSE,TRUE
2019-ORUMA-000010,2.6,Class B,NA,NA,NA,NA,WF,0,2019,NA,NA,FALSE,TRUE
2019-ORUMA-000011,35,Class C,NA,NA,NA,NA,WF,0,2019,NA,NA,FALSE,TRUE
2019-ORUMA-000012,0.1,Class A,NA,NA,NA,NA,WF,0,2019,NA,NA,FALSE,TRUE
2019-ORUMA-000013,0.1,Class A,NA,NA,NA,NA,WF,0,2019,NA,NA,FALSE,TRUE
2019-ORUMA-000014,0.3,Class B,NA,NA,NA,NA,WF,0,2019,NA,NA,FALSE,TRUE
2019-ORUMA-000018,0.3,Class B,NA,NA,NA,NA,WF,0,2019,NA,NA,FALSE,TRUE
2019-ORUMA-000019,0.1,Class A,NA,NA,NA,NA,WF,0,2019,NA,NA,FALSE,TRUE
2019-ORUMA-000021,0.3,Class B,NA,NA,NA,NA,WF,0,2019,NA,NA,FALSE,TRUE
2019-ORUMA-000025,98,Class C,NA,NA,NA,NA,WF,0,2019,NA,NA,FALSE,TRUE
2015-ORWSA-000003,0.1,Class A,NA,NA,NA,NA,WF,0,2015,NA,NA,FALSE,TRUE
2015-ORWSA-000004,1.7,Class B,NA,NA,NA,NA,WF,0,2015,NA,NA,FALSE,TRUE
2015-ORWSA-000005,0.5,Class B,NA,NA,NA,NA,WF,0,2015,NA,NA,FALSE,TRUE
2015-ORWSA-000010,9.9,Class B,NA,NA,NA,NA,WF,0,2015,NA,NA,FALSE,TRUE
2015-ORWSA-000011,0.7,Class B,NA,NA,NA,NA,WF,0,2015,NA,NA,FALSE,TRUE
2015-ORWSA-000013,2614.7,Class F,NA,NA,NA,NA,WF,0,2015,NA,NA,FALSE,TRUE
2015-ORWSA-000015,0.1,Class A,NA,NA,NA,NA,WF,0,2015,NA,NA,FALSE,TRUE
2015-ORWSA-000017,0.2,Class A,NA,NA,NA,NA,WF,0,2015,NA,NA,FALSE,TRUE
2015-ORWSA-000018,4.1,Class B,NA,NA,NA,NA,WF,0,2015,NA,NA,FALSE,TRUE
2015-ORWSA-000020,0.1,Class A,NA,NA,NA,NA,WF,0,2015,NA,NA,FALSE,TRUE
2015-ORWSA-000021,0.1,Class A,NA,NA,NA,NA,WF,0,2015,NA,NA,FALSE,TRUE
2015-ORWSA-000022,0.1,Class A,NA,NA,NA,NA,WF,0,2015,NA,NA,FALSE,TRUE
2015-ORWSA-000025,0.8,Class B,NA,NA,NA,NA,WF,0,2015,NA,NA,FALSE,TRUE
2015-ORWSA-000028,40.1,Class C,NA,NA,NA,NA,WF,0,2015,NA,NA,FALSE,TRUE
2015-ORWSA-000029,0.1,Class A,NA,NA,NA,NA,WF,0,2015,NA,NA,FALSE,TRUE
2015-ORWSA-000030,0.1,Class A,NA,NA,NA,NA,WF,0,2015,NA,NA,FALSE,TRUE
2015-ORWSA-000031,0.1,Class A,NA,NA,NA,NA,WF,0,2015,NA,NA,FALSE,TRUE
2015-ORWSA-000032,0.1,Class A,NA,NA,NA,NA,WF,0,2015,NA,NA,FALSE,TRUE
2015-ORWSA-000033,0.1,Class A,NA,NA,NA,NA,WF,0,2015,NA,NA,FALSE,TRUE
2015-ORWSA-000034,0.1,Class A,NA,NA,NA,NA,WF,0,2015,NA,NA,FALSE,TRUE
2015-ORWSA-000035,0.1,Class A,NA,NA,NA,NA,WF,0,2015,NA,NA,FALSE,TRUE
2015-ORWSA-000036,0.2,Class A,NA,NA,NA,NA,WF,0,2015,NA,NA,FALSE,TRUE
2015-ORWSA-000037,0.1,Class A,NA,NA,NA,NA,WF,0,2015,NA,NA,FALSE,TRUE
2015-ORWSA-000038,0.1,Class A,NA,NA,NA,NA,WF,0,2015,NA,NA,FALSE,TRUE
2015-ORWSA-000039,0.1,Class A,NA,NA,NA,NA,WF,0,2015,NA,NA,FALSE,TRUE
2015-ORWSA-000040,0.1,Class A,NA,NA,NA,NA,WF,0,2015,NA,NA,FALSE,TRUE
2015-ORWSA-000045,0.1,Class A,NA,NA,NA,NA,WF,0,2015,NA,NA,FALSE,TRUE
2015-ORWSA-000046,0.1,Class A,NA,NA,NA,NA,WF,0,2015,NA,NA,FALSE,TRUE
2015-ORWSA-000048,0.2,Class A,NA,NA,NA,NA,WF,0,2015,NA,NA,FALSE,TRUE
2015-ORWSA-000049,4,Class B,NA,NA,NA,NA,WF,0,2015,NA,NA,FALSE,TRUE
2015-ORWSA-000051,36.3,Class C,NA,NA,NA,NA,WF,0,2015,NA,NA,FALSE,TRUE
2015-ORWSA-000052,0.1,Class A,NA,NA,NA,NA,WF,0,2015,NA,NA,FALSE,TRUE
2015-ORWSA-000055,0.1,Class A,NA,NA,NA,NA,WF,0,2015,NA,NA,FALSE,TRUE
2015-ORWSA-000060,66613,Class G,NA,NA,NA,NA,WF,0,2015,NA,NA,FALSE,TRUE
2015-ORWSA-000061,200,Class D,NA,NA,NA,NA,WF,0,2015,NA,NA,FALSE,TRUE
2015-ORWSA-000064,0.5,Class B,NA,NA,NA,NA,WF,0,2015,NA,NA,FALSE,TRUE
2015-ORWSA-000066,25,Class C,NA,NA,NA,NA,WF,0,2015,NA,NA,FALSE,TRUE
2015-ORWSA-000067,50,Class C,NA,NA,NA,NA,WF,0,2015,NA,NA,FALSE,TRUE
2015-ORWSA-000068,300,Class E,NA,NA,NA,NA,WF,0,2015,NA,NA,FALSE,TRUE
2015-ORWSA-000069,50,Class C,NA,NA,NA,NA,WF,0,2015,NA,NA,FALSE,TRUE
2015-ORWSA-000070,25,Class C,NA,NA,NA,NA,WF,0,2015,NA,NA,FALSE,TRUE
2015-ORWSA-000071,10,Class C,NA,NA,NA,NA,WF,0,2015,NA,NA,FALSE,TRUE
2015-ORWSA-000077,0.1,Class A,NA,NA,NA,NA,WF,0,2015,NA,NA,FALSE,TRUE
2015-ORWSA-000078,0.1,Class A,NA,NA,NA,NA,WF,0,2015,NA,NA,FALSE,TRUE
2015-ORWSA-000079,0.1,Class A,NA,NA,NA,NA,WF,0,2015,NA,NA,FALSE,TRUE
2015-ORWSA-000080,0.4,Class B,NA,NA,NA,NA,WF,0,2015,NA,NA,FALSE,TRUE
2015-ORWSA-000081,0.5,Class B,NA,NA,NA,NA,WF,0,2015,NA,NA,FALSE,TRUE
2015-ORWSA-000082,0.4,Class B,NA,NA,NA,NA,WF,0,2015,NA,NA,FALSE,TRUE
2015-ORWSA-000083,0.1,Class A,NA,NA,NA,NA,WF,0,2015,NA,NA,FALSE,TRUE
2015-ORWSA-000084,0.1,Class A,NA,NA,NA,NA,WF,0,2015,NA,NA,FALSE,TRUE
2015-ORWSA-000085,0.1,Class A,NA,NA,NA,NA,WF,0,2015,NA,NA,FALSE,TRUE
2015-ORWSA-000086,0.1,Class A,NA,NA,NA,NA,WF,0,2015,NA,NA,FALSE,TRUE
2015-ORWSA-000087,0.1,Class A,NA,NA,NA,NA,WF,0,2015,NA,NA,FALSE,TRUE
2015-ORWSA-000090,2,Class B,NA,NA,NA,NA,WF,0,2015,NA,NA,FALSE,TRUE
2015-ORWSA-000092,5,Class B,NA,NA,NA,NA,WF,0,2015,NA,NA,FALSE,TRUE
2015-ORWSA-000093,3.5,Class B,NA,NA,NA,NA,WF,0,2015,NA,NA,FALSE,TRUE
2016-ORWSA-000002,2,Class B,NA,NA,NA,NA,WF,0,2016,NA,NA,FALSE,TRUE
2016-ORWSA-000007,0.1,Class A,NA,NA,NA,NA,WF,0,2016,NA,NA,FALSE,TRUE
2016-ORWSA-000008,0.3,Class B,NA,NA,NA,NA,WF,0,2016,NA,NA,FALSE,TRUE
2016-ORWSA-000011,4.4,Class B,NA,NA,NA,NA,WF,0,2016,NA,NA,FALSE,TRUE
2016-ORWSA-000012,0.1,Class A,NA,NA,NA,NA,WF,0,2016,NA,NA,FALSE,TRUE
2016-ORWSA-000016,0.1,Class A,NA,NA,NA,NA,WF,0,2016,NA,NA,FALSE,TRUE
2016-ORWSA-000020,0.5,Class B,NA,NA,NA,NA,WF,0,2016,NA,NA,FALSE,TRUE
2016-ORWSA-000021,0.3,Class B,NA,NA,NA,NA,WF,0,2016,NA,NA,FALSE,TRUE
2016-ORWSA-000022,1.3,Class B,NA,NA,NA,NA,WF,0,2016,NA,NA,FALSE,TRUE
2016-ORWSA-000025,0.1,Class A,NA,NA,NA,NA,WF,0,2016,NA,NA,FALSE,TRUE
2016-ORWSA-000027,0.1,Class A,NA,NA,NA,NA,WF,0,2016,NA,NA,FALSE,TRUE
2016-ORWSA-000028,0.1,Class A,NA,NA,NA,NA,WF,0,2016,NA,NA,FALSE,TRUE
2016-ORWSA-000029,0.1,Class A,NA,NA,NA,NA,WF,0,2016,NA,NA,FALSE,TRUE
2016-ORWSA-000030,0.1,Class A,NA,NA,NA,NA,WF,0,2016,NA,NA,FALSE,TRUE
2016-ORWSA-000031,0.1,Class A,NA,NA,NA,NA,WF,0,2016,NA,NA,FALSE,TRUE
2016-ORWSA-000032,0.1,Class A,NA,NA,NA,NA,WF,0,2016,NA,NA,FALSE,TRUE
2016-ORWSA-000033,0.1,Class A,NA,NA,NA,NA,WF,0,2016,NA,NA,FALSE,TRUE
2016-ORWSA-000034,0.1,Class A,NA,NA,NA,NA,WF,0,2016,NA,NA,FALSE,TRUE
2016-ORWSA-000035,0.1,Class A,NA,NA,NA,NA,WF,0,2016,NA,NA,FALSE,TRUE
2016-ORWSA-000036,0.1,Class A,NA,NA,NA,NA,WF,0,2016,NA,NA,FALSE,TRUE
2016-ORWSA-000039,0.1,Class A,NA,NA,NA,NA,WF,0,2016,NA,NA,FALSE,TRUE
2016-ORWSA-000040,0.1,Class A,NA,NA,NA,NA,WF,0,2016,NA,NA,FALSE,TRUE
2016-ORWSA-000041,0.1,Class A,NA,NA,NA,NA,WF,0,2016,NA,NA,FALSE,TRUE
2016-ORWSA-000042,0.1,Class A,NA,NA,NA,NA,WF,0,2016,NA,NA,FALSE,TRUE
2016-ORWSA-000044,0.1,Class A,NA,NA,NA,NA,WF,0,2016,NA,NA,FALSE,TRUE
2016-ORWSA-000045,9235,Class G,NA,NA,NA,NA,WF,0,2016,NA,NA,FALSE,TRUE
2016-ORWSA-000048,0.1,Class A,NA,NA,NA,NA,WF,0,2016,NA,NA,FALSE,TRUE
2016-ORWSA-000057,0.1,Class A,NA,NA,NA,NA,WF,0,2016,NA,NA,FALSE,TRUE
2016-ORWSA-000067,331,Class E,NA,NA,NA,NA,WF,0,2016,NA,NA,FALSE,TRUE
2016-ORWSA-000068,2.5,Class B,NA,NA,NA,NA,WF,0,2016,NA,NA,FALSE,TRUE
2016-ORWSA-000069,2.5,Class B,NA,NA,NA,NA,WF,0,2016,NA,NA,FALSE,TRUE
2017-ORWSA-000004,0.1,Class A,NA,NA,NA,NA,WF,0,2017,NA,NA,FALSE,TRUE
2017-ORWSA-000005,0.5,Class B,NA,NA,NA,NA,WF,0,2017,NA,NA,FALSE,TRUE
2017-ORWSA-000007,2,Class B,NA,NA,NA,NA,WF,0,2017,NA,NA,FALSE,TRUE
2017-ORWSA-000010,0.1,Class A,NA,NA,NA,NA,WF,0,2017,NA,NA,FALSE,TRUE
2017-ORWSA-000013,2413,Class F,NA,NA,NA,NA,WF,0,2017,NA,NA,FALSE,TRUE
2017-ORWSA-000014,9.8,Class B,NA,NA,NA,NA,WF,0,2017,NA,NA,FALSE,TRUE
2017-ORWSA-000015,5.8,Class B,NA,NA,NA,NA,WF,0,2017,NA,NA,FALSE,TRUE
2017-ORWSA-000016,0.1,Class A,NA,NA,NA,NA,WF,0,2017,NA,NA,FALSE,TRUE
2017-ORWSA-000018,0.5,Class B,NA,NA,NA,NA,WF,0,2017,NA,NA,FALSE,TRUE
2017-ORWSA-000019,0.1,Class A,NA,NA,NA,NA,WF,0,2017,NA,NA,FALSE,TRUE
2017-ORWSA-000020,0.1,Class A,NA,NA,NA,NA,WF,0,2017,NA,NA,FALSE,TRUE
2017-ORWSA-000021,0.1,Class A,NA,NA,NA,NA,WF,0,2017,NA,NA,FALSE,TRUE
2017-ORWSA-000022,0.1,Class A,NA,NA,NA,NA,WF,0,2017,NA,NA,FALSE,TRUE
2017-ORWSA-000023,0.1,Class A,NA,NA,NA,NA,WF,0,2017,NA,NA,FALSE,TRUE
2017-ORWSA-000024,0.1,Class A,NA,NA,NA,NA,WF,0,2017,NA,NA,FALSE,TRUE
2017-ORWSA-000025,0.1,Class A,NA,NA,NA,NA,WF,0,2017,NA,NA,FALSE,TRUE
2017-ORWSA-000026,0.1,Class A,NA,NA,NA,NA,WF,0,2017,NA,NA,FALSE,TRUE
2017-ORWSA-000027,0.1,Class A,NA,NA,NA,NA,WF,0,2017,NA,NA,FALSE,TRUE
2017-ORWSA-000028,0.1,Class A,NA,NA,NA,NA,WF,0,2017,NA,NA,FALSE,TRUE
2017-ORWSA-000029,0.3,Class B,NA,NA,NA,NA,WF,0,2017,NA,NA,FALSE,TRUE
2017-ORWSA-000031,98,Class C,NA,NA,NA,NA,WF,0,2017,NA,NA,FALSE,TRUE
2017-ORWSA-000035,0.6,Class B,NA,NA,NA,NA,WF,0,2017,NA,NA,FALSE,TRUE
2017-ORWSA-000042,0.3,Class B,NA,NA,NA,NA,WF,0,2017,NA,NA,FALSE,TRUE
2017-ORWSA-000043,0.1,Class A,NA,NA,NA,NA,WF,0,2017,NA,NA,FALSE,TRUE
2017-ORWSA-000047,0.1,Class A,NA,NA,NA,NA,WF,0,2017,NA,NA,FALSE,TRUE
2017-ORWSA-000048,0.1,Class A,NA,NA,NA,NA,WF,0,2017,NA,NA,FALSE,TRUE
2017-ORWSA-000049,0.1,Class A,NA,NA,NA,NA,WF,0,2017,NA,NA,FALSE,TRUE
2017-ORWSA-000055,0.1,Class A,NA,NA,NA,NA,WF,0,2017,NA,NA,FALSE,TRUE
2017-ORWSA-000056,0.1,Class A,NA,NA,NA,NA,WF,0,2017,NA,NA,FALSE,TRUE
2017-ORWSA-000057,0.1,Class A,NA,NA,NA,NA,WF,0,2017,NA,NA,FALSE,TRUE
2017-ORWSA-000058,0.3,Class B,NA,NA,NA,NA,WF,0,2017,NA,NA,FALSE,TRUE
2017-ORWSA-000059,1.5,Class B,NA,NA,NA,NA,WF,0,2017,NA,NA,FALSE,TRUE
2017-ORWSA-000060,0.3,Class B,NA,NA,NA,NA,WF,0,2017,NA,NA,FALSE,TRUE
2017-ORWSA-000061,1,Class B,NA,NA,NA,NA,WF,0,2017,NA,NA,FALSE,TRUE
2017-ORWSA-000062,0.1,Class A,NA,NA,NA,NA,WF,0,2017,NA,NA,FALSE,TRUE
2017-ORWSA-000063,0.1,Class A,NA,NA,NA,NA,WF,0,2017,NA,NA,FALSE,TRUE
2017-ORWSA-000064,0.1,Class A,NA,NA,NA,NA,WF,0,2017,NA,NA,FALSE,TRUE
2017-ORWSA-000065,0.4,Class B,NA,NA,NA,NA,WF,0,2017,NA,NA,FALSE,TRUE
2017-ORWSA-000066,0.1,Class A,NA,NA,NA,NA,WF,0,2017,NA,NA,FALSE,TRUE
2017-ORWSA-000069,0.1,Class A,NA,NA,NA,NA,WF,0,2017,NA,NA,FALSE,TRUE
2017-ORWSA-000076,1.4,Class B,NA,NA,NA,NA,WF,0,2017,NA,NA,FALSE,TRUE
2017-ORWSA-000077,0.2,Class A,NA,NA,NA,NA,WF,0,2017,NA,NA,FALSE,TRUE
2017-ORWSA-000080,0.1,Class A,NA,NA,NA,NA,WF,0,2017,NA,NA,FALSE,TRUE
2017-ORWSA-000081,0.1,Class A,NA,NA,NA,NA,WF,0,2017,NA,NA,FALSE,TRUE
2017-ORWSA-000086,0.5,Class B,NA,NA,NA,NA,WF,0,2017,NA,NA,FALSE,TRUE
2017-ORWSA-000088,5.1,Class B,NA,NA,NA,NA,WF,0,2017,NA,NA,FALSE,TRUE
2017-ORWSA-000089,0.5,Class B,NA,NA,NA,NA,WF,0,2017,NA,NA,FALSE,TRUE
2018-ORWSA-000004,0.1,Class A,NA,NA,NA,NA,WF,0,2018,NA,NA,FALSE,TRUE
2018-ORWSA-000008,190.2,Class D,NA,NA,NA,NA,WF,0,2018,NA,NA,FALSE,TRUE
2018-ORWSA-000009,1.5,Class B,NA,NA,NA,NA,WF,0,2018,NA,NA,FALSE,TRUE
2018-ORWSA-000010,1,Class B,NA,NA,NA,NA,WF,0,2018,NA,NA,FALSE,TRUE
2018-ORWSA-000011,0.3,Class B,NA,NA,NA,NA,WF,0,2018,NA,NA,FALSE,TRUE
2018-ORWSA-000012,0.1,Class A,NA,NA,NA,NA,WF,0,2018,NA,NA,FALSE,TRUE
2018-ORWSA-000014,1.4,Class B,NA,NA,NA,NA,WF,0,2018,NA,NA,FALSE,TRUE
2018-ORWSA-000018,0.1,Class A,NA,NA,NA,NA,WF,0,2018,NA,NA,FALSE,TRUE
2018-ORWSA-000019,1.4,Class B,NA,NA,NA,NA,WF,0,2018,NA,NA,FALSE,TRUE
2018-ORWSA-000020,4.5,Class B,NA,NA,NA,NA,WF,0,2018,NA,NA,FALSE,TRUE
2018-ORWSA-000023,0.5,Class B,NA,NA,NA,NA,WF,0,2018,NA,NA,FALSE,TRUE
2018-ORWSA-000026,1000,Class F,NA,NA,NA,NA,WF,0,2018,NA,NA,FALSE,TRUE
2018-ORWSA-000027,0.1,Class A,NA,NA,NA,NA,WF,0,2018,NA,NA,FALSE,TRUE
2018-ORWSA-000028,154,Class D,NA,NA,NA,NA,WF,0,2018,NA,NA,FALSE,TRUE
2018-ORWSA-000030,90,Class C,NA,NA,NA,NA,WF,0,2018,NA,NA,FALSE,TRUE
2018-ORWSA-000031,0.1,Class A,NA,NA,NA,NA,WF,0,2018,NA,NA,FALSE,TRUE
2018-ORWSA-000032,0.1,Class A,NA,NA,NA,NA,WF,0,2018,NA,NA,FALSE,TRUE
2018-ORWSA-000034,0.1,Class A,NA,NA,NA,NA,WF,0,2018,NA,NA,FALSE,TRUE
2018-ORWSA-000035,0.1,Class A,NA,NA,NA,NA,WF,0,2018,NA,NA,FALSE,TRUE
2018-ORWSA-000036,0.3,Class B,NA,NA,NA,NA,WF,0,2018,NA,NA,FALSE,TRUE
2018-ORWSA-000037,1.4,Class B,NA,NA,NA,NA,WF,0,2018,NA,NA,FALSE,TRUE
2018-ORWSA-000038,0.1,Class A,NA,NA,NA,NA,WF,0,2018,NA,NA,FALSE,TRUE
2018-ORWSA-000039,0.1,Class A,NA,NA,NA,NA,WF,0,2018,NA,NA,FALSE,TRUE
2018-ORWSA-000040,0.1,Class A,NA,NA,NA,NA,WF,0,2018,NA,NA,FALSE,TRUE
2018-ORWSA-000041,0.1,Class A,NA,NA,NA,NA,WF,0,2018,NA,NA,FALSE,TRUE
2018-ORWSA-000042,0.1,Class A,NA,NA,NA,NA,WF,0,2018,NA,NA,FALSE,TRUE
2018-ORWSA-000043,0.1,Class A,NA,NA,NA,NA,WF,0,2018,NA,NA,FALSE,TRUE
2018-ORWSA-000044,0.1,Class A,NA,NA,NA,NA,WF,0,2018,NA,NA,FALSE,TRUE
2018-ORWSA-000045,0.1,Class A,NA,NA,NA,NA,WF,0,2018,NA,NA,FALSE,TRUE
2018-ORWSA-000046,0.3,Class B,NA,NA,NA,NA,WF,0,2018,NA,NA,FALSE,TRUE
2018-ORWSA-000047,0.1,Class A,NA,NA,NA,NA,WF,0,2018,NA,NA,FALSE,TRUE
2018-ORWSA-000048,0.1,Class A,NA,NA,NA,NA,WF,0,2018,NA,NA,FALSE,TRUE
2018-ORWSA-000049,0.1,Class A,NA,NA,NA,NA,WF,0,2018,NA,NA,FALSE,TRUE
2018-ORWSA-000050,0.3,Class B,NA,NA,NA,NA,WF,0,2018,NA,NA,FALSE,TRUE
2018-ORWSA-000051,0.1,Class A,NA,NA,NA,NA,WF,0,2018,NA,NA,FALSE,TRUE
2018-ORWSA-000052,0.1,Class A,NA,NA,NA,NA,WF,0,2018,NA,NA,FALSE,TRUE
2018-ORWSA-000053,0.1,Class A,NA,NA,NA,NA,WF,0,2018,NA,NA,FALSE,TRUE
2018-ORWSA-000054,0.1,Class A,NA,NA,NA,NA,WF,0,2018,NA,NA,FALSE,TRUE
2018-ORWSA-000055,0.1,Class A,NA,NA,NA,NA,WF,0,2018,NA,NA,FALSE,TRUE
2018-ORWSA-000056,0.1,Class A,NA,NA,NA,NA,WF,0,2018,NA,NA,FALSE,TRUE
2018-ORWSA-000058,0.3,Class B,NA,NA,NA,NA,WF,0,2018,NA,NA,FALSE,TRUE
2018-ORWSA-000059,39,Class C,NA,NA,NA,NA,WF,0,2018,NA,NA,FALSE,TRUE
2018-ORWSA-000060,0.1,Class A,NA,NA,NA,NA,WF,0,2018,NA,NA,FALSE,TRUE
2018-ORWSA-000061,0.1,Class A,NA,NA,NA,NA,WF,0,2018,NA,NA,FALSE,TRUE
2018-ORWSA-000062,0.5,Class B,NA,NA,NA,NA,WF,0,2018,NA,NA,FALSE,TRUE
2018-ORWSA-000063,0.5,Class B,NA,NA,NA,NA,WF,0,2018,NA,NA,FALSE,TRUE
2018-ORWSA-000064,0.1,Class A,NA,NA,NA,NA,WF,0,2018,NA,NA,FALSE,TRUE
2018-ORWSA-000065,437,Class E,NA,NA,NA,NA,WF,0,2018,NA,NA,FALSE,TRUE
2018-ORWSA-000066,0.1,Class A,NA,NA,NA,NA,WF,0,2018,NA,NA,FALSE,TRUE
2018-ORWSA-000073,1.4,Class B,NA,NA,NA,NA,WF,0,2018,NA,NA,FALSE,TRUE
2018-ORWSA-000074,1.4,Class B,NA,NA,NA,NA,WF,0,2018,NA,NA,FALSE,TRUE
2018-ORWSA-000076,0.3,Class B,NA,NA,NA,NA,WF,0,2018,NA,NA,FALSE,TRUE
2018-ORWSA-000078,0.3,Class B,NA,NA,NA,NA,WF,0,2018,NA,NA,FALSE,TRUE
2018-ORWSA-000093,9083,Class G,NA,NA,NA,NA,WF,0,2018,NA,NA,FALSE,TRUE
2018-ORWSA-000094,0.1,Class A,NA,NA,NA,NA,WF,0,2018,NA,NA,FALSE,TRUE
2018-ORWSA-000095,0.1,Class A,NA,NA,NA,NA,WF,0,2018,NA,NA,FALSE,TRUE
2018-ORWSA-000096,0.5,Class B,NA,NA,NA,NA,WF,0,2018,NA,NA,FALSE,TRUE
2018-ORWSA-000098,0.1,Class A,NA,NA,NA,NA,WF,0,2018,NA,NA,FALSE,TRUE
2018-ORWSA-000099,0.1,Class A,NA,NA,NA,NA,WF,0,2018,NA,NA,FALSE,TRUE
2018-ORWSA-000100,0.1,Class A,NA,NA,NA,NA,WF,0,2018,NA,NA,FALSE,TRUE
2018-ORWSA-000101,0.1,Class A,NA,NA,NA,NA,WF,0,2018,NA,NA,FALSE,TRUE
2018-ORWSA-000102,0.1,Class A,NA,NA,NA,NA,WF,0,2018,NA,NA,FALSE,TRUE
2018-ORWSA-000103,0.1,Class A,NA,NA,NA,NA,WF,0,2018,NA,NA,FALSE,TRUE
2018-ORWSA-000104,0.1,Class A,NA,NA,NA,NA,WF,0,2018,NA,NA,FALSE,TRUE
2018-ORWSA-000105,0.1,Class A,NA,NA,NA,NA,WF,0,2018,NA,NA,FALSE,TRUE
2018-ORWSA-000106,0.1,Class A,NA,NA,NA,NA,WF,0,2018,NA,NA,FALSE,TRUE
2018-ORWSA-000110,0.3,Class B,NA,NA,NA,NA,WF,0,2018,NA,NA,FALSE,TRUE
2018-ORWSA-000118,0.4,Class B,NA,NA,NA,NA,WF,0,2018,NA,NA,FALSE,TRUE
2018-ORWSA-000119,0.7,Class B,NA,NA,NA,NA,WF,0,2018,NA,NA,FALSE,TRUE
2018-ORWSA-000120,0.4,Class B,NA,NA,NA,NA,WF,0,2018,NA,NA,FALSE,TRUE
2019-ORWSA-000002,0.1,Class A,NA,NA,NA,NA,WF,0,2019,NA,NA,FALSE,TRUE
2019-ORWSA-000007,1.3,Class B,NA,NA,NA,NA,WF,0,2019,NA,NA,FALSE,TRUE
2019-ORWSA-000008,33.7,Class C,NA,NA,NA,NA,WF,0,2019,NA,NA,FALSE,TRUE
2019-ORWSA-000009,19.5,Class C,NA,NA,NA,NA,WF,0,2019,NA,NA,FALSE,TRUE
2019-ORWSA-000010,0.6,Class B,NA,NA,NA,NA,WF,0,2019,NA,NA,FALSE,TRUE
2019-ORWSA-000012,0.1,Class A,NA,NA,NA,NA,WF,0,2019,NA,NA,FALSE,TRUE
2019-ORWSA-000013,0.1,Class A,NA,NA,NA,NA,WF,0,2019,NA,NA,FALSE,TRUE
2019-ORWSA-000017,0.1,Class A,NA,NA,NA,NA,WF,0,2019,NA,NA,FALSE,TRUE
2019-ORWSA-000018,0.1,Class A,NA,NA,NA,NA,WF,0,2019,NA,NA,FALSE,TRUE
2019-ORWSA-000019,0.1,Class A,NA,NA,NA,NA,WF,0,2019,NA,NA,FALSE,TRUE
2019-ORWSA-000020,0.1,Class A,NA,NA,NA,NA,WF,0,2019,NA,NA,FALSE,TRUE
2019-ORWSA-000021,0.1,Class A,NA,NA,NA,NA,WF,0,2019,NA,NA,FALSE,TRUE
2019-ORWSA-000022,0.1,Class A,NA,NA,NA,NA,WF,0,2019,NA,NA,FALSE,TRUE
2019-ORWSA-000023,0.1,Class A,NA,NA,NA,NA,WF,0,2019,NA,NA,FALSE,TRUE
2019-ORWSA-000024,0.1,Class A,NA,NA,NA,NA,WF,0,2019,NA,NA,FALSE,TRUE
2019-ORWSA-000032,0.3,Class B,NA,NA,NA,NA,WF,0,2019,NA,NA,FALSE,TRUE
2019-ORWSA-000038,2,Class B,NA,NA,NA,NA,WF,0,2019,NA,NA,FALSE,TRUE
2019-ORWSA-000041,0.1,Class A,NA,NA,NA,NA,WF,0,2019,NA,NA,FALSE,TRUE
2019-ORWSA-000042,0.3,Class B,NA,NA,NA,NA,WF,0,2019,NA,NA,FALSE,TRUE
2019-ORWSA-000044,0.1,Class A,NA,NA,NA,NA,WF,0,2019,NA,NA,FALSE,TRUE
2019-ORWSA-000045,0.1,Class A,NA,NA,NA,NA,WF,0,2019,NA,NA,FALSE,TRUE
2019-ORWSA-000046,2.3,Class B,NA,NA,NA,NA,WF,0,2019,NA,NA,FALSE,TRUE
2019-ORWSA-000047,1,Class B,NA,NA,NA,NA,WF,0,2019,NA,NA,FALSE,TRUE
2019-ORWSA-000048,1,Class B,NA,NA,NA,NA,WF,0,2019,NA,NA,FALSE,TRUE
2019-ORWSA-000050,0.1,Class A,NA,NA,NA,NA,WF,0,2019,NA,NA,FALSE,TRUE
2019-ORWSA-000052,0.1,Class A,NA,NA,NA,NA,WF,0,2019,NA,NA,FALSE,TRUE
2019-ORWSA-000053,0.1,Class A,NA,NA,NA,NA,WF,0,2019,NA,NA,FALSE,TRUE
2019-ORWSA-000054,2.1,Class B,NA,NA,NA,NA,WF,0,2019,NA,NA,FALSE,TRUE
2019-ORWSA-000060,1.8,Class B,NA,NA,NA,NA,WF,0,2019,NA,NA,FALSE,TRUE
2019-ORWSA-000063,1,Class B,NA,NA,NA,NA,WF,0,2019,NA,NA,FALSE,TRUE
2019-ORWSA-000064,0.1,Class A,NA,NA,NA,NA,WF,0,2019,NA,NA,FALSE,TRUE
2019-ORWSA-000069,0.1,Class A,NA,NA,NA,NA,WF,0,2019,NA,NA,FALSE,TRUE
2019-ORWSA-000075,0.1,Class A,NA,NA,NA,NA,WF,0,2019,NA,NA,FALSE,TRUE
2019-ORWSA-002019,25,Class C,NA,NA,NA,NA,WF,0,2019,NA,NA,FALSE,TRUE
2015-ORBUD-684067,0.3,Class B,NA,NA,NA,NA,WF,0,2015,NA,NA,FALSE,TRUE
2015-ORBUD-683039,0.1,Class A,NA,NA,NA,NA,WF,0,2015,NA,NA,FALSE,TRUE
2015-ORBUD-683043,0.1,Class A,NA,NA,NA,NA,WF,0,2015,NA,NA,FALSE,TRUE
2015-ORBUD-684090,2.7,Class B,NA,NA,NA,NA,WF,0,2015,NA,NA,FALSE,TRUE
2015-ORBUD-683044,0.1,Class A,NA,NA,NA,NA,WF,0,2015,NA,NA,FALSE,TRUE
2015-ORBUD-683348,0.3,Class B,NA,NA,NA,NA,WF,0,2015,NA,NA,FALSE,TRUE
2015-ORBUD-683347,0.1,Class A,NA,NA,NA,NA,WF,0,2015,NA,NA,FALSE,TRUE
2015-ORBUD-683042,2,Class B,NA,NA,NA,NA,WF,0,2015,NA,NA,FALSE,TRUE
2015-ORBUD-683350,0.1,Class A,NA,NA,NA,NA,WF,0,2015,NA,NA,FALSE,TRUE
2015-ORBUD-683346,0.1,Class A,NA,NA,NA,NA,WF,0,2015,NA,NA,FALSE,TRUE
2015-ORBUD-686325,0.6,Class B,NA,NA,NA,NA,WF,0,2015,NA,NA,FALSE,TRUE
2015-ORBUD-679571,0.3,Class B,NA,NA,NA,NA,WF,0,2015,NA,NA,FALSE,TRUE
2015-ORBUD-681376,0.6,Class B,NA,NA,NA,NA,WF,0,2015,NA,NA,FALSE,TRUE
2015-ORBUD-679575,0.1,Class A,NA,NA,NA,NA,WF,0,2015,NA,NA,FALSE,TRUE
2015-ORBUD-679574,0.1,Class A,NA,NA,NA,NA,WF,0,2015,NA,NA,FALSE,TRUE
2015-ORBUD-681621,0.1,Class A,NA,NA,NA,NA,WF,0,2015,NA,NA,FALSE,TRUE
2015-ORBUD-681622,0.1,Class A,NA,NA,NA,NA,WF,0,2015,NA,NA,FALSE,TRUE
2015-ORBUD-682191,1037,Class F,NA,NA,NA,NA,WF,0,2015,NA,NA,FALSE,TRUE
2015-ORBUD-680715,0.1,Class A,NA,NA,NA,NA,WF,0,2015,NA,NA,FALSE,TRUE
2015-ORBUD-681957,28,Class C,NA,NA,NA,NA,WF,0,2015,NA,NA,FALSE,TRUE
2015-ORBUD-682234,0.3,Class B,NA,NA,NA,NA,WF,0,2015,NA,NA,FALSE,TRUE
2015-ORBUD-682235,0.5,Class B,NA,NA,NA,NA,WF,0,2015,NA,NA,FALSE,TRUE
2015-ORBUD-682126,0.1,Class A,NA,NA,NA,NA,WF,0,2015,NA,NA,FALSE,TRUE
2016-ORBUD-006045,0.1,Class A,2016-07-30T06:59:59Z,248.28305555555556,NA,NA,WF,0,2016,NA,NA,FALSE,TRUE
2016-ORBUD-006046,0.3,Class B,2016-07-26T06:59:59Z,149.48305555555555,NA,NA,WF,0,2016,NA,NA,FALSE,TRUE
2016-ORBUD-006058,10.7,Class C,2016-08-14T06:59:59Z,159.0497222222222,NA,NA,WF,0,2016,NA,NA,FALSE,TRUE
2016-ORBUD-006059,0.1,Class A,2016-08-14T06:59:59Z,158.08305555555555,NA,NA,WF,0,2016,NA,NA,FALSE,TRUE
2016-ORBUD-006065,0.1,Class A,2016-08-09T06:59:59Z,30.533055555555556,NA,NA,WF,0,2016,NA,NA,FALSE,TRUE
2016-ORBUD-006068,4.5,Class B,2016-08-22T06:59:59Z,320.7163888888889,NA,NA,WF,0,2016,NA,NA,FALSE,TRUE
2016-ORBUD-006070,28.5,Class C,2016-08-30T06:59:59Z,465.5997222222222,NA,NA,WF,0,2016,NA,NA,FALSE,TRUE
2017-ORBUD-007017,0.1,Class A,2017-06-29T06:59:59Z,206.19972222222225,NA,NA,WF,0,2017,NA,NA,FALSE,TRUE
2017-ORBUD-007018,0.1,Class A,2017-06-29T06:59:59Z,205.18305555555557,NA,NA,WF,0,2017,NA,NA,FALSE,TRUE
2017-ORBUD-007019,0.1,Class A,2017-06-29T06:59:59Z,205.0497222222222,NA,NA,WF,0,2017,NA,NA,FALSE,TRUE
2017-ORBUD-007020,0.1,Class A,2017-06-29T06:59:59Z,204.48305555555555,NA,NA,WF,0,2017,NA,NA,FALSE,TRUE
2017-ORBUD-007021,0.1,Class A,2017-06-22T06:59:59Z,35.39972222222222,NA,NA,WF,0,2017,NA,NA,FALSE,TRUE
2017-ORBUD-007026,0.1,Class A,2017-06-29T06:59:59Z,59.48305555555555,NA,NA,WF,0,2017,NA,NA,FALSE,TRUE
2017-ORBUD-007035,0.1,Class A,2017-08-16T06:59:59Z,1182.6330555555555,NA,NA,WF,0,2017,NA,NA,FALSE,TRUE
2017-ORBUD-007041,0.1,Class A,2017-07-07T06:59:59Z,122.44972222222222,NA,NA,WF,0,2017,NA,NA,FALSE,TRUE
2017-ORBUD-007059,14.3,Class C,2017-08-08T06:59:59Z,346.5497222222222,NA,NA,WF,0,2017,NA,NA,FALSE,TRUE
2017-ORBUD-007070,0.1,Class A,2017-08-08T06:59:59Z,299.7997222222222,NA,NA,WF,0,2017,NA,NA,FALSE,TRUE
2017-ORBUD-007073,0.1,Class A,2017-07-29T06:59:59Z,56.61638888888889,NA,NA,WF,0,2017,NA,NA,FALSE,TRUE
2017-ORBUD-007082,0.3,Class B,2017-12-13T07:59:59Z,3329.6330555555555,NA,NA,WF,0,2017,NA,NA,FALSE,TRUE
2017-ORBUD-007091,0.2,Class A,2017-08-16T06:59:59Z,325.0830555555556,NA,NA,WF,0,2017,NA,NA,FALSE,TRUE
2017-ORBUD-007096,25,Class C,2017-09-13T06:59:59Z,867.8663888888889,NA,NA,WF,0,2017,NA,NA,FALSE,TRUE
2017-ORBUD-007097,63.3,Class C,2017-08-11T06:59:59Z,59.16638888888889,NA,NA,WF,0,2017,NA,NA,FALSE,TRUE
2017-ORBUD-007102,1,Class B,2017-08-16T06:59:59Z,149.48305555555555,NA,NA,WF,0,2017,NA,NA,FALSE,TRUE
2017-ORBUD-007112,134,Class D,2017-09-13T06:59:59Z,342.68305555555554,NA,NA,WF,0,2017,NA,NA,FALSE,TRUE
2017-ORBUD-007113,18,Class C,2017-09-12T06:59:59Z,313.9997222222222,NA,NA,WF,0,2017,NA,NA,FALSE,TRUE
2017-ORBUD-007115,141,Class D,2017-10-24T06:59:59Z,1110.7497222222223,NA,NA,WF,0,2017,NA,NA,FALSE,TRUE
2017-ORBUD-007120,0.1,Class A,2017-09-23T06:59:59Z,31.599722222222223,NA,NA,WF,0,2017,NA,NA,FALSE,TRUE
2018-ORBUD-008053,113,Class D,2018-08-03T06:59:59Z,248.61638888888888,NA,NA,WF,0,2018,NA,NA,FALSE,TRUE
2018-ORBUD-008054,1,Class B,2018-07-28T06:59:59Z,100.73305555555557,NA,NA,WF,0,2018,NA,NA,FALSE,TRUE
2018-ORBUD-008055,1,Class B,2018-07-28T06:59:59Z,100.99972222222222,NA,NA,WF,0,2018,NA,NA,FALSE,TRUE
2018-ORBUD-008069,3,Class B,2018-08-22T06:59:59Z,83.99972222222222,NA,NA,WF,0,2018,NA,NA,FALSE,TRUE
2018-ORBUD-008078,0.5,Class B,2018-10-03T06:59:59Z,225.9663888888889,NA,NA,WF,0,2018,NA,NA,FALSE,TRUE
2019-ORBUD-009025,0.3,Class B,2019-06-19T06:59:59Z,136.9163888888889,NA,NA,WF,0,2019,NA,NA,FALSE,TRUE
2019-ORBUD-009036,0.3,Class B,2019-07-03T06:59:59Z,84.49972222222222,NA,NA,WF,0,2019,NA,NA,FALSE,TRUE
2019-ORBUD-009037,0.1,Class A,2019-07-07T06:59:59Z,99.44972222222222,NA,NA,WF,0,2019,NA,NA,FALSE,TRUE
2019-ORBUD-009045,0.1,Class A,2019-07-19T06:59:59Z,123.73305555555557,NA,NA,WF,0,2019,NA,NA,FALSE,TRUE
2019-ORBUD-009052,0.1,Class A,2019-07-19T05:59:59Z,101.28305555555556,NA,NA,WF,0,2019,NA,NA,FALSE,TRUE
2019-ORBUD-009067,13,Class C,2019-08-15T06:59:59Z,318.9163888888889,NA,NA,WF,0,2019,NA,NA,FALSE,TRUE
2019-ORBUD-009075,0.5,Class B,2019-08-11T06:59:59Z,57.51638888888889,NA,NA,WF,0,2019,NA,NA,FALSE,TRUE
2019-ORBUD-009078,1.3,Class B,2019-09-05T06:59:59Z,655.3663888888889,NA,NA,WF,0,2019,NA,NA,FALSE,TRUE
2019-ORBUD-009079,0.1,Class A,2019-08-14T06:59:59Z,102.08305555555556,NA,NA,WF,0,2019,NA,NA,FALSE,TRUE
2019-ORBUD-009080,0.1,Class A,2019-08-14T06:59:59Z,101.28305555555556,NA,NA,WF,0,2019,NA,NA,FALSE,TRUE
2019-ORBUD-009082,0.3,Class B,2019-08-12T06:59:59Z,32.81638888888889,NA,NA,WF,0,2019,NA,NA,FALSE,TRUE
2019-ORBUD-009084,0.1,Class A,2019-08-12T06:59:59Z,30.38305555555555,NA,NA,WF,0,2019,NA,NA,FALSE,TRUE
2019-ORBUD-009089,0.1,Class A,2019-08-13T06:59:59Z,31.333055555555557,NA,NA,WF,0,2019,NA,NA,FALSE,TRUE
2019-ORBUD-009093,13.7,Class C,2019-08-24T06:59:59Z,173.99972222222223,NA,NA,WF,0,2019,NA,NA,FALSE,TRUE
2019-ORBUD-009096,0.1,Class A,2019-09-08T06:59:59Z,271.94972222222225,NA,NA,WF,0,2019,NA,NA,FALSE,TRUE
2019-ORBUD-009116,0.1,Class A,2019-09-15T06:59:59Z,200.73305555555555,NA,NA,WF,0,2019,NA,NA,FALSE,TRUE
2019-ORBUD-009138,0.1,Class A,2019-10-29T06:59:59Z,13.833055555555555,NA,NA,WF,0,2019,NA,NA,FALSE,TRUE
2019-ORBUD-009139,0.1,Class A,2019-10-29T06:59:59Z,14.999722222222225,NA,NA,WF,0,2019,NA,NA,FALSE,TRUE
2019-ORBUD-009144,35.9,Class C,2019-12-05T07:59:59Z,753.6663888888888,NA,NA,WF,0,2019,NA,NA,FALSE,TRUE
2019-ORBUD-009145,0.1,Class A,2019-11-07T07:59:59Z,62.433055555555555,NA,NA,WF,0,2019,NA,NA,FALSE,TRUE
2019-ORBUD-009155,0.2,Class A,2019-11-19T07:59:59Z,109.58305555555556,NA,NA,WF,0,2019,NA,NA,FALSE,TRUE
2015-ORCBD-686288,0.1,Class A,NA,NA,NA,NA,WF,0,2015,NA,NA,FALSE,TRUE
2015-ORCBD-686479,0.1,Class A,NA,NA,NA,NA,WF,0,2015,NA,NA,FALSE,TRUE
2015-ORCBD-686481,0.1,Class A,NA,NA,NA,NA,WF,0,2015,NA,NA,FALSE,TRUE
2015-ORCBD-687712,0.5,Class B,NA,NA,NA,NA,WF,0,2015,NA,NA,FALSE,TRUE
2015-ORCBD-686495,1,Class B,NA,NA,NA,NA,WF,0,2015,NA,NA,FALSE,TRUE
2016-ORCBD-721054,0.6,Class B,2016-08-13T06:59:59Z,23.91638888888889,NA,NA,WF,0,2016,NA,NA,FALSE,TRUE
2016-ORCBD-721056,0.1,Class A,2016-10-02T06:59:59Z,1211.8997222222222,NA,NA,WF,0,2016,NA,NA,FALSE,TRUE
2016-ORCBD-721058,1.1,Class B,2016-10-02T06:59:59Z,1186.016388888889,NA,NA,WF,0,2016,NA,NA,FALSE,TRUE
2016-ORCBD-721092,0.1,Class A,2016-10-02T06:59:59Z,856.4997222222222,NA,NA,WF,0,2016,NA,NA,FALSE,TRUE
2017-ORCBD-000633,0.4,Class B,2017-09-11T06:59:59Z,58.999722222222225,NA,NA,WF,0,2017,NA,NA,FALSE,TRUE
2015-OREUD-682114,0.2,Class A,NA,NA,NA,NA,WF,0,2015,NA,NA,FALSE,TRUE
2015-OREUD-682163,0.1,Class A,NA,NA,NA,NA,WF,0,2015,NA,NA,FALSE,TRUE
2015-OREUD-680051,0.1,Class A,NA,NA,NA,NA,WF,0,2015,NA,NA,FALSE,TRUE
2015-OREUD-685009,0.1,Class A,NA,NA,NA,NA,WF,0,2015,NA,NA,FALSE,TRUE
2015-OREUD-685070,0.1,Class A,NA,NA,NA,NA,WF,0,2015,NA,NA,FALSE,TRUE
2015-OREUD-686171,0.1,Class A,NA,NA,NA,NA,WF,0,2015,NA,NA,FALSE,TRUE
2015-OREUD-685857,0.6,Class B,NA,NA,NA,NA,WF,0,2015,NA,NA,FALSE,TRUE
2015-OREUD-687656,0.3,Class B,NA,NA,NA,NA,WF,0,2015,NA,NA,FALSE,TRUE
2015-OREUD-678854,0.1,Class A,NA,NA,NA,NA,WF,0,2015,NA,NA,FALSE,TRUE
2015-OREUD-679546,0.1,Class A,NA,NA,NA,NA,WF,0,2015,NA,NA,FALSE,TRUE
2015-OREUD-687853,0.1,Class A,NA,NA,NA,NA,WF,0,2015,NA,NA,FALSE,TRUE
2016-OREUD-009989,0.1,Class A,2016-07-29T06:59:59Z,13.999722222222225,NA,NA,WF,0,2016,NA,NA,FALSE,TRUE
2016-OREUD-009991,0.1,Class A,2016-07-06T06:59:59Z,16.16638888888889,NA,NA,WF,0,2016,NA,NA,FALSE,TRUE
2016-OREUD-009993,0.2,Class A,2016-06-18T06:59:59Z,125.99972222222222,NA,NA,WF,0,2016,NA,NA,FALSE,TRUE
2016-OREUD-009994,0.1,Class A,2016-06-18T06:59:59Z,125.99972222222222,NA,NA,WF,0,2016,NA,NA,FALSE,TRUE
2016-OREUD-009995,0.1,Class A,2016-06-18T06:59:59Z,125.99972222222222,NA,NA,WF,0,2016,NA,NA,FALSE,TRUE
2016-OREUD-009996,0.1,Class A,2016-06-12T06:59:59Z,4.749722222222222,NA,NA,WF,0,2016,NA,NA,FALSE,TRUE
2016-OREUD-160186,0.1,Class A,2016-07-06T06:59:59Z,27.49972222222222,NA,NA,WF,0,2016,NA,NA,FALSE,TRUE
2016-OREUD-160196,0.5,Class B,2016-07-29T06:59:59Z,9.999722222222225,NA,NA,WF,0,2016,NA,NA,FALSE,TRUE
2016-OREUD-160235,0.2,Class A,2016-10-01T06:59:59Z,202.99972222222223,NA,NA,WF,0,2016,NA,NA,FALSE,TRUE
2015-ORLAD-682961,0.1,Class A,NA,NA,NA,NA,WF,0,2015,NA,NA,FALSE,TRUE
2015-ORLAD-682098,0.1,Class A,NA,NA,NA,NA,WF,0,2015,NA,NA,FALSE,TRUE
2015-ORLAD-686430,0.4,Class B,NA,NA,NA,NA,WF,0,2015,NA,NA,FALSE,TRUE
2015-ORLAD-683266,0.1,Class A,NA,NA,NA,NA,WF,0,2015,NA,NA,FALSE,TRUE
2015-ORLAD-683789,0.1,Class A,NA,NA,NA,NA,WF,0,2015,NA,NA,FALSE,TRUE
2015-ORLAD-684747,0.1,Class A,NA,NA,NA,NA,WF,0,2015,NA,NA,FALSE,TRUE
2015-ORLAD-682749,0.1,Class A,NA,NA,NA,NA,WF,0,2015,NA,NA,FALSE,TRUE
2015-ORLAD-682741,0.1,Class A,NA,NA,NA,NA,WF,0,2015,NA,NA,FALSE,TRUE
2015-ORLAD-682745,0.1,Class A,NA,NA,NA,NA,WF,0,2015,NA,NA,FALSE,TRUE
2015-ORLAD-682734,0.1,Class A,NA,NA,NA,NA,WF,0,2015,NA,NA,FALSE,TRUE
2015-ORLAD-682738,0.1,Class A,NA,NA,NA,NA,WF,0,2015,NA,NA,FALSE,TRUE
2015-ORLAD-682744,0.1,Class A,NA,NA,NA,NA,WF,0,2015,NA,NA,FALSE,TRUE
2015-ORLAD-682746,0.1,Class A,NA,NA,NA,NA,WF,0,2015,NA,NA,FALSE,TRUE
2015-ORLAD-684531,0.1,Class A,NA,NA,NA,NA,WF,0,2015,NA,NA,FALSE,TRUE
2015-ORLAD-686421,0.1,Class A,NA,NA,NA,NA,WF,0,2015,NA,NA,FALSE,TRUE
2015-ORLAD-686469,0.1,Class A,NA,NA,NA,NA,WF,0,2015,NA,NA,FALSE,TRUE
2015-ORLAD-686482,0.3,Class B,NA,NA,NA,NA,WF,0,2015,NA,NA,FALSE,TRUE
2015-ORLAD-682155,0.1,Class A,NA,NA,NA,NA,WF,0,2015,NA,NA,FALSE,TRUE
2015-ORLAD-679656,0.1,Class A,NA,NA,NA,NA,WF,0,2015,NA,NA,FALSE,TRUE
2015-ORLAD-681566,0.1,Class A,NA,NA,NA,NA,WF,0,2015,NA,NA,FALSE,TRUE
2015-ORLAD-681897,0.1,Class A,NA,NA,NA,NA,WF,0,2015,NA,NA,FALSE,TRUE
2015-ORLAD-679905,0.1,Class A,NA,NA,NA,NA,WF,0,2015,NA,NA,FALSE,TRUE
2015-ORLAD-679908,0.1,Class A,NA,NA,NA,NA,WF,0,2015,NA,NA,FALSE,TRUE
2015-ORLAD-679378,44,Class C,NA,NA,NA,NA,WF,0,2015,NA,NA,FALSE,TRUE
2015-ORLAD-679645,0.1,Class A,NA,NA,NA,NA,WF,0,2015,NA,NA,FALSE,TRUE
2015-ORLAD-680262,0.1,Class A,NA,NA,NA,NA,WF,0,2015,NA,NA,FALSE,TRUE
2015-ORLAD-682122,0.1,Class A,NA,NA,NA,NA,WF,0,2015,NA,NA,FALSE,TRUE
2015-ORLAD-682095,0.1,Class A,NA,NA,NA,NA,WF,0,2015,NA,NA,FALSE,TRUE
2015-ORLAD-682472,0.1,Class A,NA,NA,NA,NA,WF,0,2015,NA,NA,FALSE,TRUE
2015-ORLAD-681561,0.1,Class A,NA,NA,NA,NA,WF,0,2015,NA,NA,FALSE,TRUE
2015-ORLAD-681559,0.1,Class A,NA,NA,NA,NA,WF,0,2015,NA,NA,FALSE,TRUE
2015-ORLAD-681903,0.5,Class B,NA,NA,NA,NA,WF,0,2015,NA,NA,FALSE,TRUE
2015-ORLAD-682120,0.1,Class A,NA,NA,NA,NA,WF,0,2015,NA,NA,FALSE,TRUE
2015-ORLAD-684823,3.5,Class B,NA,NA,NA,NA,WF,0,2015,NA,NA,FALSE,TRUE
2015-ORLAD-682918,0.1,Class A,NA,NA,NA,NA,WF,0,2015,NA,NA,FALSE,TRUE
2015-ORLAD-682158,0.1,Class A,NA,NA,NA,NA,WF,0,2015,NA,NA,FALSE,TRUE
2015-ORLAD-684748,0.1,Class A,NA,NA,NA,NA,WF,0,2015,NA,NA,FALSE,TRUE
2015-ORLAD-686490,2.5,Class B,NA,NA,NA,NA,WF,0,2015,NA,NA,FALSE,TRUE
2015-ORLAD-681904,0.1,Class A,NA,NA,NA,NA,WF,0,2015,NA,NA,FALSE,TRUE
2015-ORLAD-681901,0.1,Class A,NA,NA,NA,NA,WF,0,2015,NA,NA,FALSE,TRUE
2015-ORLAD-681899,0.1,Class A,NA,NA,NA,NA,WF,0,2015,NA,NA,FALSE,TRUE
2015-ORLAD-682161,0.1,Class A,NA,NA,NA,NA,WF,0,2015,NA,NA,FALSE,TRUE
2015-ORLAD-681959,0.1,Class A,NA,NA,NA,NA,WF,0,2015,NA,NA,FALSE,TRUE
2015-ORLAD-681702,0.1,Class A,NA,NA,NA,NA,WF,0,2015,NA,NA,FALSE,TRUE
2016-ORLAD-000151,0.1,Class A,2016-06-15T06:59:59Z,170.86638888888888,NA,NA,WF,0,2016,NA,NA,FALSE,TRUE
2016-ORLAD-000214,27,Class C,2016-08-12T06:59:59Z,177.13305555555556,NA,NA,WF,0,2016,NA,NA,FALSE,TRUE
2016-ORLAD-000223,0.3,Class B,2016-08-14T06:59:59Z,198.78305555555556,NA,NA,WF,0,2016,NA,NA,FALSE,TRUE
2016-ORLAD-000226,0.1,Class A,2016-08-17T06:59:59Z,270.3330555555556,NA,NA,WF,0,2016,NA,NA,FALSE,TRUE
2016-ORLAD-000228,0.1,Class A,2016-08-11T06:59:59Z,125.74972222222222,NA,NA,WF,0,2016,NA,NA,FALSE,TRUE
2016-ORLAD-000232,0.1,Class A,2016-08-17T06:59:59Z,268.4163888888889,NA,NA,WF,0,2016,NA,NA,FALSE,TRUE
2016-ORLAD-000235,0.1,Class A,2016-08-11T06:59:59Z,124.28305555555556,NA,NA,WF,0,2016,NA,NA,FALSE,TRUE
2016-ORLAD-000239,0.1,Class A,2016-08-09T06:59:59Z,74.98305555555555,NA,NA,WF,0,2016,NA,NA,FALSE,TRUE
2016-ORLAD-000241,0.1,Class A,2016-08-11T06:59:59Z,112.93305555555555,NA,NA,WF,0,2016,NA,NA,FALSE,TRUE
2016-ORLAD-000283,0.4,Class B,2016-08-30T06:59:59Z,135.68305555555557,NA,NA,WF,0,2016,NA,NA,FALSE,TRUE
2016-ORLAD-000292,0.1,Class A,2016-09-07T06:59:59Z,180.86638888888888,NA,NA,WF,0,2016,NA,NA,FALSE,TRUE
2016-ORLAD-000293,0.1,Class A,2016-09-10T06:59:59Z,251.38305555555556,NA,NA,WF,0,2016,NA,NA,FALSE,TRUE
2016-ORLAD-000310,0.2,Class A,2016-09-17T06:59:59Z,107.04972222222224,NA,NA,WF,0,2016,NA,NA,FALSE,TRUE
2016-ORLAD-000322,0.1,Class A,2016-09-27T06:59:59Z,35.31638888888889,NA,NA,WF,0,2016,NA,NA,FALSE,TRUE
2016-ORLAD-000341,0.1,Class A,2016-10-08T06:59:59Z,9.083055555555555,NA,NA,WF,0,2016,NA,NA,FALSE,TRUE
2016-ORLAD-000344,5.2,Class B,2016-10-28T06:59:59Z,439.9163888888889,NA,NA,WF,0,2016,NA,NA,FALSE,TRUE
2017-ORLAD-000118,0.1,Class A,2017-07-16T06:59:59Z,1229.9997222222223,NA,NA,WF,0,2017,NA,NA,FALSE,TRUE
2017-ORLAD-000125,0.1,Class A,2017-05-31T06:59:59Z,57.716388888888886,NA,NA,WF,0,2017,NA,NA,FALSE,TRUE
2017-ORLAD-000147,0.1,Class A,2017-06-14T06:59:59Z,110.61638888888888,NA,NA,WF,0,2017,NA,NA,FALSE,TRUE
2017-ORLAD-000166,0.3,Class B,2017-07-01T06:59:59Z,175.49972222222223,NA,NA,WF,0,2017,NA,NA,FALSE,TRUE
2017-ORLAD-000194,194,Class D,2017-08-06T06:59:59Z,971.3163888888888,NA,NA,WF,0,2017,NA,NA,FALSE,TRUE
2017-ORLAD-000196,12.5,Class C,2017-07-16T06:59:59Z,465.8497222222222,NA,NA,WF,0,2017,NA,NA,FALSE,TRUE
2017-ORLAD-000214,0.1,Class A,2017-07-05T06:59:59Z,171.7997222222222,NA,NA,WF,0,2017,NA,NA,FALSE,TRUE
2017-ORLAD-000233,346,Class E,2017-08-12T06:59:59Z,877.2663888888889,NA,NA,WF,0,2017,NA,NA,FALSE,TRUE
2017-ORLAD-000234,0.5,Class B,2017-07-13T06:59:59Z,368.0997222222222,NA,NA,WF,0,2017,NA,NA,FALSE,TRUE
2017-ORLAD-000248,848,Class E,2017-07-28T06:59:59Z,392.7497222222222,NA,NA,WF,0,2017,NA,NA,FALSE,TRUE
2017-ORLAD-000252,0.2,Class A,2017-07-18T06:59:59Z,125.23305555555557,NA,NA,WF,0,2017,NA,NA,FALSE,TRUE
2017-ORLAD-000279,183.5,Class D,2017-08-11T06:59:59Z,433.5163888888889,NA,NA,WF,0,2017,NA,NA,FALSE,TRUE
2017-ORLAD-000296,0.5,Class B,2017-08-09T06:59:59Z,370.69972222222225,NA,NA,WF,0,2017,NA,NA,FALSE,TRUE
2017-ORLAD-000298,0.1,Class A,2017-10-01T06:59:59Z,1640.9663888888888,NA,NA,WF,0,2017,NA,NA,FALSE,TRUE
2017-ORLAD-000300,0.3,Class B,2017-08-03T06:59:59Z,224.1663888888889,NA,NA,WF,0,2017,NA,NA,FALSE,TRUE
2017-ORLAD-000301,0.1,Class A,2017-08-03T06:59:59Z,221.99972222222223,NA,NA,WF,0,2017,NA,NA,FALSE,TRUE
2017-ORLAD-000302,0.1,Class A,2017-08-03T06:59:59Z,221.99972222222223,NA,NA,WF,0,2017,NA,NA,FALSE,TRUE
2017-ORLAD-000308,657,Class E,2017-08-09T06:59:59Z,366.14972222222224,NA,NA,WF,0,2017,NA,NA,FALSE,TRUE
2017-ORLAD-000315,73,Class C,2017-08-10T06:59:59Z,389.2830555555555,NA,NA,WF,0,2017,NA,NA,FALSE,TRUE
2017-ORLAD-000316,0.1,Class A,2017-07-30T06:59:59Z,124.78305555555556,NA,NA,WF,0,2017,NA,NA,FALSE,TRUE
2017-ORLAD-000318,0.1,Class A,2017-07-30T06:59:59Z,125.3163888888889,NA,NA,WF,0,2017,NA,NA,FALSE,TRUE
2017-ORLAD-000320,0.1,Class A,2017-08-02T06:59:59Z,196.9663888888889,NA,NA,WF,0,2017,NA,NA,FALSE,TRUE
2017-ORLAD-000348,0.1,Class A,2017-07-30T06:59:59Z,109.5663888888889,NA,NA,WF,0,2017,NA,NA,FALSE,TRUE
2017-ORLAD-000367,12.3,Class C,2017-08-09T06:59:59Z,343.7663888888889,NA,NA,WF,0,2017,NA,NA,FALSE,TRUE
2017-ORLAD-000376,0.1,Class A,2017-07-31T06:59:59Z,125.64972222222222,NA,NA,WF,0,2017,NA,NA,FALSE,TRUE
2017-ORLAD-000405,0.3,Class B,2017-09-25T06:59:59Z,1453.2830555555556,NA,NA,WF,0,2017,NA,NA,FALSE,TRUE
2017-ORLAD-000407,1.7,Class B,2017-08-25T06:59:59Z,709.0497222222223,NA,NA,WF,0,2017,NA,NA,FALSE,TRUE
2017-ORLAD-000423,10,Class C,2017-08-26T06:59:59Z,726.8997222222222,NA,NA,WF,0,2017,NA,NA,FALSE,TRUE
2017-ORLAD-000433,0.1,Class A,2017-08-06T06:59:59Z,230.13305555555556,NA,NA,WF,0,2017,NA,NA,FALSE,TRUE
2017-ORLAD-000442,0.1,Class A,2017-08-01T06:59:59Z,99.48305555555557,NA,NA,WF,0,2017,NA,NA,FALSE,TRUE
2017-ORLAD-000464,2,Class B,2017-08-17T06:59:59Z,366.5163888888889,NA,NA,WF,0,2017,NA,NA,FALSE,TRUE
2017-ORLAD-000502,2.2,Class B,2017-10-11T06:59:59Z,1494.9997222222223,NA,NA,WF,0,2017,NA,NA,FALSE,TRUE
2017-ORLAD-000503,0.3,Class B,2017-08-13T06:59:59Z,78.26638888888888,NA,NA,WF,0,2017,NA,NA,FALSE,TRUE
2017-ORLAD-000505,0.1,Class A,2017-08-18T06:59:59Z,200.74972222222223,NA,NA,WF,0,2017,NA,NA,FALSE,TRUE
2017-ORLAD-000510,0.1,Class A,2017-08-17T06:59:59Z,157.73305555555555,NA,NA,WF,0,2017,NA,NA,FALSE,TRUE
2017-ORLAD-000515,1,Class B,2017-08-30T06:59:59Z,468.5997222222222,NA,NA,WF,0,2017,NA,NA,FALSE,TRUE
2017-ORLAD-000516,0.1,Class A,2017-09-22T06:59:59Z,1019.7997222222224,NA,NA,WF,0,2017,NA,NA,FALSE,TRUE
2017-ORLAD-000531,0.1,Class A,2017-08-18T06:59:59Z,126.24972222222222,NA,NA,WF,0,2017,NA,NA,FALSE,TRUE
2017-ORLAD-000540,41,Class C,2017-09-02T06:59:59Z,348.2497222222222,NA,NA,WF,0,2017,NA,NA,FALSE,TRUE
2017-ORLAD-000547,0.1,Class A,2017-09-06T06:59:59Z,408.1163888888889,NA,NA,WF,0,2017,NA,NA,FALSE,TRUE
2017-ORLAD-000551,14.5,Class C,2017-09-02T06:59:59Z,249.23305555555555,NA,NA,WF,0,2017,NA,NA,FALSE,TRUE
2017-ORLAD-000552,9.3,Class B,2017-08-28T06:59:59Z,127.44972222222222,NA,NA,WF,0,2017,NA,NA,FALSE,TRUE
2017-ORLAD-000571,7.5,Class B,2017-09-01T06:59:59Z,202.36638888888888,NA,NA,WF,0,2017,NA,NA,FALSE,TRUE
2017-ORLAD-000590,106,Class D,2017-09-05T06:59:59Z,276.9997222222222,NA,NA,WF,0,2017,NA,NA,FALSE,TRUE
2017-ORLAD-000635,0.1,Class A,2017-09-13T06:59:59Z,131.88305555555556,NA,NA,WF,0,2017,NA,NA,FALSE,TRUE
2017-ORLAD-000640,0.2,Class A,2017-09-20T06:59:59Z,295.63305555555553,NA,NA,WF,0,2017,NA,NA,FALSE,TRUE
2017-ORLAD-000643,0.1,Class A,2017-09-26T06:59:59Z,437.64972222222224,NA,NA,WF,0,2017,NA,NA,FALSE,TRUE
2017-ORLAD-000646,0.1,Class A,2017-09-16T06:59:59Z,196.8997222222222,NA,NA,WF,0,2017,NA,NA,FALSE,TRUE
2017-ORLAD-000651,194.5,Class D,2017-09-28T06:59:59Z,461.89972222222224,NA,NA,WF,0,2017,NA,NA,FALSE,TRUE
2017-ORLAD-000661,0.1,Class A,2017-09-19T06:59:59Z,148.7163888888889,NA,NA,WF,0,2017,NA,NA,FALSE,TRUE
2017-ORLAD-000662,0.1,Class A,2017-09-26T06:59:59Z,316.0163888888889,NA,NA,WF,0,2017,NA,NA,FALSE,TRUE
2017-ORLAD-000674,0.1,Class A,2017-09-19T06:59:59Z,257.1663888888889,NA,NA,WF,0,2017,NA,NA,FALSE,TRUE
2017-ORLAD-000687,0.1,Class A,2017-10-13T06:59:59Z,14.999722222222225,NA,NA,WF,0,2017,NA,NA,FALSE,TRUE
2018-ORLAD-000119,53,Class C,2018-06-25T06:59:59Z,996.1830555555556,NA,NA,WF,0,2018,NA,NA,FALSE,TRUE
2018-ORLAD-000137,0.1,Class A,2018-06-01T06:59:59Z,151.8997222222222,NA,NA,WF,0,2018,NA,NA,FALSE,TRUE
2018-ORLAD-000139,0.3,Class B,2018-07-08T06:59:59Z,969.3663888888888,NA,NA,WF,0,2018,NA,NA,FALSE,TRUE
2018-ORLAD-000150,0.1,Class A,2018-07-26T06:59:59Z,1215.016388888889,NA,NA,WF,0,2018,NA,NA,FALSE,TRUE
2018-ORLAD-000159,0.1,Class A,2018-06-14T06:59:59Z,28.63305555555555,NA,NA,WF,0,2018,NA,NA,FALSE,TRUE
2018-ORLAD-000168,0.1,Class A,2018-06-22T06:59:59Z,110.91638888888887,NA,NA,WF,0,2018,NA,NA,FALSE,TRUE
2018-ORLAD-000174,0.1,Class A,2018-06-22T06:59:59Z,33.76638888888889,NA,NA,WF,0,2018,NA,NA,FALSE,TRUE
2018-ORLAD-000176,0.1,Class A,2018-07-26T06:59:59Z,845.2163888888889,NA,NA,WF,0,2018,NA,NA,FALSE,TRUE
2018-ORLAD-000227,0.1,Class A,2018-07-23T06:59:59Z,180.83305555555555,NA,NA,WF,0,2018,NA,NA,FALSE,TRUE
2018-ORLAD-000258,0.3,Class B,2018-07-22T06:59:59Z,150.0497222222222,NA,NA,WF,0,2018,NA,NA,FALSE,TRUE
2018-ORLAD-000259,0.1,Class A,2018-07-20T06:59:59Z,101.98305555555557,NA,NA,WF,0,2018,NA,NA,FALSE,TRUE
2018-ORLAD-000264,0.1,Class A,2018-07-22T06:59:59Z,149.5497222222222,NA,NA,WF,0,2018,NA,NA,FALSE,TRUE
2018-ORLAD-000268,0.1,Class A,2018-07-23T06:59:59Z,173.09972222222223,NA,NA,WF,0,2018,NA,NA,FALSE,TRUE
2018-ORLAD-000281,41,Class C,2018-09-14T06:59:59Z,1426.2330555555557,NA,NA,WF,0,2018,NA,NA,FALSE,TRUE
2018-ORLAD-000282,0.1,Class A,2018-07-22T06:59:59Z,129.8997222222222,NA,NA,WF,0,2018,NA,NA,FALSE,TRUE
2018-ORLAD-000284,0.1,Class A,2018-07-24T06:59:59Z,174.7997222222222,NA,NA,WF,0,2018,NA,NA,FALSE,TRUE
2018-ORLAD-000305,0.7,Class B,2018-08-09T06:59:59Z,439.9163888888889,NA,NA,WF,0,2018,NA,NA,FALSE,TRUE
2018-ORLAD-000311,3,Class B,2018-07-29T06:59:59Z,124.48305555555557,NA,NA,WF,0,2018,NA,NA,FALSE,TRUE
2018-ORLAD-000315,0.1,Class A,2018-08-01T06:59:59Z,173.3163888888889,NA,NA,WF,0,2018,NA,NA,FALSE,TRUE
2018-ORLAD-000316,0.1,Class A,2018-08-01T06:59:59Z,172.49972222222223,NA,NA,WF,0,2018,NA,NA,FALSE,TRUE
2018-ORLAD-000318,0.1,Class A,2018-07-29T06:59:59Z,99.89972222222222,NA,NA,WF,0,2018,NA,NA,FALSE,TRUE
2018-ORLAD-000319,0.1,Class A,2018-08-06T06:59:59Z,291.0497222222222,NA,NA,WF,0,2018,NA,NA,FALSE,TRUE
2018-ORLAD-000321,0.1,Class A,2018-08-05T06:59:59Z,255.9163888888889,NA,NA,WF,0,2018,NA,NA,FALSE,TRUE
2018-ORLAD-000322,0.1,Class A,2018-08-04T06:59:59Z,231.36638888888888,NA,NA,WF,0,2018,NA,NA,FALSE,TRUE
2018-ORLAD-000323,0.1,Class A,2018-08-05T06:59:59Z,254.0497222222222,NA,NA,WF,0,2018,NA,NA,FALSE,TRUE
2018-ORLAD-000324,0.1,Class A,2018-08-05T06:59:59Z,253.93305555555557,NA,NA,WF,0,2018,NA,NA,FALSE,TRUE
2018-ORLAD-000325,0.1,Class A,2018-08-16T06:59:59Z,513.2997222222223,NA,NA,WF,0,2018,NA,NA,FALSE,TRUE
2018-ORLAD-000326,0.1,Class A,2018-08-04T06:59:59Z,224.63305555555556,NA,NA,WF,0,2018,NA,NA,FALSE,TRUE
2018-ORLAD-000327,0.1,Class A,2018-08-08T06:59:59Z,304.8497222222222,NA,NA,WF,0,2018,NA,NA,FALSE,TRUE
2018-ORLAD-000330,0.1,Class A,2018-08-04T06:59:59Z,180.93305555555557,NA,NA,WF,0,2018,NA,NA,FALSE,TRUE
2018-ORLAD-000331,0.1,Class A,2018-08-07T06:59:59Z,251.6497222222222,NA,NA,WF,0,2018,NA,NA,FALSE,TRUE
2018-ORLAD-000343,0.1,Class A,2018-10-06T06:59:59Z,1493.9163888888888,NA,NA,WF,0,2018,NA,NA,FALSE,TRUE
2018-ORLAD-000352,583,Class E,2018-08-27T06:59:59Z,376.9997222222222,NA,NA,WF,0,2018,NA,NA,FALSE,TRUE
2018-ORLAD-000362,0.1,Class A,2018-08-29T06:59:59Z,304.88305555555553,NA,NA,WF,0,2018,NA,NA,FALSE,TRUE
2018-ORLAD-000428,518,Class E,2018-11-27T07:59:59Z,1041.5830555555556,NA,NA,WF,0,2018,NA,NA,FALSE,TRUE
2018-ORLAD-001502,0.9,Class B,2018-11-08T07:59:59Z,466.6663888888889,NA,NA,WF,0,2018,NA,NA,FALSE,TRUE
2019-ORLAD-000101,23.9,Class C,2019-01-26T07:59:59Z,279.18305555555554,NA,NA,WF,0,2019,NA,NA,FALSE,TRUE
2019-ORLAD-000105,0.1,Class A,2019-04-03T06:59:59Z,60.499722222222225,NA,NA,WF,0,2019,NA,NA,FALSE,TRUE
2019-ORLAD-000109,0.1,Class A,2019-06-15T06:59:59Z,1239.9163888888888,NA,NA,WF,0,2019,NA,NA,FALSE,TRUE
2019-ORLAD-000115,1.2,Class B,2019-05-24T06:59:59Z,561.9663888888889,NA,NA,WF,0,2019,NA,NA,FALSE,TRUE
2019-ORLAD-000137,0.1,Class A,2019-06-20T06:59:59Z,422.3663888888889,NA,NA,WF,0,2019,NA,NA,FALSE,TRUE
2019-ORLAD-000146,0.3,Class B,2019-07-04T06:59:59Z,588.1663888888888,NA,NA,WF,0,2019,NA,NA,FALSE,TRUE
2019-ORLAD-000147,0.1,Class A,2019-07-02T06:59:59Z,463.4997222222222,NA,NA,WF,0,2019,NA,NA,FALSE,TRUE
2019-ORLAD-000148,0.1,Class A,2019-07-05T06:59:59Z,534.7497222222222,NA,NA,WF,0,2019,NA,NA,FALSE,TRUE
2019-ORLAD-000149,0.1,Class A,2019-07-05T06:59:59Z,534.5663888888889,NA,NA,WF,0,2019,NA,NA,FALSE,TRUE
2019-ORLAD-000150,0.1,Class A,2019-07-05T06:59:59Z,534.3163888888889,NA,NA,WF,0,2019,NA,NA,FALSE,TRUE
2019-ORLAD-000163,0.1,Class A,2019-07-09T06:59:59Z,609.9663888888889,NA,NA,WF,0,2019,NA,NA,FALSE,TRUE
2019-ORLAD-000187,0.1,Class A,2019-07-15T06:59:59Z,206.2997222222222,NA,NA,WF,0,2019,NA,NA,FALSE,TRUE
2019-ORLAD-000189,0.1,Class A,2019-07-15T06:59:59Z,212.99972222222223,NA,NA,WF,0,2019,NA,NA,FALSE,TRUE
2019-ORLAD-000212,6.1,Class B,2019-08-05T06:59:59Z,342.1663888888889,NA,NA,WF,0,2019,NA,NA,FALSE,TRUE
2019-ORLAD-000219,226,Class D,2019-10-19T06:59:59Z,2022.1663888888888,NA,NA,WF,0,2019,NA,NA,FALSE,TRUE
2019-ORLAD-000220,0.1,Class A,2019-09-11T06:59:59Z,1109.9830555555557,NA,NA,WF,0,2019,NA,NA,FALSE,TRUE
2019-ORLAD-000221,0.1,Class A,2019-09-11T06:59:59Z,1109.4663888888888,NA,NA,WF,0,2019,NA,NA,FALSE,TRUE
2019-ORLAD-000223,0.3,Class B,2019-08-07T06:59:59Z,263.8497222222222,NA,NA,WF,0,2019,NA,NA,FALSE,TRUE
2019-ORLAD-000241,0.3,Class B,2019-08-17T06:59:59Z,205.28305555555556,NA,NA,WF,0,2019,NA,NA,FALSE,TRUE
2019-ORLAD-000242,210,Class D,2019-08-17T06:59:59Z,200.4663888888889,NA,NA,WF,0,2019,NA,NA,FALSE,TRUE
2019-ORLAD-000243,1301,Class F,2019-10-26T06:59:59Z,1858.6330555555555,NA,NA,WF,0,2019,NA,NA,FALSE,TRUE
2019-ORLAD-000267,0.1,Class A,2019-08-26T06:59:59Z,315.1163888888889,NA,NA,WF,0,2019,NA,NA,FALSE,TRUE
2019-ORLAD-000290,0.1,Class A,2019-09-05T06:59:59Z,172.5663888888889,NA,NA,WF,0,2019,NA,NA,FALSE,TRUE
2019-ORLAD-000300,0.1,Class A,2019-09-05T06:59:59Z,156.9663888888889,NA,NA,WF,0,2019,NA,NA,FALSE,TRUE
2019-ORLAD-000308,0.1,Class A,2019-09-06T06:59:59Z,174.18305555555557,NA,NA,WF,0,2019,NA,NA,FALSE,TRUE
2019-ORLAD-000331,0.1,Class A,2019-09-17T06:59:59Z,278.7497222222222,NA,NA,WF,0,2019,NA,NA,FALSE,TRUE
2019-ORLAD-000335,6.5,Class B,2019-09-25T06:59:59Z,469.0330555555555,NA,NA,WF,0,2019,NA,NA,FALSE,TRUE
2019-ORLAD-000336,93,Class C,2019-10-19T06:59:59Z,1044.949722222222,NA,NA,WF,0,2019,NA,NA,FALSE,TRUE
2019-ORLAD-000346,0.1,Class A,2019-09-12T06:59:59Z,150.84972222222223,NA,NA,WF,0,2019,NA,NA,FALSE,TRUE
2019-ORLAD-000347,0.1,Class A,2019-10-01T06:59:59Z,606.4830555555556,NA,NA,WF,0,2019,NA,NA,FALSE,TRUE
2019-ORLAD-000354,0.1,Class A,2019-09-14T06:59:59Z,197.38305555555556,NA,NA,WF,0,2019,NA,NA,FALSE,TRUE
2019-ORLAD-000369,0.1,Class A,2019-09-10T06:59:59Z,81.01638888888888,NA,NA,WF,0,2019,NA,NA,FALSE,TRUE
2019-ORLAD-000371,0.1,Class A,2019-09-10T06:59:59Z,79.49972222222222,NA,NA,WF,0,2019,NA,NA,FALSE,TRUE
2019-ORLAD-000377,0.1,Class A,2019-09-14T06:59:59Z,147.43305555555557,NA,NA,WF,0,2019,NA,NA,FALSE,TRUE
2019-ORLAD-000379,0.5,Class B,2019-09-14T06:59:59Z,112.18305555555555,NA,NA,WF,0,2019,NA,NA,FALSE,TRUE
2019-ORLAD-000388,0.1,Class A,2019-10-01T06:59:59Z,362.0330555555555,NA,NA,WF,0,2019,NA,NA,FALSE,TRUE
2019-ORLAD-000414,0.1,Class A,2019-11-07T07:59:59Z,31.41638888888889,NA,NA,WF,0,2019,NA,NA,FALSE,TRUE
2015-ORMED-683010,0.4,Class B,NA,NA,NA,NA,WF,0,2015,NA,NA,FALSE,TRUE
2015-ORMED-682652,1.8,Class B,NA,NA,NA,NA,WF,0,2015,NA,NA,FALSE,TRUE
2015-ORMED-682903,3,Class B,NA,NA,NA,NA,WF,0,2015,NA,NA,FALSE,TRUE
2015-ORMED-682273,0.1,Class A,NA,NA,NA,NA,WF,0,2015,NA,NA,FALSE,TRUE
2015-ORMED-682857,0.1,Class A,NA,NA,NA,NA,WF,0,2015,NA,NA,FALSE,TRUE
2015-ORMED-682958,7,Class B,NA,NA,NA,NA,WF,0,2015,NA,NA,FALSE,TRUE
2015-ORMED-683028,7,Class B,NA,NA,NA,NA,WF,0,2015,NA,NA,FALSE,TRUE
2015-ORMED-683117,0.2,Class A,NA,NA,NA,NA,WF,0,2015,NA,NA,FALSE,TRUE
2015-ORMED-684728,0.3,Class B,NA,NA,NA,NA,WF,0,2015,NA,NA,FALSE,TRUE
2015-ORMED-683481,0.1,Class A,NA,NA,NA,NA,WF,0,2015,NA,NA,FALSE,TRUE
2015-ORMED-685416,1.5,Class B,NA,NA,NA,NA,WF,0,2015,NA,NA,FALSE,TRUE
2015-ORMED-685837,1,Class B,NA,NA,NA,NA,WF,0,2015,NA,NA,FALSE,TRUE
2015-ORMED-684121,1.5,Class B,NA,NA,NA,NA,WF,0,2015,NA,NA,FALSE,TRUE
2015-ORMED-684423,0.2,Class A,NA,NA,NA,NA,WF,0,2015,NA,NA,FALSE,TRUE
2015-ORMED-684716,0.2,Class A,NA,NA,NA,NA,WF,0,2015,NA,NA,FALSE,TRUE
2015-ORMED-686720,0.1,Class A,NA,NA,NA,NA,WF,0,2015,NA,NA,FALSE,TRUE
2015-ORMED-687170,3.5,Class B,NA,NA,NA,NA,WF,0,2015,NA,NA,FALSE,TRUE
2015-ORMED-686846,0.1,Class A,NA,NA,NA,NA,WF,0,2015,NA,NA,FALSE,TRUE
2015-ORMED-686691,0.1,Class A,NA,NA,NA,NA,WF,0,2015,NA,NA,FALSE,TRUE
2015-ORMED-676697,0.1,Class A,NA,NA,NA,NA,WF,0,2015,NA,NA,FALSE,TRUE
2015-ORMED-676695,1,Class B,NA,NA,NA,NA,WF,0,2015,NA,NA,FALSE,TRUE
2015-ORMED-677063,0.1,Class A,NA,NA,NA,NA,WF,0,2015,NA,NA,FALSE,TRUE
2015-ORMED-677887,0.3,Class B,NA,NA,NA,NA,WF,0,2015,NA,NA,FALSE,TRUE
2015-ORMED-678039,2,Class B,NA,NA,NA,NA,WF,0,2015,NA,NA,FALSE,TRUE
2015-ORMED-678040,0.1,Class A,NA,NA,NA,NA,WF,0,2015,NA,NA,FALSE,TRUE
2015-ORMED-677893,0.3,Class B,NA,NA,NA,NA,WF,0,2015,NA,NA,FALSE,TRUE
2015-ORMED-685952,0.3,Class B,NA,NA,NA,NA,WF,0,2015,NA,NA,FALSE,TRUE
2015-ORMED-677919,0.8,Class B,NA,NA,NA,NA,WF,0,2015,NA,NA,FALSE,TRUE
2015-ORMED-678512,3.9,Class B,NA,NA,NA,NA,WF,0,2015,NA,NA,FALSE,TRUE
2015-ORMED-678511,0.1,Class A,NA,NA,NA,NA,WF,0,2015,NA,NA,FALSE,TRUE
2015-ORMED-678541,0.1,Class A,NA,NA,NA,NA,WF,0,2015,NA,NA,FALSE,TRUE
2015-ORMED-679403,1.3,Class B,NA,NA,NA,NA,WF,0,2015,NA,NA,FALSE,TRUE
2015-ORMED-679464,0.1,Class A,NA,NA,NA,NA,WF,0,2015,NA,NA,FALSE,TRUE
2015-ORMED-679466,0.1,Class A,NA,NA,NA,NA,WF,0,2015,NA,NA,FALSE,TRUE
2015-ORMED-679497,1.6,Class B,NA,NA,NA,NA,WF,0,2015,NA,NA,FALSE,TRUE
2015-ORMED-679467,0.1,Class A,NA,NA,NA,NA,WF,0,2015,NA,NA,FALSE,TRUE
2015-ORMED-679393,0.1,Class A,NA,NA,NA,NA,WF,0,2015,NA,NA,FALSE,TRUE
2015-ORMED-679551,0.5,Class B,NA,NA,NA,NA,WF,0,2015,NA,NA,FALSE,TRUE
2015-ORMED-679450,0.3,Class B,NA,NA,NA,NA,WF,0,2015,NA,NA,FALSE,TRUE
2015-ORMED-679503,0.2,Class A,NA,NA,NA,NA,WF,0,2015,NA,NA,FALSE,TRUE
2015-ORMED-679314,9,Class B,NA,NA,NA,NA,WF,0,2015,NA,NA,FALSE,TRUE
2015-ORMED-679827,0.5,Class B,NA,NA,NA,NA,WF,0,2015,NA,NA,FALSE,TRUE
2015-ORMED-679801,0.7,Class B,NA,NA,NA,NA,WF,0,2015,NA,NA,FALSE,TRUE
2015-ORMED-679878,46,Class C,NA,NA,NA,NA,WF,0,2015,NA,NA,FALSE,TRUE
2015-ORMED-679538,6.4,Class B,NA,NA,NA,NA,WF,0,2015,NA,NA,FALSE,TRUE
2015-ORMED-679548,0.1,Class A,NA,NA,NA,NA,WF,0,2015,NA,NA,FALSE,TRUE
2015-ORMED-685948,0.1,Class A,NA,NA,NA,NA,WF,0,2015,NA,NA,FALSE,TRUE
2015-ORMED-685950,0.1,Class A,NA,NA,NA,NA,WF,0,2015,NA,NA,FALSE,TRUE
2015-ORMED-680704,0.1,Class A,NA,NA,NA,NA,WF,0,2015,NA,NA,FALSE,TRUE
2015-ORMED-680845,0.3,Class B,NA,NA,NA,NA,WF,0,2015,NA,NA,FALSE,TRUE
2015-ORMED-681152,0.7,Class B,NA,NA,NA,NA,WF,0,2015,NA,NA,FALSE,TRUE
2015-ORMED-680605,0.1,Class A,NA,NA,NA,NA,WF,0,2015,NA,NA,FALSE,TRUE
2015-ORMED-680994,0.3,Class B,NA,NA,NA,NA,WF,0,2015,NA,NA,FALSE,TRUE
2015-ORMED-680609,0.3,Class B,NA,NA,NA,NA,WF,0,2015,NA,NA,FALSE,TRUE
2015-ORMED-680622,0.1,Class A,NA,NA,NA,NA,WF,0,2015,NA,NA,FALSE,TRUE
2015-ORMED-680652,0.1,Class A,NA,NA,NA,NA,WF,0,2015,NA,NA,FALSE,TRUE
2015-ORMED-682467,0.1,Class A,NA,NA,NA,NA,WF,0,2015,NA,NA,FALSE,TRUE
2015-ORMED-682066,0.1,Class A,NA,NA,NA,NA,WF,0,2015,NA,NA,FALSE,TRUE
2016-ORMED-000015,0.1,Class A,2017-01-01T07:59:59Z,4379.999722222222,NA,NA,WF,0,2016,NA,NA,FALSE,TRUE
2016-ORMED-000016,0.1,Class A,2017-01-01T07:59:59Z,4379.033055555556,NA,NA,WF,0,2016,NA,NA,FALSE,TRUE
2016-ORMED-000058,0.1,Class A,2017-01-01T07:59:59Z,4206.166388888889,NA,NA,WF,0,2016,NA,NA,FALSE,TRUE
2016-ORMED-000069,0.1,Class A,2017-01-01T07:59:59Z,4185.849722222222,NA,NA,WF,0,2016,NA,NA,FALSE,TRUE
2016-ORMED-000070,0.1,Class A,2017-01-01T07:59:59Z,3946.416388888889,NA,NA,WF,0,2016,NA,NA,FALSE,TRUE
2016-ORMED-000071,0.3,Class B,2017-01-01T07:59:59Z,3917.733055555555,NA,NA,WF,0,2016,NA,NA,FALSE,TRUE
2016-ORMED-000103,0.1,Class A,2017-01-01T07:59:59Z,3436.849722222222,NA,NA,WF,0,2016,NA,NA,FALSE,TRUE
2016-ORMED-000129,0.3,Class B,2017-01-01T07:59:59Z,3909.8330555555553,NA,NA,WF,0,2016,NA,NA,FALSE,TRUE
2016-ORMED-000142,0.1,Class A,2017-01-01T07:59:59Z,3849.2497222222223,NA,NA,WF,0,2016,NA,NA,FALSE,TRUE
2016-ORMED-000168,0.1,Class A,2017-01-01T07:59:59Z,3764.816388888889,NA,NA,WF,0,2016,NA,NA,FALSE,TRUE
2016-ORMED-000184,0.3,Class B,2017-01-01T07:59:59Z,3677.0163888888887,NA,NA,WF,0,2016,NA,NA,FALSE,TRUE
2016-ORMED-000218,0.1,Class A,2017-01-01T07:59:59Z,3518.4997222222223,NA,NA,WF,0,2016,NA,NA,FALSE,TRUE
2016-ORMED-000233,0.1,Class A,2017-01-01T07:59:59Z,2622.616388888889,NA,NA,WF,0,2016,NA,NA,FALSE,TRUE
2016-ORMED-000263,0.1,Class A,2017-01-01T07:59:59Z,2341.2663888888887,NA,NA,WF,0,2016,NA,NA,FALSE,TRUE
2016-ORMED-000277,0.9,Class B,NA,NA,NA,NA,WF,0,2016,NA,NA,FALSE,TRUE
2016-ORMED-000288,0.1,Class A,2017-01-01T07:59:59Z,1952.5997222222225,NA,NA,WF,0,2016,NA,NA,FALSE,TRUE
2016-ORMED-000294,0.1,Class A,2017-01-01T07:59:59Z,1761.816388888889,NA,NA,WF,0,2016,NA,NA,FALSE,TRUE
2016-ORMED-000366,0.1,Class A,2017-01-01T07:59:59Z,3039.9997222222223,NA,NA,WF,0,2016,NA,NA,FALSE,TRUE
2016-ORMED-000423,0.3,Class B,2016-06-13T06:59:59Z,150.99972222222223,NA,NA,WF,0,2016,NA,NA,FALSE,TRUE
2016-ORMED-000426,0.1,Class A,2016-06-13T06:59:59Z,150.99972222222223,NA,NA,WF,0,2016,NA,NA,FALSE,TRUE
2016-ORMED-000450,0.1,Class A,2016-06-19T06:59:59Z,9.083055555555555,NA,NA,WF,0,2016,NA,NA,FALSE,TRUE
2016-ORMED-000533,1.5,Class B,2017-01-01T07:59:59Z,2431.4997222222223,NA,NA,WF,0,2016,NA,NA,FALSE,TRUE
2016-ORMED-000542,0.1,Class A,2017-01-01T07:59:59Z,2366.4997222222223,NA,NA,WF,0,2016,NA,NA,FALSE,TRUE
2016-ORMED-000568,0.1,Class A,2017-01-01T07:59:59Z,2224.2497222222223,NA,NA,WF,0,2016,NA,NA,FALSE,TRUE
2016-ORMED-000586,0.1,Class A,2017-01-01T07:59:59Z,2196.0330555555556,NA,NA,WF,0,2016,NA,NA,FALSE,TRUE
2016-ORMED-000654,0.1,Class A,2017-01-01T07:59:59Z,1982.0830555555556,NA,NA,WF,0,2016,NA,NA,FALSE,TRUE
2016-ORMED-000657,1,Class B,NA,NA,NA,NA,WF,0,2016,NA,NA,FALSE,TRUE
2016-ORMED-000658,0.1,Class A,2017-01-01T07:59:59Z,1938.0830555555556,NA,NA,WF,0,2016,NA,NA,FALSE,TRUE
2017-ORMED-000016,0.1,Class A,2018-01-01T07:59:59Z,4346.499722222222,NA,NA,WF,0,2017,NA,NA,FALSE,TRUE
2017-ORMED-000073,0.1,Class A,2018-01-01T07:59:59Z,3809.849722222222,NA,NA,WF,0,2017,NA,NA,FALSE,TRUE
2017-ORMED-000074,0.1,Class A,2018-01-01T07:59:59Z,3807.3330555555553,NA,NA,WF,0,2017,NA,NA,FALSE,TRUE
2017-ORMED-000075,0.1,Class A,2018-01-01T07:59:59Z,3807.3330555555553,NA,NA,WF,0,2017,NA,NA,FALSE,TRUE
2017-ORMED-000079,0.1,Class A,2018-01-01T07:59:59Z,3806.716388888889,NA,NA,WF,0,2017,NA,NA,FALSE,TRUE
2017-ORMED-000080,0.1,Class A,2018-01-01T07:59:59Z,3807.4997222222223,NA,NA,WF,0,2017,NA,NA,FALSE,TRUE
2017-ORMED-000087,0.1,Class A,2018-01-01T07:59:59Z,4105.666388888889,NA,NA,WF,0,2017,NA,NA,FALSE,TRUE
2017-ORMED-000093,0.1,Class A,2018-01-01T07:59:59Z,4078.2663888888887,NA,NA,WF,0,2017,NA,NA,FALSE,TRUE
2017-ORMED-000098,0.1,Class A,2018-01-01T07:59:59Z,3727.2663888888887,NA,NA,WF,0,2017,NA,NA,FALSE,TRUE
2017-ORMED-000125,4.1,Class B,2018-01-01T07:59:59Z,3969.7663888888887,NA,NA,WF,0,2017,NA,NA,FALSE,TRUE
2017-ORMED-000139,587.3,Class E,2018-01-01T07:59:59Z,3511.166388888889,NA,NA,WF,0,2017,NA,NA,FALSE,TRUE
2017-ORMED-000151,0.1,Class A,2018-01-01T07:59:59Z,3497.566388888889,NA,NA,WF,0,2017,NA,NA,FALSE,TRUE
2017-ORMED-000155,0.5,Class B,2018-01-01T07:59:59Z,3487.4997222222223,NA,NA,WF,0,2017,NA,NA,FALSE,TRUE
2017-ORMED-000160,0.1,Class A,2018-01-01T07:59:59Z,3486.299722222222,NA,NA,WF,0,2017,NA,NA,FALSE,TRUE
2017-ORMED-000161,0.1,Class A,2018-01-01T07:59:59Z,3486.366388888889,NA,NA,WF,0,2017,NA,NA,FALSE,TRUE
2017-ORMED-000174,0.2,Class A,2018-01-01T07:59:59Z,3472.166388888889,NA,NA,WF,0,2017,NA,NA,FALSE,TRUE
2017-ORMED-000191,0.1,Class A,2018-01-01T07:59:59Z,3751.166388888889,NA,NA,WF,0,2017,NA,NA,FALSE,TRUE
2017-ORMED-000195,1,Class B,2018-01-01T07:59:59Z,3447.4330555555557,NA,NA,WF,0,2017,NA,NA,FALSE,TRUE
2017-ORMED-000199,0.1,Class A,2018-01-01T07:59:59Z,3445.699722222222,NA,NA,WF,0,2017,NA,NA,FALSE,TRUE
2017-ORMED-000200,0.1,Class A,2018-01-01T07:59:59Z,3768.966388888889,NA,NA,WF,0,2017,NA,NA,FALSE,TRUE
2017-ORMED-000201,7.5,Class B,2018-01-01T07:59:59Z,3440.466388888889,NA,NA,WF,0,2017,NA,NA,FALSE,TRUE
2017-ORMED-000203,0.9,Class B,2018-01-01T07:59:59Z,3714.949722222222,NA,NA,WF,0,2017,NA,NA,FALSE,TRUE
2017-ORMED-000205,0.1,Class A,2018-01-01T07:59:59Z,3437.299722222222,NA,NA,WF,0,2017,NA,NA,FALSE,TRUE
2017-ORMED-000206,0.1,Class A,2018-01-01T07:59:59Z,3437.316388888889,NA,NA,WF,0,2017,NA,NA,FALSE,TRUE
2017-ORMED-000209,0.1,Class A,2018-01-01T07:59:59Z,3437.299722222222,NA,NA,WF,0,2017,NA,NA,FALSE,TRUE
2017-ORMED-000212,0.3,Class B,2018-01-01T07:59:59Z,3434.549722222222,NA,NA,WF,0,2017,NA,NA,FALSE,TRUE
2017-ORMED-000213,12,Class C,2019-01-01T07:59:59Z,12194.316388888888,NA,NA,WF,0,2017,NA,NA,FALSE,TRUE
2017-ORMED-000217,2,Class B,2018-01-01T07:59:59Z,3435.7663888888887,NA,NA,WF,0,2017,NA,NA,FALSE,TRUE
2017-ORMED-000218,0.3,Class B,2018-01-01T07:59:59Z,3432.366388888889,NA,NA,WF,0,2017,NA,NA,FALSE,TRUE
2017-ORMED-000228,0.1,Class A,2018-01-01T07:59:59Z,3424.9997222222223,NA,NA,WF,0,2017,NA,NA,FALSE,TRUE
2017-ORMED-000229,0.1,Class A,2018-01-01T07:59:59Z,3398.349722222222,NA,NA,WF,0,2017,NA,NA,FALSE,TRUE
2017-ORMED-000231,0.1,Class A,2018-01-01T07:59:59Z,3397.366388888889,NA,NA,WF,0,2017,NA,NA,FALSE,TRUE
2017-ORMED-000235,2.5,Class B,2018-01-01T07:59:59Z,3659.733055555555,NA,NA,WF,0,2017,NA,NA,FALSE,TRUE
2017-ORMED-000256,3,Class B,2018-01-01T07:59:59Z,3605.416388888889,NA,NA,WF,0,2017,NA,NA,FALSE,TRUE
2017-ORMED-000268,0.1,Class A,2017-08-14T06:59:59Z,78.26638888888888,NA,NA,WF,0,2017,NA,NA,FALSE,TRUE
2017-ORMED-000280,0.5,Class B,2018-01-01T07:59:59Z,3036.6497222222224,NA,NA,WF,0,2017,NA,NA,FALSE,TRUE
2017-ORMED-000309,3.4,Class B,2017-06-06T06:59:59Z,103.64972222222222,NA,NA,WF,0,2017,NA,NA,FALSE,TRUE
2017-ORMED-000309,6.5,Class B,2018-01-01T07:59:59Z,3471.566388888889,NA,NA,WF,0,2017,NA,NA,FALSE,TRUE
2017-ORMED-000319,0.1,Class A,2018-01-01T07:59:59Z,2792.2497222222223,NA,NA,WF,0,2017,NA,NA,FALSE,TRUE
2017-ORMED-000324,0.1,Class A,2018-01-01T07:59:59Z,2764.3997222222224,NA,NA,WF,0,2017,NA,NA,FALSE,TRUE
2017-ORMED-000325,2.9,Class B,2018-01-01T07:59:59Z,2786.9330555555557,NA,NA,WF,0,2017,NA,NA,FALSE,TRUE
2017-ORMED-000326,0.1,Class A,2018-01-01T07:59:59Z,2773.733055555555,NA,NA,WF,0,2017,NA,NA,FALSE,TRUE
2017-ORMED-000330,0.6,Class B,2018-01-01T07:59:59Z,3436.0330555555556,NA,NA,WF,0,2017,NA,NA,FALSE,TRUE
2017-ORMED-000333,0.1,Class A,2018-01-01T07:59:59Z,2768.6330555555555,NA,NA,WF,0,2017,NA,NA,FALSE,TRUE
2017-ORMED-000335,0.1,Class A,2018-01-01T07:59:59Z,2768.0330555555556,NA,NA,WF,0,2017,NA,NA,FALSE,TRUE
2017-ORMED-000337,0.1,Class A,2018-01-01T07:59:59Z,4674.999722222222,NA,NA,WF,0,2017,NA,NA,FALSE,TRUE
2017-ORMED-000345,0.1,Class A,2017-10-31T06:59:59Z,3098.4997222222223,NA,NA,WF,0,2017,NA,NA,FALSE,TRUE
2017-ORMED-000349,0.1,Class A,2018-01-01T07:59:59Z,4546.883055555556,NA,NA,WF,0,2017,NA,NA,FALSE,TRUE
2017-ORMED-000351,0.1,Class A,2018-01-01T07:59:59Z,4545.116388888889,NA,NA,WF,0,2017,NA,NA,FALSE,TRUE
2017-ORMED-000356,0.1,Class A,2018-01-01T07:59:59Z,4543.499722222222,NA,NA,WF,0,2017,NA,NA,FALSE,TRUE
2017-ORMED-000360,1,Class B,2018-01-01T07:59:59Z,4541.883055555556,NA,NA,WF,0,2017,NA,NA,FALSE,TRUE
2017-ORMED-000362,0.3,Class B,2018-01-01T07:59:59Z,4541.249722222222,NA,NA,WF,0,2017,NA,NA,FALSE,TRUE
2017-ORMED-000369,0.1,Class A,2018-01-01T07:59:59Z,2551.5830555555553,NA,NA,WF,0,2017,NA,NA,FALSE,TRUE
2017-ORMED-000401,0.4,Class B,2018-01-01T07:59:59Z,2091.449722222222,NA,NA,WF,0,2017,NA,NA,FALSE,TRUE
2017-ORMED-000486,0.3,Class B,2018-01-01T07:59:59Z,2928.4997222222223,NA,NA,WF,0,2017,NA,NA,FALSE,TRUE
2017-ORMED-000514,1.9,Class B,2018-01-01T07:59:59Z,2850.8330555555553,NA,NA,WF,0,2017,NA,NA,FALSE,TRUE
2017-ORMED-000520,0.4,Class B,2018-01-01T07:59:59Z,2825.699722222222,NA,NA,WF,0,2017,NA,NA,FALSE,TRUE
2017-ORMED-000536,0.5,Class B,2018-01-01T07:59:59Z,2769.666388888889,NA,NA,WF,0,2017,NA,NA,FALSE,TRUE
2017-ORMED-000548,0.1,Class A,2018-01-01T07:59:59Z,2720.6330555555555,NA,NA,WF,0,2017,NA,NA,FALSE,TRUE
2017-ORMED-000619,0.1,Class A,2018-01-01T07:59:59Z,2336.8997222222224,NA,NA,WF,0,2017,NA,NA,FALSE,TRUE
2017-ORMED-000637,0.1,Class A,2018-01-01T07:59:59Z,2220.7497222222223,NA,NA,WF,0,2017,NA,NA,FALSE,TRUE
2017-ORMED-000667,0.1,Class A,2018-01-01T07:59:59Z,2007.516388888889,NA,NA,WF,0,2017,NA,NA,FALSE,TRUE
2017-ORMED-000672,0.3,Class B,2018-01-01T07:59:59Z,5242.666388888889,NA,NA,WF,0,2017,NA,NA,FALSE,TRUE
2017-ORMED-000673,0.1,Class A,2018-01-01T07:59:59Z,5237.549722222222,NA,NA,WF,0,2017,NA,NA,FALSE,TRUE
2017-ORMED-000686,0.1,Class A,2018-01-01T07:59:59Z,5056.166388888889,NA,NA,WF,0,2017,NA,NA,FALSE,TRUE
2017-ORMED-000690,0.4,Class B,2018-01-01T07:59:59Z,1859.3663888888889,NA,NA,WF,0,2017,NA,NA,FALSE,TRUE
2017-ORMED-000698,0.1,Class A,2018-01-01T07:59:59Z,1788.4330555555557,NA,NA,WF,0,2017,NA,NA,FALSE,TRUE
2017-ORMED-000707,0.1,Class A,2018-01-01T07:59:59Z,806.8330555555556,NA,NA,WF,0,2017,NA,NA,FALSE,TRUE
2017-ORMED-000708,0.1,Class A,2018-01-01T07:59:59Z,493.19972222222225,NA,NA,WF,0,2017,NA,NA,FALSE,TRUE
2017-ORMED-000717,0.1,Class A,2018-01-01T07:59:59Z,4974.966388888889,NA,NA,WF,0,2017,NA,NA,FALSE,TRUE
2017-ORMED-000828,0.3,Class B,2018-01-01T07:59:59Z,4545.166388888889,NA,NA,WF,0,2017,NA,NA,FALSE,TRUE
2017-ORMED-000831,0.3,Class B,2018-01-01T07:59:59Z,4543.883055555556,NA,NA,WF,0,2017,NA,NA,FALSE,TRUE
2017-ORMED-000838,2,Class B,2018-01-01T07:59:59Z,4540.999722222222,NA,NA,WF,0,2017,NA,NA,FALSE,TRUE
2017-ORMED-000840,2,Class B,2018-01-01T07:59:59Z,4528.999722222222,NA,NA,WF,0,2017,NA,NA,FALSE,TRUE
2017-ORMED-000842,0.3,Class B,2018-01-01T07:59:59Z,4527.866388888889,NA,NA,WF,0,2017,NA,NA,FALSE,TRUE
2017-ORMED-000845,0.1,Class A,2018-01-01T07:59:59Z,4517.166388888889,NA,NA,WF,0,2017,NA,NA,FALSE,TRUE
2017-ORMED-000850,0.1,Class A,2018-01-01T07:59:59Z,4478.883055555556,NA,NA,WF,0,2017,NA,NA,FALSE,TRUE
2017-ORMED-000852,0.1,Class A,2018-01-01T07:59:59Z,4450.166388888889,NA,NA,WF,0,2017,NA,NA,FALSE,TRUE
2018-ORMED-000009,0.1,Class A,2019-01-01T07:59:59Z,1496.8330555555556,NA,NA,WF,0,2018,NA,NA,FALSE,TRUE
2018-ORMED-000010,0.1,Class A,2019-01-01T07:59:59Z,1479.6663888888888,NA,NA,WF,0,2018,NA,NA,FALSE,TRUE
2018-ORMED-000012,0.1,Class A,2019-01-01T07:59:59Z,1260.566388888889,NA,NA,WF,0,2018,NA,NA,FALSE,TRUE
2018-ORMED-000014,0.1,Class A,2019-01-01T07:59:59Z,1256.6663888888888,NA,NA,WF,0,2018,NA,NA,FALSE,TRUE
2018-ORMED-000015,0.5,Class B,2019-01-01T07:59:59Z,1236.7497222222223,NA,NA,WF,0,2018,NA,NA,FALSE,TRUE
2018-ORMED-000042,0.1,Class A,2019-01-01T07:59:59Z,4322.483055555555,NA,NA,WF,0,2018,NA,NA,FALSE,TRUE
2018-ORMED-000082,0.1,Class A,2019-01-01T07:59:59Z,4106.666388888889,NA,NA,WF,0,2018,NA,NA,FALSE,TRUE
2018-ORMED-000089,0.1,Class A,2019-01-01T07:59:59Z,4071.2497222222223,NA,NA,WF,0,2018,NA,NA,FALSE,TRUE
2018-ORMED-000107,0.1,Class A,2019-01-01T07:59:59Z,4069.283055555555,NA,NA,WF,0,2018,NA,NA,FALSE,TRUE
2018-ORMED-000112,0.1,Class A,2019-01-01T07:59:59Z,4068.5830555555553,NA,NA,WF,0,2018,NA,NA,FALSE,TRUE
2018-ORMED-000115,0.1,Class A,2019-01-01T07:59:59Z,4071.9997222222223,NA,NA,WF,0,2018,NA,NA,FALSE,TRUE
2018-ORMED-000119,0.1,Class A,2019-01-01T07:59:59Z,4071.9997222222223,NA,NA,WF,0,2018,NA,NA,FALSE,TRUE
2018-ORMED-000120,0.1,Class A,2019-01-01T07:59:59Z,4071.9997222222223,NA,NA,WF,0,2018,NA,NA,FALSE,TRUE
2018-ORMED-000128,135,Class D,2019-01-01T07:59:59Z,4071.9997222222223,NA,NA,WF,0,2018,NA,NA,FALSE,TRUE
2018-ORMED-000132,0.3,Class B,2019-01-01T07:59:59Z,4063.9997222222223,NA,NA,WF,0,2018,NA,NA,FALSE,TRUE
2018-ORMED-000138,0.3,Class B,2019-01-01T07:59:59Z,4071.9997222222223,NA,NA,WF,0,2018,NA,NA,FALSE,TRUE
2018-ORMED-000139,13.5,Class C,2019-01-01T07:59:59Z,4060.299722222222,NA,NA,WF,0,2018,NA,NA,FALSE,TRUE
2018-ORMED-000155,0.1,Class A,2019-01-01T07:59:59Z,4048.666388888889,NA,NA,WF,0,2018,NA,NA,FALSE,TRUE
2018-ORMED-000158,0.5,Class B,2019-01-01T07:59:59Z,4071.9997222222223,NA,NA,WF,0,2018,NA,NA,FALSE,TRUE
2018-ORMED-000166,0.1,Class A,2019-01-01T07:59:59Z,4071.9997222222223,NA,NA,WF,0,2018,NA,NA,FALSE,TRUE
2018-ORMED-000167,0.1,Class A,2019-01-01T07:59:59Z,4022.133055555555,NA,NA,WF,0,2018,NA,NA,FALSE,TRUE
2018-ORMED-000173,0.4,Class B,2019-01-01T07:59:59Z,3996.0163888888887,NA,NA,WF,0,2018,NA,NA,FALSE,TRUE
2018-ORMED-000175,1.3,Class B,2019-01-01T07:59:59Z,4071.9997222222223,NA,NA,WF,0,2018,NA,NA,FALSE,TRUE
2018-ORMED-000176,0.1,Class A,2019-01-01T07:59:59Z,4071.9997222222223,NA,NA,WF,0,2018,NA,NA,FALSE,TRUE
2018-ORMED-000181,0.1,Class A,2019-01-01T07:59:59Z,4070.299722222222,NA,NA,WF,0,2018,NA,NA,FALSE,TRUE
2018-ORMED-000187,2,Class B,2019-01-01T07:59:59Z,4071.9997222222223,NA,NA,WF,0,2018,NA,NA,FALSE,TRUE
2018-ORMED-000190,1,Class B,2019-01-01T07:59:59Z,4071.9997222222223,NA,NA,WF,0,2018,NA,NA,FALSE,TRUE
2018-ORMED-000192,0.5,Class B,2019-01-01T07:59:59Z,4068.983055555555,NA,NA,WF,0,2018,NA,NA,FALSE,TRUE
2018-ORMED-000194,40,Class C,2019-01-01T07:59:59Z,4071.9997222222223,NA,NA,WF,0,2018,NA,NA,FALSE,TRUE
2018-ORMED-000196,50,Class C,2019-01-01T07:59:59Z,4071.9997222222223,NA,NA,WF,0,2018,NA,NA,FALSE,TRUE
2018-ORMED-000201,0.1,Class A,2019-01-01T07:59:59Z,4071.9997222222223,NA,NA,WF,0,2018,NA,NA,FALSE,TRUE
2018-ORMED-000203,0.1,Class A,2019-01-01T07:59:59Z,4071.9997222222223,NA,NA,WF,0,2018,NA,NA,FALSE,TRUE
2018-ORMED-000204,0.1,Class A,2019-01-01T07:59:59Z,4071.9997222222223,NA,NA,WF,0,2018,NA,NA,FALSE,TRUE
2018-ORMED-000205,0.1,Class A,2019-01-01T07:59:59Z,4071.9997222222223,NA,NA,WF,0,2018,NA,NA,FALSE,TRUE
2018-ORMED-000208,0.2,Class A,2019-01-01T07:59:59Z,4070.4997222222223,NA,NA,WF,0,2018,NA,NA,FALSE,TRUE
2018-ORMED-000209,0.1,Class A,2019-01-01T07:59:59Z,4071.9997222222223,NA,NA,WF,0,2018,NA,NA,FALSE,TRUE
2018-ORMED-000210,1,Class B,2019-01-01T07:59:59Z,4071.9997222222223,NA,NA,WF,0,2018,NA,NA,FALSE,TRUE
2018-ORMED-000218,1,Class B,2019-01-01T07:59:59Z,4071.9997222222223,NA,NA,WF,0,2018,NA,NA,FALSE,TRUE
2018-ORMED-000222,0.1,Class A,2019-01-01T07:59:59Z,4071.9997222222223,NA,NA,WF,0,2018,NA,NA,FALSE,TRUE
2018-ORMED-000224,229.8,Class D,2019-01-01T07:59:59Z,4062.9997222222223,NA,NA,WF,0,2018,NA,NA,FALSE,TRUE
2018-ORMED-000225,0.1,Class A,2019-01-01T07:59:59Z,4070.9997222222223,NA,NA,WF,0,2018,NA,NA,FALSE,TRUE
2018-ORMED-000227,0.8,Class B,2019-01-01T07:59:59Z,4071.9997222222223,NA,NA,WF,0,2018,NA,NA,FALSE,TRUE
2018-ORMED-000228,1,Class B,2019-01-01T07:59:59Z,4071.9997222222223,NA,NA,WF,0,2018,NA,NA,FALSE,TRUE
2018-ORMED-000234,0.1,Class A,2019-01-01T07:59:59Z,4071.9997222222223,NA,NA,WF,0,2018,NA,NA,FALSE,TRUE
2018-ORMED-000240,7.8,Class B,2019-01-01T07:59:59Z,4042.3330555555553,NA,NA,WF,0,2018,NA,NA,FALSE,TRUE
2018-ORMED-000245,0.5,Class B,2019-01-01T07:59:59Z,4071.9997222222223,NA,NA,WF,0,2018,NA,NA,FALSE,TRUE
2018-ORMED-000262,0.3,Class B,2019-01-01T07:59:59Z,3589.3330555555553,NA,NA,WF,0,2018,NA,NA,FALSE,TRUE
2018-ORMED-000279,6,Class B,2019-01-01T07:59:59Z,4071.9997222222223,NA,NA,WF,0,2018,NA,NA,FALSE,TRUE
2018-ORMED-000396,0.2,Class A,2019-01-01T07:59:59Z,3638.449722222222,NA,NA,WF,0,2018,NA,NA,FALSE,TRUE
2018-ORMED-000419,2,Class B,2019-01-01T07:59:59Z,3591.4997222222223,NA,NA,WF,0,2018,NA,NA,FALSE,TRUE
2018-ORMED-000427,0.1,Class A,2019-01-01T07:59:59Z,4071.9997222222223,NA,NA,WF,0,2018,NA,NA,FALSE,TRUE
2018-ORMED-000427,0.3,Class B,2019-01-01T07:59:59Z,3578.5830555555553,NA,NA,WF,0,2018,NA,NA,FALSE,TRUE
2018-ORMED-000428,33,Class C,2019-01-01T07:59:59Z,4047.5830555555553,NA,NA,WF,0,2018,NA,NA,FALSE,TRUE
2018-ORMED-000431,2.1,Class B,2019-01-01T07:59:59Z,4071.9997222222223,NA,NA,WF,0,2018,NA,NA,FALSE,TRUE
2018-ORMED-000433,0.1,Class A,2019-01-01T07:59:59Z,4041.699722222222,NA,NA,WF,0,2018,NA,NA,FALSE,TRUE
2018-ORMED-000438,0.3,Class B,2019-01-01T07:59:59Z,3946.2497222222223,NA,NA,WF,0,2018,NA,NA,FALSE,TRUE
2018-ORMED-000444,0.3,Class B,2019-01-01T07:59:59Z,5990.349722222222,NA,NA,WF,0,2018,NA,NA,FALSE,TRUE
2018-ORMED-000451,0.1,Class A,2019-01-01T07:59:59Z,5775.499722222222,NA,NA,WF,0,2018,NA,NA,FALSE,TRUE
2018-ORMED-000452,5.5,Class B,2019-01-01T07:59:59Z,5721.999722222222,NA,NA,WF,0,2018,NA,NA,FALSE,TRUE
2018-ORMED-000455,0.1,Class A,2019-01-01T07:59:59Z,5756.699722222223,NA,NA,WF,0,2018,NA,NA,FALSE,TRUE
2018-ORMED-000474,0.1,Class A,2019-01-01T07:59:59Z,3447.849722222222,NA,NA,WF,0,2018,NA,NA,FALSE,TRUE
2018-ORMED-000475,0.1,Class A,2019-01-01T07:59:59Z,5239.999722222222,NA,NA,WF,0,2018,NA,NA,FALSE,TRUE
2018-ORMED-000502,0.1,Class A,2019-01-01T07:59:59Z,4665.349722222222,NA,NA,WF,0,2018,NA,NA,FALSE,TRUE
2018-ORMED-000506,0.1,Class A,2019-01-01T07:59:59Z,3561.9997222222223,NA,NA,WF,0,2018,NA,NA,FALSE,TRUE
2018-ORMED-000507,0.3,Class B,2019-01-01T07:59:59Z,3373.199722222222,NA,NA,WF,0,2018,NA,NA,FALSE,TRUE
2018-ORMED-000508,0.1,Class A,2019-01-01T07:59:59Z,3373.049722222222,NA,NA,WF,0,2018,NA,NA,FALSE,TRUE
2018-ORMED-000510,0.1,Class A,2019-01-01T07:59:59Z,4640.599722222222,NA,NA,WF,0,2018,NA,NA,FALSE,TRUE
2018-ORMED-000638,0.1,Class A,2019-01-01T07:59:59Z,2921.4997222222223,NA,NA,WF,0,2018,NA,NA,FALSE,TRUE
2018-ORMED-000640,0.1,Class A,2019-01-01T07:59:59Z,1883.2830555555556,NA,NA,WF,0,2018,NA,NA,FALSE,TRUE
2018-ORMED-000678,0.5,Class B,2019-01-01T07:59:59Z,2818.5330555555556,NA,NA,WF,0,2018,NA,NA,FALSE,TRUE
2018-ORMED-000719,0.1,Class A,2019-01-01T07:59:59Z,6039.666388888889,NA,NA,WF,0,2018,NA,NA,FALSE,TRUE
2018-ORMED-000720,0.1,Class A,2019-01-01T07:59:59Z,5982.549722222222,NA,NA,WF,0,2018,NA,NA,FALSE,TRUE
2018-ORMED-000728,0.3,Class B,2019-01-01T07:59:59Z,5570.366388888889,NA,NA,WF,0,2018,NA,NA,FALSE,TRUE
2018-ORMED-000736,0.1,Class A,2019-01-01T07:59:59Z,5503.916388888889,NA,NA,WF,0,2018,NA,NA,FALSE,TRUE
2018-ORMED-000743,0.3,Class B,2019-01-01T07:59:59Z,5362.233055555555,NA,NA,WF,0,2018,NA,NA,FALSE,TRUE
2018-ORMED-000776,0.2,Class A,2019-01-01T07:59:59Z,5120.333055555556,NA,NA,WF,0,2018,NA,NA,FALSE,TRUE
2018-ORMED-000813,0.4,Class B,2019-01-01T07:59:59Z,2297.7497222222223,NA,NA,WF,0,2018,NA,NA,FALSE,TRUE
2018-ORMED-000877,1.1,Class B,2019-01-01T07:59:59Z,2002.8330555555556,NA,NA,WF,0,2018,NA,NA,FALSE,TRUE
2018-ORMED-000887,0.1,Class A,2019-01-01T07:59:59Z,4569.199722222223,NA,NA,WF,0,2018,NA,NA,FALSE,TRUE
2018-ORMED-000900,77,Class C,2019-01-01T07:59:59Z,1882.0997222222225,NA,NA,WF,0,2018,NA,NA,FALSE,TRUE
2018-ORMED-000913,0.5,Class B,2019-01-01T07:59:59Z,4455.333055555556,NA,NA,WF,0,2018,NA,NA,FALSE,TRUE
2019-ORMED-000026,0.1,Class A,2019-03-25T06:59:59Z,272.4163888888889,NA,NA,WF,0,2019,NA,NA,FALSE,TRUE
2019-ORMED-000027,0.1,Class A,2019-03-25T06:59:59Z,272.4163888888889,NA,NA,WF,0,2019,NA,NA,FALSE,TRUE
2019-ORMED-000048,0.1,Class A,2020-01-01T07:59:59Z,6176.333055555556,NA,NA,WF,0,2019,NA,NA,FALSE,TRUE
2019-ORMED-000076,0.1,Class A,2019-05-18T06:59:59Z,133.99972222222223,NA,NA,WF,0,2019,NA,NA,FALSE,TRUE
2019-ORMED-000080,0.1,Class A,2020-01-01T07:59:59Z,5488.099722222222,NA,NA,WF,0,2019,NA,NA,FALSE,TRUE
2019-ORMED-000093,0.1,Class A,2020-01-01T07:59:59Z,5197.666388888889,NA,NA,WF,0,2019,NA,NA,FALSE,TRUE
2019-ORMED-000145,0.1,Class A,2019-07-06T06:59:59Z,318.4997222222222,NA,NA,WF,0,2019,NA,NA,FALSE,TRUE
2019-ORMED-000168,0.1,Class A,2019-07-14T06:59:59Z,319.44972222222225,NA,NA,WF,0,2019,NA,NA,FALSE,TRUE
2019-ORMED-000191,0.1,Class A,2019-07-24T06:59:59Z,394.6163888888889,NA,NA,WF,0,2019,NA,NA,FALSE,TRUE
2019-ORMED-000199,0.1,Class A,2019-07-25T06:59:59Z,323.48305555555555,NA,NA,WF,0,2019,NA,NA,FALSE,TRUE
2019-ORMED-000204,0.1,Class A,2019-07-30T06:59:59Z,337.9997222222222,NA,NA,WF,0,2019,NA,NA,FALSE,TRUE
2019-ORMED-000205,0.1,Class A,2019-07-21T06:59:59Z,75.28305555555555,NA,NA,WF,0,2019,NA,NA,FALSE,TRUE
2019-ORMED-000214,0.5,Class B,2019-08-06T06:59:59Z,323.9997222222222,NA,NA,WF,0,2019,NA,NA,FALSE,TRUE
2019-ORMED-000251,0.1,Class A,2019-08-18T06:59:59Z,343.4163888888889,NA,NA,WF,0,2019,NA,NA,FALSE,TRUE
2019-ORMED-000269,0.1,Class A,2019-08-23T06:59:59Z,320.8497222222222,NA,NA,WF,0,2019,NA,NA,FALSE,TRUE
2019-ORMED-000272,0.1,Class A,2019-08-23T06:59:59Z,321.03305555555556,NA,NA,WF,0,2019,NA,NA,FALSE,TRUE
2019-ORMED-000275,0.1,Class A,2019-08-13T06:59:59Z,79.49972222222222,NA,NA,WF,0,2019,NA,NA,FALSE,TRUE
2019-ORMED-000298,0.1,Class A,2019-08-24T06:59:59Z,330.9163888888889,NA,NA,WF,0,2019,NA,NA,FALSE,TRUE
2019-ORMED-000301,0.1,Class A,2019-08-24T06:59:59Z,325.9163888888889,NA,NA,WF,0,2019,NA,NA,FALSE,TRUE
2019-ORMED-000307,0.1,Class A,2019-08-23T06:59:59Z,321.03305555555556,NA,NA,WF,0,2019,NA,NA,FALSE,TRUE
2019-ORMED-000395,0.1,Class A,2019-09-21T06:59:59Z,382.4997222222222,NA,NA,WF,0,2019,NA,NA,FALSE,TRUE
2019-ORMED-000396,0.1,Class A,2019-09-19T06:59:59Z,330.9997222222222,NA,NA,WF,0,2019,NA,NA,FALSE,TRUE
2019-ORMED-000398,0.5,Class B,2019-09-20T06:59:59Z,354.9997222222222,NA,NA,WF,0,2019,NA,NA,FALSE,TRUE
2019-ORMED-000409,0.3,Class B,2019-09-21T06:59:59Z,378.9997222222222,NA,NA,WF,0,2019,NA,NA,FALSE,TRUE
2019-ORMED-000421,0.1,Class A,2019-09-29T06:59:59Z,570.9997222222222,NA,NA,WF,0,2019,NA,NA,FALSE,TRUE
2019-ORMED-000424,0.1,Class A,2019-09-19T06:59:59Z,334.4997222222222,NA,NA,WF,0,2019,NA,NA,FALSE,TRUE
2019-ORMED-000425,0.7,Class B,2019-09-19T06:59:59Z,334.4997222222222,NA,NA,WF,0,2019,NA,NA,FALSE,TRUE
2019-ORMED-000426,0.2,Class A,2019-09-20T06:59:59Z,358.4997222222222,NA,NA,WF,0,2019,NA,NA,FALSE,TRUE
2019-ORMED-000427,0.1,Class A,2019-09-20T06:59:59Z,358.4997222222222,NA,NA,WF,0,2019,NA,NA,FALSE,TRUE
2019-ORMED-000428,0.1,Class A,2019-09-19T06:59:59Z,334.4997222222222,NA,NA,WF,0,2019,NA,NA,FALSE,TRUE
2019-ORMED-000442,0.1,Class A,2019-09-23T06:59:59Z,430.4997222222222,NA,NA,WF,0,2019,NA,NA,FALSE,TRUE
2019-ORMED-000444,0.8,Class B,2019-09-23T06:59:59Z,430.4997222222222,NA,NA,WF,0,2019,NA,NA,FALSE,TRUE
2019-ORMED-000445,0.8,Class B,2019-09-26T06:59:59Z,502.4997222222222,NA,NA,WF,0,2019,NA,NA,FALSE,TRUE
2019-ORMED-000448,0.2,Class A,2019-09-17T06:59:59Z,282.9997222222222,NA,NA,WF,0,2019,NA,NA,FALSE,TRUE
2019-ORMED-000456,0.3,Class B,2019-09-23T06:59:59Z,430.4997222222222,NA,NA,WF,0,2019,NA,NA,FALSE,TRUE
2019-ORMED-000459,0.1,Class A,2019-09-21T06:59:59Z,378.9997222222222,NA,NA,WF,0,2019,NA,NA,FALSE,TRUE
2019-ORMED-000479,0.1,Class A,2019-10-01T06:59:59Z,464.8663888888889,NA,NA,WF,0,2019,NA,NA,FALSE,TRUE
2019-ORMED-000492,0.3,Class B,2019-10-01T06:59:59Z,327.06638888888887,NA,NA,WF,0,2019,NA,NA,FALSE,TRUE
2019-ORMED-000500,0.1,Class A,2019-10-09T06:59:59Z,316.53305555555556,NA,NA,WF,0,2019,NA,NA,FALSE,TRUE
2019-ORMED-000501,0.1,Class A,2019-10-09T06:59:59Z,316.78305555555556,NA,NA,WF,0,2019,NA,NA,FALSE,TRUE
2019-ORMED-000517,0.1,Class A,2019-10-19T06:59:59Z,323.56638888888887,NA,NA,WF,0,2019,NA,NA,FALSE,TRUE
2019-ORMED-000518,0.1,Class A,2019-10-22T06:59:59Z,368.9997222222222,NA,NA,WF,0,2019,NA,NA,FALSE,TRUE
2019-ORMED-000533,0.2,Class A,2019-10-26T06:59:59Z,397.7497222222222,NA,NA,WF,0,2019,NA,NA,FALSE,TRUE
2019-ORMED-000546,0.1,Class A,2019-11-13T07:59:59Z,347.14972222222224,NA,NA,WF,0,2019,NA,NA,FALSE,TRUE
2019-ORMED-000550,1.9,Class B,2019-11-30T07:59:59Z,646.4997222222222,NA,NA,WF,0,2019,NA,NA,FALSE,TRUE
2019-ORMED-000555,0.3,Class B,2019-09-20T06:59:59Z,358.4997222222222,NA,NA,WF,0,2019,NA,NA,FALSE,TRUE
2019-ORMED-000556,0.1,Class A,2019-11-21T07:59:59Z,351.7663888888889,NA,NA,WF,0,2019,NA,NA,FALSE,TRUE
2019-ORMED-000557,0.1,Class A,2019-11-21T07:59:59Z,328.4163888888889,NA,NA,WF,0,2019,NA,NA,FALSE,TRUE
2019-ORMED-000558,0.1,Class A,2019-11-21T07:59:59Z,328.4163888888889,NA,NA,WF,0,2019,NA,NA,FALSE,TRUE
2019-ORMED-000559,0.6,Class B,2019-11-11T07:59:59Z,84.74972222222222,NA,NA,WF,0,2019,NA,NA,FALSE,TRUE
2019-ORMED-000565,0.3,Class B,2019-11-30T07:59:59Z,326.4997222222222,NA,NA,WF,0,2019,NA,NA,FALSE,TRUE
2019-ORMED-000567,0.1,Class A,2019-12-02T07:59:59Z,325.38305555555553,NA,NA,WF,0,2019,NA,NA,FALSE,TRUE
2019-ORMED-000569,0.1,Class A,2019-12-06T07:59:59Z,324.6663888888889,NA,NA,WF,0,2019,NA,NA,FALSE,TRUE
2019-ORMED-000578,9,Class B,2019-09-19T06:59:59Z,334.4997222222222,NA,NA,WF,0,2019,NA,NA,FALSE,TRUE
2016-ORNOD-160156,0.1,Class A,2016-10-11T06:59:59Z,62.999722222222225,NA,NA,WF,0,2016,NA,NA,FALSE,TRUE
2016-ORNOD-160238,0.1,Class A,2016-11-07T07:59:59Z,6.999722222222222,NA,NA,WF,0,2016,NA,NA,FALSE,TRUE
2018-ORNOD-180233,1.8,Class B,2018-08-23T06:59:59Z,10.333055555555555,NA,NA,WF,0,2018,NA,NA,FALSE,TRUE
2018-ORNOD-180291,0.3,Class B,2018-09-26T06:59:59Z,14.16638888888889,NA,NA,WF,0,2018,NA,NA,FALSE,TRUE
2018-ORNOD-180304,0.1,Class A,2018-10-15T06:59:59Z,14.499722222222225,NA,NA,WF,0,2018,NA,NA,FALSE,TRUE
2018-ORNOD-180337,0.1,Class A,2018-07-23T06:59:59Z,13.533055555555556,NA,NA,WF,0,2018,NA,NA,FALSE,TRUE
2018-ORNOD-180338,0.3,Class B,2018-07-31T06:59:59Z,54.16638888888889,NA,NA,WF,0,2018,NA,NA,FALSE,TRUE
2018-ORNOD-180339,1,Class B,2018-08-27T06:59:59Z,274.2497222222222,NA,NA,WF,0,2018,NA,NA,FALSE,TRUE
2018-ORNOD-180341,0.1,Class A,2018-11-10T07:59:59Z,12.749722222222225,NA,NA,WF,0,2018,NA,NA,FALSE,TRUE
2018-ORNOD-180400,0.1,Class A,2018-10-28T06:59:59Z,27.99972222222222,NA,NA,WF,0,2018,NA,NA,FALSE,TRUE
2019-ORNOD-190058,0.1,Class A,2019-03-30T06:59:59Z,7.849722222222222,NA,NA,WF,0,2019,NA,NA,FALSE,TRUE
2019-ORNOD-190072,1,Class B,2019-05-21T06:59:59Z,367.6663888888889,NA,NA,WF,0,2019,NA,NA,FALSE,TRUE
2019-ORNOD-190156,0.1,Class A,2019-07-02T06:59:59Z,130.49972222222223,NA,NA,WF,0,2019,NA,NA,FALSE,TRUE
2019-ORNOD-190210,1.8,Class B,2019-07-25T06:59:59Z,30.99972222222222,NA,NA,WF,0,2019,NA,NA,FALSE,TRUE
2019-ORNOD-190437,1,Class B,2019-09-09T06:59:59Z,77.24972222222222,NA,NA,WF,0,2019,NA,NA,FALSE,TRUE
2019-ORNOD-190451,0,Class A,2019-09-13T06:59:59Z,155.98305555555555,NA,NA,WF,0,2019,NA,NA,FALSE,TRUE
2019-ORNOD-190462,0.1,Class A,2019-09-08T06:59:59Z,38.249722222222225,NA,NA,WF,0,2019,NA,NA,FALSE,TRUE
2019-ORNOD-190473,0.1,Class A,2019-09-08T06:59:59Z,33.73305555555555,NA,NA,WF,0,2019,NA,NA,FALSE,TRUE
2019-ORNOD-190491,0.1,Class A,2019-09-09T06:59:59Z,13.749722222222225,NA,NA,WF,0,2019,NA,NA,FALSE,TRUE
2015-ORPRD-683080,0.1,Class A,NA,NA,NA,NA,WF,0,2015,NA,NA,FALSE,TRUE
2015-ORPRD-684647,0.1,Class A,NA,NA,NA,NA,WF,0,2015,NA,NA,FALSE,TRUE
2015-ORPRD-684637,0.1,Class A,NA,NA,NA,NA,WF,0,2015,NA,NA,FALSE,TRUE
2015-ORPRD-684641,0.1,Class A,NA,NA,NA,NA,WF,0,2015,NA,NA,FALSE,TRUE
2015-ORPRD-685078,0.1,Class A,NA,NA,NA,NA,WF,0,2015,NA,NA,FALSE,TRUE
2015-ORPRD-684639,0.1,Class A,NA,NA,NA,NA,WF,0,2015,NA,NA,FALSE,TRUE
2015-ORPRD-684628,0.1,Class A,NA,NA,NA,NA,WF,0,2015,NA,NA,FALSE,TRUE
2015-ORPRD-684859,42,Class C,NA,NA,NA,NA,WF,0,2015,NA,NA,FALSE,TRUE
2015-ORPRD-686332,0.1,Class A,NA,NA,NA,NA,WF,0,2015,NA,NA,FALSE,TRUE
2015-ORPRD-684633,0.1,Class A,NA,NA,NA,NA,WF,0,2015,NA,NA,FALSE,TRUE
2015-ORPRD-685996,0.1,Class A,NA,NA,NA,NA,WF,0,2015,NA,NA,FALSE,TRUE
2015-ORPRD-684946,0.1,Class A,NA,NA,NA,NA,WF,0,2015,NA,NA,FALSE,TRUE
2015-ORPRD-685995,0.1,Class A,NA,NA,NA,NA,WF,0,2015,NA,NA,FALSE,TRUE
2015-ORPRD-685085,3024,Class F,NA,NA,NA,NA,WF,0,2015,NA,NA,FALSE,TRUE
2015-ORPRD-684849,0.1,Class A,NA,NA,NA,NA,WF,0,2015,NA,NA,FALSE,TRUE
2015-ORPRD-686671,0.1,Class A,NA,NA,NA,NA,WF,0,2015,NA,NA,FALSE,TRUE
2015-ORPRD-687419,0.1,Class A,NA,NA,NA,NA,WF,0,2015,NA,NA,FALSE,TRUE
2015-ORPRD-688733,0.1,Class A,NA,NA,NA,NA,WF,0,2015,NA,NA,FALSE,TRUE
2015-ORPRD-681374,0.1,Class A,NA,NA,NA,NA,WF,0,2015,NA,NA,FALSE,TRUE
2015-ORPRD-681366,61,Class C,NA,NA,NA,NA,WF,0,2015,NA,NA,FALSE,TRUE
2015-ORPRD-681371,0.1,Class A,NA,NA,NA,NA,WF,0,2015,NA,NA,FALSE,TRUE
2015-ORPRD-684331,29,Class C,NA,NA,NA,NA,WF,0,2015,NA,NA,FALSE,TRUE
2015-ORPRD-681870,0.1,Class A,NA,NA,NA,NA,WF,0,2015,NA,NA,FALSE,TRUE
2015-ORPRD-681477,0.1,Class A,NA,NA,NA,NA,WF,0,2015,NA,NA,FALSE,TRUE
2015-ORPRD-681475,30,Class C,NA,NA,NA,NA,WF,0,2015,NA,NA,FALSE,TRUE
2015-ORPRD-681656,0.1,Class A,NA,NA,NA,NA,WF,0,2015,NA,NA,FALSE,TRUE
2015-ORPRD-684027,0.1,Class A,NA,NA,NA,NA,WF,0,2015,NA,NA,FALSE,TRUE
2015-ORPRD-681659,0.1,Class A,NA,NA,NA,NA,WF,0,2015,NA,NA,FALSE,TRUE
2015-ORPRD-683206,0.1,Class A,NA,NA,NA,NA,WF,0,2015,NA,NA,FALSE,TRUE
2015-ORPRD-684392,0.3,Class B,NA,NA,NA,NA,WF,0,2015,NA,NA,FALSE,TRUE
2015-ORPRD-683015,0.1,Class A,NA,NA,NA,NA,WF,0,2015,NA,NA,FALSE,TRUE
2015-ORPRD-684389,0.1,Class A,NA,NA,NA,NA,WF,0,2015,NA,NA,FALSE,TRUE
2015-ORPRD-683202,0.1,Class A,NA,NA,NA,NA,WF,0,2015,NA,NA,FALSE,TRUE
2015-ORPRD-684387,0.1,Class A,NA,NA,NA,NA,WF,0,2015,NA,NA,FALSE,TRUE
2015-ORPRD-683045,0.1,Class A,NA,NA,NA,NA,WF,0,2015,NA,NA,FALSE,TRUE
2015-ORPRD-683565,0.1,Class A,NA,NA,NA,NA,WF,0,2015,NA,NA,FALSE,TRUE
2015-ORPRD-683204,0.1,Class A,NA,NA,NA,NA,WF,0,2015,NA,NA,FALSE,TRUE
2015-ORPRD-683207,0.1,Class A,NA,NA,NA,NA,WF,0,2015,NA,NA,FALSE,TRUE
2015-ORPRD-683047,0.1,Class A,NA,NA,NA,NA,WF,0,2015,NA,NA,FALSE,TRUE
2015-ORPRD-684383,0.1,Class A,NA,NA,NA,NA,WF,0,2015,NA,NA,FALSE,TRUE
2015-ORPRD-683201,0.1,Class A,NA,NA,NA,NA,WF,0,2015,NA,NA,FALSE,TRUE
2015-ORPRD-686010,0.1,Class A,NA,NA,NA,NA,WF,0,2015,NA,NA,FALSE,TRUE
2015-ORPRD-679323,0.1,Class A,NA,NA,NA,NA,WF,0,2015,NA,NA,FALSE,TRUE
2015-ORPRD-681466,0.1,Class A,NA,NA,NA,NA,WF,0,2015,NA,NA,FALSE,TRUE
2015-ORPRD-687941,840,Class E,NA,NA,NA,NA,WF,0,2015,NA,NA,FALSE,TRUE
2015-ORPRD-686665,0.1,Class A,NA,NA,NA,NA,WF,0,2015,NA,NA,FALSE,TRUE
2015-ORPRD-688729,101028,Class G,NA,NA,NA,NA,WF,0,2015,NA,NA,FALSE,TRUE
2016-ORPRD-000077,10,Class C,NA,NA,NA,NA,WF,0,2016,NA,NA,FALSE,TRUE
2016-ORPRD-000116,73,Class C,NA,NA,NA,NA,WF,0,2016,NA,NA,FALSE,TRUE
2016-ORPRD-000118,74,Class C,NA,NA,NA,NA,WF,0,2016,NA,NA,FALSE,TRUE
2016-ORPRD-000121,638,Class E,NA,NA,NA,NA,WF,0,2016,NA,NA,FALSE,TRUE
2016-ORPRD-000131,0.1,Class A,NA,NA,NA,NA,WF,0,2016,NA,NA,FALSE,TRUE
2016-ORPRD-000148,0.1,Class A,2016-06-13T06:59:59Z,128.5663888888889,NA,NA,WF,0,2016,NA,NA,FALSE,TRUE
2016-ORPRD-000150,0.1,Class A,2016-06-11T06:59:59Z,80.08305555555556,NA,NA,WF,0,2016,NA,NA,FALSE,TRUE
2016-ORPRD-000162,6300,Class G,2016-07-21T06:59:59Z,1027.6830555555557,NA,NA,WF,0,2016,NA,NA,FALSE,TRUE
2016-ORPRD-000163,0.1,Class A,2016-07-01T06:59:59Z,545.1497222222222,NA,NA,WF,0,2016,NA,NA,FALSE,TRUE
2016-ORPRD-000197,0.1,Class A,2016-07-12T06:59:59Z,583.3997222222222,NA,NA,WF,0,2016,NA,NA,FALSE,TRUE
2016-ORPRD-000261,0.1,Class A,2016-07-10T06:59:59Z,39.44972222222222,NA,NA,WF,0,2016,NA,NA,FALSE,TRUE
2016-ORPRD-000286,0.1,Class A,2016-07-17T06:59:59Z,78.98305555555555,NA,NA,WF,0,2016,NA,NA,FALSE,TRUE
2016-ORPRD-000309,0.1,Class A,2016-08-03T06:59:59Z,388.88305555555553,NA,NA,WF,0,2016,NA,NA,FALSE,TRUE
2016-ORPRD-000313,0.1,Class A,2016-08-04T06:59:59Z,411.93305555555554,NA,NA,WF,0,2016,NA,NA,FALSE,TRUE
2016-ORPRD-000320,0.1,Class A,2016-08-08T06:59:59Z,507.68305555555554,NA,NA,WF,0,2016,NA,NA,FALSE,TRUE
2016-ORPRD-000321,0.1,Class A,2016-07-20T06:59:59Z,51.34972222222222,NA,NA,WF,0,2016,NA,NA,FALSE,TRUE
2016-ORPRD-000325,0.1,Class A,2016-07-19T06:59:59Z,16.883055555555554,NA,NA,WF,0,2016,NA,NA,FALSE,TRUE
2016-ORPRD-000326,0.1,Class A,2016-09-09T06:59:59Z,1264.2497222222223,NA,NA,WF,0,2016,NA,NA,FALSE,TRUE
2016-ORPRD-000329,0.1,Class A,2016-07-21T06:59:59Z,59.999722222222225,NA,NA,WF,0,2016,NA,NA,FALSE,TRUE
2016-ORPRD-000337,0.1,Class A,2016-07-21T06:59:59Z,53.999722222222225,NA,NA,WF,0,2016,NA,NA,FALSE,TRUE
2016-ORPRD-000338,0.1,Class A,2016-09-09T06:59:59Z,1253.316388888889,NA,NA,WF,0,2016,NA,NA,FALSE,TRUE
2016-ORPRD-000339,0.1,Class A,2016-07-21T06:59:59Z,53.01638888888889,NA,NA,WF,0,2016,NA,NA,FALSE,TRUE
2016-ORPRD-000350,0.3,Class B,2016-08-30T06:59:59Z,966.4497222222222,NA,NA,WF,0,2016,NA,NA,FALSE,TRUE
2016-ORPRD-000369,3,Class B,2016-08-08T06:59:59Z,364.8497222222222,NA,NA,WF,0,2016,NA,NA,FALSE,TRUE
2016-ORPRD-000382,0.1,Class A,2016-07-28T06:59:59Z,23.44972222222222,NA,NA,WF,0,2016,NA,NA,FALSE,TRUE
2016-ORPRD-000406,8.7,Class B,2016-08-15T06:59:59Z,318.9997222222222,NA,NA,WF,0,2016,NA,NA,FALSE,TRUE
2016-ORPRD-000429,0.1,Class A,2016-09-09T06:59:59Z,821.2163888888889,NA,NA,WF,0,2016,NA,NA,FALSE,TRUE
2016-ORPRD-000430,0.1,Class A,2016-09-09T06:59:59Z,820.9497222222222,NA,NA,WF,0,2016,NA,NA,FALSE,TRUE
2016-ORPRD-000439,0.1,Class A,2016-09-09T06:59:59Z,819.5163888888889,NA,NA,WF,0,2016,NA,NA,FALSE,TRUE
2016-ORPRD-000456,0.1,Class A,2016-09-09T06:59:59Z,800.2663888888889,NA,NA,WF,0,2016,NA,NA,FALSE,TRUE
2016-ORPRD-000513,0.1,Class A,2016-08-20T06:59:59Z,16.649722222222223,NA,NA,WF,0,2016,NA,NA,FALSE,TRUE
2016-ORPRD-000518,244,Class D,2016-12-13T07:59:59Z,2764.4997222222223,NA,NA,WF,0,2016,NA,NA,FALSE,TRUE
2016-ORPRD-000521,0.1,Class A,2016-08-21T06:59:59Z,7.449722222222222,NA,NA,WF,0,2016,NA,NA,FALSE,TRUE
2016-ORPRD-000522,0.1,Class A,2016-08-22T06:59:59Z,28.96638888888889,NA,NA,WF,0,2016,NA,NA,FALSE,TRUE
2016-ORPRD-000530,1.9,Class B,2016-09-29T06:59:59Z,852.3330555555556,NA,NA,WF,0,2016,NA,NA,FALSE,TRUE
2016-ORPRD-000563,0.1,Class A,2016-09-04T06:59:59Z,10.433055555555557,NA,NA,WF,0,2016,NA,NA,FALSE,TRUE
2016-ORPRD-000566,0.1,Class A,2016-09-05T06:59:59Z,10.749722222222225,NA,NA,WF,0,2016,NA,NA,FALSE,TRUE
2016-ORPRD-000586,8,Class B,2016-09-15T06:59:59Z,57.41638888888889,NA,NA,WF,0,2016,NA,NA,FALSE,TRUE
2016-ORPRD-000597,0.1,Class A,2016-09-20T06:59:59Z,58.51638888888889,NA,NA,WF,0,2016,NA,NA,FALSE,TRUE
2016-ORPRD-000609,0.1,Class A,2016-10-06T06:59:59Z,252.36638888888888,NA,NA,WF,0,2016,NA,NA,FALSE,TRUE
2016-ORPRD-000624,1445,Class F,2016-12-06T07:59:59Z,1616.7997222222225,NA,NA,WF,0,2016,NA,NA,FALSE,TRUE
2016-ORPRD-000674,0.1,Class A,2016-11-17T07:59:59Z,176.9663888888889,NA,NA,WF,0,2016,NA,NA,FALSE,TRUE
2016-ORPRD-691037,1,Class B,NA,NA,NA,NA,WF,0,2016,NA,NA,FALSE,TRUE
2016-ORPRD-693180,0.1,Class A,NA,NA,NA,NA,WF,0,2016,NA,NA,FALSE,TRUE
2016-ORPRD-691036,0.5,Class B,NA,NA,NA,NA,WF,0,2016,NA,NA,FALSE,TRUE
2017-ORPRD-000033,0.1,Class A,2017-03-01T07:59:59Z,38.216388888888886,NA,NA,WF,0,2017,NA,NA,FALSE,TRUE
2017-ORPRD-000052,0.1,Class A,2017-03-28T06:59:59Z,230.61638888888888,NA,NA,WF,0,2017,NA,NA,FALSE,TRUE
2017-ORPRD-000254,0.1,Class A,2017-06-05T06:59:59Z,12.549722222222222,NA,NA,WF,0,2017,NA,NA,FALSE,TRUE
2017-ORPRD-000260,0.1,Class A,2017-06-07T06:59:59Z,31.433055555555555,NA,NA,WF,0,2017,NA,NA,FALSE,TRUE
2017-ORPRD-000304,11.4,Class C,2017-08-02T06:59:59Z,990.7330555555556,NA,NA,WF,0,2017,NA,NA,FALSE,TRUE
2017-ORPRD-000309,0.1,Class A,2017-06-23T06:59:59Z,10.56638888888889,NA,NA,WF,0,2017,NA,NA,FALSE,TRUE
2017-ORPRD-000326,275,Class D,2017-08-01T06:59:59Z,894.2497222222222,NA,NA,WF,0,2017,NA,NA,FALSE,TRUE
2017-ORPRD-000327,0.7,Class B,2017-07-07T06:59:59Z,293.06638888888887,NA,NA,WF,0,2017,NA,NA,FALSE,TRUE
2017-ORPRD-000353,0.1,Class A,2017-07-09T06:59:59Z,294.2997222222222,NA,NA,WF,0,2017,NA,NA,FALSE,TRUE
2017-ORPRD-000369,3.7,Class B,NA,NA,NA,NA,WF,0,2017,NA,NA,FALSE,TRUE
2017-ORPRD-000390,0.3,Class B,2017-07-01T06:59:59Z,31.483055555555556,NA,NA,WF,0,2017,NA,NA,FALSE,TRUE
2017-ORPRD-000436,0.1,Class A,2017-07-06T06:59:59Z,13.516388888888889,NA,NA,WF,0,2017,NA,NA,FALSE,TRUE
2017-ORPRD-000454,0.1,Class A,2017-07-12T06:59:59Z,129.3997222222222,NA,NA,WF,0,2017,NA,NA,FALSE,TRUE
2017-ORPRD-000564,0.1,Class A,2017-07-20T06:59:59Z,54.09972222222222,NA,NA,WF,0,2017,NA,NA,FALSE,TRUE
2017-ORPRD-000584,0.1,Class A,2017-07-22T06:59:59Z,38.966388888888886,NA,NA,WF,0,2017,NA,NA,FALSE,TRUE
2017-ORPRD-000609,0.1,Class A,2017-07-27T06:59:59Z,62.38305555555556,NA,NA,WF,0,2017,NA,NA,FALSE,TRUE
2017-ORPRD-000635,0.1,Class A,2017-08-03T06:59:59Z,201.83305555555555,NA,NA,WF,0,2017,NA,NA,FALSE,TRUE
2017-ORPRD-000729,0.1,Class A,2017-08-21T06:59:59Z,442.18305555555554,NA,NA,WF,0,2017,NA,NA,FALSE,TRUE
2017-ORPRD-000768,40,Class C,2017-08-14T06:59:59Z,133.19972222222222,NA,NA,WF,0,2017,NA,NA,FALSE,TRUE
2017-ORPRD-000812,0.1,Class A,2017-08-14T06:59:59Z,76.76638888888888,NA,NA,WF,0,2017,NA,NA,FALSE,TRUE
2017-ORPRD-000820,0.1,Class A,2017-08-15T06:59:59Z,99.79972222222224,NA,NA,WF,0,2017,NA,NA,FALSE,TRUE
2017-ORPRD-000847,0.1,Class A,2017-08-15T06:59:59Z,80.26638888888888,NA,NA,WF,0,2017,NA,NA,FALSE,TRUE
2017-ORPRD-000878,362,Class E,2017-10-03T06:59:59Z,1238.9663888888888,NA,NA,WF,0,2017,NA,NA,FALSE,TRUE
2017-ORPRD-000951,1,Class B,2017-10-03T06:59:59Z,1066.016388888889,NA,NA,WF,0,2017,NA,NA,FALSE,TRUE
2017-ORPRD-001032,0.1,Class A,2017-10-03T06:59:59Z,829.8497222222222,NA,NA,WF,0,2017,NA,NA,FALSE,TRUE
2017-ORPRD-001040,0.5,Class B,2017-09-12T06:59:59Z,315.0497222222222,NA,NA,WF,0,2017,NA,NA,FALSE,TRUE
2017-ORPRD-001092,0.3,Class B,2017-09-10T06:59:59Z,121.8163888888889,NA,NA,WF,0,2017,NA,NA,FALSE,TRUE
2017-ORPRD-001121,0.1,Class A,2017-09-15T06:59:59Z,157.58305555555555,NA,NA,WF,0,2017,NA,NA,FALSE,TRUE
2017-ORPRD-001128,0.1,Class A,2017-09-10T06:59:59Z,33.29972222222222,NA,NA,WF,0,2017,NA,NA,FALSE,TRUE
2017-ORPRD-001141,0.1,Class A,2017-09-13T06:59:59Z,78.8163888888889,NA,NA,WF,0,2017,NA,NA,FALSE,TRUE
2017-ORPRD-001145,0.1,Class A,2017-09-14T06:59:59Z,82.38305555555556,NA,NA,WF,0,2017,NA,NA,FALSE,TRUE
2017-ORPRD-001184,0.1,Class A,2017-09-24T06:59:59Z,134.53305555555556,NA,NA,WF,0,2017,NA,NA,FALSE,TRUE
2017-ORPRD-001247,0.1,Class A,2017-10-03T06:59:59Z,32.783055555555556,NA,NA,WF,0,2017,NA,NA,FALSE,TRUE
2017-ORPRD-001285,0.1,Class A,2017-10-18T06:59:59Z,88.36638888888889,NA,NA,WF,0,2017,NA,NA,FALSE,TRUE
2017-ORPRD-001330,0.1,Class A,2017-12-01T07:59:59Z,152.74972222222223,NA,NA,WF,0,2017,NA,NA,FALSE,TRUE
2018-ORPRD-000042,0.1,Class A,2018-03-06T07:59:59Z,321.9997222222222,NA,NA,WF,0,2018,NA,NA,FALSE,TRUE
2018-ORPRD-000058,0.1,Class A,2018-03-24T06:59:59Z,40.183055555555555,NA,NA,WF,0,2018,NA,NA,FALSE,TRUE
2018-ORPRD-000072,0.1,Class A,2018-04-01T06:59:59Z,11.516388888888889,NA,NA,WF,0,2018,NA,NA,FALSE,TRUE
2018-ORPRD-000087,0.1,Class A,2018-04-11T06:59:59Z,36.54972222222222,NA,NA,WF,0,2018,NA,NA,FALSE,TRUE
2018-ORPRD-000110,0.1,Class A,2018-04-25T06:59:59Z,86.58305555555556,NA,NA,WF,0,2018,NA,NA,FALSE,TRUE
2018-ORPRD-000111,0.1,Class A,2018-04-22T06:59:59Z,14.249722222222225,NA,NA,WF,0,2018,NA,NA,FALSE,TRUE
2018-ORPRD-000157,0.1,Class A,2018-05-06T06:59:59Z,13.749722222222225,NA,NA,WF,0,2018,NA,NA,FALSE,TRUE
2018-ORPRD-000167,0.1,Class A,2018-05-25T06:59:59Z,389.8663888888889,NA,NA,WF,0,2018,NA,NA,FALSE,TRUE
2018-ORPRD-000251,0.1,Class A,2018-05-31T06:59:59Z,57.26638888888889,NA,NA,WF,0,2018,NA,NA,FALSE,TRUE
2018-ORPRD-000289,0.3,Class B,2018-06-13T06:59:59Z,225.01638888888888,NA,NA,WF,0,2018,NA,NA,FALSE,TRUE
2018-ORPRD-000367,112.5,Class D,2018-06-27T06:59:59Z,273.3330555555556,NA,NA,WF,110,2018,NA,NA,FALSE,TRUE
2018-ORPRD-000381,0.1,Class A,2018-06-20T06:59:59Z,11.749722222222225,NA,NA,WF,0,2018,NA,NA,FALSE,TRUE
2018-ORPRD-000390,0.3,Class B,2018-10-17T06:59:59Z,2839.3997222222224,NA,NA,WF,0,2018,NA,NA,FALSE,TRUE
2018-ORPRD-000404,0.1,Class A,2018-06-29T06:59:59Z,196.84972222222223,NA,NA,WF,0,2018,NA,NA,FALSE,TRUE
2018-ORPRD-000406,0.3,Class B,2018-06-29T06:59:59Z,196.59972222222223,NA,NA,WF,0,2018,NA,NA,FALSE,TRUE
2018-ORPRD-000447,2,Class B,2018-07-06T06:59:59Z,320.13305555555553,NA,NA,WF,0,2018,NA,NA,FALSE,TRUE
2018-ORPRD-000462,0.1,Class A,2018-10-17T06:59:59Z,2742.299722222222,NA,NA,WF,0,2018,NA,NA,FALSE,TRUE
2018-ORPRD-000502,155,Class D,2018-07-24T06:59:59Z,589.3330555555556,NA,NA,WF,0,2018,NA,NA,FALSE,TRUE
2018-ORPRD-000514,10,Class C,2018-07-12T06:59:59Z,248.63305555555556,NA,NA,WF,0,2018,NA,NA,FALSE,TRUE
2018-ORPRD-000596,0.1,Class A,2018-11-20T07:59:59Z,3253.166388888889,NA,NA,WF,0,2018,NA,NA,FALSE,TRUE
2018-ORPRD-000610,708,Class E,2018-10-06T06:59:59Z,2141.466388888889,NA,NA,WF,0,2018,NA,NA,FALSE,TRUE
2018-ORPRD-000648,0.1,Class A,2018-08-14T06:59:59Z,753.0497222222223,NA,NA,WF,0,2018,NA,NA,FALSE,TRUE
2018-ORPRD-000676,0.1,Class A,2018-07-21T06:59:59Z,123.71638888888889,NA,NA,WF,0,2018,NA,NA,FALSE,TRUE
2018-ORPRD-000683,0.1,Class A,2018-07-24T06:59:59Z,184.38305555555556,NA,NA,WF,0,2018,NA,NA,FALSE,TRUE
2018-ORPRD-000685,0.1,Class A,2018-07-21T06:59:59Z,111.19972222222222,NA,NA,WF,0,2018,NA,NA,FALSE,TRUE
2018-ORPRD-000688,0.1,Class A,2018-07-22T06:59:59Z,134.19972222222222,NA,NA,WF,0,2018,NA,NA,FALSE,TRUE
2018-ORPRD-000695,0.1,Class A,2018-07-21T06:59:59Z,108.96638888888889,NA,NA,WF,0,2018,NA,NA,FALSE,TRUE
2018-ORPRD-000704,0.1,Class A,2018-07-21T06:59:59Z,105.08305555555556,NA,NA,WF,0,2018,NA,NA,FALSE,TRUE
2018-ORPRD-000707,0.1,Class A,2018-07-24T06:59:59Z,175.01638888888888,NA,NA,WF,0,2018,NA,NA,FALSE,TRUE
2018-ORPRD-000708,0.1,Class A,2018-07-18T06:59:59Z,30.63305555555555,NA,NA,WF,0,2018,NA,NA,FALSE,TRUE
2018-ORPRD-000711,0.3,Class B,2018-07-22T06:59:59Z,124.94972222222222,NA,NA,WF,0,2018,NA,NA,FALSE,TRUE
2018-ORPRD-000715,0.1,Class A,2018-08-01T06:59:59Z,362.63305555555553,NA,NA,WF,0,2018,NA,NA,FALSE,TRUE
2018-ORPRD-000718,0.1,Class A,2018-07-20T06:59:59Z,59.999722222222225,NA,NA,WF,0,2018,NA,NA,FALSE,TRUE
2018-ORPRD-000719,0.1,Class A,2018-07-20T06:59:59Z,59.966388888888886,NA,NA,WF,0,2018,NA,NA,FALSE,TRUE
2018-ORPRD-000735,1,Class B,2018-07-22T06:59:59Z,80.68305555555555,NA,NA,WF,0,2018,NA,NA,FALSE,TRUE
2018-ORPRD-000739,0.1,Class A,2018-07-20T06:59:59Z,15.016388888888889,NA,NA,WF,0,2018,NA,NA,FALSE,TRUE
2018-ORPRD-000778,0.1,Class A,2018-07-25T06:59:59Z,29.63305555555555,NA,NA,WF,0,2018,NA,NA,FALSE,TRUE
2018-ORPRD-000786,44,Class C,2018-07-30T06:59:59Z,127.51638888888888,NA,NA,WF,0,2018,NA,NA,FALSE,TRUE
2018-ORPRD-000796,0.1,Class A,2018-07-31T06:59:59Z,130.69972222222222,NA,NA,WF,0,2018,NA,NA,FALSE,TRUE
2018-ORPRD-000809,1455,Class F,2018-09-03T06:59:59Z,909.1497222222222,NA,NA,WF,0,2018,NA,NA,FALSE,TRUE
2018-ORPRD-000839,0.1,Class A,2018-07-31T06:59:59Z,4.383055555555556,NA,NA,WF,0,2018,NA,NA,FALSE,TRUE
2018-ORPRD-000937,0.1,Class A,2018-08-13T06:59:59Z,10.483055555555556,NA,NA,WF,0,2018,NA,NA,FALSE,TRUE
2018-ORPRD-000971,0.1,Class A,2018-09-15T06:59:59Z,708.4997222222222,NA,NA,WF,0,2018,NA,NA,FALSE,TRUE
2018-ORPRD-000976,0.1,Class A,2018-08-24T06:59:59Z,175.4163888888889,NA,NA,WF,0,2018,NA,NA,FALSE,TRUE
2018-ORPRD-000980,0.1,Class A,2018-08-24T06:59:59Z,174.18305555555557,NA,NA,WF,0,2018,NA,NA,FALSE,TRUE
2018-ORPRD-000982,9,Class B,2018-08-27T06:59:59Z,245.43305555555557,NA,NA,WF,0,2018,NA,NA,FALSE,TRUE
2018-ORPRD-000990,0.1,Class A,2018-08-24T06:59:59Z,172.24972222222223,NA,NA,WF,0,2018,NA,NA,FALSE,TRUE
2018-ORPRD-000996,34,Class C,2018-10-17T06:59:59Z,1465.266388888889,NA,NA,WF,0,2018,NA,NA,FALSE,TRUE
2018-ORPRD-000998,0.3,Class B,2018-08-18T06:59:59Z,22.91638888888889,NA,NA,WF,0,2018,NA,NA,FALSE,TRUE
2018-ORPRD-001012,1806,Class F,2018-10-17T06:59:59Z,1453.7163888888888,NA,NA,WF,0,2018,NA,NA,FALSE,TRUE
2018-ORPRD-001017,15,Class C,2018-08-28T06:59:59Z,252.9663888888889,NA,NA,WF,0,2018,NA,NA,FALSE,TRUE
2018-ORPRD-001023,30,Class C,2018-09-07T06:59:59Z,491.1163888888889,NA,NA,WF,0,2018,NA,NA,FALSE,TRUE
2018-ORPRD-001077,13,Class C,2018-09-06T06:59:59Z,298.5830555555556,NA,NA,WF,0,2018,NA,NA,FALSE,TRUE
2018-ORPRD-001078,0.5,Class B,2018-08-25T06:59:59Z,10.499722222222225,NA,NA,WF,0,2018,NA,NA,FALSE,TRUE
2018-ORPRD-001134,0.1,Class A,2018-10-17T06:59:59Z,997.9663888888888,NA,NA,WF,0,2018,NA,NA,FALSE,TRUE
2018-ORPRD-001151,0.1,Class A,2018-09-11T06:59:59Z,36.06638888888889,NA,NA,WF,0,2018,NA,NA,FALSE,TRUE
2018-ORPRD-001196,0.1,Class A,2018-09-25T06:59:59Z,56.06638888888889,NA,NA,WF,0,2018,NA,NA,FALSE,TRUE
2018-ORPRD-001212,0.8,Class B,2018-10-02T06:59:59Z,153.76638888888888,NA,NA,WF,0,2018,NA,NA,FALSE,TRUE
2018-ORPRD-001239,2,Class B,2018-10-17T06:59:59Z,344.0997222222222,NA,NA,WF,0,2018,NA,NA,FALSE,TRUE
2018-ORPRD-001243,0.1,Class A,2018-10-17T06:59:59Z,296.7663888888889,NA,NA,WF,0,2018,NA,NA,FALSE,TRUE
2018-ORPRD-001269,2,Class B,2018-10-12T06:59:59Z,8.516388888888889,NA,NA,WF,0,2018,NA,NA,FALSE,TRUE
2018-ORPRD-001292,52,Class C,2018-11-08T07:59:59Z,425.2330555555555,NA,NA,WF,0,2018,NA,NA,FALSE,TRUE
2018-ORPRD-001297,0.1,Class A,2018-10-30T06:59:59Z,77.48305555555555,NA,NA,WF,0,2018,NA,NA,FALSE,TRUE
2019-ORPRD-000050,0.1,Class A,2019-05-01T06:59:59Z,230.63305555555556,NA,NA,WF,0,2019,NA,NA,FALSE,TRUE
2019-ORPRD-000280,0.1,Class A,2019-06-18T06:59:59Z,127.98305555555557,NA,NA,WF,0,2019,NA,NA,FALSE,TRUE
2019-ORPRD-000286,0.5,Class B,2019-06-25T06:59:59Z,293.7163888888889,NA,NA,WF,0,2019,NA,NA,FALSE,TRUE
2019-ORPRD-000301,0.1,Class A,2019-06-20T06:59:59Z,57.89972222222222,NA,NA,WF,0,2019,NA,NA,FALSE,TRUE
2019-ORPRD-000333,37,Class C,2019-07-22T06:59:59Z,630.4497222222222,NA,NA,WF,0,2019,NA,NA,FALSE,TRUE
2019-ORPRD-000343,35.4,Class C,2019-08-18T06:59:59Z,1255.1497222222222,NA,NA,WF,0,2019,NA,NA,FALSE,TRUE
2019-ORPRD-000345,30,Class C,2019-07-01T06:59:59Z,102.78305555555556,NA,NA,WF,0,2019,NA,NA,FALSE,TRUE
2019-ORPRD-000347,0.1,Class A,2019-06-30T06:59:59Z,78.34972222222223,NA,NA,WF,0,2019,NA,NA,FALSE,TRUE
2019-ORPRD-000350,0.1,Class A,2019-07-07T06:59:59Z,243.7163888888889,NA,NA,WF,0,2019,NA,NA,FALSE,TRUE
2019-ORPRD-000369,0.1,Class A,2019-07-02T06:59:59Z,39.91638888888889,NA,NA,WF,0,2019,NA,NA,FALSE,TRUE
2019-ORPRD-000370,0.1,Class A,2019-07-04T06:59:59Z,87.73305555555555,NA,NA,WF,0,2019,NA,NA,FALSE,TRUE
2019-ORPRD-000376,0.1,Class A,2019-07-03T06:59:59Z,59.56638888888889,NA,NA,WF,0,2019,NA,NA,FALSE,TRUE
2019-ORPRD-000381,0.1,Class A,2019-07-02T06:59:59Z,29.44972222222222,NA,NA,WF,0,2019,NA,NA,FALSE,TRUE
2019-ORPRD-000391,0.1,Class A,2019-07-04T06:59:59Z,61.59972222222222,NA,NA,WF,0,2019,NA,NA,FALSE,TRUE
2019-ORPRD-000401,0.1,Class A,2019-07-28T06:59:59Z,632.2830555555555,NA,NA,WF,0,2019,NA,NA,FALSE,TRUE
2019-ORPRD-000404,0.1,Class A,2019-07-03T06:59:59Z,30.16638888888889,NA,NA,WF,0,2019,NA,NA,FALSE,TRUE
2019-ORPRD-000410,0.3,Class B,2019-07-08T06:59:59Z,124.89972222222222,NA,NA,WF,0,2019,NA,NA,FALSE,TRUE
2019-ORPRD-000463,0.1,Class A,2019-07-15T06:59:59Z,30.049722222222226,NA,NA,WF,0,2019,NA,NA,FALSE,TRUE
2019-ORPRD-000482,0.1,Class A,2019-07-21T06:59:59Z,34.19972222222222,NA,NA,WF,0,2019,NA,NA,FALSE,TRUE
2019-ORPRD-000494,0.4,Class B,2019-07-27T06:59:59Z,128.0497222222222,NA,NA,WF,0,2019,NA,NA,FALSE,TRUE
2019-ORPRD-000501,2.1,Class B,2019-08-02T06:59:59Z,246.18305555555557,NA,NA,WF,0,2019,NA,NA,FALSE,TRUE
2019-ORPRD-000539,82.2,Class C,2019-08-18T06:59:59Z,390.9163888888889,NA,NA,WF,0,2019,NA,NA,FALSE,TRUE
2019-ORPRD-000566,0.1,Class A,2019-08-07T06:59:59Z,52.59972222222222,NA,NA,WF,0,2019,NA,NA,FALSE,TRUE
2019-ORPRD-000570,0.1,Class A,2019-08-12T06:59:59Z,172.2997222222222,NA,NA,WF,0,2019,NA,NA,FALSE,TRUE
2019-ORPRD-000572,0.1,Class A,2019-08-11T06:59:59Z,147.4163888888889,NA,NA,WF,0,2019,NA,NA,FALSE,TRUE
2019-ORPRD-000589,0.1,Class A,2019-08-12T06:59:59Z,151.84972222222223,NA,NA,WF,0,2019,NA,NA,FALSE,TRUE
2019-ORPRD-000594,0.1,Class A,2019-08-12T06:59:59Z,130.0497222222222,NA,NA,WF,0,2019,NA,NA,FALSE,TRUE
2019-ORPRD-000603,42,Class C,2019-08-17T06:59:59Z,245.68305555555557,NA,NA,WF,0,2019,NA,NA,FALSE,TRUE
2019-ORPRD-000609,116,Class D,2019-08-28T06:59:59Z,487.3497222222222,NA,NA,WF,0,2019,NA,NA,FALSE,TRUE
2019-ORPRD-000611,10,Class C,2019-08-12T06:59:59Z,102.41638888888887,NA,NA,WF,0,2019,NA,NA,FALSE,TRUE
2019-ORPRD-000616,0.1,Class A,2019-08-10T06:59:59Z,38.216388888888886,NA,NA,WF,0,2019,NA,NA,FALSE,TRUE
2019-ORPRD-000617,0.1,Class A,2019-08-17T06:59:59Z,206.1497222222222,NA,NA,WF,0,2019,NA,NA,FALSE,TRUE
2019-ORPRD-000624,0.1,Class A,2019-08-17T06:59:59Z,201.51638888888888,NA,NA,WF,0,2019,NA,NA,FALSE,TRUE
2019-ORPRD-000631,0.3,Class B,2019-08-30T06:59:59Z,510.7663888888889,NA,NA,WF,0,2019,NA,NA,FALSE,TRUE
2019-ORPRD-000634,0.3,Class B,2019-08-30T06:59:59Z,510.5830555555556,NA,NA,WF,0,2019,NA,NA,FALSE,TRUE
2019-ORPRD-000635,85.6,Class C,2019-08-25T06:59:59Z,390.56638888888887,NA,NA,WF,0,2019,NA,NA,FALSE,TRUE
2019-ORPRD-000641,0.1,Class A,2019-08-13T06:59:59Z,101.78305555555556,NA,NA,WF,0,2019,NA,NA,FALSE,TRUE
2019-ORPRD-000696,180,Class D,2019-09-20T06:59:59Z,990.9330555555556,NA,NA,WF,0,2019,NA,NA,FALSE,TRUE
2019-ORPRD-000702,0.1,Class A,2019-08-10T06:59:59Z,6.099722222222222,NA,NA,WF,0,2019,NA,NA,FALSE,TRUE
2019-ORPRD-000705,0.1,Class A,2019-08-27T06:59:59Z,413.6163888888889,NA,NA,WF,0,2019,NA,NA,FALSE,TRUE
2019-ORPRD-000713,0.1,Class A,2019-08-12T06:59:59Z,52.51638888888889,NA,NA,WF,0,2019,NA,NA,FALSE,TRUE
2019-ORPRD-000735,0.1,Class A,2019-08-12T06:59:59Z,37.183055555555555,NA,NA,WF,0,2019,NA,NA,FALSE,TRUE
2019-ORPRD-000737,0.1,Class A,2019-08-16T06:59:59Z,133.03305555555556,NA,NA,WF,0,2019,NA,NA,FALSE,TRUE
2019-ORPRD-000739,0.5,Class B,2019-09-05T06:59:59Z,612.7997222222223,NA,NA,WF,0,2019,NA,NA,FALSE,TRUE
2019-ORPRD-000776,0.2,Class A,2019-09-16T06:59:59Z,778.8830555555555,NA,NA,WF,0,2019,NA,NA,FALSE,TRUE
2019-ORPRD-000779,0.1,Class A,2019-08-17T06:59:59Z,34.44972222222222,NA,NA,WF,0,2019,NA,NA,FALSE,TRUE
2019-ORPRD-000840,0.1,Class A,2019-09-02T06:59:59Z,79.0663888888889,NA,NA,WF,0,2019,NA,NA,FALSE,TRUE
2019-ORPRD-000875,0.1,Class A,2019-09-16T06:59:59Z,250.53305555555556,NA,NA,WF,0,2019,NA,NA,FALSE,TRUE
2019-ORPRD-000890,0.1,Class A,2019-09-10T06:59:59Z,103.19972222222222,NA,NA,WF,0,2019,NA,NA,FALSE,TRUE
2019-ORPRD-000907,0.1,Class A,2019-09-09T06:59:59Z,77.49972222222222,NA,NA,WF,0,2019,NA,NA,FALSE,TRUE
2019-ORPRD-000921,0.1,Class A,2019-09-16T06:59:59Z,242.4163888888889,NA,NA,WF,0,2019,NA,NA,FALSE,TRUE
2019-ORPRD-000929,0.1,Class A,2019-09-10T06:59:59Z,87.61638888888889,NA,NA,WF,0,2019,NA,NA,FALSE,TRUE
2019-ORPRD-000946,0.1,Class A,2019-09-10T06:59:59Z,77.93305555555555,NA,NA,WF,0,2019,NA,NA,FALSE,TRUE
2019-ORPRD-001036,0.1,Class A,2019-10-12T06:59:59Z,108.53305555555556,NA,NA,WF,0,2019,NA,NA,FALSE,TRUE
2019-ORPRD-001074,0.1,Class A,2019-11-05T07:59:59Z,127.3163888888889,NA,NA,WF,0,2019,NA,NA,FALSE,TRUE
2019-ORPRD-001082,0.1,Class A,2019-11-15T07:59:59Z,204.63305555555556,NA,NA,WF,0,2019,NA,NA,FALSE,TRUE
2015-ORROD-683919,0.1,Class A,NA,NA,NA,NA,WF,0,2015,NA,NA,FALSE,TRUE
2015-ORROD-684994,0.1,Class A,NA,NA,NA,NA,WF,0,2015,NA,NA,FALSE,TRUE
2015-ORROD-686220,0.1,Class A,NA,NA,NA,NA,WF,0,2015,NA,NA,FALSE,TRUE
2015-ORROD-686233,0.1,Class A,NA,NA,NA,NA,WF,0,2015,NA,NA,FALSE,TRUE
2015-ORROD-686231,0.1,Class A,NA,NA,NA,NA,WF,0,2015,NA,NA,FALSE,TRUE
2015-ORROD-677974,0.3,Class B,NA,NA,NA,NA,WF,0,2015,NA,NA,FALSE,TRUE
2015-ORROD-679621,0.1,Class A,NA,NA,NA,NA,WF,0,2015,NA,NA,FALSE,TRUE
2015-ORROD-681124,0.1,Class A,NA,NA,NA,NA,WF,0,2015,NA,NA,FALSE,TRUE
2015-ORROD-681123,0.3,Class B,NA,NA,NA,NA,WF,0,2015,NA,NA,FALSE,TRUE
2015-ORROD-681121,0.1,Class A,NA,NA,NA,NA,WF,0,2015,NA,NA,FALSE,TRUE
2015-ORROD-681106,0.1,Class A,NA,NA,NA,NA,WF,0,2015,NA,NA,FALSE,TRUE
2015-ORROD-681103,1.1,Class B,NA,NA,NA,NA,WF,0,2015,NA,NA,FALSE,TRUE
2015-ORROD-681598,0.1,Class A,NA,NA,NA,NA,WF,0,2015,NA,NA,FALSE,TRUE
2015-ORROD-678571,0.1,Class A,NA,NA,NA,NA,WF,0,2015,NA,NA,FALSE,TRUE
2015-ORROD-686385,0.2,Class A,NA,NA,NA,NA,WF,0,2015,NA,NA,FALSE,TRUE
2016-ORROD-000016,0.1,Class A,2016-06-30T06:59:59Z,271.3330555555556,NA,NA,WF,0,2016,NA,NA,FALSE,TRUE
2016-ORROD-020163,0.1,Class A,2016-07-22T06:59:59Z,255.08305555555555,NA,NA,WF,0,2016,NA,NA,FALSE,TRUE
2016-ORROD-160044,0.1,Class A,2016-08-25T06:59:59Z,251.74972222222223,NA,NA,WF,0,2016,NA,NA,FALSE,TRUE
2016-ORROD-160046,0.1,Class A,2016-09-07T06:59:59Z,124.41638888888887,NA,NA,WF,0,2016,NA,NA,FALSE,TRUE
2016-ORROD-160047,0.1,Class A,2016-08-29T06:59:59Z,249.99972222222223,NA,NA,WF,0,2016,NA,NA,FALSE,TRUE
2016-ORROD-170005,0.1,Class A,2016-10-21T06:59:59Z,264.9997222222222,NA,NA,WF,0,2016,NA,NA,FALSE,TRUE
2016-ORROD-170006,0.3,Class B,2016-11-15T07:59:59Z,520.4997222222222,NA,NA,WF,0,2016,NA,NA,FALSE,TRUE
2016-ORROD-201618,0.1,Class A,2016-09-19T06:59:59Z,11.999722222222225,NA,NA,WF,0,2016,NA,NA,FALSE,TRUE
2017-ORROD-000013,0.1,Class A,2017-06-05T06:59:59Z,273.9997222222222,NA,NA,WF,0,2017,NA,NA,FALSE,TRUE
2017-ORROD-000613,0.1,Class A,2017-09-21T06:59:59Z,250.74972222222223,NA,NA,WF,0,2017,NA,NA,FALSE,TRUE
2017-ORROD-000619,3,Class B,2017-08-23T06:59:59Z,294.4997222222222,NA,NA,WF,0,2017,NA,NA,FALSE,TRUE
2017-ORROD-000686,0.3,Class B,2017-09-20T06:59:59Z,249.33305555555555,NA,NA,WF,0,2017,NA,NA,FALSE,TRUE
2019-ORROD-000116,0.3,Class B,2019-08-13T06:59:59Z,78.24972222222222,NA,NA,WF,0,2019,NA,NA,FALSE,TRUE
2019-ORROD-000127,0.1,Class A,2019-07-01T06:59:59Z,104.99972222222222,NA,NA,WF,0,2019,NA,NA,FALSE,TRUE
2019-ORROD-000134,0.1,Class A,2019-07-05T06:59:59Z,196.6663888888889,NA,NA,WF,0,2019,NA,NA,FALSE,TRUE
2019-ORROD-000134,0.1,Class A,2019-08-18T06:59:59Z,73.49972222222222,NA,NA,WF,0,2019,NA,NA,FALSE,TRUE
2019-ORROD-000135,0.1,Class A,2019-07-01T06:59:59Z,89.99972222222222,NA,NA,WF,0,2019,NA,NA,FALSE,TRUE
2019-ORROD-000232,0,Class A,2019-07-03T06:59:59Z,13.999722222222225,NA,NA,WF,0,2019,NA,NA,FALSE,TRUE
2019-ORROD-000305,0.3,Class B,2019-09-22T06:59:59Z,392.6663888888889,NA,NA,WF,0,2019,NA,NA,FALSE,TRUE
2019-ORROD-000306,0.4,Class B,2019-09-25T06:59:59Z,460.9997222222222,NA,NA,WF,0,2019,NA,NA,FALSE,TRUE
2019-ORROD-000325,0.1,Class A,2019-09-07T06:59:59Z,6.766388888888889,NA,NA,WF,0,2019,NA,NA,FALSE,TRUE
2019-ORROD-000333,0.2,Class A,2019-09-11T06:59:59Z,124.99972222222222,NA,NA,WF,0,2019,NA,NA,FALSE,TRUE
2019-ORROD-000336,0.1,Class A,2019-09-12T06:59:59Z,133.99972222222223,NA,NA,WF,0,2019,NA,NA,FALSE,TRUE
2019-ORROD-000338,0.1,Class A,2019-09-11T06:59:59Z,123.99972222222222,NA,NA,WF,0,2019,NA,NA,FALSE,TRUE
2015-ORSAD-682607,0.1,Class A,NA,NA,NA,NA,WF,0,2015,NA,NA,FALSE,TRUE
2015-ORSAD-682130,1,Class B,NA,NA,NA,NA,WF,0,2015,NA,NA,FALSE,TRUE
2015-ORSAD-682128,0.1,Class A,NA,NA,NA,NA,WF,0,2015,NA,NA,FALSE,TRUE
2015-ORSAD-682255,1.2,Class B,NA,NA,NA,NA,WF,0,2015,NA,NA,FALSE,TRUE
2015-ORSAD-683519,7.2,Class B,NA,NA,NA,NA,WF,0,2015,NA,NA,FALSE,TRUE
2015-ORSAD-683488,0.1,Class A,NA,NA,NA,NA,WF,0,2015,NA,NA,FALSE,TRUE
2015-ORSAD-683518,2.6,Class B,NA,NA,NA,NA,WF,0,2015,NA,NA,FALSE,TRUE
2015-ORSAD-683490,215,Class D,NA,NA,NA,NA,WF,0,2015,NA,NA,FALSE,TRUE
2015-ORSAD-684310,0.1,Class A,NA,NA,NA,NA,WF,0,2015,NA,NA,FALSE,TRUE
2015-ORSAD-684304,0.1,Class A,NA,NA,NA,NA,WF,0,2015,NA,NA,FALSE,TRUE
2015-ORSAD-679124,0.1,Class A,NA,NA,NA,NA,WF,0,2015,NA,NA,FALSE,TRUE
2015-ORSAD-680127,0.1,Class A,NA,NA,NA,NA,WF,0,2015,NA,NA,FALSE,TRUE
2015-ORSAD-680129,0.1,Class A,NA,NA,NA,NA,WF,0,2015,NA,NA,FALSE,TRUE
2015-ORSAD-681422,0.1,Class A,NA,NA,NA,NA,WF,0,2015,NA,NA,FALSE,TRUE
2015-ORSAD-681482,0.1,Class A,NA,NA,NA,NA,WF,0,2015,NA,NA,FALSE,TRUE
2015-ORSAD-681841,0.1,Class A,NA,NA,NA,NA,WF,0,2015,NA,NA,FALSE,TRUE
2015-ORSAD-682133,0.1,Class A,NA,NA,NA,NA,WF,0,2015,NA,NA,FALSE,TRUE
2015-ORSAD-682132,0.1,Class A,NA,NA,NA,NA,WF,0,2015,NA,NA,FALSE,TRUE
2016-ORSAD-000079,0.1,Class A,2016-07-25T06:59:59Z,7.633055555555556,NA,NA,WF,0,2016,NA,NA,FALSE,TRUE
2016-ORSAD-000109,1,Class B,2017-01-01T07:59:59Z,3585.2830555555556,NA,NA,WF,0,2016,NA,NA,FALSE,TRUE
2016-ORSAD-000134,0.1,Class A,2016-08-17T06:59:59Z,8.783055555555556,NA,NA,WF,0,2016,NA,NA,FALSE,TRUE
2016-ORSAD-000177,0.1,Class A,2016-09-05T06:59:59Z,14.16638888888889,NA,NA,WF,0,2016,NA,NA,FALSE,TRUE
2016-ORSAD-000185,0.1,Class A,2016-09-12T06:59:59Z,31.99972222222222,NA,NA,WF,0,2016,NA,NA,FALSE,TRUE
2016-ORSAD-000186,0.1,Class A,2016-09-07T06:59:59Z,11.383055555555556,NA,NA,WF,0,2016,NA,NA,FALSE,TRUE
2016-ORSAD-000203,0.1,Class A,2016-09-22T06:59:59Z,7.849722222222222,NA,NA,WF,0,2016,NA,NA,FALSE,TRUE
2015-ORVAD-681874,0.3,Class B,NA,NA,NA,NA,WF,0,2015,NA,NA,FALSE,TRUE
2015-ORVAD-685327,0.8,Class B,NA,NA,NA,NA,WF,0,2015,NA,NA,FALSE,TRUE
2015-ORVAD-685311,48849.8,Class G,NA,NA,NA,NA,WF,0,2015,NA,NA,FALSE,TRUE
2015-ORVAD-685322,2,Class B,NA,NA,NA,NA,WF,0,2015,NA,NA,FALSE,TRUE
2015-ORVAD-685315,762.4,Class E,NA,NA,NA,NA,WF,0,2015,NA,NA,FALSE,TRUE
2015-ORVAD-686689,1,Class B,NA,NA,NA,NA,WF,0,2015,NA,NA,FALSE,TRUE
2015-ORVAD-685284,0.1,Class A,NA,NA,NA,NA,WF,0,2015,NA,NA,FALSE,TRUE
2015-ORVAD-685453,0.5,Class B,NA,NA,NA,NA,WF,0,2015,NA,NA,FALSE,TRUE
2015-ORVAD-685451,0.3,Class B,NA,NA,NA,NA,WF,0,2015,NA,NA,FALSE,TRUE
2015-ORVAD-685458,0.3,Class B,NA,NA,NA,NA,WF,0,2015,NA,NA,FALSE,TRUE
2015-ORVAD-679739,0.1,Class A,NA,NA,NA,NA,WF,0,2015,NA,NA,FALSE,TRUE
2015-ORVAD-679738,0.1,Class A,NA,NA,NA,NA,WF,0,2015,NA,NA,FALSE,TRUE
2015-ORVAD-679740,0.1,Class A,NA,NA,NA,NA,WF,0,2015,NA,NA,FALSE,TRUE
2015-ORVAD-683657,0.5,Class B,NA,NA,NA,NA,WF,0,2015,NA,NA,FALSE,TRUE
2015-ORVAD-681415,1.7,Class B,NA,NA,NA,NA,WF,0,2015,NA,NA,FALSE,TRUE
2015-ORVAD-681420,244.5,Class D,NA,NA,NA,NA,WF,0,2015,NA,NA,FALSE,TRUE
2015-ORVAD-681394,0.5,Class B,NA,NA,NA,NA,WF,0,2015,NA,NA,FALSE,TRUE
2015-ORVAD-686443,14049,Class G,NA,NA,NA,NA,WF,0,2015,NA,NA,FALSE,TRUE
2015-ORVAD-681456,4.3,Class B,NA,NA,NA,NA,WF,0,2015,NA,NA,FALSE,TRUE
2015-ORVAD-683689,8687.9,Class G,NA,NA,NA,NA,WF,0,2015,NA,NA,FALSE,TRUE
2015-ORVAD-685259,4,Class B,NA,NA,NA,NA,WF,0,2015,NA,NA,FALSE,TRUE
2015-ORVAD-683665,165.4,Class D,NA,NA,NA,NA,WF,0,2015,NA,NA,FALSE,TRUE
2015-ORVAD-685454,0.3,Class B,NA,NA,NA,NA,WF,0,2015,NA,NA,FALSE,TRUE
2015-ORVAD-683686,589.8,Class E,NA,NA,NA,NA,WF,0,2015,NA,NA,FALSE,TRUE
2015-ORVAD-685250,0.1,Class A,NA,NA,NA,NA,WF,0,2015,NA,NA,FALSE,TRUE
2015-ORVAD-681460,0.1,Class A,NA,NA,NA,NA,WF,0,2015,NA,NA,FALSE,TRUE
2015-ORVAD-685252,0.1,Class A,NA,NA,NA,NA,WF,0,2015,NA,NA,FALSE,TRUE
2015-ORVAD-685263,0.1,Class A,NA,NA,NA,NA,WF,0,2015,NA,NA,FALSE,TRUE
2015-ORVAD-685214,1.2,Class B,NA,NA,NA,NA,WF,0,2015,NA,NA,FALSE,TRUE
2015-ORVAD-681808,0.1,Class A,NA,NA,NA,NA,WF,0,2015,NA,NA,FALSE,TRUE
2015-ORVAD-685219,0.1,Class A,NA,NA,NA,NA,WF,0,2015,NA,NA,FALSE,TRUE
2015-ORVAD-683664,232,Class D,NA,NA,NA,NA,WF,0,2015,NA,NA,FALSE,TRUE
2015-ORVAD-685266,3,Class B,NA,NA,NA,NA,WF,0,2015,NA,NA,FALSE,TRUE
2016-ORVAD-000009,0.1,Class A,NA,NA,NA,NA,WF,0,2016,NA,NA,FALSE,TRUE
2016-ORVAD-000010,0.1,Class A,NA,NA,NA,NA,WF,0,2016,NA,NA,FALSE,TRUE
2016-ORVAD-000011,0.1,Class A,NA,NA,NA,NA,WF,0,2016,NA,NA,FALSE,TRUE
2016-ORVAD-000020,22327.4,Class G,2016-08-31T05:59:59Z,2069.099722222222,NA,NA,WF,0,2016,NA,NA,FALSE,TRUE
2016-ORVAD-000021,44,Class C,2016-06-17T05:59:59Z,266.9997222222222,NA,NA,WF,0,2016,NA,NA,FALSE,TRUE
2016-ORVAD-000024,179,Class D,2016-08-04T05:59:59Z,1392.4997222222223,NA,NA,WF,0,2016,NA,NA,FALSE,TRUE
2016-ORVAD-000053,3.8,Class B,2016-07-13T05:59:59Z,266.9997222222222,NA,NA,WF,0,2016,NA,NA,FALSE,TRUE
2016-ORVAD-000093,1,Class B,2016-07-31T06:59:59Z,627.7997222222223,NA,NA,WF,0,2016,NA,NA,FALSE,TRUE
2016-ORVAD-000107,6,Class B,2016-08-30T05:59:59Z,630.9997222222222,NA,NA,WF,0,2016,NA,NA,FALSE,TRUE
2016-ORVAD-000108,0.3,Class B,2016-08-07T05:59:59Z,79.49972222222222,NA,NA,WF,0,2016,NA,NA,FALSE,TRUE
2016-ORVAD-000112,1.6,Class B,2016-12-21T07:59:59Z,3290.4997222222223,NA,NA,WF,0,2016,NA,NA,FALSE,TRUE
2016-ORVAD-000113,11.6,Class C,2016-09-01T06:59:59Z,621.7830555555555,NA,NA,WF,0,2016,NA,NA,FALSE,TRUE
2016-ORVAD-000120,9.8,Class B,2016-09-19T05:59:59Z,1038.8330555555556,NA,NA,WF,0,2016,NA,NA,FALSE,TRUE
2016-ORVAD-000128,27.7,Class C,2016-09-04T05:59:59Z,662.4997222222222,NA,NA,WF,0,2016,NA,NA,FALSE,TRUE
2016-ORVAD-000130,11351.9,Class G,2016-08-31T05:59:59Z,562.8830555555555,NA,NA,WF,0,2016,NA,NA,FALSE,TRUE
2016-ORVAD-000130,12761.3,Class G,2016-08-31T05:59:59Z,563.1497222222222,NA,NA,WF,0,2016,NA,NA,FALSE,TRUE
2016-ORVAD-000133,142.9,Class D,2016-08-17T05:59:59Z,226.88305555555556,NA,NA,WF,0,2016,NA,NA,FALSE,TRUE
2016-ORVAD-000141,134.7,Class D,2016-08-31T05:59:59Z,552.7330555555556,NA,NA,WF,0,2016,NA,NA,FALSE,TRUE
2016-ORVAD-000156,662.6,Class E,2016-08-31T05:59:59Z,318.38305555555553,NA,NA,WF,0,2016,NA,NA,FALSE,TRUE
2016-ORVAD-000157,4.6,Class B,2016-09-04T05:59:59Z,406.9997222222222,NA,NA,WF,0,2016,NA,NA,FALSE,TRUE
2016-ORVAD-000164,35194,Class G,2016-10-21T05:59:59Z,1450.949722222222,NA,NA,WF,0,2016,NA,NA,FALSE,TRUE
2016-ORVAD-000174,0.3,Class B,2016-09-03T06:59:59Z,17.49972222222222,NA,NA,WF,0,2016,NA,NA,FALSE,TRUE
2016-ORVAD-000194,5,Class B,2016-10-02T05:59:59Z,50.499722222222225,NA,NA,WF,0,2016,NA,NA,FALSE,TRUE
2016-ORVAD-000202,43.8,Class C,2016-10-19T06:59:59Z,194.7997222222222,NA,NA,WF,0,2016,NA,NA,FALSE,TRUE
2016-ORVAD-000208,2.5,Class B,2016-11-08T06:59:59Z,222.73305555555555,NA,NA,WF,0,2016,NA,NA,FALSE,TRUE
2017-ORVAD-000015,0.2,Class A,2017-08-07T06:59:59Z,1644.316388888889,NA,NA,WF,0,2017,NA,NA,FALSE,TRUE
2017-ORVAD-000026,0.1,Class A,2017-08-07T05:59:59Z,1277.9997222222223,NA,NA,WF,0,2017,NA,NA,FALSE,TRUE
2017-ORVAD-000027,0.7,Class B,2018-01-25T06:59:59Z,5382.583055555556,NA,NA,WF,0,2017,NA,NA,FALSE,TRUE
2017-ORVAD-000034,0.6,Class B,2017-07-01T05:59:59Z,263.98305555555555,NA,NA,WF,0,2017,NA,NA,FALSE,TRUE
2017-ORVAD-000036,0.5,Class B,2017-10-24T05:59:59Z,3012.9997222222223,NA,NA,WF,0,2017,NA,NA,FALSE,TRUE
2017-ORVAD-000039,69.5,Class C,2017-08-08T05:59:59Z,1157.6330555555555,NA,NA,WF,0,2017,NA,NA,FALSE,TRUE
2017-ORVAD-000043,0.4,Class B,2018-01-25T06:59:59Z,5219.8163888888885,NA,NA,WF,0,2017,NA,NA,FALSE,TRUE
2017-ORVAD-000045,0.1,Class A,2017-07-07T05:59:59Z,347.31638888888887,NA,NA,WF,0,2017,NA,NA,FALSE,TRUE
2017-ORVAD-000047,0.8,Class B,2017-06-24T06:59:59Z,31.71638888888889,NA,NA,WF,0,2017,NA,NA,FALSE,TRUE
2017-ORVAD-000052,5.3,Class B,2017-07-02T06:59:59Z,128.6497222222222,NA,NA,WF,0,2017,NA,NA,FALSE,TRUE
2017-ORVAD-000053,6151,Class G,2018-01-13T06:59:59Z,4809.499722222222,NA,NA,WF,0,2017,NA,NA,FALSE,TRUE
2017-ORVAD-000058,85.1,Class C,2017-10-05T05:59:59Z,2406.4997222222223,NA,NA,WF,0,2017,NA,NA,FALSE,TRUE
2017-ORVAD-000059,43.3,Class C,2017-08-07T06:59:59Z,990.0497222222224,NA,NA,WF,0,2017,NA,NA,FALSE,TRUE
2017-ORVAD-000063,9,Class B,2017-08-08T05:59:59Z,1010.1497222222222,NA,NA,WF,0,2017,NA,NA,FALSE,TRUE
2017-ORVAD-000067,7.5,Class B,2017-08-07T05:59:59Z,972.9997222222222,NA,NA,WF,0,2017,NA,NA,FALSE,TRUE
2017-ORVAD-000068,4.3,Class B,2017-10-24T06:59:59Z,2836.316388888889,NA,NA,WF,0,2017,NA,NA,FALSE,TRUE
2017-ORVAD-000084,2.8,Class B,2017-09-22T05:59:59Z,1802.4997222222223,NA,NA,WF,0,2017,NA,NA,FALSE,TRUE
2017-ORVAD-000086,1372.1,Class F,2017-08-02T05:59:59Z,576.5330555555555,NA,NA,WF,0,2017,NA,NA,FALSE,TRUE
2017-ORVAD-000104,24,Class C,2017-10-26T05:59:59Z,2469.4997222222223,NA,NA,WF,0,2017,NA,NA,FALSE,TRUE
2017-ORVAD-000123,0.4,Class B,2017-08-07T05:59:59Z,327.0830555555556,NA,NA,WF,0,2017,NA,NA,FALSE,TRUE
2017-ORVAD-000125,37,Class C,2018-01-25T07:59:59Z,4427.449722222223,NA,NA,WF,0,2017,NA,NA,FALSE,TRUE
2017-ORVAD-000129,16112,Class G,2017-12-22T06:59:59Z,3604.9997222222223,NA,NA,WF,0,2017,NA,NA,FALSE,TRUE
2017-ORVAD-000130,9,Class B,2017-12-30T06:59:59Z,3796.616388888889,NA,NA,WF,0,2017,NA,NA,FALSE,TRUE
2017-ORVAD-000134,0.9,Class B,2017-09-27T05:59:59Z,1496.0997222222222,NA,NA,WF,0,2017,NA,NA,FALSE,TRUE
2017-ORVAD-000135,174,Class D,2018-01-25T07:59:59Z,4376.683055555555,NA,NA,WF,0,2017,NA,NA,FALSE,TRUE
2017-ORVAD-000137,33,Class C,2017-09-19T05:59:59Z,1299.9997222222223,NA,NA,WF,0,2017,NA,NA,FALSE,TRUE
2017-ORVAD-000138,9.9,Class B,2018-01-25T06:59:59Z,4372.416388888889,NA,NA,WF,0,2017,NA,NA,FALSE,TRUE
2017-ORVAD-000141,0.1,Class A,2017-12-14T07:59:59Z,3366.9997222222223,NA,NA,WF,0,2017,NA,NA,FALSE,TRUE
2017-ORVAD-000142,1432,Class F,2018-01-25T06:59:59Z,4354.833055555556,NA,NA,WF,0,2017,NA,NA,FALSE,TRUE
2017-ORVAD-000146,75,Class C,2017-12-28T06:59:59Z,3655.566388888889,NA,NA,WF,0,2017,NA,NA,FALSE,TRUE
2017-ORVAD-000148,1765.5,Class F,2017-12-14T06:59:59Z,3324.9997222222223,NA,NA,WF,0,2017,NA,NA,FALSE,TRUE
2017-ORVAD-000151,541.9,Class E,2017-09-22T05:59:59Z,1324.449722222222,NA,NA,WF,0,2017,NA,NA,FALSE,TRUE
2017-ORVAD-000153,37,Class C,2017-10-24T05:59:59Z,2091.7497222222223,NA,NA,WF,0,2017,NA,NA,FALSE,TRUE
2017-ORVAD-000156,97.3,Class C,2018-01-25T06:59:59Z,4301.616388888889,NA,NA,WF,0,2017,NA,NA,FALSE,TRUE
2017-ORVAD-000157,0.1,Class A,2017-12-14T06:59:59Z,3293.4997222222223,NA,NA,WF,0,2017,NA,NA,FALSE,TRUE
2017-ORVAD-000158,46.2,Class C,2017-12-14T06:59:59Z,3294.2497222222223,NA,NA,WF,0,2017,NA,NA,FALSE,TRUE
2017-ORVAD-000160,0.1,Class A,2017-12-14T06:59:59Z,3293.9997222222223,NA,NA,WF,0,2017,NA,NA,FALSE,TRUE
2017-ORVAD-000161,15.8,Class C,2017-11-18T06:59:59Z,2668.099722222222,NA,NA,WF,0,2017,NA,NA,FALSE,TRUE
2017-ORVAD-000163,0.7,Class B,2017-08-08T06:59:59Z,200.49972222222223,NA,NA,WF,0,2017,NA,NA,FALSE,TRUE
2017-ORVAD-000171,2270.9,Class F,2017-12-14T06:59:59Z,3177.2497222222223,NA,NA,WF,0,2017,NA,NA,FALSE,TRUE
2017-ORVAD-000175,0.1,Class A,2017-12-29T06:59:59Z,3489.566388888889,NA,NA,WF,0,2017,NA,NA,FALSE,TRUE
2017-ORVAD-000203,1317,Class F,2017-10-24T05:59:59Z,1573.016388888889,NA,NA,WF,0,2017,NA,NA,FALSE,TRUE
2017-ORVAD-000209,534,Class E,2018-01-25T06:59:59Z,3704.5830555555553,NA,NA,WF,0,2017,NA,NA,FALSE,TRUE
2017-ORVAD-000214,1613.4,Class F,2018-01-25T07:59:59Z,3583.4997222222223,NA,NA,WF,0,2017,NA,NA,FALSE,TRUE
2017-ORVAD-000222,1085.7,Class F,2017-11-01T05:59:59Z,1495.9997222222223,NA,NA,WF,0,2017,NA,NA,FALSE,TRUE
2017-ORVAD-000233,3.6,Class B,2017-10-24T05:59:59Z,1301.0330555555556,NA,NA,WF,0,2017,NA,NA,FALSE,TRUE
2017-ORVAD-000234,2,Class B,2018-01-25T06:59:59Z,3320.4997222222223,NA,NA,WF,0,2017,NA,NA,FALSE,TRUE
2017-ORVAD-000235,57,Class C,2018-01-05T06:59:59Z,2840.449722222222,NA,NA,WF,0,2017,NA,NA,FALSE,TRUE
2017-ORVAD-000237,1252,Class F,2017-10-24T05:59:59Z,1067.2497222222223,NA,NA,WF,0,2017,NA,NA,FALSE,TRUE
2017-ORVAD-000239,1,Class B,2018-01-25T06:59:59Z,3317.9997222222223,NA,NA,WF,0,2017,NA,NA,FALSE,TRUE
2017-ORVAD-000242,2,Class B,2018-01-25T06:59:59Z,3223.0163888888887,NA,NA,WF,0,2017,NA,NA,FALSE,TRUE
2017-ORVAD-000249,0.7,Class B,2018-01-20T06:59:59Z,3037.816388888889,NA,NA,WF,0,2017,NA,NA,FALSE,TRUE
2017-ORVAD-000257,44.3,Class C,2017-10-26T05:59:59Z,726.4997222222222,NA,NA,WF,0,2017,NA,NA,FALSE,TRUE
2017-ORVAD-000270,1.5,Class B,2017-12-28T07:59:59Z,1663.699722222222,NA,NA,WF,0,2017,NA,NA,FALSE,TRUE
2018-ORVAD-000053,0.3,Class B,2018-07-06T05:59:59Z,506.93305555555554,NA,NA,WF,0,2018,NA,NA,FALSE,TRUE
2018-ORVAD-000058,3,Class B,2018-09-06T05:59:59Z,1880.9997222222223,NA,NA,WF,0,2018,NA,NA,FALSE,TRUE
2018-ORVAD-000060,85.8,Class C,2018-07-06T05:59:59Z,372.31638888888887,NA,NA,WF,0,2018,NA,NA,FALSE,TRUE
2018-ORVAD-000063,0.4,Class B,2018-07-05T05:59:59Z,337.43305555555554,NA,NA,WF,0,2018,NA,NA,FALSE,TRUE
2018-ORVAD-000086,14.9,Class C,2018-11-17T06:59:59Z,3247.483055555555,NA,NA,WF,0,2018,NA,NA,FALSE,TRUE
2018-ORVAD-000131,124.8,Class D,2018-08-03T06:59:59Z,245.63305555555556,NA,NA,WF,0,2018,NA,NA,FALSE,TRUE
2018-ORVAD-000133,2.7,Class B,2018-10-11T05:59:59Z,1890.2830555555556,NA,NA,WF,0,2018,NA,NA,FALSE,TRUE
2018-ORVAD-000135,5313.4,Class G,2018-09-06T06:59:59Z,1039.2830555555556,NA,NA,WF,0,2018,NA,NA,FALSE,TRUE
2018-ORVAD-000136,362.8,Class E,2018-09-06T05:59:59Z,1038.4997222222223,NA,NA,WF,0,2018,NA,NA,FALSE,TRUE
2018-ORVAD-000138,1.7,Class B,2018-10-20T05:59:59Z,2092.483055555555,NA,NA,WF,0,2018,NA,NA,FALSE,TRUE
2018-ORVAD-000145,121.9,Class D,2018-09-06T05:59:59Z,1008.9997222222222,NA,NA,WF,0,2018,NA,NA,FALSE,TRUE
2018-ORVAD-000163,305,Class E,2018-08-09T05:59:59Z,35.41638888888889,NA,NA,WF,0,2018,NA,NA,FALSE,TRUE
2018-ORVAD-000172,0.1,Class A,2018-08-29T06:59:59Z,320.23305555555555,NA,NA,WF,0,2018,NA,NA,FALSE,TRUE
2018-ORVAD-000173,4.2,Class B,2018-10-02T05:59:59Z,1131.266388888889,NA,NA,WF,0,2018,NA,NA,FALSE,TRUE
2018-ORVAD-000175,0.1,Class A,2018-08-29T05:59:59Z,300.28305555555556,NA,NA,WF,0,2018,NA,NA,FALSE,TRUE
2018-ORVAD-000177,79,Class C,2018-11-21T06:59:59Z,2310.9997222222223,NA,NA,WF,0,2018,NA,NA,FALSE,TRUE
2018-ORVAD-000187,469.1,Class E,2018-12-11T06:59:59Z,2700.666388888889,NA,NA,WF,0,2018,NA,NA,FALSE,TRUE
2018-ORVAD-000195,179.3,Class D,2018-09-27T06:59:59Z,707.9997222222222,NA,NA,WF,0,2018,NA,NA,FALSE,TRUE
2018-ORVAD-000196,1.6,Class B,2018-09-20T06:59:59Z,514.7830555555555,NA,NA,WF,0,2018,NA,NA,FALSE,TRUE
2018-ORVAD-000197,1,Class B,2018-10-17T06:59:59Z,1161.0830555555556,NA,NA,WF,0,2018,NA,NA,FALSE,TRUE
2018-ORVAD-000245,0.1,Class A,2018-12-04T06:59:59Z,611.4497222222222,NA,NA,WF,0,2018,NA,NA,FALSE,TRUE
2018-ORVAD-000251,0.1,Class A,2018-11-08T06:59:59Z,14.999722222222225,NA,NA,WF,0,2018,NA,NA,FALSE,TRUE
2019-ORVAD-000040,0.1,Class A,2019-07-25T05:59:59Z,1109.1663888888888,NA,NA,WF,0,2019,NA,NA,FALSE,TRUE
2019-ORVAD-000045,436,Class E,2019-07-25T05:59:59Z,922.3330555555556,NA,NA,WF,0,2019,NA,NA,FALSE,TRUE
2019-ORVAD-000068,352,Class E,2019-08-08T05:59:59Z,629.5330555555555,NA,NA,WF,0,2019,NA,NA,FALSE,TRUE
2019-ORVAD-000071,1.1,Class B,2019-09-05T05:59:59Z,1300.0497222222225,NA,NA,WF,0,2019,NA,NA,FALSE,TRUE
2019-ORVAD-000078,31,Class C,2019-08-08T05:59:59Z,580.4997222222222,NA,NA,WF,0,2019,NA,NA,FALSE,TRUE
2019-ORVAD-000082,0.2,Class A,2019-08-08T05:59:59Z,536.1997222222222,NA,NA,WF,0,2019,NA,NA,FALSE,TRUE
2019-ORVAD-000083,0.1,Class A,2019-08-08T05:59:59Z,535.3997222222222,NA,NA,WF,0,2019,NA,NA,FALSE,TRUE
2019-ORVAD-000085,0.9,Class B,2019-08-08T05:59:59Z,539.9163888888888,NA,NA,WF,0,2019,NA,NA,FALSE,TRUE
2019-ORVAD-000087,2,Class B,2019-08-28T06:59:59Z,876.8330555555556,NA,NA,WF,0,2019,NA,NA,FALSE,TRUE
2019-ORVAD-000090,526,Class E,2019-08-08T06:59:59Z,384.8663888888889,NA,NA,WF,0,2019,NA,NA,FALSE,TRUE
2019-ORVAD-000091,221,Class D,2019-08-08T05:59:59Z,382.6663888888889,NA,NA,WF,0,2019,NA,NA,FALSE,TRUE
2019-ORVAD-000092,2410,Class F,2019-11-23T06:59:59Z,2951.666388888889,NA,NA,WF,0,2019,NA,NA,FALSE,TRUE
2019-ORVAD-000093,0.2,Class A,2019-08-08T05:59:59Z,375.31638888888887,NA,NA,WF,0,2019,NA,NA,FALSE,TRUE
2019-ORVAD-000099,31,Class C,2019-08-08T06:59:59Z,369.94972222222225,NA,NA,WF,0,2019,NA,NA,FALSE,TRUE
2019-ORVAD-000110,0.7,Class B,2019-08-28T05:59:59Z,722.7163888888889,NA,NA,WF,0,2019,NA,NA,FALSE,TRUE
2019-ORVAD-000111,40,Class C,2019-08-21T05:59:59Z,554.5497222222223,NA,NA,WF,0,2019,NA,NA,FALSE,TRUE
2019-ORVAD-000114,0.1,Class A,2019-08-28T05:59:59Z,700.9997222222222,NA,NA,WF,0,2019,NA,NA,FALSE,TRUE
2019-ORVAD-000128,0.1,Class A,2019-09-11T05:59:59Z,886.9997222222222,NA,NA,WF,0,2019,NA,NA,FALSE,TRUE
2019-ORVAD-000129,675,Class E,2019-09-11T06:59:59Z,885.9997222222222,NA,NA,WF,0,2019,NA,NA,FALSE,TRUE
2019-ORVAD-000130,68,Class C,2019-09-06T05:59:59Z,759.2997222222223,NA,NA,WF,0,2019,NA,NA,FALSE,TRUE
2019-ORVAD-000134,2.1,Class B,2019-09-11T06:59:59Z,870.6497222222222,NA,NA,WF,0,2019,NA,NA,FALSE,TRUE
2019-ORVAD-000141,18.5,Class C,2019-09-06T06:59:59Z,681.7830555555555,NA,NA,WF,0,2019,NA,NA,FALSE,TRUE
2019-ORVAD-000147,17.1,Class C,2019-09-06T05:59:59Z,654.2163888888889,NA,NA,WF,0,2019,NA,NA,FALSE,TRUE
2019-ORVAD-000148,0.2,Class A,2019-09-06T05:59:59Z,651.4330555555556,NA,NA,WF,0,2019,NA,NA,FALSE,TRUE
2019-ORVAD-000150,0.1,Class A,2019-09-06T05:59:59Z,634.4330555555556,NA,NA,WF,0,2019,NA,NA,FALSE,TRUE
2019-ORVAD-000170,15.6,Class C,2019-09-22T05:59:59Z,559.9497222222222,NA,NA,WF,0,2019,NA,NA,FALSE,TRUE
2019-ORVAD-000183,0.1,Class A,2019-09-22T05:59:59Z,366.4997222222222,NA,NA,WF,0,2019,NA,NA,FALSE,TRUE
2019-ORVAD-000211,2.1,Class B,2019-10-24T06:59:59Z,30.26638888888889,NA,NA,WF,0,2019,NA,NA,FALSE,TRUE
2015-ORCLP-000150,0.1,Class A,NA,NA,NA,NA,WF,0,2015,NA,NA,FALSE,TRUE
2015-ORCLP-000206,1.3,Class B,NA,NA,NA,NA,WF,0,2015,NA,NA,FALSE,TRUE
2015-ORCLP-000207,1.1,Class B,NA,NA,NA,NA,WF,0,2015,NA,NA,FALSE,TRUE
2015-ORCLP-000208,0.1,Class A,NA,NA,NA,NA,WF,0,2015,NA,NA,FALSE,TRUE
2015-ORCLP-000215,0.1,Class A,NA,NA,NA,NA,WF,0,2015,NA,NA,FALSE,TRUE
2015-ORCLP-000217,0.1,Class A,NA,NA,NA,NA,WF,0,2015,NA,NA,FALSE,TRUE
2015-ORCLP-000223,0.3,Class B,NA,NA,NA,NA,WF,0,2015,NA,NA,FALSE,TRUE
2015-ORCLP-000259,0.9,Class B,NA,NA,NA,NA,WF,0,2015,NA,NA,FALSE,TRUE
2015-ORCLP-000260,0.2,Class A,NA,NA,NA,NA,WF,0,2015,NA,NA,FALSE,TRUE
2015-ORCLP-000402,0.3,Class B,NA,NA,NA,NA,WF,0,2015,NA,NA,FALSE,TRUE
2015-ORCLP-000403,0.5,Class B,NA,NA,NA,NA,WF,0,2015,NA,NA,FALSE,TRUE
2015-ORCLP-000406,0.3,Class B,NA,NA,NA,NA,WF,0,2015,NA,NA,FALSE,TRUE
2015-ORCLP-000407,0.1,Class A,NA,NA,NA,NA,WF,0,2015,NA,NA,FALSE,TRUE
2015-ORCLP-000408,5,Class B,NA,NA,NA,NA,WF,0,2015,NA,NA,FALSE,TRUE
2015-ORCLP-000420,2.6,Class B,NA,NA,NA,NA,WF,0,2015,NA,NA,FALSE,TRUE
2015-ORCLP-000443,0.1,Class A,NA,NA,NA,NA,WF,0,2015,NA,NA,FALSE,TRUE
2015-ORCLP-000451,0.3,Class B,NA,NA,NA,NA,WF,0,2015,NA,NA,FALSE,TRUE
2015-ORCLP-000459,0.1,Class A,NA,NA,NA,NA,WF,0,2015,NA,NA,FALSE,TRUE
2015-ORCLP-000461,0.1,Class A,NA,NA,NA,NA,WF,0,2015,NA,NA,FALSE,TRUE
2015-ORCLP-000465,0.1,Class A,NA,NA,NA,NA,WF,0,2015,NA,NA,FALSE,TRUE
2019-ORCLP-000191,0.1,Class A,NA,NA,NA,NA,WF,0,2019,NA,NA,FALSE,TRUE
2019-ORCLP-000213,0.1,Class A,NA,NA,NA,NA,WF,0,2019,NA,NA,FALSE,TRUE
2019-ORCLP-000299,0.1,Class A,NA,NA,NA,NA,WF,0,2019,NA,NA,FALSE,TRUE
2019-ORCLP-000321,0.1,Class A,NA,NA,NA,NA,WF,0,2019,NA,NA,FALSE,TRUE
2019-ORCLP-000324,0.1,Class A,NA,NA,NA,NA,WF,0,2019,NA,NA,FALSE,TRUE
2019-ORCLP-000332,0.1,Class A,NA,NA,NA,NA,WF,0,2019,NA,NA,FALSE,TRUE
2019-ORCLP-000337,0.1,Class A,NA,NA,NA,NA,WF,0,2019,NA,NA,FALSE,TRUE
2019-ORCLP-000342,0.2,Class A,NA,NA,NA,NA,WF,0,2019,NA,NA,FALSE,TRUE
2019-ORCLP-000358,0.1,Class A,NA,NA,NA,NA,WF,0,2019,NA,NA,FALSE,TRUE
2019-ORCLP-000364,0.3,Class B,NA,NA,NA,NA,WF,0,2019,NA,NA,FALSE,TRUE
2023-ORFWF-230001,1,Class B,NA,NA,NA,NA,RX,0,2023,NA,NA,FALSE,TRUE
2023-ORFWF-230008,1,Class B,NA,NA,NA,NA,RX,0,2023,NA,NA,FALSE,TRUE
2023-ORLAD-230011,1,Class B,NA,NA,NA,NA,RX,0,2023,NA,NA,FALSE,TRUE
2023-ORFWF-230010,1,Class B,NA,NA,NA,NA,RX,0,2023,NA,NA,FALSE,TRUE
2023-ORPRD-000033,0.2,Class A,2023-02-13T20:45:00Z,1.0666666666666669,NA,NA,WF,0,2023,NA,NA,FALSE,TRUE
2023-OR981S-230014,1,Class B,NA,NA,NA,NA,RX,0,2023,NA,NA,FALSE,TRUE
2023-ORDEF-000035,0.1,Class A,2023-02-17T19:30:00Z,23.616666666666667,NA,NA,WF,0,2023,NA,NA,FALSE,TRUE
2023-ORFWF-230016,1,Class B,NA,NA,NA,NA,RX,0,2023,NA,NA,FALSE,TRUE
2023-ORFWF-230015,1,Class B,NA,NA,NA,NA,RX,0,2023,NA,NA,FALSE,TRUE
2023-ORCBD-000007,1,Class B,NA,NA,NA,NA,RX,0,2023,NA,NA,FALSE,TRUE
2023-ORUPF-000015,1,Class B,NA,NA,NA,NA,RX,0,2023,NA,NA,FALSE,TRUE
2023-ORUPF-000016,1,Class B,NA,NA,NA,NA,RX,0,2023,NA,NA,FALSE,TRUE
2023-OR954S-000062,0.1,Class A,2023-04-26T19:32:00Z,714.05,NA,NA,WF,0,2023,NA,NA,FALSE,TRUE
2023-ORLAD-230018,1,Class B,NA,NA,NA,NA,RX,0,2023,NA,NA,FALSE,TRUE
2023-ORDEF-000050,0.2,Class A,2023-04-12T18:17:00Z,65.41666666666667,NA,NA,WF,0,2023,NA,NA,FALSE,TRUE
2023-ORFWF-230020,1,Class B,NA,NA,NA,NA,RX,0,2023,NA,NA,FALSE,TRUE
2023-OR981S-230101,1,Class B,2023-04-14T02:58:00Z,3.6166666666666663,NA,NA,WF,0,2023,NA,NA,FALSE,TRUE
2023-ORVAD-000026,0.2,Class A,2023-05-18T16:00:00Z,815.4291666666667,NA,NA,WF,0,2023,NA,NA,FALSE,TRUE
2023-ORVAD-230027,0.5,Class B,2023-05-18T16:00:00Z,812.5333333333333,NA,NA,WF,0,2023,NA,NA,FALSE,TRUE
2023-OR951S-000054,37.68,Class C,2023-05-31T17:32:00Z,1101.1166666666666,NA,NA,WF,0,2023,NA,NA,FALSE,TRUE
2023-ORPRD-000058,0.2,Class A,2023-04-19T19:04:00Z,21.29,NA,NA,WF,0,2023,NA,NA,FALSE,TRUE
2023-OR982S-230021,0.99,Class B,NA,NA,NA,NA,RX,0,2023,NA,NA,FALSE,TRUE
2023-ORDEF-000061,0.1,Class A,2023-04-30T21:00:00Z,191.45,NA,NA,WF,0,2023,NA,NA,FALSE,TRUE
2023-OR955S-000062,3.02,Class B,2023-04-25T19:30:00Z,45.53333333333333,NA,NA,WF,0,2023,NA,NA,FALSE,TRUE
2023-OR981S-230103,1.31,Class B,NA,NA,NA,NA,WF,0,2023,NA,NA,FALSE,TRUE
2023-ORMED-000037,0.75,Class B,2023-05-08T17:16:00Z,352.76666666666665,NA,NA,WF,0,2023,NA,NA,FALSE,TRUE
2023-ORMED-000038,0.1,Class A,NA,NA,NA,NA,WF,0,2023,NA,NA,FALSE,TRUE
2023-ORDEF-000070,0.1,Class A,2023-05-02T16:07:00Z,136.64638888888888,NA,NA,WF,0,2023,NA,NA,FALSE,TRUE
2023-OR974S-000021,0.75,Class B,NA,NA,NA,NA,WF,0,2023,NA,NA,FALSE,TRUE
2023-OR971S-000022,2,Class B,2023-05-01T16:50:00Z,89.21333333333334,NA,NA,WF,0,2023,NA,NA,FALSE,TRUE
2023-ORCGF-000105,0.1,Class A,2023-04-29T19:00:00Z,19.701944444444443,NA,NA,WF,0,2023,NA,NA,FALSE,TRUE
2023-ORDEF-000078,0.2,Class A,2023-05-01T02:42:00Z,27.116666666666667,NA,NA,WF,0,2023,NA,NA,FALSE,TRUE
2023-OR974S-000024,0.5,Class B,NA,NA,NA,NA,WF,0,2023,NA,NA,FALSE,TRUE
2023-ORRSF-000049,0.1,Class A,2023-05-19T15:09:00Z,497.45,NA,NA,WF,0,2023,NA,NA,FALSE,TRUE
2023-OR971S-000027,1,Class B,NA,NA,NA,NA,WF,0,2023,NA,NA,FALSE,TRUE
2023-ORMED-000050,2.75,Class B,NA,NA,NA,NA,WF,0,2023,NA,NA,FALSE,TRUE
2023-ORCLP-230022,2,Class B,NA,NA,NA,NA,RX,0,2023,NA,NA,FALSE,TRUE
2023-OR973S-000028,0.1,Class A,2023-05-02T17:14:00Z,19.413611111111113,NA,NA,WF,0,2023,NA,NA,FALSE,TRUE
2023-OR955S-000085,0.15,Class A,2023-05-04T18:49:00Z,43.83777777777778,NA,NA,WF,0,2023,NA,NA,FALSE,TRUE
2023-ORFWF-230106,0.2,Class A,2023-05-18T17:40:00Z,362.18333333333334,NA,NA,WF,0,2023,NA,NA,FALSE,TRUE
2023-OR955S-000087,0.14,Class A,2023-05-04T20:00:00Z,23.44555555555555,NA,NA,WF,0,2023,NA,NA,FALSE,TRUE
2023-OR955S-000088,0.5,Class B,2023-05-04T20:13:00Z,23.440555555555555,NA,NA,WF,0,2023,NA,NA,FALSE,TRUE
2023-ORDEF-000086,0.2,Class A,2023-05-08T18:15:00Z,118.38333333333334,NA,NA,WF,0,2023,NA,NA,FALSE,TRUE
2023-OR952S-023044,0.08,Class A,2023-05-22T18:15:00Z,426.57972222222224,NA,NA,WF,0,2023,NA,NA,FALSE,TRUE
2023-ORWWF-000039,0.11,Class A,NA,NA,NA,NA,WF,0,2023,NA,NA,FALSE,TRUE
2023-ORDEF-000096,1,Class B,NA,NA,NA,NA,RX,0,2023,NA,NA,FALSE,TRUE
2023-OR712S-712-724-23,0.75,Class B,NA,NA,NA,NA,WF,0,2023,NA,NA,FALSE,TRUE
2023-OROCF-000102,0.2,Class A,2023-05-12T19:21:00Z,2.433333333333333,NA,NA,WF,0,2023,NA,NA,FALSE,TRUE
2023-ORWWF-000043,0.1,Class A,2023-05-15T22:33:00Z,54,NA,NA,WF,0,2023,NA,NA,FALSE,TRUE
2023-OR954S-000173,0.1,Class A,2023-05-23T22:50:00Z,242.06666666666663,NA,NA,WF,0,2023,NA,NA,FALSE,TRUE
2023-OR955S-000105,3.83,Class B,NA,NA,NA,NA,WF,0,2023,NA,NA,FALSE,TRUE
2023-ORROD-000059,0.1,Class A,NA,NA,NA,NA,WF,0,2023,NA,NA,FALSE,TRUE
2023-ORDEF-000106,0.2,Class A,2023-05-22T18:33:00Z,204.45,NA,NA,WF,0,2023,NA,NA,FALSE,TRUE
2023-OR954S-000175,0.1,Class A,2023-05-23T22:16:00Z,219.95,NA,NA,WF,0,2023,NA,NA,FALSE,TRUE
2023-OR981S-230110,2,Class B,2023-06-22T16:59:00Z,931.95,NA,NA,WF,0,2023,NA,NA,FALSE,TRUE
2023-OR973S-000044,0.1,Class A,NA,NA,NA,NA,WF,0,2023,NA,NA,FALSE,TRUE
2023-OR732S-732-438-23,0.5,Class B,NA,NA,NA,NA,WF,0,2023,NA,NA,FALSE,TRUE
2023-OR732S-000439,0.01,Class A,NA,NA,NA,NA,WF,0,2023,NA,NA,FALSE,TRUE
2023-ORMED-000060,0.1,Class A,2023-05-28T19:00:00Z,309.46666666666664,NA,NA,WF,0,2023,NA,NA,FALSE,TRUE
2023-ORUPF-000060,0.3,Class B,2023-05-27T21:00:00Z,283.8,NA,NA,WF,0,2023,NA,NA,FALSE,TRUE
2023-ORRSF-000061,0.2,Class A,2023-05-24T20:42:00Z,203.53333333333333,NA,NA,WF,0,2023,NA,NA,FALSE,TRUE
2023-ORFWF-230024,1,Class B,NA,NA,NA,NA,RX,0,2023,NA,NA,FALSE,TRUE
2023-ORPRD-000108,0.2,Class A,2023-05-16T16:37:00Z,1.4833333333333334,NA,NA,WF,0,2023,NA,NA,FALSE,TRUE
2023-ORWIF-230085,0.1,Class A,2023-10-30T19:00:00Z,4024.766666666667,NA,NA,WF,0,2023,NA,NA,FALSE,TRUE
2023-ORDEF-000109,1,Class B,NA,NA,NA,NA,RX,0,2023,NA,NA,FALSE,TRUE
2023-ORUPF-000063,0.22,Class A,2023-06-11T22:26:00Z,628.9727777777778,NA,NA,WF,0,2023,NA,NA,FALSE,TRUE
2023-ORFWF-230025,1,Class B,NA,NA,NA,NA,RX,0,2023,NA,NA,FALSE,TRUE
2023-ORMED-000066,5.4,Class B,2023-06-01T19:00:00Z,401.1,NA,NA,WF,0,2023,NA,NA,FALSE,TRUE
2023-ORDEF-000110,1,Class B,NA,NA,NA,NA,RX,0,2023,NA,NA,FALSE,TRUE
2023-ORDEF-000111,0.2,Class A,2023-05-19T20:53:00Z,51.61666666666667,NA,NA,WF,0,2023,NA,NA,FALSE,TRUE
2023-ORFWF-230113,0.2,Class A,2023-05-23T22:36:00Z,142.38333333333333,NA,NA,WF,0,2023,NA,NA,FALSE,TRUE
2023-ORMED-000068,2,Class B,2023-06-01T19:00:00Z,401.1,NA,NA,WF,0,2023,NA,NA,FALSE,TRUE
2023-ORROD-000072,0.2,Class A,2023-07-05T00:52:00Z,1131.4833333333331,NA,NA,WF,0,2023,NA,NA,FALSE,TRUE
2023-ORRSF-000069,0.2,Class A,2023-05-24T21:23:00Z,144.26666666666668,NA,NA,WF,0,2023,NA,NA,FALSE,TRUE
2023-ORUPF-000071,0.3,Class B,2023-05-27T18:12:00Z,213.72,NA,NA,WF,0,2023,NA,NA,FALSE,TRUE
2023-ORMAF-002326,0.2,Class A,2023-05-22T17:00:00Z,71.36666666666666,NA,NA,WF,0,2023,NA,NA,FALSE,TRUE
2023-ORPRD-000122,0.2,Class A,2023-05-29T19:20:00Z,234.95,NA,NA,WF,0,2023,NA,NA,FALSE,TRUE
2023-ORDEF-000124,0.4,Class B,2023-06-04T19:10:00Z,357.49583333333334,NA,NA,WF,0,2023,NA,NA,FALSE,TRUE
2023-ORLAD-230114,0.1,Class A,2023-05-24T21:56:00Z,103.13333333333334,NA,NA,WF,0,2023,NA,NA,FALSE,TRUE
2023-ORPRD-000128,0.2,Class A,2023-05-24T00:00:00Z,55.06666666666667,NA,NA,WF,0,2023,NA,NA,FALSE,TRUE
2023-ORPRD-000127,0.2,Class A,NA,NA,Type 5 Incident,5,WF,0,2023,NA,NA,FALSE,TRUE
2023-OR954S-000207,0.1,Class A,2023-05-25T17:26:00Z,89.96666666666667,NA,NA,WF,0,2023,NA,NA,FALSE,TRUE
2023-ORRSF-000072,0.2,Class A,2023-05-21T00:50:00Z,4.95,NA,NA,WF,0,2023,NA,NA,FALSE,TRUE
2023-OR952S-000131,0.07,Class A,2023-05-26T17:08:00Z,88.31666666666666,NA,NA,WF,0,2023,NA,NA,FALSE,TRUE
2023-ORWWF-000048,0.2,Class A,NA,NA,NA,NA,WF,0,2023,NA,NA,FALSE,TRUE
2023-ORWWF-000049,0.2,Class A,NA,NA,NA,NA,WF,0,2023,NA,NA,FALSE,TRUE
2023-WASPD-000134,27.42,Class C,2023-06-15T17:15:00Z,546.55,NA,NA,WF,0,2023,NA,NA,FALSE,TRUE
2023-OR974S-000052,5,Class B,NA,NA,NA,NA,WF,0,2023,NA,NA,FALSE,TRUE
2023-ORUMA-000054,0.1,Class A,NA,NA,NA,NA,WF,0,2023,NA,NA,FALSE,TRUE
2023-OR955S-000143,0.25,Class A,2023-06-05T19:15:00Z,284.67277777777775,NA,NA,WF,0,2023,NA,NA,FALSE,TRUE
2023-OROCF-000145,0.2,Class A,2023-05-25T22:45:00Z,3.9033333333333338,NA,NA,WF,0,2023,NA,NA,FALSE,TRUE
2023-ORDEF-000136,1,Class B,NA,NA,NA,NA,RX,0,2023,NA,NA,FALSE,TRUE
2023-ORFWF-230120,0.2,Class A,2023-05-26T19:38:00Z,22.133333333333333,NA,NA,WF,0,2023,NA,NA,FALSE,TRUE
2023-OR954S-000239,0.25,Class A,2023-06-10T17:15:00Z,358.9075,NA,NA,WF,0,2023,NA,NA,FALSE,TRUE
2023-ORMED-000076,0.75,Class B,2023-06-07T01:00:00Z,290,NA,NA,WF,0,2023,NA,NA,FALSE,TRUE
2023-ORDEF-000137,1,Class B,NA,NA,NA,NA,RX,0,2023,NA,NA,FALSE,TRUE
2023-OR951S-000150,0.36,Class B,NA,NA,NA,NA,WF,0,2023,NA,NA,FALSE,TRUE
2023-ORDEF-000153,0.2,Class A,2023-06-02T20:43:00Z,120.125,NA,NA,WF,0,2023,NA,NA,FALSE,TRUE
2023-ORPRD-000152,0.2,Class A,NA,NA,NA,NA,WF,0,2023,NA,NA,FALSE,TRUE
2023-ORMED-000079,0.1,Class A,2023-06-10T20:05:00Z,309.01416666666665,NA,NA,WF,0,2023,NA,NA,FALSE,TRUE
2023-ORFWF-230123,1.1,Class B,2023-05-29T16:50:00Z,14.7,NA,NA,WF,0,2023,NA,NA,FALSE,TRUE
2023-ORDEF-000159,0.2,Class A,2023-06-04T22:30:00Z,149.60361111111112,NA,NA,WF,0,2023,NA,NA,FALSE,TRUE
2023-OR981S-230124,1,Class B,2023-06-05T19:38:00Z,166.76666666666668,NA,NA,WF,0,2023,NA,NA,FALSE,TRUE
2023-OROCF-000161,0.2,Class A,2023-05-29T22:22:00Z,1.1866666666666668,NA,NA,WF,0,2023,NA,NA,FALSE,TRUE
2023-ORDEF-000162,0.2,Class A,2023-05-30T00:47:00Z,0.2525,NA,NA,WF,0,2023,NA,NA,FALSE,TRUE
2023-OR955S-000163,0.1,Class A,2023-07-09T21:20:00Z,963.2919444444444,NA,NA,WF,0,2023,NA,NA,FALSE,TRUE
2023-ORWWF-000068,0.2,Class A,2023-05-30T20:49:00Z,5.9,NA,NA,WF,0,2023,NA,NA,FALSE,TRUE
2023-OR981S-230125,0.25,Class A,2023-06-22T16:59:00Z,550.2666666666667,NA,NA,WF,0,2023,NA,NA,FALSE,TRUE
2023-ORUMF-000071,0.1,Class A,NA,NA,NA,NA,WF,0,2023,NA,NA,FALSE,TRUE
2023-ORMED-000080,0.46,Class B,2023-06-06T20:32:00Z,168.35083333333333,NA,NA,WF,0,2023,NA,NA,FALSE,TRUE
2023-ORLAD-230127,0.2,Class A,2023-06-12T18:25:00Z,304.21666666666664,NA,NA,WF,0,2023,NA,NA,FALSE,TRUE
2023-ORPRD-000166,0.2,Class A,2023-06-04T21:42:00Z,121.99638888888887,NA,NA,WF,0,2023,NA,NA,FALSE,TRUE
2023-ORDEF-000172,0.3,Class B,2023-06-04T19:29:00Z,95.26666666666668,NA,NA,WF,0,2023,NA,NA,FALSE,TRUE
2023-OR733S-000450,2,Class B,NA,NA,NA,NA,WF,0,2023,NA,NA,FALSE,TRUE
2023-ORMAF-023065,1,Class B,NA,NA,NA,NA,RX,0,2023,NA,NA,FALSE,TRUE
2023-OR733S-000451,0.5,Class B,NA,NA,NA,NA,WF,0,2023,NA,NA,FALSE,TRUE
2023-OR772S-000123,0.25,Class A,NA,NA,NA,NA,WF,0,2023,NA,NA,FALSE,TRUE
2023-ORDEF-000187,0.2,Class A,2023-06-02T22:57:00Z,4.659722222222222,NA,NA,WF,0,2023,NA,NA,FALSE,TRUE
2023-OR981S-230128,0.2,Class A,2023-06-02T22:49:00Z,2.06,NA,NA,WF,0,2023,NA,NA,FALSE,TRUE
2023-OR733S-000452,0.1,Class A,NA,NA,NA,NA,WF,0,2023,NA,NA,FALSE,TRUE
2023-ORUPF-000115,7,Class B,2023-07-07T18:30:00Z,810.2666666666667,NA,NA,WF,0,2023,NA,NA,FALSE,TRUE
2023-ORRSF-000089,0.2,Class A,NA,NA,NA,NA,WF,0,2023,NA,NA,FALSE,TRUE
2023-ORDEF-000193,0.2,Class A,2023-06-07T19:38:00Z,67.10166666666667,NA,NA,WF,0,2023,NA,NA,FALSE,TRUE
2023-OR954S-000301,1,Class B,2023-06-28T22:55:00Z,574.0461111111111,NA,NA,WF,0,2023,NA,NA,FALSE,TRUE
2023-OR721S-000175,0.17,Class A,NA,NA,NA,NA,WF,0,2023,NA,NA,FALSE,TRUE
2023-OR722S-000179,0.01,Class A,NA,NA,NA,NA,WF,0,2023,NA,NA,FALSE,TRUE
2023-ORDEF-000202,0.2,Class A,2023-06-05T22:37:00Z,0.08444444444444445,NA,NA,WF,0,2023,NA,NA,FALSE,TRUE
2023-ORDEF-000191,0.2,Class A,2023-06-06T00:52:00Z,29.398055555555555,NA,NA,WF,0,2023,NA,NA,FALSE,TRUE
2023-OR723S-000180,0.18,Class A,NA,NA,NA,NA,WF,0,2023,NA,NA,FALSE,TRUE
2023-OR722S-000181,0.1,Class A,NA,NA,NA,NA,WF,0,2023,NA,NA,FALSE,TRUE
2023-ORLAD-230135,0.2,Class A,2023-07-07T22:25:00Z,763.5,NA,NA,WF,0,2023,NA,NA,FALSE,TRUE
2023-ORDEF-000081,0.1,Class A,NA,NA,NA,NA,RX,0,2023,NA,NA,FALSE,TRUE
2023-OR955S-000212,3.05,Class B,2023-06-17T19:15:00Z,265.02,NA,NA,WF,0,2023,NA,NA,FALSE,TRUE
2023-ORMAF-023069,0.3,Class B,2023-06-14T18:43:00Z,193.07166666666663,NA,NA,WF,0,2023,NA,NA,FALSE,TRUE
2023-ORUPF-000129,0.35,Class B,2023-06-17T21:45:00Z,262.78333333333336,NA,NA,WF,0,2023,NA,NA,FALSE,TRUE
2023-ORUPF-000131,0.2,Class A,2023-06-17T22:20:00Z,259.6333333333333,NA,NA,WF,0,2023,NA,NA,FALSE,TRUE
2023-ORRSF-000102,1.5,Class B,2023-06-13T19:30:00Z,163.24027777777778,NA,NA,WF,0,2023,NA,NA,FALSE,TRUE
2023-ORRSF-000103,0.2,Class A,2023-06-13T18:13:00Z,160.46444444444444,NA,NA,WF,0,2023,NA,NA,FALSE,TRUE
2023-ORMED-000105,0.17,Class A,2023-06-20T18:00:00Z,328.74111111111114,NA,NA,WF,0,2023,NA,NA,FALSE,TRUE
2023-ORMED-000109,0.1,Class A,2023-06-20T19:00:00Z,333.98333333333335,NA,NA,WF,0,2023,NA,NA,FALSE,TRUE
2023-ORWIF-230129,0.2,Class A,2023-06-12T19:29:00Z,142.33944444444444,NA,NA,WF,0,2023,NA,NA,FALSE,TRUE
2023-ORUPF-000130,0.2,Class A,2023-06-17T19:12:00Z,256.73333333333335,NA,NA,WF,0,2023,NA,NA,FALSE,TRUE
2023-OR982S-230137,0.03,Class A,2023-06-14T18:47:00Z,171.48333333333332,NA,NA,WF,0,2023,NA,NA,FALSE,TRUE
2023-ORDEF-000221,0.3,Class B,2023-06-12T21:56:00Z,120.1211111111111,NA,NA,WF,0,2023,NA,NA,FALSE,TRUE
2023-OR974S-000086,49.45,Class C,2023-06-15T19:00:00Z,189.01666666666668,NA,NA,WF,0,2023,NA,NA,FALSE,TRUE
2023-ORRSF-000104,0.2,Class A,2023-06-13T19:30:00Z,161.32416666666666,NA,NA,WF,0,2023,NA,NA,FALSE,TRUE
2023-ORFWF-230139,0.35,Class B,2023-06-18T21:31:00Z,262.9583333333333,NA,NA,WF,0,2023,NA,NA,FALSE,TRUE
2023-ORRSF-000097,0.25,Class A,2023-06-12T17:11:00Z,158.0438888888889,NA,NA,WF,0,2023,NA,NA,FALSE,TRUE
2023-ORCBD-000143,0.1,Class A,2023-05-30T22:30:00Z,1.25,NA,NA,WF,0,2023,NA,NA,FALSE,TRUE
2023-ORUPF-000141,2.65,Class B,2023-06-20T22:26:00Z,311.89916666666664,NA,NA,WF,0,2023,NA,NA,FALSE,TRUE
2023-ORDEF-000223,0.2,Class A,2023-06-12T23:00:00Z,116.46666666666668,NA,NA,WF,0,2023,NA,NA,FALSE,TRUE
2023-ORWWF-000087,0.2,Class A,2023-06-12T18:37:00Z,116.43333333333334,NA,NA,WF,0,2023,NA,NA,FALSE,TRUE
2023-ORUMF-000088,1,Class B,2023-06-12T19:05:00Z,116.21666666666668,NA,NA,WF,0,2023,NA,NA,FALSE,TRUE
2023-ORDEF-000222,0.2,Class A,2023-06-11T20:10:00Z,89.83333333333333,NA,NA,WF,0,2023,NA,NA,FALSE,TRUE
2023-ORUPF-000144,0.5,Class B,2023-06-12T20:55:00Z,100.08,NA,NA,WF,0,2023,NA,NA,FALSE,TRUE
2023-ORWIF-230134,0.2,Class A,2023-08-13T22:09:00Z,1628.3202777777778,NA,NA,WF,0,2023,NA,NA,FALSE,TRUE
2023-OR781S-000109,0.21,Class A,NA,NA,NA,NA,WF,0,2023,NA,NA,FALSE,TRUE
2023-WASES-000065,0.2,Class A,2023-06-13T17:08:00Z,357.3211111111111,NA,NA,WF,0,2023,NA,NA,FALSE,TRUE
2023-OR781S-000111,1,Class B,NA,NA,NA,NA,WF,0,2023,NA,NA,FALSE,TRUE
2023-ORDEF-000229,0.2,Class A,2023-06-11T03:23:00Z,53.47833333333333,NA,NA,WF,0,2023,NA,NA,FALSE,TRUE
2023-OR781S-000106,0.25,Class A,NA,NA,NA,NA,WF,0,2023,NA,NA,FALSE,TRUE
2023-ORUPF-000147,0.2,Class A,2023-06-17T18:33:00Z,215.5586111111111,NA,NA,WF,0,2023,NA,NA,FALSE,TRUE
2023-OR722S-015823,3.24,Class B,NA,NA,NA,NA,WF,0,2023,NA,NA,FALSE,TRUE
2023-ORRSF-000113,0.1,Class A,2023-06-12T23:00:00Z,120.13111111111112,NA,NA,WF,0,2023,NA,NA,FALSE,TRUE
2023-ORUPF-000148,0.1,Class A,2023-06-15T15:00:00Z,163.9725,NA,NA,WF,0,2023,NA,NA,FALSE,TRUE
2023-OR982S-230144,0.1,Class A,2023-06-16T20:21:00Z,189.9438888888889,NA,NA,WF,0,2023,NA,NA,FALSE,TRUE
2023-ORMED-000116,0.75,Class B,2023-06-22T19:00:00Z,332.87833333333333,NA,NA,WF,0,2023,NA,NA,FALSE,TRUE
2023-ORUPF-000150,0.1,Class A,2023-12-12T22:00:00Z,4490.666666666667,NA,NA,WF,0,2023,NA,NA,FALSE,TRUE
2023-ORDEF-000233,0.2,Class A,2023-06-10T00:49:00Z,0.5766666666666667,NA,NA,WF,0,2023,NA,NA,FALSE,TRUE
2023-ORUMA-000091,0.1,Class A,NA,NA,NA,NA,WF,0,2023,NA,NA,FALSE,TRUE
2023-ORDEF-000236,0.2,Class A,2023-06-10T18:16:00Z,2.305277777777778,NA,NA,WF,0,2023,NA,NA,FALSE,TRUE
2023-ORDEF-000237,0.2,Class A,2023-06-10T18:20:00Z,2.031111111111111,NA,NA,WF,0,2023,NA,NA,FALSE,TRUE
2023-ORLAD-230147,0.2,Class A,NA,NA,NA,NA,WF,0,2023,NA,NA,FALSE,TRUE
2023-ORFWF-230148,1.05,Class B,2023-06-28T22:55:00Z,432.71222222222224,NA,NA,WF,0,2023,NA,NA,FALSE,TRUE
2023-OR723S-000187,0.01,Class A,NA,NA,NA,NA,WF,0,2023,NA,NA,FALSE,TRUE
2023-ORSUF-230142,0.5,Class B,2023-06-12T20:22:00Z,45.875,NA,NA,WF,0,2023,NA,NA,FALSE,TRUE
2023-ORUPF-000158,0.2,Class A,2023-06-16T18:57:00Z,122.7213888888889,NA,NA,WF,0,2023,NA,NA,FALSE,TRUE
2023-ORSUF-230145,0.2,Class A,2023-06-11T19:20:00Z,1.2166666666666666,NA,NA,WF,0,2023,NA,NA,FALSE,TRUE
2023-OR733S-000472,0.01,Class A,NA,NA,NA,NA,WF,0,2023,NA,NA,FALSE,TRUE
2023-ORDEF-000245,0.2,Class A,2023-06-13T21:10:00Z,47.68416666666667,NA,NA,WF,0,2023,NA,NA,FALSE,TRUE
2023-ORWIF-230148,0.2,Class A,2023-06-14T18:13:00Z,68.74694444444444,NA,NA,WF,0,2023,NA,NA,FALSE,TRUE
2023-ORMHF-000348,0.1,Class A,NA,NA,NA,NA,WF,0,2023,NA,NA,FALSE,TRUE
2023-ORWIF-230143,0.8,Class B,2023-06-18T17:54:00Z,170.78333333333333,NA,NA,WF,0,2023,NA,NA,FALSE,TRUE
2023-ORMAF-023073,0.2,Class A,2023-06-13T18:18:00Z,21.559444444444445,NA,NA,WF,0,2023,NA,NA,FALSE,TRUE
2023-OR981S-230150,0.2,Class A,2023-06-16T23:26:00Z,98.5911111111111,NA,NA,WF,0,2023,NA,NA,FALSE,TRUE
2023-OR955S-000250,0.16,Class A,2023-06-17T17:31:00Z,93.12305555555557,NA,NA,WF,0,2023,NA,NA,FALSE,TRUE
2023-ORLAD-230151,0.2,Class A,NA,NA,NA,NA,WF,0,2023,NA,NA,FALSE,TRUE
2023-ORDEF-000252,0.2,Class A,2023-06-15T23:34:00Z,49.094166666666666,NA,NA,WF,0,2023,NA,NA,FALSE,TRUE
2023-ORRSF-000130,0.85,Class B,2023-06-18T20:05:00Z,118.82611111111112,NA,NA,WF,0,2023,NA,NA,FALSE,TRUE
2023-ORUPF-000164,0.2,Class A,2023-06-17T19:52:00Z,93.63194444444444,NA,NA,WF,0,2023,NA,NA,FALSE,TRUE
2023-ORNOD-230138,0.11,Class A,2023-06-08T20:00:00Z,0.75,NA,NA,WF,0,2023,NA,NA,FALSE,TRUE
2023-OR982S-230152,0.1,Class A,2023-06-22T21:55:00Z,214.06666666666663,NA,NA,WF,0,2023,NA,NA,FALSE,TRUE
2023-ORWIF-230149,2.75,Class B,2023-10-30T19:00:00Z,3315.133333333333,NA,NA,WF,0,2023,NA,NA,FALSE,TRUE
2023-OR982S-230153,0.5,Class B,2023-08-12T18:25:00Z,1414.75,NA,NA,WF,0,2023,NA,NA,FALSE,TRUE
2023-OROCF-000256,9.25,Class B,2023-07-03T20:10:00Z,456.61305555555555,NA,NA,WF,0,2023,NA,NA,FALSE,TRUE
2023-ORUPF-000165,0.2,Class A,2023-06-25T00:14:00Z,244.21472222222224,NA,NA,WF,0,2023,NA,NA,FALSE,TRUE
2023-ORPRD-000261,0.2,Class A,2023-06-18T21:10:00Z,78.07555555555555,NA,NA,WF,0,2023,NA,NA,FALSE,TRUE
2023-ORMCFN-000372,6,Class B,NA,NA,NA,NA,WF,0,2023,NA,NA,FALSE,TRUE
2023-ORCGF-000376,0.1,Class A,NA,NA,NA,NA,WF,0,2023,NA,NA,FALSE,TRUE
2023-ORFWF-230154,0.5,Class B,2023-06-27T19:13:00Z,287.48333333333335,NA,NA,WF,0,2023,NA,NA,FALSE,TRUE
2023-ORLAD-230155,1.54,Class B,2023-06-21T22:15:00Z,145.41666666666666,NA,NA,WF,0,2023,NA,NA,FALSE,TRUE
2023-OR971S-000102,19.17,Class C,NA,NA,NA,NA,WF,0,2023,NA,NA,FALSE,TRUE
2023-OR952S-023076,0.1,Class A,2024-01-23T18:48:42Z,5324.829722222222,NA,NA,WF,0,2023,NA,NA,FALSE,TRUE
2023-ORWIF-230152,0.1,Class A,2023-06-21T20:15:00Z,122.36222222222224,NA,NA,WF,0,2023,NA,NA,FALSE,TRUE
2023-OR721S-019723,0.25,Class A,NA,NA,NA,NA,WF,0,2023,NA,NA,FALSE,TRUE
2023-OR982S-230156,0.1,Class A,2023-08-12T19:04:00Z,1364.5166666666669,NA,NA,WF,0,2023,NA,NA,FALSE,TRUE
2023-ORDEF-000269,0.11,Class A,2023-06-21T16:33:00Z,98.68333333333334,NA,NA,WF,0,2023,NA,NA,FALSE,TRUE
2023-ORLAD-230146,0.2,Class A,NA,NA,NA,NA,WF,0,2023,NA,NA,FALSE,TRUE
2023-ORLAD-230145,0.2,Class A,NA,NA,NA,NA,WF,0,2023,NA,NA,FALSE,TRUE
2023-OR954S-000393,0.5,Class B,2023-07-03T18:57:00Z,377.8566666666667,NA,NA,WF,0,2023,NA,NA,FALSE,TRUE
2023-ORDEF-000277,0.2,Class A,2023-06-21T20:15:00Z,71.55027777777778,NA,NA,WF,0,2023,NA,NA,FALSE,TRUE
2023-OR954S-000384,0.1,Class A,2023-08-06T21:30:00Z,1226.4161111111111,NA,NA,WF,0,2023,NA,NA,FALSE,TRUE
2023-ORDEF-000289,0.2,Class A,2023-06-21T20:46:00Z,0.835,NA,NA,WF,0,2023,NA,NA,FALSE,TRUE
2023-ORDEF-000291,0.2,Class A,2023-06-24T19:50:00Z,49.85166666666667,NA,NA,WF,0,2023,NA,NA,FALSE,TRUE
2023-OR732S-000514,0.01,Class A,NA,NA,NA,NA,WF,0,2023,NA,NA,FALSE,TRUE
2023-OR955S-000293,0,Class A,2023-07-06T19:37:00Z,334.3666666666667,NA,NA,WF,0,2023,NA,NA,FALSE,TRUE
2023-ORMAF-002341,0.1,Class A,2023-07-20T16:00:00Z,646.48,NA,NA,RX,0,2023,NA,NA,FALSE,TRUE
2023-ORUPF-000177,0.2,Class A,2023-06-27T18:26:00Z,96.65611111111112,NA,NA,WF,0,2023,NA,NA,FALSE,TRUE
2023-ORMAF-023079,0.5,Class B,2023-07-20T19:18:00Z,628.9338888888889,NA,NA,WF,0,2023,NA,NA,FALSE,TRUE
2023-ORMHF-000437,0.2,Class A,2023-06-25T21:50:00Z,29.11694444444445,NA,NA,WF,0,2023,NA,NA,FALSE,TRUE
2023-ORCFRN-000299,0.2,Class A,NA,NA,NA,NA,WF,0,2023,NA,NA,FALSE,TRUE
2023-ORSUF-230166,0.2,Class A,2023-06-24T18:15:00Z,40.975833333333334,NA,NA,WF,0,2023,NA,NA,FALSE,TRUE
2023-ORMED-000152,0.25,Class A,2023-07-07T17:41:00Z,328.35,NA,NA,WF,0,2023,NA,NA,FALSE,TRUE
2023-OR952S-023080,0.25,Class A,2023-07-05T19:16:00Z,268.18,NA,NA,WF,0,2023,NA,NA,FALSE,TRUE
2023-ORMED-000153,0.2,Class A,2023-07-07T19:00:00Z,329.81666666666666,NA,NA,WF,0,2023,NA,NA,FALSE,TRUE
2023-ORDEF-000300,0.2,Class A,2023-06-24T22:48:00Z,1.074722222222222,NA,NA,WF,0,2023,NA,NA,FALSE,TRUE
2023-ORWIF-230171,0.2,Class A,2023-07-08T19:56:00Z,334.4,NA,NA,WF,0,2023,NA,NA,FALSE,TRUE
2023-ORRSF-000155,0.2,Class A,2023-06-28T18:36:00Z,90.10777777777778,NA,NA,WF,0,2023,NA,NA,FALSE,TRUE
2023-ORFWF-230160,0.2,Class A,2023-07-04T22:20:00Z,234.95305555555555,NA,NA,WF,0,2023,NA,NA,FALSE,TRUE
2023-ORUMF-023082,0.2,Class A,2023-07-01T21:00:00Z,161.48111111111112,NA,NA,WF,0,2023,NA,NA,FALSE,TRUE
2023-ORUMF-000126,0.2,Class A,2023-07-10T22:54:00Z,383.5,NA,NA,WF,0,2023,NA,NA,FALSE,TRUE
2023-ORUMF-023085,0.2,Class A,2023-06-27T19:10:00Z,49.818888888888885,NA,NA,WF,0,2023,NA,NA,FALSE,TRUE
2023-ORMHF-000441,0.6,Class B,2023-07-06T21:52:00Z,281.43333333333334,NA,NA,WF,0,2023,NA,NA,FALSE,TRUE
2023-OR954S-000430,0.1,Class A,2023-06-23T21:36:00Z,0.7208333333333333,NA,NA,WF,0,2023,NA,NA,FALSE,TRUE
2023-ORMAF-023086,0.2,Class A,2023-06-27T20:00:00Z,50.52722222222222,NA,NA,WF,0,2023,NA,NA,FALSE,TRUE
2023-OR952S-023068,0.1,Class A,2023-06-20T17:52:00Z,373.02416666666664,NA,NA,WF,0,2023,NA,NA,FALSE,TRUE
2023-ORSUF-230172,0.2,Class A,2023-07-10T23:05:00Z,364.5883333333333,NA,NA,WF,0,2023,NA,NA,FALSE,TRUE
2023-ORRSF-000160,0.2,Class A,2023-06-28T20:41:00Z,70.79944444444445,NA,NA,WF,0,2023,NA,NA,FALSE,TRUE
2023-ORUPF-000181,0.2,Class A,2023-07-01T18:25:00Z,165.78166666666667,NA,NA,WF,0,2023,NA,NA,FALSE,TRUE
2023-OR982S-230162,0.08,Class A,2023-07-14T23:32:00Z,456.95,NA,NA,WF,0,2023,NA,NA,FALSE,TRUE
2023-ORFWF-230164,0.2,Class A,2023-06-29T21:55:00Z,94.38777777777776,NA,NA,WF,0,2023,NA,NA,FALSE,TRUE
2023-OR952S-000311,0.35,Class B,NA,NA,NA,NA,WF,0,2023,NA,NA,FALSE,TRUE
2023-ORPRD-000310,1.1,Class B,2023-06-27T23:14:00Z,45.96666666666667,NA,NA,WF,0,2023,NA,NA,FALSE,TRUE
2023-OR974S-000129,0.1,Class A,NA,NA,NA,NA,WF,0,2023,NA,NA,FALSE,TRUE
2023-ORCLP-230163,0.2,Class A,2023-07-18T00:01:00Z,528.75,NA,NA,WF,0,2023,NA,NA,FALSE,TRUE
2023-ORFWF-230165,0.2,Class A,NA,NA,NA,NA,WF,0,2023,NA,NA,FALSE,TRUE
2023-OR952S-023087,0.1,Class A,2023-06-26T21:32:00Z,3.448611111111111,NA,NA,WF,0,2023,NA,NA,FALSE,TRUE
2023-ORUMF-000137,0.2,Class A,2023-06-28T14:15:00Z,45.22416666666667,NA,NA,WF,0,2023,NA,NA,FALSE,TRUE
2023-OR982S-230167,0.1,Class A,2023-07-02T20:54:00Z,144.8,NA,NA,WF,0,2023,NA,NA,FALSE,TRUE
2023-ORUMA-000139,1,Class B,NA,NA,NA,NA,WF,0,2023,NA,NA,FALSE,TRUE
2023-OR952S-023091,0,Class A,2023-07-04T18:33:00Z,188.56666666666663,NA,NA,WF,0,2023,NA,NA,FALSE,TRUE
2023-OROCF-000330,0.2,Class A,2023-06-27T22:30:00Z,19.273888888888887,NA,NA,WF,0,2023,NA,NA,FALSE,TRUE
2023-OR951S-000329,0.02,Class A,2023-07-11T22:00:00Z,354.835,NA,NA,WF,0,2023,NA,NA,FALSE,TRUE
2023-ORPRD-000331,0.2,Class A,2023-06-30T23:59:00Z,80.23333333333333,NA,NA,WF,0,2023,NA,NA,FALSE,TRUE
2023-ORREDN-000325,0.8,Class B,2023-06-27T23:00:00Z,21.295,NA,NA,WF,0,2023,NA,NA,FALSE,TRUE
2023-OR781S-000108,0.01,Class A,NA,NA,NA,NA,WF,0,2023,NA,NA,FALSE,TRUE
2023-OROCF-000333,0.6,Class B,2023-07-03T20:10:00Z,145.5425,NA,NA,WF,0,2023,NA,NA,FALSE,TRUE
2023-ORFWF-230171,0.85,Class B,2023-07-03T20:25:00Z,143.2263888888889,NA,NA,WF,0,2023,NA,NA,FALSE,TRUE
2023-OR981S-230173,0.1,Class A,NA,NA,NA,NA,WF,0,2023,NA,NA,FALSE,TRUE
2023-ORDEF-000337,1.6,Class B,2023-07-03T21:01:00Z,141.75666666666666,NA,NA,WF,0,2023,NA,NA,FALSE,TRUE
2023-ORPRD-000334,0.2,Class A,2023-07-01T19:27:00Z,96.31666666666666,NA,NA,WF,0,2023,NA,NA,FALSE,TRUE
2023-ORUMF-000141,0.2,Class A,2023-06-28T19:32:00Z,43.25,NA,NA,WF,0,2023,NA,NA,FALSE,TRUE
2023-ORCLP-230174,0.2,Class A,2023-08-14T15:00:00Z,1126,NA,NA,WF,0,2023,NA,NA,FALSE,TRUE
2023-ORFWF-230176,0.2,Class A,2023-07-02T20:40:00Z,97.01666666666668,NA,NA,WF,0,2023,NA,NA,FALSE,TRUE
2023-OR955S-000342,0.1,Class A,NA,NA,NA,NA,WF,0,2023,NA,NA,FALSE,TRUE
2023-OR951S-000316,0.1,Class A,2023-07-10T20:15:00Z,334.3333333333333,NA,NA,WF,0,2023,NA,NA,FALSE,TRUE
2023-OR955S-000315,0.1,Class A,2023-07-03T17:17:00Z,163.98361111111112,NA,NA,WF,0,2023,NA,NA,FALSE,TRUE
2023-OR712S-085523,0.01,Class A,NA,NA,NA,NA,WF,0,2023,NA,NA,FALSE,TRUE
2023-OR732S-000497,0.1,Class A,NA,NA,NA,NA,WF,0,2023,NA,NA,FALSE,TRUE
2023-OR954S-000318,0.1,Class A,2023-06-29T18:57:00Z,554.15,NA,NA,WF,0,2023,NA,NA,FALSE,TRUE
2023-ORRSF-000167,0.5,Class B,2023-07-09T18:37:00Z,243.26666666666668,NA,NA,WF,0,2023,NA,NA,FALSE,TRUE
2023-ORBENN-000349,0.1,Class A,NA,NA,NA,NA,WF,0,2023,NA,NA,FALSE,TRUE
2023-OROCF-000350,0.5,Class B,2023-07-03T22:53:00Z,96.61777777777776,NA,NA,WF,0,2023,NA,NA,FALSE,TRUE
2023-ORFWF-230177,1.1,Class B,NA,NA,NA,NA,WF,0,2023,NA,NA,FALSE,TRUE
2023-ORUM7N-000149,90.81,Class C,NA,NA,NA,NA,WF,0,2023,NA,NA,FALSE,TRUE
2023-ORMAF-002349,0.57,Class B,2023-07-19T20:45:00Z,474.25,NA,NA,WF,0,2023,NA,NA,FALSE,TRUE
2023-ORRSF-000147,0.2,Class A,2023-06-28T23:56:00Z,146.81666666666666,NA,NA,WF,0,2023,NA,NA,FALSE,TRUE
2023-ORRSF-000132,0.2,Class A,2023-06-19T19:22:00Z,137.9,NA,NA,WF,0,2023,NA,NA,FALSE,TRUE
2023-ORFWF-230178,0.2,Class A,2023-07-05T21:36:00Z,129.18333333333334,NA,NA,WF,0,2023,NA,NA,FALSE,TRUE
2023-OR712S-086123,0.01,Class A,NA,NA,NA,NA,WF,0,2023,NA,NA,FALSE,TRUE
2023-ORMAF-002353,8.45,Class B,2023-07-19T18:54:00Z,457.56666666666666,NA,NA,WF,0,2023,NA,NA,FALSE,TRUE
2023-ORMAF-002350,0.1,Class A,2023-07-19T18:54:00Z,460.03333333333336,NA,NA,WF,0,2023,NA,NA,FALSE,TRUE
2023-ORUMF-023096,0.1,Class A,2023-07-08T21:15:00Z,196.93444444444444,NA,NA,WF,0,2023,NA,NA,FALSE,TRUE
2023-ORCBD-000195,1,Class B,NA,NA,NA,NA,RX,0,2023,NA,NA,FALSE,TRUE
2023-ORNOD-230164,0.02,Class A,2023-06-22T17:00:00Z,1,NA,NA,WF,0,2023,NA,NA,FALSE,TRUE
2023-ORUPF-000189,0.2,Class A,2023-07-17T21:14:00Z,457.4,NA,NA,WF,0,2023,NA,NA,FALSE,TRUE
2023-ORCRRN-000352,0.1,Class A,NA,NA,NA,NA,WF,0,2023,NA,NA,FALSE,TRUE
2023-OR981S-230181,0.23,Class A,2023-07-06T00:34:00Z,122.06361111111111,NA,NA,WF,0,2023,NA,NA,FALSE,TRUE
2023-ORWWF-000160,0.2,Class A,2023-07-05T19:34:00Z,117.46666666666668,NA,NA,WF,0,2023,NA,NA,FALSE,TRUE
2023-OR973S-000159,5,Class B,2023-07-07T19:30:00Z,166.08333333333334,NA,NA,WF,0,2023,NA,NA,FALSE,TRUE
2023-ORDEF-000348,0.2,Class A,2023-07-04T22:34:00Z,120.69916666666668,NA,NA,WF,0,2023,NA,NA,FALSE,TRUE
2023-OR732S-000552,0.38,Class B,NA,NA,NA,NA,WF,0,2023,NA,NA,FALSE,TRUE
2023-OR954S-000499,0.12,Class A,2023-08-06T20:31:00Z,869.9719444444445,NA,NA,WF,0,2023,NA,NA,FALSE,TRUE
2023-ORMED-000176,0.25,Class A,NA,NA,NA,NA,WF,0,2023,NA,NA,FALSE,TRUE
2023-ORDEF-000358,0.2,Class A,2023-07-01T21:46:00Z,1.9283333333333332,NA,NA,WF,0,2023,NA,NA,FALSE,TRUE
2023-ORMAF-002355,0.2,Class A,2023-07-02T19:19:00Z,22.25,NA,NA,WF,0,2023,NA,NA,FALSE,TRUE
2023-OROCF-000363,4.1,Class B,2023-07-23T22:12:00Z,525.9,NA,NA,WF,0,2023,NA,NA,FALSE,TRUE
2023-ORUMF-000168,0.2,Class A,2023-07-04T22:02:00Z,48.81666666666667,NA,NA,WF,0,2023,NA,NA,FALSE,TRUE
2023-OR781S-000145,5.27,Class B,NA,NA,NA,NA,WF,0,2023,NA,NA,FALSE,TRUE
2023-ORDEF-000378,0.2,Class A,2023-07-04T18:20:00Z,41.64805555555556,NA,NA,WF,0,2023,NA,NA,FALSE,TRUE
2023-ORMAF-023100,0.2,Class A,2023-07-12T20:26:00Z,231.94555555555556,NA,NA,WF,0,2023,NA,NA,FALSE,TRUE
2023-ORMHF-000510,0.2,Class A,2023-07-07T23:20:00Z,112.27055555555556,NA,NA,WF,0,2023,NA,NA,FALSE,TRUE
2023-ORPRD-000380,0.2,Class A,2023-07-03T17:30:00Z,0.13333333333333333,NA,NA,WF,0,2023,NA,NA,FALSE,TRUE
2023-OR721S-022023,0.1,Class A,NA,NA,NA,NA,WF,0,2023,NA,NA,FALSE,TRUE
2023-OR721S-000324,0.1,Class A,NA,NA,NA,NA,WF,0,2023,NA,NA,FALSE,TRUE
2023-ORUPF-000202,0.2,Class A,2023-07-09T17:39:00Z,142.11527777777778,NA,NA,WF,0,2023,NA,NA,FALSE,TRUE
2023-OR781S-000002,4.95,Class B,NA,NA,NA,NA,WF,0,2023,NA,NA,FALSE,TRUE
2023-OR781S-000006,34.39,Class C,NA,NA,NA,NA,WF,0,2023,NA,NA,FALSE,TRUE
2023-ORDEF-000388,0.46,Class B,2023-07-08T19:07:00Z,98.7,NA,NA,WF,0,2023,NA,NA,FALSE,TRUE
2023-OROCF-000390,0.5,Class B,2023-07-17T20:30:00Z,312.81666666666666,NA,NA,WF,0,2023,NA,NA,FALSE,TRUE
2023-OR955S-000391,0,Class A,2023-07-09T21:45:00Z,119.73333333333332,NA,NA,WF,0,2023,NA,NA,FALSE,TRUE
2023-ORVAD-230089,4,Class B,2023-08-09T23:00:00Z,864.1816666666666,NA,NA,WF,0,2023,NA,NA,FALSE,TRUE
2023-ORMHF-000524,1.72,Class B,NA,NA,NA,NA,WF,0,2023,NA,NA,FALSE,TRUE
2023-ORPRD-000395,0.2,Class A,2023-07-09T21:11:00Z,115.29861111111111,NA,NA,WF,0,2023,NA,NA,FALSE,TRUE
2023-ORDEF-000389,0.2,Class A,2023-07-07T21:29:00Z,74.92777777777778,NA,NA,WF,0,2023,NA,NA,FALSE,TRUE
2023-OR732S-000001,0.55,Class B,NA,NA,NA,NA,WF,0,2023,NA,NA,FALSE,TRUE
2023-OR733S-000002,0.01,Class A,NA,NA,NA,NA,WF,0,2023,NA,NA,FALSE,TRUE
2023-OROCF-000398,4,Class B,2023-07-08T03:00:00Z,67.35,NA,NA,WF,0,2023,NA,NA,FALSE,TRUE
2023-IDBOD-002590,0.1,Class A,2023-07-07T00:00:00Z,42.30416666666667,NA,NA,WF,0,2023,NA,NA,FALSE,TRUE
2023-ORMAF-002356,0.2,Class A,2023-07-06T19:13:00Z,46.21666666666667,NA,NA,WF,0,2023,NA,NA,FALSE,TRUE
2023-ORMHF-000533,0.2,Class A,2023-07-25T23:30:00Z,488.81666666666666,NA,NA,WF,0,2023,NA,NA,FALSE,TRUE
2023-OR951S-000393,0.13,Class A,2023-07-11T23:42:00Z,169.03916666666666,NA,NA,WF,0,2023,NA,NA,FALSE,TRUE
2023-OR955S-000392,0.1,Class A,NA,NA,NA,NA,WF,0,2023,NA,NA,FALSE,TRUE
2023-ORMHF-000534,0.2,Class A,2023-07-09T02:51:00Z,84.02972222222222,NA,NA,WF,0,2023,NA,NA,FALSE,TRUE
2023-OR771S-000005,0.1,Class A,NA,NA,NA,NA,WF,0,2023,NA,NA,FALSE,TRUE
2023-ORDEF-000304,0.2,Class A,2023-06-26T22:11:00Z,43.89472222222222,NA,NA,WF,0,2023,NA,NA,FALSE,TRUE
2023-ORDEF-000400,0.2,Class A,2023-07-05T22:30:00Z,0.36527777777777776,NA,NA,WF,0,2023,NA,NA,FALSE,TRUE
2023-ORPRD-000381,0.35,Class B,2023-07-07T18:43:00Z,95.015,NA,NA,WF,0,2023,NA,NA,FALSE,TRUE
2023-OR712S-001724,0.1,Class A,NA,NA,NA,NA,WF,0,2023,NA,NA,FALSE,TRUE
2023-ORWIF-230198,2.05,Class B,2023-07-10T15:37:00Z,112.97638888888888,NA,NA,WF,0,2023,NA,NA,FALSE,TRUE
2023-ORWWF-000182,0.2,Class A,2023-07-06T17:07:00Z,0.9630555555555556,NA,NA,WF,0,2023,NA,NA,FALSE,TRUE
2023-ORDEF-000305,0.2,Class A,2023-06-29T20:25:00Z,112.77472222222222,NA,NA,WF,0,2023,NA,NA,FALSE,TRUE
2023-ORUPF-000050,1,Class B,NA,NA,NA,NA,RX,0,2023,NA,NA,FALSE,TRUE
2023-OR721S-001624,0.12,Class A,NA,NA,NA,NA,WF,0,2023,NA,NA,FALSE,TRUE
2023-OR954S-000558,2,Class B,2023-07-13T23:28:00Z,171.95,NA,NA,WF,0,2023,NA,NA,FALSE,TRUE
2023-ORCGF-000556,0.1,Class A,2023-07-11T01:55:00Z,104.37583333333332,NA,NA,WF,0,2023,NA,NA,FALSE,TRUE
2023-OR955S-000405,0.01,Class A,2023-07-09T21:00:00Z,71.52027777777778,NA,NA,WF,0,2023,NA,NA,FALSE,TRUE
2023-OR954S-000544,0.1,Class A,2023-07-13T00:40:00Z,167.40055555555554,NA,NA,WF,0,2023,NA,NA,FALSE,TRUE
2023-ORDEF-000408,0.2,Class A,2023-07-09T22:28:00Z,69.56305555555555,NA,NA,WF,0,2023,NA,NA,FALSE,TRUE
2023-OR971S-000186,1,Class B,2023-07-16T18:43:00Z,230.46666666666667,NA,NA,WF,0,2023,NA,NA,FALSE,TRUE
2023-ORDEF-000412,0.2,Class A,2023-07-12T20:40:00Z,123.0225,NA,NA,WF,0,2023,NA,NA,FALSE,TRUE
2023-OR722S-002123,0.1,Class A,NA,NA,NA,NA,WF,0,2023,NA,NA,FALSE,TRUE
2023-ORMAF-023107,0.85,Class B,2023-07-12T21:15:00Z,120,NA,NA,WF,0,2023,NA,NA,FALSE,TRUE
2023-OR954S-000575,0.25,Class A,2023-07-16T21:39:00Z,214.05,NA,NA,WF,0,2023,NA,NA,FALSE,TRUE
2023-ORDEF-000415,0.2,Class A,2023-07-08T19:38:00Z,21.268055555555556,NA,NA,WF,0,2023,NA,NA,FALSE,TRUE
2023-ORFWF-230186,0.5,Class B,2023-07-13T20:41:00Z,140.27944444444444,NA,NA,WF,0,2023,NA,NA,FALSE,TRUE
2023-ORMED-000194,0.1,Class A,2023-07-21T19:00:00Z,333.4972222222222,NA,NA,WF,0,2023,NA,NA,FALSE,TRUE
2023-ORDEF-000418,0.11,Class A,2023-07-09T21:01:00Z,29.65277777777778,NA,NA,WF,0,2023,NA,NA,FALSE,TRUE
2023-ORLAD-230188,1.1,Class B,2023-07-10T22:57:00Z,53.38333333333333,NA,NA,WF,0,2023,NA,NA,FALSE,TRUE
2023-ORWIF-230208,0.11,Class A,2023-07-08T21:56:00Z,2.612222222222222,NA,NA,WF,0,2023,NA,NA,FALSE,TRUE
2023-OR981S-230191,1.6,Class B,2023-07-20T21:53:00Z,288.96666666666664,NA,NA,WF,0,2023,NA,NA,FALSE,TRUE
2023-OR781S-000120,0.25,Class A,NA,NA,NA,NA,WF,0,2023,NA,NA,FALSE,TRUE
2023-ORUPF-000218,0.2,Class A,2023-07-16T21:58:00Z,194.01916666666668,NA,NA,WF,0,2023,NA,NA,FALSE,TRUE
2023-OROCF-000424,0.2,Class A,2023-07-15T20:20:00Z,165.1775,NA,NA,WF,0,2023,NA,NA,FALSE,TRUE
2023-OR781S-000017,0.04,Class A,NA,NA,NA,NA,WF,0,2023,NA,NA,FALSE,TRUE
2023-OR954S-000586,0.25,Class A,2023-07-11T22:50:00Z,70.60944444444445,NA,NA,WF,0,2023,NA,NA,FALSE,TRUE
2023-ORDEF-000426,0.2,Class A,2023-07-09T01:09:00Z,1.278888888888889,NA,NA,WF,0,2023,NA,NA,FALSE,TRUE
2023-OR951S-000425,0.1,Class A,2023-07-09T15:10:00Z,15.836666666666666,NA,NA,WF,0,2023,NA,NA,FALSE,TRUE
2023-OR951S-000422,0.93,Class B,2023-07-12T21:15:00Z,94.48611111111111,NA,NA,WF,0,2023,NA,NA,FALSE,TRUE
2023-ORDEF-000421,8.66,Class B,2023-07-16T19:35:00Z,191.21666666666667,NA,NA,WF,0,2023,NA,NA,FALSE,TRUE
2023-ORWIF-230211,0.1,Class A,2023-07-08T23:24:00Z,0.7180555555555556,NA,NA,WF,0,2023,NA,NA,FALSE,TRUE
2023-ORDEF-000431,0.68,Class B,2023-07-13T20:11:00Z,100.21694444444444,NA,NA,WF,0,2023,NA,NA,FALSE,TRUE
2023-OROCF-000432,0.2,Class A,2023-07-09T23:24:00Z,5.2775,NA,NA,WF,0,2023,NA,NA,FALSE,TRUE
2023-ORJEFN-000385,0.1,Class A,NA,NA,NA,NA,WF,0,2023,NA,NA,FALSE,TRUE
2023-ORFWF-230193,0.2,Class A,2023-07-13T19:20:00Z,90.51666666666668,NA,NA,WF,0,2023,NA,NA,FALSE,TRUE
2023-OR972S-000200,0.1,Class A,2023-07-17T18:55:00Z,183.41861111111112,NA,NA,WF,0,2023,NA,NA,FALSE,TRUE
2023-ORMAF-023115,1.65,Class B,2023-07-22T20:04:00Z,286.9536111111111,NA,NA,WF,0,2023,NA,NA,FALSE,TRUE
2023-ORWIF-230214,0.2,Class A,2023-07-10T15:10:00Z,4.988888888888889,NA,NA,WF,0,2023,NA,NA,FALSE,TRUE
2023-ORDEF-000441,0.6,Class B,2023-07-16T20:52:00Z,143.2725,NA,NA,WF,0,2023,NA,NA,FALSE,TRUE
2023-OR973S-000209,0.5,Class B,NA,NA,NA,NA,WF,0,2023,NA,NA,FALSE,TRUE
2023-OR974S-000205,0.75,Class B,NA,NA,NA,NA,WF,0,2023,NA,NA,FALSE,TRUE
2023-ORMHF-000600,0.2,Class A,2023-07-11T01:45:00Z,4.545277777777778,NA,NA,WF,0,2023,NA,NA,FALSE,TRUE
2023-ORMHF-000602,0.2,Class A,2023-07-11T02:00:00Z,0.6113888888888889,NA,NA,WF,0,2023,NA,NA,FALSE,TRUE
2023-ORMHF-000606,0.2,Class A,2023-07-11T02:00:00Z,0.23722222222222225,NA,NA,WF,0,2023,NA,NA,FALSE,TRUE
2023-ORMHF-000605,0.2,Class A,2023-07-11T02:00:00Z,0.28194444444444444,NA,NA,WF,0,2023,NA,NA,FALSE,TRUE
2023-ORMHF-000604,0.2,Class A,2023-07-11T02:00:00Z,0.2922222222222222,NA,NA,WF,0,2023,NA,NA,FALSE,TRUE
2023-ORMHF-000603,0.2,Class A,2023-07-11T02:00:00Z,0.3036111111111111,NA,NA,WF,0,2023,NA,NA,FALSE,TRUE
2023-ORDEF-000450,0.23,Class A,2023-07-14T21:02:00Z,71.35388888888889,NA,NA,WF,0,2023,NA,NA,FALSE,TRUE
2023-ORDEF-000447,0.2,Class A,2023-07-15T00:47:00Z,76.99638888888889,NA,NA,WF,0,2023,NA,NA,FALSE,TRUE
2023-ORWIF-230216,0.2,Class A,2023-08-13T19:00:00Z,773.3258333333333,NA,NA,WF,0,2023,NA,NA,FALSE,TRUE
2023-OR733S-000029,0.01,Class A,NA,NA,NA,NA,WF,0,2023,NA,NA,FALSE,TRUE
2023-OR733S-000035,0.01,Class A,NA,NA,NA,NA,WF,0,2023,NA,NA,FALSE,TRUE
2023-OR732S-000036,1,Class B,NA,NA,NA,NA,WF,0,2023,NA,NA,FALSE,TRUE
2023-WASES-000412,0.5,Class B,2023-07-15T17:55:00Z,72.36944444444444,NA,NA,WF,0,2023,NA,NA,FALSE,TRUE
2023-OR954S-000627,0.1,Class A,2023-07-18T01:31:00Z,127.90805555555556,NA,NA,WF,0,2023,NA,NA,FALSE,TRUE
2023-ORRSF-000203,1.5,Class B,2023-07-19T18:46:00Z,151.98333333333332,NA,NA,WF,0,2023,NA,NA,FALSE,TRUE
2023-ORBENN-000456,0.1,Class A,NA,NA,NA,NA,WF,0,2023,NA,NA,FALSE,TRUE
2023-ORDEF-000458,2.96,Class B,2023-07-20T20:36:00Z,169.13333333333333,NA,NA,WF,0,2023,NA,NA,FALSE,TRUE
2023-ORFWF-230196,0.1,Class A,2023-07-13T21:20:00Z,0.35,NA,NA,WF,0,2023,NA,NA,FALSE,TRUE
2023-OR973S-000219,0.1,Class A,NA,NA,NA,NA,WF,0,2023,NA,NA,FALSE,TRUE
2023-OR974S-000220,0.1,Class A,NA,NA,NA,NA,WF,0,2023,NA,NA,FALSE,TRUE
2023-OR974S-000222,0.1,Class A,NA,NA,NA,NA,WF,0,2023,NA,NA,FALSE,TRUE
2023-ORMHF-000638,0.2,Class A,2023-07-13T23:32:00Z,0.5819444444444445,NA,NA,WF,0,2023,NA,NA,FALSE,TRUE
2023-ORDEF-000461,0.2,Class A,2023-07-17T19:51:00Z,88.35722222222222,NA,NA,WF,0,2023,NA,NA,FALSE,TRUE
2023-OR953S-023118,4.46,Class B,2023-07-23T23:53:00Z,223.81444444444443,NA,NA,WF,0,2023,NA,NA,FALSE,TRUE
2023-OR721S-003624,1,Class B,NA,NA,NA,NA,WF,0,2023,NA,NA,FALSE,TRUE
2023-ORUMA-000225,2,Class B,2023-08-14T20:00:00Z,744.4872222222223,NA,NA,WF,0,2023,NA,NA,FALSE,TRUE
2023-OR973S-000229,0.1,Class A,2023-07-21T21:00:00Z,162.8,NA,NA,WF,0,2023,NA,NA,FALSE,TRUE
2023-OR711S-711-059-24,0.25,Class A,NA,NA,NA,NA,WF,0,2023,NA,NA,FALSE,TRUE
2023-OR781S-000026,0.01,Class A,NA,NA,NA,NA,WF,0,2023,NA,NA,FALSE,TRUE
2023-ORMHF-000656,0.2,Class A,2023-07-22T23:43:00Z,174.87,NA,NA,WF,0,2023,NA,NA,FALSE,TRUE
2023-ORLGDN-000231,0.5,Class B,NA,NA,NA,NA,WF,0,2023,NA,NA,FALSE,TRUE
2023-ORWIF-230230,0.1,Class A,2023-07-15T22:12:00Z,1.5047222222222223,NA,NA,WF,0,2023,NA,NA,FALSE,TRUE
2023-OR731S-000060,17.38,Class C,NA,NA,NA,NA,WF,0,2023,NA,NA,FALSE,TRUE
2023-OR972S-000234,0.1,Class A,NA,NA,NA,NA,WF,0,2023,NA,NA,FALSE,TRUE
2023-OROCF-000473,0.2,Class A,2023-07-25T01:27:00Z,216.76666666666668,NA,NA,WF,0,2023,NA,NA,FALSE,TRUE
2023-OROCF-000465,0.2,Class A,2023-07-21T21:50:00Z,167.17388888888888,NA,NA,WF,0,2023,NA,NA,FALSE,TRUE
2023-ORDEF-000467,0.22,Class A,2023-07-23T21:38:00Z,196.12527777777777,NA,NA,WF,0,2023,NA,NA,FALSE,TRUE
2023-OROCF-000476,0.3,Class B,2023-07-23T18:53:00Z,170.94,NA,NA,WF,0,2023,NA,NA,FALSE,TRUE
2023-ORDLS-002367,0.25,Class A,2023-07-20T16:00:00Z,92.51666666666668,NA,NA,WF,0,2023,NA,NA,FALSE,TRUE
2023-ORWIF-230242,0.1,Class A,2023-07-17T00:54:00Z,2.3769444444444443,NA,NA,WF,0,2023,NA,NA,FALSE,TRUE
2023-ORDEF-000477,0.2,Class A,2023-07-16T20:29:00Z,0.3638888888888889,NA,NA,WF,0,2023,NA,NA,FALSE,TRUE
2023-ORVAD-230107,1,Class B,2023-08-09T23:00:00Z,563.75,NA,NA,WF,0,2023,NA,NA,FALSE,TRUE
2023-ORCLP-230198,0.2,Class A,2023-07-22T17:35:00Z,117.06666666666666,NA,NA,WF,0,2023,NA,NA,FALSE,TRUE
2023-ORFWF-230199,0.2,Class A,2023-07-19T21:44:00Z,48.416666666666664,NA,NA,WF,0,2023,NA,NA,FALSE,TRUE
2023-ORWIF-230234,0.01,Class A,2023-07-21T20:38:00Z,125.68333333333334,NA,NA,WF,0,2023,NA,NA,FALSE,TRUE
2023-OR955S-000481,0.04,Class A,2023-07-21T22:05:00Z,95.04472222222222,NA,NA,WF,0,2023,NA,NA,FALSE,TRUE
2023-OR972S-000244,1.5,Class B,2023-08-12T21:00:00Z,614.7166666666667,NA,NA,WF,0,2023,NA,NA,FALSE,TRUE
2023-OR952S-023124,2.68,Class B,NA,NA,NA,NA,WF,0,2023,NA,NA,FALSE,TRUE
2023-OROCF-000487,0.35,Class B,NA,NA,NA,NA,WF,0,2023,NA,NA,FALSE,TRUE
2023-OR721S-004824,0.1,Class A,NA,NA,NA,NA,WF,0,2023,NA,NA,FALSE,TRUE
2023-OR955S-000488,0.36,Class B,NA,NA,NA,NA,WF,0,2023,NA,NA,FALSE,TRUE
2023-ORPRD-000492,0.35,Class B,2023-07-20T19:00:00Z,27.773888888888887,NA,NA,WF,0,2023,NA,NA,FALSE,TRUE
2023-ORNGIN-000495,0.1,Class A,NA,NA,NA,NA,WF,0,2023,NA,NA,FALSE,TRUE
2023-ORDEF-000491,0.4,Class B,2023-07-23T23:22:00Z,110.9,NA,NA,WF,0,2023,NA,NA,FALSE,TRUE
2023-ORDEF-000497,0.2,Class A,2023-07-21T22:19:00Z,42.39194444444445,NA,NA,WF,0,2023,NA,NA,FALSE,TRUE
2023-OR711S-711-080-24,3.01,Class B,NA,NA,NA,NA,WF,0,2023,NA,NA,FALSE,TRUE
2023-ORVAD-230116,2,Class B,2023-08-09T23:00:00Z,485.605,NA,NA,WF,0,2023,NA,NA,FALSE,TRUE
2023-OR953S-023130,0.25,Class A,2023-08-11T18:49:00Z,509.71722222222223,NA,NA,WF,0,2023,NA,NA,FALSE,TRUE
2023-OR722S-005324,0.05,Class A,NA,NA,NA,NA,WF,0,2023,NA,NA,FALSE,TRUE
2023-OR731S-000077,0.01,Class A,NA,NA,NA,NA,WF,0,2023,NA,NA,FALSE,TRUE
2023-OR732S-000071,0.01,Class A,NA,NA,NA,NA,WF,0,2023,NA,NA,FALSE,TRUE
2023-OR732S-000063,0.01,Class A,NA,NA,NA,NA,WF,0,2023,NA,NA,FALSE,TRUE
2023-OR731S-000056,0.1,Class A,NA,NA,NA,NA,WF,0,2023,NA,NA,FALSE,TRUE
2023-OR732S-000049,0.01,Class A,NA,NA,NA,NA,WF,0,2023,NA,NA,FALSE,TRUE
2023-ORVAD-230118,2,Class B,2023-08-09T23:10:00Z,446.6666666666667,NA,NA,WF,0,2023,NA,NA,FALSE,TRUE
2023-ORPRD-000506,0.2,Class A,NA,NA,NA,NA,WF,0,2023,NA,NA,FALSE,TRUE
2023-ORDEF-000513,0.2,Class A,2023-07-24T21:15:00Z,50.11666666666667,NA,NA,WF,0,2023,NA,NA,FALSE,TRUE
2023-OR781S-000124,0.25,Class A,NA,NA,NA,NA,WF,0,2023,NA,NA,FALSE,TRUE
2023-ORDEF-000509,0.1,Class A,NA,NA,NA,NA,WF,0,2023,NA,NA,FALSE,TRUE
2023-ORMHF-000737,0.46,Class B,2023-09-15T22:27:00Z,1332.4666666666667,NA,NA,WF,0,2023,NA,NA,FALSE,TRUE
2023-OR781S-000008,0.01,Class A,NA,NA,NA,NA,WF,0,2023,NA,NA,FALSE,TRUE
2023-OR781S-000123,0.01,Class A,NA,NA,NA,NA,WF,0,2023,NA,NA,FALSE,TRUE
2023-ORSUF-230270,0.5,Class B,2023-07-30T18:36:00Z,166.33333333333334,NA,NA,WF,0,2023,NA,NA,FALSE,TRUE
2023-ORUMA-000279,0.25,Class A,NA,NA,NA,NA,WF,0,2023,NA,NA,FALSE,TRUE
2023-ORPRD-000526,0.81,Class B,NA,NA,NA,NA,WF,0,2023,NA,NA,FALSE,TRUE
2023-ORUMA-000282,2,Class B,NA,NA,NA,NA,WF,0,2023,NA,NA,FALSE,TRUE
2023-OR781S-000051,0.01,Class A,NA,NA,NA,NA,WF,0,2023,NA,NA,FALSE,TRUE
2023-ORUMF-000286,0.5,Class B,2023-07-31T22:52:00Z,153.93333333333334,NA,NA,WF,0,2023,NA,NA,FALSE,TRUE
2023-ORUMF-000289,0.2,Class A,2023-07-27T15:09:00Z,46.63333333333333,NA,NA,WF,0,2023,NA,NA,FALSE,TRUE
2023-OROCF-000530,0.2,Class A,NA,NA,NA,NA,WF,0,2023,NA,NA,FALSE,TRUE
2023-ORPRD-000055,0.2,Class A,2023-04-18T22:22:00Z,69.69805555555556,NA,NA,WF,0,2023,NA,NA,FALSE,TRUE
2023-ORMED-000234,0.1,Class A,2023-08-02T21:00:00Z,307.95,NA,NA,WF,0,2023,NA,NA,FALSE,TRUE
2023-ORCGF-000784,0.2,Class A,2023-07-25T22:15:00Z,1.9083333333333337,NA,NA,WF,0,2023,NA,NA,FALSE,TRUE
2023-OR733S-000027,0.01,Class A,NA,NA,NA,NA,WF,0,2023,NA,NA,FALSE,TRUE
2023-ORMED-000236,0.1,Class A,2023-05-23T21:00:00Z,718.8666666666667,NA,NA,WF,0,2023,NA,NA,FALSE,TRUE
2023-OR971S-000295,112.17,Class D,NA,NA,NA,NA,WF,0,2023,NA,NA,FALSE,TRUE
2023-ORWIF-230276,0.1,Class A,2023-07-28T18:41:00Z,25.283333333333335,NA,NA,WF,0,2023,NA,NA,FALSE,TRUE
2023-ORUMA-000297,0.1,Class A,2023-08-28T19:00:00Z,749.1547222222222,NA,NA,WF,0,2023,NA,NA,FALSE,TRUE
2023-ORUMA-000298,0.1,Class A,NA,NA,NA,NA,WF,0,2023,NA,NA,FALSE,TRUE
2023-ORPRD-000125,0,Class A,2023-05-22T01:00:00Z,25.932777777777776,NA,NA,WF,0,2023,NA,NA,FALSE,TRUE
2023-ORMED-000237,0.1,Class A,NA,NA,NA,NA,WF,0,2023,NA,NA,FALSE,TRUE
2023-OR721S-006824,0.5,Class B,NA,NA,NA,NA,WF,0,2023,NA,NA,FALSE,TRUE
2023-OR971S-000300,0.25,Class A,2023-08-01T19:20:00Z,90.46666666666668,NA,NA,WF,0,2023,NA,NA,FALSE,TRUE
2023-ORLGDN-000302,0.1,Class A,NA,NA,NA,NA,WF,0,2023,NA,NA,FALSE,TRUE
2023-ORUMA-000303,0.1,Class A,NA,NA,NA,NA,WF,0,2023,NA,NA,FALSE,TRUE
2023-ORMED-000241,0.7,Class B,2023-08-13T19:31:00Z,354.1,NA,NA,WF,0,2023,NA,NA,FALSE,TRUE
2023-ORUMF-000304,0.2,Class A,2023-07-29T23:39:00Z,2.2869444444444444,NA,NA,WF,0,2023,NA,NA,FALSE,TRUE
2023-OR955S-000554,0.1,Class A,2023-07-30T17:35:00Z,1.8388888888888888,NA,NA,WF,0,2023,NA,NA,FALSE,TRUE
2023-ORNOD-230289,0.01,Class A,2023-07-09T18:00:00Z,1,NA,NA,WF,0,2023,NA,NA,FALSE,TRUE
2023-OR732S-000116,2.45,Class B,NA,NA,NA,NA,WF,0,2023,NA,NA,FALSE,TRUE
2023-ORRFPN-230206,5.11,Class B,NA,NA,NA,NA,WF,0,2023,NA,NA,FALSE,TRUE
2023-ORWWF-000308,0.1,Class A,NA,NA,NA,NA,WF,0,2023,NA,NA,FALSE,TRUE
2023-OR991S-000563,0.2,Class A,NA,NA,NA,NA,WF,0,2023,NA,NA,FALSE,TRUE
2023-OR781S-000133,0.02,Class A,NA,NA,NA,NA,WF,0,2023,NA,NA,FALSE,TRUE
2023-OR974S-000310,152.71,Class D,NA,NA,NA,NA,WF,0,2023,NA,NA,FALSE,TRUE
2023-OR954S-000862,0.1,Class A,2023-08-08T21:53:00Z,193.94694444444443,NA,NA,WF,0,2023,NA,NA,FALSE,TRUE
2023-ORDEF-000565,0.2,Class A,2023-08-04T20:00:00Z,76.52083333333333,NA,NA,WF,0,2023,NA,NA,FALSE,TRUE
2023-OR981S-230209,1,Class B,2023-08-12T19:13:00Z,260.1333333333333,NA,NA,WF,0,2023,NA,NA,FALSE,TRUE
2023-ORMED-000249,0.1,Class A,2023-08-13T17:24:00Z,308.9,NA,NA,WF,0,2023,NA,NA,FALSE,TRUE
2023-OR781S-000025,0.03,Class A,NA,NA,NA,NA,WF,0,2023,NA,NA,FALSE,TRUE
2023-ORMED-000250,0.1,Class A,2023-08-16T00:14:00Z,337.73333333333335,NA,NA,WF,0,2023,NA,NA,FALSE,TRUE
2023-OR954S-000880,0.1,Class A,2023-08-06T22:10:00Z,101.36666666666666,NA,NA,WF,0,2023,NA,NA,FALSE,TRUE
2023-ORUMA-000314,0.5,Class B,NA,NA,NA,NA,WF,0,2023,NA,NA,FALSE,TRUE
2023-ORUMA-000315,0.1,Class A,NA,NA,NA,NA,WF,0,2023,NA,NA,FALSE,TRUE
2023-OR974S-000318,2,Class B,NA,NA,NA,NA,WF,0,2023,NA,NA,FALSE,TRUE
2023-ORDEF-000572,0.1,Class A,2023-08-03T16:22:00Z,1.6163888888888889,NA,NA,WF,0,2023,NA,NA,FALSE,TRUE
2023-OR972S-000320,33.37,Class C,2023-08-24T19:21:00Z,506.18333333333334,NA,NA,WF,0,2023,NA,NA,FALSE,TRUE
2023-ORFWF-230210,0.1,Class A,NA,NA,NA,NA,WF,0,2023,NA,NA,FALSE,TRUE
2023-OR952S-023143,0.1,Class A,2023-08-10T20:38:00Z,164.71027777777778,NA,NA,WF,0,2023,NA,NA,FALSE,TRUE
2023-ORLAD-230212,0.2,Class A,2023-08-08T23:41:00Z,119.18333333333334,NA,NA,WF,0,2023,NA,NA,FALSE,TRUE
2023-OR952S-023144,0.1,Class A,2023-08-10T00:10:00Z,144.06666666666666,NA,NA,WF,0,2023,NA,NA,FALSE,TRUE
2023-OR972S-000324,0.1,Class A,NA,NA,NA,NA,WF,0,2023,NA,NA,FALSE,TRUE
2023-OR952S-023145,0.1,Class A,2023-08-10T19:30:00Z,163.2536111111111,NA,NA,WF,0,2023,NA,NA,FALSE,TRUE
2023-ORFWF-230216,0.1,Class A,2023-08-07T21:05:00Z,90.16638888888887,NA,NA,WF,0,2023,NA,NA,FALSE,TRUE
2023-ORCLP-230222,0.1,Class A,NA,NA,NA,NA,WF,0,2023,NA,NA,FALSE,TRUE
2023-OR981S-230220,0.1,Class A,2023-08-08T19:29:00Z,95.8,NA,NA,WF,0,2023,NA,NA,FALSE,TRUE
2023-ORDEF-000581,0.2,Class A,2023-08-07T18:54:00Z,69.4,NA,NA,WF,0,2023,NA,NA,FALSE,TRUE
2023-ORMED-000260,0.1,Class A,2023-08-20T18:09:00Z,385.23333333333335,NA,NA,WF,0,2023,NA,NA,FALSE,TRUE
2023-ORMED-000259,0.1,Class A,2023-08-18T21:51:00Z,341.26666666666665,NA,NA,WF,0,2023,NA,NA,FALSE,TRUE
2023-ORVAD-050328,0.2,Class A,2023-08-11T20:49:00Z,168.3813888888889,NA,NA,WF,0,2023,NA,NA,FALSE,TRUE
2023-ORMED-000257,1,Class B,2023-08-20T17:24:00Z,385.46666666666664,NA,NA,WF,0,2023,NA,NA,FALSE,TRUE
2023-ORUMF-000331,0.1,Class A,NA,NA,NA,NA,WF,0,2023,NA,NA,FALSE,TRUE
2023-OR981S-230230,0.1,Class A,2023-08-08T20:37:00Z,92.61805555555556,NA,NA,WF,0,2023,NA,NA,FALSE,TRUE
2023-ORCLP-230234,0.5,Class B,NA,NA,NA,NA,WF,0,2023,NA,NA,FALSE,TRUE
2023-ORDEF-000585,0.2,Class A,2023-08-05T22:58:00Z,24.006666666666668,NA,NA,WF,0,2023,NA,NA,FALSE,TRUE
2023-ORDEF-000588,0.2,Class A,2023-08-05T17:18:00Z,18.158333333333335,NA,NA,WF,0,2023,NA,NA,FALSE,TRUE
2023-ORDEF-000582,0.5,Class B,2023-08-06T16:18:00Z,42.583333333333336,NA,NA,WF,0,2023,NA,NA,FALSE,TRUE
2023-OR955S-000593,0.1,Class A,2023-08-12T20:16:00Z,187.1352777777778,NA,NA,WF,0,2023,NA,NA,FALSE,TRUE
2023-ORMED-000273,0.1,Class A,NA,NA,NA,NA,WF,0,2023,NA,NA,FALSE,TRUE
2023-ORMED-000264,0.1,Class A,NA,NA,NA,NA,WF,0,2023,NA,NA,FALSE,TRUE
2023-ORMED-000261,0.1,Class A,2023-08-15T00:32:00Z,248.03333333333333,NA,NA,WF,0,2023,NA,NA,FALSE,TRUE
2023-ORDEF-000584,0.22,Class A,2023-08-06T14:56:00Z,39.983333333333334,NA,NA,WF,0,2023,NA,NA,FALSE,TRUE
2023-ORDEF-000597,0.2,Class A,NA,NA,NA,NA,WF,0,2023,NA,NA,FALSE,TRUE
2023-ORDEF-000594,0.2,Class A,2023-08-06T21:59:00Z,43.87388888888889,NA,NA,WF,0,2023,NA,NA,FALSE,TRUE
2023-OR954S-000918,0.1,Class A,2023-08-10T23:23:00Z,135.25722222222225,NA,NA,WF,0,2023,NA,NA,FALSE,TRUE
2023-ORDEF-000590,0.2,Class A,2023-08-07T19:00:00Z,66.76194444444444,NA,NA,WF,0,2023,NA,NA,FALSE,TRUE
2023-OR981S-230245,0.25,Class A,2023-08-12T19:45:00Z,166.25,NA,NA,WF,0,2023,NA,NA,FALSE,TRUE
2023-OR981S-230248,0.2,Class A,2023-08-18T20:33:00Z,307.31666666666666,NA,NA,WF,0,2023,NA,NA,FALSE,TRUE
2023-OR981S-230246,0.2,Class A,2023-08-19T20:30:00Z,333.4166666666667,NA,NA,WF,0,2023,NA,NA,FALSE,TRUE
2023-ORWWF-000343,0.1,Class A,NA,NA,NA,NA,WF,0,2023,NA,NA,FALSE,TRUE
2023-OR952S-023153,0.1,Class A,2023-08-09T23:02:00Z,91.08222222222224,NA,NA,WF,0,2023,NA,NA,FALSE,TRUE
2023-OR731S-000168,0.01,Class A,NA,NA,NA,NA,WF,0,2023,NA,NA,FALSE,TRUE
2023-OR711S-711-136-24,0.75,Class B,NA,NA,NA,NA,WF,0,2023,NA,NA,FALSE,TRUE
2023-OR781S-000140,1.26,Class B,NA,NA,NA,NA,WF,0,2023,NA,NA,FALSE,TRUE
2023-OR781S-000143,0.03,Class A,NA,NA,NA,NA,WF,0,2023,NA,NA,FALSE,TRUE
2023-OR781S-000139,0.01,Class A,NA,NA,NA,NA,WF,0,2023,NA,NA,FALSE,TRUE
2023-OR981S-230252,0.1,Class A,2023-08-16T21:06:00Z,234.34277777777777,NA,NA,WF,0,2023,NA,NA,FALSE,TRUE
2023-ORPRD-000586,0.2,Class A,2023-08-05T15:46:00Z,16.70722222222222,NA,NA,WF,0,2023,NA,NA,FALSE,TRUE
2023-ORDEF-000598,0.2,Class A,2023-08-10T19:36:00Z,123.7136111111111,NA,NA,WF,0,2023,NA,NA,FALSE,TRUE
2023-OR781S-000050,0.1,Class A,NA,NA,NA,NA,WF,0,2023,NA,NA,FALSE,TRUE
2023-OR972S-000362,0.1,Class A,NA,NA,NA,NA,WF,0,2023,NA,NA,FALSE,TRUE
2023-ORWWF-000354,0.2,Class A,NA,NA,NA,NA,WF,0,2023,NA,NA,FALSE,TRUE
2023-OR973S-000367,0.1,Class A,2023-08-12T17:43:00Z,99.48333333333332,NA,NA,WF,0,2023,NA,NA,FALSE,TRUE
2023-ORPRD-000617,0.1,Class A,NA,NA,NA,NA,WF,0,2023,NA,NA,FALSE,TRUE
2023-OR781S-000035,6.33,Class B,NA,NA,NA,NA,WF,0,2023,NA,NA,FALSE,TRUE
2023-OR781S-000052,0.1,Class A,NA,NA,NA,NA,WF,0,2023,NA,NA,FALSE,TRUE
2023-ORVAD-230151,0.1,Class A,2023-08-08T20:18:00Z,24.592222222222222,NA,NA,WF,0,2023,NA,NA,FALSE,TRUE
2023-ORPRD-000619,0.1,Class A,NA,NA,NA,NA,WF,0,2023,NA,NA,FALSE,TRUE
2023-OR953S-023163,8.32,Class B,2023-08-20T21:45:00Z,288.475,NA,NA,WF,0,2023,NA,NA,FALSE,TRUE
2023-OR952S-023164,0.25,Class A,2023-08-10T02:00:00Z,26.516666666666666,NA,NA,WF,0,2023,NA,NA,FALSE,TRUE
2023-OR731S-731-433-23,1,Class B,NA,NA,NA,NA,WF,0,2023,NA,NA,FALSE,TRUE
2023-OR731S-732-435-23,3.85,Class B,NA,NA,NA,NA,WF,0,2023,NA,NA,FALSE,TRUE
2023-OR732S-000453,1.5,Class B,NA,NA,NA,NA,WF,0,2023,NA,NA,FALSE,TRUE
2023-OR731S-000454,0.75,Class B,NA,NA,NA,NA,WF,0,2023,NA,NA,FALSE,TRUE
2023-OR731S-000487,0.01,Class A,NA,NA,NA,NA,WF,0,2023,NA,NA,FALSE,TRUE
2023-OR731S-000495,0.01,Class A,NA,NA,NA,NA,WF,0,2023,NA,NA,FALSE,TRUE
2023-ORDEF-000583,0.2,Class A,2023-08-06T18:15:00Z,44.30388888888889,NA,NA,WF,0,2023,NA,NA,FALSE,TRUE
2023-OR733S-000020,0.01,Class A,NA,NA,NA,NA,WF,0,2023,NA,NA,FALSE,TRUE
2023-OR731S-000103,0.01,Class A,NA,NA,NA,NA,WF,0,2023,NA,NA,FALSE,TRUE
2023-OR732S-000185,1.35,Class B,NA,NA,NA,NA,WF,0,2023,NA,NA,FALSE,TRUE
2023-OR955S-000629,0.1,Class A,2023-08-11T19:38:00Z,45.13944444444444,NA,NA,WF,0,2023,NA,NA,FALSE,TRUE
2023-ORPENN-000376,10,Class C,NA,NA,NA,NA,WF,0,2023,NA,NA,FALSE,TRUE
2023-ORMED-000284,0.1,Class A,2023-08-18T21:52:00Z,340.8666666666667,NA,NA,WF,0,2023,NA,NA,FALSE,TRUE
2023-OR732S-000122,0.01,Class A,NA,NA,NA,NA,WF,0,2023,NA,NA,FALSE,TRUE
2023-OR731S-000128,0.1,Class A,NA,NA,NA,NA,WF,0,2023,NA,NA,FALSE,TRUE
2023-OR731S-000129,0.01,Class A,NA,NA,NA,NA,WF,0,2023,NA,NA,FALSE,TRUE
2023-OR731S-000143,0.01,Class A,NA,NA,NA,NA,WF,0,2023,NA,NA,FALSE,TRUE
2023-OR733S-000147,0.1,Class A,NA,NA,NA,NA,WF,0,2023,NA,NA,FALSE,TRUE
2023-OR973S-000384,38.71,Class C,2023-08-15T21:00:00Z,121.43333333333334,NA,NA,WF,0,2023,NA,NA,FALSE,TRUE
2023-ORCLP-230256,0.2,Class A,2023-08-26T18:55:00Z,383.6,NA,NA,WF,0,2023,NA,NA,FALSE,TRUE
2023-OR732S-000148,0.1,Class A,NA,NA,NA,NA,WF,0,2023,NA,NA,FALSE,TRUE
2023-ORDEF-000636,0.2,Class A,2023-08-15T21:11:00Z,120.97305555555556,NA,NA,WF,0,2023,NA,NA,FALSE,TRUE
2023-ORUMF-000387,0.1,Class A,2023-08-17T02:08:00Z,148.81666666666666,NA,NA,WF,0,2023,NA,NA,FALSE,TRUE
2023-OR954S-001002,0.1,Class A,2023-08-18T01:33:00Z,174.03333333333333,NA,NA,WF,0,2023,NA,NA,FALSE,TRUE
2023-OR954S-001005,0.5,Class B,2023-09-21T00:40:00Z,985.2536111111112,NA,NA,WF,0,2023,NA,NA,FALSE,TRUE
2023-ORPRD-000638,0.1,Class A,NA,NA,NA,NA,WF,0,2023,NA,NA,FALSE,TRUE
2023-OR732S-000154,0.25,Class A,NA,NA,NA,NA,WF,0,2023,NA,NA,FALSE,TRUE
2023-OR973S-000388,0.25,Class A,2023-08-20T20:00:00Z,236.88333333333333,NA,NA,WF,0,2023,NA,NA,FALSE,TRUE
2023-ORRSF-000279,0.35,Class B,2023-08-10T17:45:00Z,75.35777777777778,NA,NA,WF,0,2023,NA,NA,FALSE,TRUE
2023-OR981S-23230258,0.25,Class A,2023-08-19T20:35:00Z,193.95361111111112,NA,NA,WF,0,2023,NA,NA,FALSE,TRUE
2023-OR951S-000642,0.1,Class A,NA,NA,NA,NA,WF,0,2023,NA,NA,FALSE,TRUE
2023-OR711S-711-150-24,1.27,Class B,NA,NA,NA,NA,WF,0,2023,NA,NA,FALSE,TRUE
2023-ORRFPN-230259,0.1,Class A,NA,NA,NA,NA,WF,0,2023,NA,NA,FALSE,TRUE
2023-OR781S-000066,0.01,Class A,NA,NA,NA,NA,WF,0,2023,NA,NA,FALSE,TRUE
2023-OR723S-009824,35.65,Class C,NA,NA,NA,NA,WF,0,2023,NA,NA,FALSE,TRUE
2023-ORMHF-001027,0.1,Class A,2023-08-12T21:25:00Z,0.6313888888888889,NA,NA,WF,0,2023,NA,NA,FALSE,TRUE
2023-ORMHF-001036,0.1,Class A,2023-08-13T02:34:00Z,0.43333333333333335,NA,NA,WF,0,2023,NA,NA,FALSE,TRUE
2023-OR954S-001037,0.1,Class A,2023-08-18T22:19:00Z,128.2788888888889,NA,NA,WF,0,2023,NA,NA,FALSE,TRUE
2023-ORNOD-230357,0.1,Class A,2023-08-03T01:22:00Z,2.316666666666667,NA,NA,WF,0,2023,NA,NA,FALSE,TRUE
2023-ORDEF-000662,0.1,Class A,2023-08-14T17:54:00Z,1.8369444444444445,NA,NA,WF,0,2023,NA,NA,FALSE,TRUE
2023-ORPRD-000666,0.1,Class A,NA,NA,NA,NA,WF,0,2023,NA,NA,FALSE,TRUE
2015-ORSAD-000207,105.9172,Class D,NA,NA,Type 4 Incident,4,WF,0,2015,NA,NA,FALSE,TRUE
2023-OR982S-230262,0.5,Class B,2023-08-19T20:26:00Z,92.78333333333332,NA,NA,WF,0,2023,NA,NA,FALSE,TRUE
2023-OR951S-000674,4.72,Class B,2023-09-03T01:21:00Z,432.6533333333333,NA,NA,WF,0,2023,NA,NA,FALSE,TRUE
2023-ORWWF-000369,0.25,Class A,2023-08-11T00:01:00Z,50.94777777777778,NA,NA,WF,0,2023,NA,NA,FALSE,TRUE
2023-ORPRD-000679,0.1,Class A,NA,NA,NA,NA,WF,0,2023,NA,NA,FALSE,TRUE
2023-ORDEF-000681,0.2,Class A,2023-08-21T21:46:00Z,122.43694444444444,NA,NA,WF,0,2023,NA,NA,FALSE,TRUE
2023-CAKNF-007035,0.01,Class A,2023-08-21T00:59:00Z,97.98861111111113,NA,NA,WF,0,2023,NA,NA,FALSE,TRUE
2023-ORRSF-000302,0.1,Class A,2023-08-17T18:39:00Z,17.025833333333335,NA,NA,WF,0,2023,NA,NA,FALSE,TRUE
2023-OR971S-000405,1.5,Class B,NA,NA,NA,NA,WF,0,2023,NA,NA,FALSE,TRUE
2023-ORMED-000308,0.1,Class A,2023-08-30T21:00:00Z,309.35,NA,NA,WF,0,2023,NA,NA,FALSE,TRUE
2023-ORFWF-230271,0.43,Class B,2023-08-23T22:57:00Z,142.01222222222222,NA,NA,WF,0,2023,NA,NA,FALSE,TRUE
2023-OR722S-011124,0.25,Class A,NA,NA,NA,NA,WF,0,2023,NA,NA,FALSE,TRUE
2023-OR733S-000249,0.25,Class A,NA,NA,NA,NA,WF,0,2023,NA,NA,FALSE,TRUE
2023-OR733S-000208,0.1,Class A,NA,NA,NA,NA,WF,0,2023,NA,NA,FALSE,TRUE
2023-OR732S-000209,0.01,Class A,NA,NA,NA,NA,WF,0,2023,NA,NA,FALSE,TRUE
2023-OR733S-000212,0.1,Class A,NA,NA,NA,NA,WF,0,2023,NA,NA,FALSE,TRUE
2023-OR731S-000223,0.01,Class A,NA,NA,NA,NA,WF,0,2023,NA,NA,FALSE,TRUE
2023-OR732S-000239,0.01,Class A,NA,NA,NA,NA,WF,0,2023,NA,NA,FALSE,TRUE
2023-ORUM7N-000406,10,Class C,NA,NA,NA,NA,WF,0,2023,NA,NA,FALSE,TRUE
2023-ORCGF-001107,0.1,Class A,NA,NA,NA,NA,WF,0,2023,NA,NA,FALSE,TRUE
2023-ORLAD-230277,0.2,Class A,2023-08-29T17:48:00Z,232.56666666666663,NA,NA,WF,0,2023,NA,NA,FALSE,TRUE
2023-ORFWF-230278,0.2,Class A,2023-08-21T20:35:00Z,42.51361111111111,NA,NA,WF,0,2023,NA,NA,FALSE,TRUE
2023-ORDEF-000700,0.2,Class A,2023-08-22T20:10:00Z,65.925,NA,NA,WF,0,2023,NA,NA,FALSE,TRUE
2023-ORVAD-230172,0.25,Class A,2023-08-24T18:24:00Z,113.15555555555557,NA,NA,WF,0,2023,NA,NA,FALSE,TRUE
2023-ORRSF-000325,0.2,Class A,2023-08-24T15:44:00Z,108.77888888888889,NA,NA,WF,0,2023,NA,NA,FALSE,TRUE
2023-OR711S-711-184-24,0.82,Class B,NA,NA,NA,NA,WF,0,2023,NA,NA,FALSE,TRUE
2023-OR971S-000418,0.1,Class A,NA,NA,NA,NA,WF,0,2023,NA,NA,FALSE,TRUE
2023-OR955S-000703,106.34,Class D,NA,NA,NA,NA,WF,0,2023,NA,NA,FALSE,TRUE
2023-ORRSF-000311,0.5,Class B,2023-08-23T22:27:00Z,95.56666666666666,NA,NA,WF,0,2023,NA,NA,FALSE,TRUE
2023-ORRSF-000313,0,Class A,2023-08-27T21:46:00Z,189.66055555555556,NA,NA,WF,0,2023,NA,NA,FALSE,TRUE
2023-ORRSF-000319,0.5,Class B,2023-08-22T20:40:00Z,66.90777777777778,NA,NA,WF,0,2023,NA,NA,FALSE,TRUE
2023-ORRSF-000328,1.08,Class B,2023-08-26T18:39:00Z,157.61916666666667,NA,NA,WF,0,2023,NA,NA,FALSE,TRUE
2023-ORRSF-000343,0.2,Class A,2023-08-23T20:30:00Z,75.79055555555556,NA,NA,WF,0,2023,NA,NA,FALSE,TRUE
2023-ORRSF-000359,0.35,Class B,2023-08-26T20:00:00Z,140.8047222222222,NA,NA,WF,0,2023,NA,NA,FALSE,TRUE
2023-ORNOD-230306,0.11,Class A,2023-08-04T19:32:00Z,39.666666666666664,NA,NA,WF,0,2023,NA,NA,FALSE,TRUE
2023-OR781S-000079,0.01,Class A,NA,NA,NA,NA,WF,0,2023,NA,NA,FALSE,TRUE
2023-ORRSF-000370,0.2,Class A,2023-08-27T21:10:00Z,146.05,NA,NA,WF,0,2023,NA,NA,FALSE,TRUE
2023-OR781S-000077,0.01,Class A,NA,NA,NA,NA,WF,0,2023,NA,NA,FALSE,TRUE
2023-ORMED-000372,0.25,Class A,2023-09-02T19:00:00Z,316.75,NA,NA,WF,0,2023,NA,NA,FALSE,TRUE
2023-ORRSF-000339,11,Class C,2023-08-28T18:38:00Z,194.8997222222222,NA,NA,WF,0,2023,NA,NA,FALSE,TRUE
2023-ORPRD-000708,0,Class A,2023-08-22T19:05:00Z,15.395555555555555,NA,NA,WF,0,2023,NA,NA,FALSE,TRUE
2023-ORPRD-000709,0.2,Class A,2023-08-23T19:32:00Z,29.883333333333333,NA,NA,WF,0,2023,NA,NA,FALSE,TRUE
2023-ORMED-000375,0.1,Class A,2023-09-02T19:00:00Z,315.31666666666666,NA,NA,WF,0,2023,NA,NA,FALSE,TRUE
2023-ORMED-000376,0.25,Class A,2023-09-02T21:00:00Z,313.6166666666667,NA,NA,WF,0,2023,NA,NA,FALSE,TRUE
2023-ORMED-000377,0.1,Class A,2023-09-03T20:57:00Z,358.2,NA,NA,WF,0,2023,NA,NA,FALSE,TRUE
2023-ORMED-000379,0.5,Class B,2023-09-13T21:00:00Z,556.3166666666667,NA,NA,WF,0,2023,NA,NA,FALSE,TRUE
2023-OR721S-011624,0.25,Class A,NA,NA,NA,NA,WF,0,2023,NA,NA,FALSE,TRUE
2023-OR954S-000328,0.1,Class A,NA,NA,NA,NA,WF,0,2023,NA,NA,FALSE,TRUE
2023-OR733S-000164,0.12,Class A,NA,NA,NA,NA,WF,0,2023,NA,NA,FALSE,TRUE
2023-OR733S-000271,0.1,Class A,NA,NA,NA,NA,WF,0,2023,NA,NA,FALSE,TRUE
2023-ORRSF-000350,0.1,Class A,2023-08-23T23:42:00Z,77.63333333333334,NA,NA,WF,0,2023,NA,NA,FALSE,TRUE
2023-ORMED-000390,0.5,Class B,2023-09-05T19:00:00Z,330,NA,NA,WF,0,2023,NA,NA,FALSE,TRUE
2023-OR955S-000712,0.1,Class A,2023-08-25T17:30:00Z,48.431111111111115,NA,NA,WF,0,2023,NA,NA,FALSE,TRUE
2023-OR991S-000710,0.2,Class A,NA,NA,NA,NA,WF,0,2023,NA,NA,FALSE,TRUE
2023-OR733S-000258,2.23,Class B,NA,NA,NA,NA,WF,0,2023,NA,NA,FALSE,TRUE
2023-ORWIF-230387,0.2,Class A,2023-09-09T21:30:00Z,408.84277777777777,NA,NA,WF,0,2023,NA,NA,FALSE,TRUE
2023-ORRSF-000342,0.3,Class B,2023-08-23T20:12:00Z,75.69666666666667,NA,NA,WF,0,2023,NA,NA,FALSE,TRUE
2023-ORRSF-000341,2,Class B,2023-08-25T00:24:00Z,103.99111111111112,NA,NA,WF,0,2023,NA,NA,FALSE,TRUE
2023-OR732S-000309,0.01,Class A,NA,NA,NA,NA,WF,0,2023,NA,NA,FALSE,TRUE
2023-OR781S-000127,4.51,Class B,NA,NA,NA,NA,WF,0,2023,NA,NA,FALSE,TRUE
2023-ORRSF-000403,0.35,Class B,2023-08-29T20:22:00Z,99.65,NA,NA,WF,0,2023,NA,NA,FALSE,TRUE
2023-ORRSF-000411,0.1,Class A,2023-08-28T16:32:00Z,69.17611111111111,NA,NA,WF,0,2023,NA,NA,FALSE,TRUE
2023-ORUPF-000343,0.35,Class B,NA,NA,NA,NA,WF,0,2023,NA,NA,FALSE,TRUE
2023-OR711S-711-241-24,1,Class B,NA,NA,NA,NA,WF,0,2023,NA,NA,FALSE,TRUE
2023-OR953S-023185,0.31,Class B,2023-08-30T22:08:00Z,121.755,NA,NA,WF,0,2023,NA,NA,FALSE,TRUE
2023-ORUPF-000353,5,Class B,NA,NA,NA,NA,WF,0,2023,NA,NA,FALSE,TRUE
2023-ORMED-000420,0.25,Class A,2023-09-08T18:51:00Z,336.85,NA,NA,WF,0,2023,NA,NA,FALSE,TRUE
2023-OR781S-000128,0.02,Class A,NA,NA,NA,NA,WF,0,2023,NA,NA,FALSE,TRUE
2023-OR731S-000331,325.63,Class E,NA,NA,NA,NA,WF,0,2023,NA,NA,FALSE,TRUE
2023-OR731S-000308,12.88,Class C,NA,NA,NA,NA,WF,0,2023,NA,NA,FALSE,TRUE
2023-OR732S-000320,1.33,Class B,2023-09-14T20:30:00Z,489,NA,NA,WF,0,2023,NA,NA,FALSE,TRUE
2023-OR731S-000315,71.21,Class C,NA,NA,NA,NA,WF,0,2023,NA,NA,FALSE,TRUE
2023-OR731S-000312,6489.67,Class G,NA,NA,NA,NA,WF,0,2023,NA,NA,FALSE,TRUE
2023-OR731S-000329,291.66,Class D,NA,NA,NA,NA,WF,0,2023,NA,NA,FALSE,TRUE
2023-OR731S-000328,1104.13,Class F,NA,NA,NA,NA,WF,0,2023,NA,NA,FALSE,TRUE
2023-OR781S-000121,0.19,Class A,NA,NA,NA,NA,WF,0,2023,NA,NA,FALSE,TRUE
2023-ORWIF-230422,0.5,Class B,2023-08-31T20:00:00Z,123.08333333333331,NA,NA,WF,0,2023,NA,NA,FALSE,TRUE
2023-ORMED-000422,0.2,Class A,2023-09-05T21:00:00Z,389.9,NA,NA,WF,0,2023,NA,NA,FALSE,TRUE
2023-OR731S-000321,0,Class A,NA,NA,NA,NA,WF,0,2023,NA,NA,FALSE,TRUE
2023-OR731S-000327,0.01,Class A,NA,NA,NA,NA,WF,0,2023,NA,NA,FALSE,TRUE
2023-OR731S-000325,0.01,Class A,NA,NA,NA,NA,WF,0,2023,NA,NA,FALSE,TRUE
2023-OR732S-000288,2.22,Class B,NA,NA,NA,NA,WF,0,2023,NA,NA,FALSE,TRUE
2023-OR732S-000291,0.13,Class A,NA,NA,NA,NA,WF,0,2023,NA,NA,FALSE,TRUE
2023-OR731S-000324,0.02,Class A,NA,NA,NA,NA,WF,0,2023,NA,NA,FALSE,TRUE
2023-OR731S-000330,1.86,Class B,NA,NA,NA,NA,WF,0,2023,NA,NA,FALSE,TRUE
2023-OR781S-000126,0.94,Class B,NA,NA,NA,NA,WF,0,2023,NA,NA,FALSE,TRUE
2023-ORLAD-230292,0.1,Class A,NA,NA,NA,NA,WF,0,2023,NA,NA,FALSE,TRUE
2023-OR981S-230294,0.1,Class A,2023-08-28T21:01:00Z,0.48333333333333334,NA,NA,WF,0,2023,NA,NA,FALSE,TRUE
2023-ORNOD-23230395,7.41,Class B,NA,NA,NA,NA,WF,0,2023,NA,NA,FALSE,TRUE
2023-OR733S-000353,0.5,Class B,NA,NA,NA,NA,WF,0,2023,NA,NA,FALSE,TRUE
2023-OR781S-000105,1,Class B,NA,NA,NA,NA,WF,0,2023,NA,NA,FALSE,TRUE
2023-OR731S-000346,1.96,Class B,NA,NA,NA,NA,WF,0,2023,NA,NA,FALSE,TRUE
2023-OR971S-000450,0.5,Class B,2023-09-09T19:30:00Z,238.6,NA,NA,WF,0,2023,NA,NA,FALSE,TRUE
2023-OR711S-711-256-24,8.49,Class B,NA,NA,NA,NA,WF,0,2023,NA,NA,FALSE,TRUE
2023-ORSUF-230380,0.2,Class A,2023-08-20T23:12:00Z,2.1166666666666667,NA,NA,WF,0,2023,NA,NA,FALSE,TRUE
2023-OR955S-000706,0.1,Class A,2023-09-01T21:00:00Z,263.5188888888889,NA,NA,WF,0,2023,NA,NA,FALSE,TRUE
2023-OR973S-000454,0.1,Class A,NA,NA,NA,NA,WF,0,2023,NA,NA,FALSE,TRUE
2023-OR781S-000113,0.01,Class A,NA,NA,NA,NA,WF,0,2023,NA,NA,FALSE,TRUE
2023-OR954S-001334,19.99,Class C,2023-09-16T00:11:00Z,314.94555555555553,NA,NA,WF,0,2023,NA,NA,FALSE,TRUE
2023-ORWIF-230448,0.1,Class A,2023-09-13T23:30:00Z,263.8333333333333,NA,NA,WF,0,2023,NA,NA,FALSE,TRUE
2023-OR781S-000147,0.01,Class A,NA,NA,NA,NA,WF,0,2023,NA,NA,FALSE,TRUE
2023-OR973S-000456,0.1,Class A,2023-09-09T00:25:00Z,141.86666666666667,NA,NA,WF,0,2023,NA,NA,FALSE,TRUE
2023-ORPRD-000770,0.1,Class A,2023-09-03T21:32:00Z,2.950277777777778,NA,NA,WF,0,2023,NA,NA,FALSE,TRUE
2023-OR781S-000065,0.01,Class A,NA,NA,NA,NA,WF,0,2023,NA,NA,FALSE,TRUE
2023-OR781S-000063,0.01,Class A,NA,NA,NA,NA,WF,0,2023,NA,NA,FALSE,TRUE
2023-OR781S-000081,2.13,Class B,NA,NA,NA,NA,WF,0,2023,NA,NA,FALSE,TRUE
2023-ORMHF-001324,0.1,Class A,2023-09-03T20:45:00Z,47.050555555555555,NA,NA,WF,0,2023,NA,NA,FALSE,TRUE
2023-OR781S-000057,0.01,Class A,NA,NA,NA,NA,WF,0,2023,NA,NA,FALSE,TRUE
2023-ORMED-000437,0.1,Class A,2023-09-17T18:35:00Z,309.5,NA,NA,WF,0,2023,NA,NA,FALSE,TRUE
2023-ORWIF-230169,0.1,Class A,2023-07-08T20:01:00Z,364.91277777777776,NA,NA,WF,0,2023,NA,NA,FALSE,TRUE
2023-OR981S-230296,5,Class B,2023-09-13T22:05:00Z,170.68333333333334,NA,NA,WF,0,2023,NA,NA,FALSE,TRUE
2023-OR981S-230297,0.25,Class A,NA,NA,NA,NA,WF,0,2023,NA,NA,FALSE,TRUE
2023-ORNOD-230470,1.8,Class B,2023-08-25T02:31:00Z,3.933333333333333,NA,NA,WF,0,2023,NA,NA,FALSE,TRUE
2023-ORWWF-000467,0.2,Class A,NA,NA,NA,NA,WF,0,2023,NA,NA,FALSE,TRUE
2023-OR723S-014224,0.22,Class A,NA,NA,NA,NA,WF,0,2023,NA,NA,FALSE,TRUE
2023-OR721S-014424,0.01,Class A,NA,NA,NA,NA,WF,0,2023,NA,NA,FALSE,TRUE
2023-OR721S-014524,0.01,Class A,NA,NA,NA,NA,WF,0,2023,NA,NA,FALSE,TRUE
2023-OR781S-000033,0.01,Class A,NA,NA,NA,NA,WF,0,2023,NA,NA,FALSE,TRUE
2023-OR781S-000114,0.01,Class A,NA,NA,NA,NA,WF,0,2023,NA,NA,FALSE,TRUE
2023-OR781S-000107,0.01,Class A,NA,NA,NA,NA,WF,0,2023,NA,NA,FALSE,TRUE
2023-OR781S-000117,0.13,Class A,NA,NA,NA,NA,WF,0,2023,NA,NA,FALSE,TRUE
2023-OR781S-000135,0.01,Class A,NA,NA,NA,NA,WF,0,2023,NA,NA,FALSE,TRUE
2023-OR781S-000129,0.03,Class A,NA,NA,NA,NA,WF,0,2023,NA,NA,FALSE,TRUE
2023-OR781S-000049,0.01,Class A,NA,NA,NA,NA,WF,0,2023,NA,NA,FALSE,TRUE
2023-ORWIF-230480,0.1,Class A,2023-09-12T22:00:00Z,48.07361111111111,NA,NA,WF,0,2023,NA,NA,FALSE,TRUE
2023-OR781S-000157,0.01,Class A,NA,NA,NA,NA,WF,0,2023,NA,NA,FALSE,TRUE
2023-OR721S-015024,0.25,Class A,NA,NA,NA,NA,WF,0,2023,NA,NA,FALSE,TRUE
2023-OR971S-000477,1,Class B,2023-09-25T19:04:00Z,332.1333333333333,NA,NA,WF,0,2023,NA,NA,FALSE,TRUE
2023-OR981S-230299,2,Class B,2023-09-18T22:27:00Z,166.18333333333334,NA,NA,WF,0,2023,NA,NA,FALSE,TRUE
2023-OR781S-000153,0.2,Class A,NA,NA,NA,NA,WF,0,2023,NA,NA,FALSE,TRUE
2023-OR781S-000130,0.01,Class A,NA,NA,NA,NA,WF,0,2023,NA,NA,FALSE,TRUE
2023-OR781S-000159,0.25,Class A,NA,NA,NA,NA,WF,0,2023,NA,NA,FALSE,TRUE
2023-OR954S-001417,7.17,Class B,2023-09-19T20:35:00Z,166.69194444444443,NA,NA,WF,0,2023,NA,NA,FALSE,TRUE
2023-ORDEF-000684,0.1,Class A,2023-08-23T19:49:00Z,145.14194444444445,NA,NA,WF,0,2023,NA,NA,FALSE,TRUE
2023-OR733S-000345,0.01,Class A,NA,NA,NA,NA,WF,0,2023,NA,NA,FALSE,TRUE
2023-OR952S-023207,1.68,Class B,2023-09-23T20:20:00Z,205.04833333333335,NA,NA,WF,0,2023,NA,NA,FALSE,TRUE
2023-ORRFPN-230304,1,Class B,NA,NA,NA,NA,WF,0,2023,NA,NA,FALSE,TRUE
2023-ORMED-000463,0.1,Class A,2023-09-30T18:00:00Z,346.95722222222224,NA,NA,WF,0,2023,NA,NA,FALSE,TRUE
2023-OR781S-000047,0.01,Class A,NA,NA,NA,NA,WF,0,2023,NA,NA,FALSE,TRUE
2023-OR781S-000125,0.01,Class A,NA,NA,NA,NA,WF,0,2023,NA,NA,FALSE,TRUE
2023-ORRSF-000465,0.5,Class B,2023-09-24T18:45:00Z,161.1952777777778,NA,NA,WF,0,2023,NA,NA,FALSE,TRUE
2023-OR954S-001471,0.1,Class A,2023-09-21T00:40:00Z,55.83888888888889,NA,NA,WF,0,2023,NA,NA,FALSE,TRUE
2023-OR781S-000160,0.01,Class A,NA,NA,NA,NA,WF,0,2023,NA,NA,FALSE,TRUE
2023-OR732S-000456,0.01,Class A,NA,NA,NA,NA,WF,0,2023,NA,NA,FALSE,TRUE
2023-OR732S-000455,0.01,Class A,NA,NA,NA,NA,WF,0,2023,NA,NA,FALSE,TRUE
2023-OR732S-000454,0.01,Class A,NA,NA,NA,NA,WF,0,2023,NA,NA,FALSE,TRUE
2023-OR974S-000501,0.1,Class A,NA,NA,NA,NA,WF,0,2023,NA,NA,FALSE,TRUE
2023-OR723S-016324,1.5,Class B,NA,NA,NA,NA,WF,0,2023,NA,NA,FALSE,TRUE
2023-ORWIF-23230505,9,Class B,2023-10-25T18:02:00Z,816.6002777777778,NA,NA,RX,0,2023,NA,NA,FALSE,TRUE
2023-OR732S-000469,0.01,Class A,NA,NA,NA,NA,WF,0,2023,NA,NA,FALSE,TRUE
2023-OR732S-000451,0.12,Class A,NA,NA,NA,NA,WF,0,2023,NA,NA,FALSE,TRUE
2023-ORDEF-000829,0.1,Class A,2023-09-22T21:02:00Z,4.6738888888888885,NA,NA,WF,0,2023,NA,NA,FALSE,TRUE
2023-OR733S-000441,0.01,Class A,NA,NA,NA,NA,WF,0,2023,NA,NA,FALSE,TRUE
2023-OR731S-000438,0.25,Class A,NA,NA,NA,NA,WF,0,2023,NA,NA,FALSE,TRUE
2023-OR781S-000155,0.01,Class A,NA,NA,NA,NA,WF,0,2023,NA,NA,FALSE,TRUE
2023-ORCLP-230004,1,Class B,NA,NA,NA,NA,RX,0,2023,NA,NA,FALSE,TRUE
2023-OR732S-000429,0.01,Class A,NA,NA,NA,NA,WF,0,2023,NA,NA,FALSE,TRUE
2023-OR732S-000428,0.1,Class A,NA,NA,NA,NA,WF,0,2023,NA,NA,FALSE,TRUE
2023-OR731S-000427,0.5,Class B,NA,NA,NA,NA,WF,0,2023,NA,NA,FALSE,TRUE
2023-OR733S-000424,0.01,Class A,NA,NA,NA,NA,WF,0,2023,NA,NA,FALSE,TRUE
2023-OR732S-000414,0.01,Class A,NA,NA,NA,NA,WF,0,2023,NA,NA,FALSE,TRUE
2023-OR781S-000103,0.01,Class A,NA,NA,NA,NA,WF,0,2023,NA,NA,FALSE,TRUE
2023-OR731S-000390,0.01,Class A,NA,NA,NA,NA,WF,0,2023,NA,NA,FALSE,TRUE
2023-ORMED-000474,0.1,Class A,2023-10-07T19:37:00Z,313.23333333333335,NA,NA,WF,0,2023,NA,NA,FALSE,TRUE
2023-ORMED-000475,0.6,Class B,2023-10-09T22:30:00Z,343.5,NA,NA,WF,0,2023,NA,NA,FALSE,TRUE
2023-ORVAD-230162,1,Class B,NA,NA,NA,NA,RX,0,2023,NA,NA,FALSE,TRUE
2023-OR781S-000179,0.01,Class A,NA,NA,NA,NA,WF,0,2023,NA,NA,FALSE,TRUE
2023-ORPRD-000849,0.2,Class A,2023-10-01T21:51:00Z,4.016666666666667,NA,NA,WF,0,2023,NA,NA,FALSE,TRUE
2023-OR973S-000531,0.1,Class A,2023-10-05T20:00:00Z,93.66666666666669,NA,NA,WF,0,2023,NA,NA,FALSE,TRUE
2023-OR781S-000181,0.01,Class A,NA,NA,NA,NA,WF,0,2023,NA,NA,FALSE,TRUE
2023-OR981S-230316,0.1,Class A,2023-10-05T17:55:00Z,70.75,NA,NA,WF,0,2023,NA,NA,FALSE,TRUE
2023-ORDEF-000195,5,Class B,NA,NA,NA,NA,RX,0,2023,NA,NA,FALSE,TRUE
2023-OROCF-000003,1,Class B,NA,NA,NA,NA,RX,0,2023,NA,NA,FALSE,TRUE
2023-OROCF-000794,1,Class B,NA,NA,NA,NA,RX,0,2023,NA,NA,FALSE,TRUE
2023-ORDEF-000004,1,Class B,NA,NA,NA,NA,RX,0,2023,NA,NA,FALSE,TRUE
2023-ORPRD-000005,1,Class B,NA,NA,NA,NA,RX,0,2023,NA,NA,FALSE,TRUE
2023-OR951S-000060,1,Class B,NA,NA,NA,NA,RX,0,2023,NA,NA,FALSE,TRUE
2023-ORDEF-000083,1,Class B,NA,NA,NA,NA,RX,0,2023,NA,NA,FALSE,TRUE
2023-ORDEF-000099,1,Class B,NA,NA,NA,NA,RX,0,2023,NA,NA,FALSE,TRUE
2023-ORDEF-000092,1,Class B,NA,NA,NA,NA,RX,0,2023,NA,NA,FALSE,TRUE
2023-ORDEF-000132,1,Class B,NA,NA,NA,NA,RX,0,2023,NA,NA,FALSE,TRUE
2023-ORDEF-000856,1,Class B,NA,NA,NA,NA,RX,0,2023,NA,NA,FALSE,TRUE
2023-ORDEF-000857,1,Class B,NA,NA,NA,NA,RX,0,2023,NA,NA,FALSE,TRUE
2023-OR982S-230318,1,Class B,NA,NA,NA,NA,WF,0,2023,NA,NA,FALSE,TRUE
2023-OR982S-230319,0.25,Class A,2023-10-16T21:15:00Z,286.9,NA,NA,WF,0,2023,NA,NA,FALSE,TRUE
2023-OR781S-000183,3.63,Class B,NA,NA,NA,NA,WF,0,2023,NA,NA,FALSE,TRUE
2023-ORPRD-000858,0.1,Class A,NA,NA,NA,NA,WF,0,2023,NA,NA,FALSE,TRUE
2023-ORFWF-230045,1,Class B,NA,NA,NA,NA,RX,0,2023,NA,NA,FALSE,TRUE
2023-ORFWF-230046,1,Class B,NA,NA,NA,NA,RX,0,2023,NA,NA,FALSE,TRUE
2023-ORMED-000481,0.1,Class A,2023-10-15T20:59:00Z,309.1166666666667,NA,NA,WF,0,2023,NA,NA,FALSE,TRUE
2023-ORCGF-001568,0.01,Class A,2023-10-10T16:48:00Z,95.11666666666666,NA,NA,WF,0,2023,NA,NA,FALSE,TRUE
2023-OR781S-000119,0.3,Class B,NA,NA,NA,NA,WF,0,2023,NA,NA,FALSE,TRUE
2023-OR981S-230323,0.1,Class A,2023-12-05T15:15:00Z,1384.4666666666667,NA,NA,WF,0,2023,NA,NA,FALSE,TRUE
2023-ORFWF-230047,1,Class B,NA,NA,NA,NA,RX,0,2023,NA,NA,FALSE,TRUE
2023-ORLAD-230048,1,Class B,NA,NA,NA,NA,RX,0,2023,NA,NA,FALSE,TRUE
2023-ORDEF-000875,0.2,Class A,2023-10-18T17:25:00Z,119.98333333333332,NA,NA,WF,0,2023,NA,NA,FALSE,TRUE
2023-ORDEF-000859,1,Class B,NA,NA,NA,NA,RX,0,2023,NA,NA,FALSE,TRUE
2023-ORDEF-000878,0.1,Class A,2023-10-15T01:40:00Z,2.325277777777778,NA,NA,WF,0,2023,NA,NA,FALSE,TRUE
2023-ORFWF-230049,1,Class B,NA,NA,NA,NA,RX,0,2023,NA,NA,FALSE,TRUE
2023-OR954S-001622,0.25,Class A,2023-10-25T21:14:00Z,168.29861111111111,NA,NA,WF,0,2023,NA,NA,FALSE,TRUE
2023-ORPRD-000879,0.1,Class A,NA,NA,NA,NA,WF,0,2023,NA,NA,FALSE,TRUE
2023-OROCF-000877,0.1,Class A,NA,NA,NA,NA,WF,0,2023,NA,NA,FALSE,TRUE
2023-ORUMA-000564,0.1,Class A,NA,NA,NA,NA,WF,0,2023,NA,NA,FALSE,TRUE
2023-ORMED-000489,0.15,Class A,NA,NA,NA,NA,WF,0,2023,NA,NA,FALSE,TRUE
2023-OR974S-000567,1,Class B,NA,NA,NA,NA,WF,0,2023,NA,NA,FALSE,TRUE
2023-ORRSF-000358,0.25,Class A,2023-08-27T21:54:00Z,167.00611111111112,NA,NA,WF,0,2023,NA,NA,FALSE,TRUE
2023-ORRSF-000423,0.25,Class A,2023-08-31T21:32:00Z,95.45111111111112,NA,NA,WF,0,2023,NA,NA,FALSE,TRUE
2023-ORMED-000492,0.34,Class B,NA,NA,NA,NA,WF,0,2023,NA,NA,FALSE,TRUE
2023-ORMAF-023252,0.14,Class A,2023-10-25T18:50:00Z,46.91138888888889,NA,NA,WF,0,2023,NA,NA,FALSE,TRUE
2023-ORWWF-000557,1,Class B,NA,NA,NA,NA,RX,0,2023,NA,NA,FALSE,TRUE
2023-ORWWF-000509,0.1,Class A,NA,NA,NA,NA,RX,0,2023,NA,NA,FALSE,TRUE
2023-ORUMF-000495,0.1,Class A,NA,NA,NA,NA,RX,0,2023,NA,NA,FALSE,TRUE
2023-ORUMA-000521,1,Class B,NA,NA,NA,NA,RX,0,2023,NA,NA,FALSE,TRUE
2023-ORWWF-000505,0.1,Class A,NA,NA,NA,NA,RX,0,2023,NA,NA,FALSE,TRUE
2023-ORWWF-000516,1,Class B,NA,NA,NA,NA,RX,0,2023,NA,NA,FALSE,TRUE
2023-ORUMF-000538,1,Class B,NA,NA,NA,NA,RX,0,2023,NA,NA,FALSE,TRUE
2023-ORWWF-000536,1,Class B,NA,NA,NA,NA,RX,0,2023,NA,NA,FALSE,TRUE
2023-ORWWF-000535,1,Class B,NA,NA,NA,NA,RX,0,2023,NA,NA,FALSE,TRUE
2023-ORWWF-000540,1,Class B,NA,NA,NA,NA,RX,0,2023,NA,NA,FALSE,TRUE
2023-ORWWF-000554,1,Class B,NA,NA,NA,NA,RX,0,2023,NA,NA,FALSE,TRUE
2023-ORWWF-000560,1,Class B,NA,NA,NA,NA,RX,0,2023,NA,NA,FALSE,TRUE
2023-ORWWF-000573,1,Class B,NA,NA,NA,NA,RX,0,2023,NA,NA,FALSE,TRUE
2023-ORUMF-000539,1,Class B,NA,NA,NA,NA,RX,0,2023,NA,NA,FALSE,TRUE
2023-ORUMF-000541,1,Class B,NA,NA,NA,NA,RX,0,2023,NA,NA,FALSE,TRUE
2023-ORUMF-000545,1,Class B,NA,NA,NA,NA,RX,0,2023,NA,NA,FALSE,TRUE
2023-ORUMA-000548,1,Class B,NA,NA,NA,NA,RX,0,2023,NA,NA,FALSE,TRUE
2023-ORUMF-000553,1,Class B,NA,NA,NA,NA,RX,0,2023,NA,NA,FALSE,TRUE
2023-ORUMF-000555,1,Class B,NA,NA,NA,NA,RX,0,2023,NA,NA,FALSE,TRUE
2023-ORUMF-000571,1,Class B,NA,NA,NA,NA,RX,0,2023,NA,NA,FALSE,TRUE
2023-ORWWF-000572,0,Class A,2023-10-26T17:37:00Z,44.62083333333333,NA,NA,WF,0,2023,NA,NA,FALSE,TRUE
2023-ORBUD-002443,0,Class A,2023-11-14T18:15:00Z,432.46666666666664,NA,NA,WF,0,2023,NA,NA,FALSE,TRUE
2023-ORDEF-000890,0.1,Class A,2023-11-02T16:45:00Z,115.21416666666669,NA,NA,WF,0,2023,NA,NA,FALSE,TRUE
2023-OR981S-230331,0.1,Class A,2023-12-05T15:15:00Z,903.8794444444444,NA,NA,WF,0,2023,NA,NA,FALSE,TRUE
2023-OR971S-000574,0.1,Class A,NA,NA,NA,NA,WF,0,2023,NA,NA,FALSE,TRUE
2023-OR981S-230332,0.5,Class B,2023-12-05T15:15:00Z,857.9136111111111,NA,NA,WF,0,2023,NA,NA,FALSE,TRUE
2023-ORPRD-000894,0.1,Class A,2024-01-09T17:09:00Z,1696.5405555555556,NA,NA,WF,0,2023,NA,NA,FALSE,TRUE
2023-ORDEF-000893,0.1,Class A,2024-01-02T20:15:00Z,1538.7627777777775,NA,NA,WF,0,2023,NA,NA,FALSE,TRUE
2023-OR981S-230333,0.5,Class B,2023-12-05T15:15:00Z,834.7666666666667,NA,NA,WF,0,2023,NA,NA,FALSE,TRUE
2023-ORUMA-000581,1,Class B,NA,NA,NA,NA,RX,0,2023,NA,NA,FALSE,TRUE
2023-OR955S-000868,0.1,Class A,NA,NA,NA,NA,WF,0,2023,NA,NA,FALSE,TRUE
2023-OR955S-000876,0.1,Class A,NA,NA,NA,NA,WF,0,2023,NA,NA,FALSE,TRUE
2023-ORVAD-230241,0.25,Class A,2023-12-29T17:00:00Z,1385.7513888888889,NA,NA,WF,0,2023,NA,NA,FALSE,TRUE
2023-ORCLP-230051,1,Class B,NA,NA,NA,NA,RX,0,2023,NA,NA,FALSE,TRUE
2023-ORPRD-000897,0.1,Class A,2024-01-09T17:08:00Z,1628.4494444444445,NA,NA,WF,0,2023,NA,NA,FALSE,TRUE
2023-ORDEF-000898,0.1,Class A,2023-11-06T20:21:00Z,74.47361111111111,NA,NA,WF,0,2023,NA,NA,FALSE,TRUE
2023-ORCLP-230052,1,Class B,NA,NA,NA,NA,RX,0,2023,NA,NA,FALSE,TRUE
2023-ORLAD-230053,1,Class B,NA,NA,NA,NA,RX,0,2023,NA,NA,FALSE,TRUE
2023-ORMED-000527,0.1,Class A,NA,NA,NA,NA,WF,0,2023,NA,NA,FALSE,TRUE
2023-ORMED-000528,0.2,Class A,NA,NA,NA,NA,WF,0,2023,NA,NA,FALSE,TRUE
2023-ORCOC-000886,1,Class B,NA,NA,NA,NA,RX,0,2023,NA,NA,FALSE,TRUE
2023-ORPRD-000884,1,Class B,NA,NA,NA,NA,RX,0,2023,NA,NA,FALSE,TRUE
2023-ORCOC-000880,1,Class B,NA,NA,NA,NA,RX,0,2023,NA,NA,FALSE,TRUE
2023-OROCF-000874,1,Class B,NA,NA,NA,NA,RX,0,2023,NA,NA,FALSE,TRUE
2023-ORPRD-000870,1,Class B,NA,NA,NA,NA,RX,0,2023,NA,NA,FALSE,TRUE
2023-OR971S-000591,0.1,Class A,2023-11-12T21:22:00Z,4.5408333333333335,NA,NA,WF,0,2023,NA,NA,FALSE,TRUE
2023-ORMAF-023265,0.1,Class A,2023-11-17T02:00:00Z,28.729166666666668,NA,NA,WF,0,2023,NA,NA,FALSE,TRUE
2023-OR981S-230140,0.01,Class A,NA,NA,NA,NA,WF,0,2023,NA,NA,FALSE,TRUE
2023-ORVAD-230240,1,Class B,NA,NA,NA,NA,RX,0,2023,NA,NA,FALSE,TRUE
2023-ORMHF-001722,0.1,Class A,2023-11-20T22:53:00Z,72.3,NA,NA,WF,0,2023,NA,NA,FALSE,TRUE
2023-ORMED-000537,0.25,Class A,NA,NA,NA,NA,WF,0,2023,NA,NA,FALSE,TRUE
2023-OR981S-230337,0.1,Class A,2023-12-12T16:00:00Z,308.53333333333336,NA,NA,WF,0,2023,NA,NA,FALSE,TRUE
2023-ORMED-000542,0.1,Class A,NA,NA,NA,NA,WF,0,2023,NA,NA,FALSE,TRUE
2023-ORPRD-000911,0.5,Class B,2023-12-11T20:52:00Z,146.65027777777777,NA,NA,WF,0,2023,NA,NA,FALSE,TRUE
2023-ORDEF-000913,0.1,Class A,2023-12-14T18:36:00Z,19.326944444444443,NA,NA,WF,0,2023,NA,NA,FALSE,TRUE
2023-OR731S-000492,0.01,Class A,NA,NA,NA,NA,WF,0,2023,NA,NA,FALSE,TRUE
2023-OR732S-000547,0.1,Class A,NA,NA,NA,NA,WF,0,2023,NA,NA,FALSE,TRUE
2023-ORDEF-000914,0.1,Class A,2023-12-18T22:07:00Z,72.34138888888889,NA,NA,WF,0,2023,NA,NA,FALSE,TRUE
2023-OR733S-000439,0.1,Class A,NA,NA,NA,NA,WF,0,2023,NA,NA,FALSE,TRUE
2023-OR733S-000436,0.01,Class A,NA,NA,NA,NA,WF,0,2023,NA,NA,FALSE,TRUE
2023-ORPRD-000915,0.1,Class A,NA,NA,NA,NA,WF,0,2023,NA,NA,FALSE,TRUE
2023-OR731S-000397,0.5,Class B,NA,NA,NA,NA,WF,0,2023,NA,NA,FALSE,TRUE
2023-OR732S-000372,0.01,Class A,NA,NA,NA,NA,WF,0,2023,NA,NA,FALSE,TRUE
2023-OR732S-000369,0.01,Class A,NA,NA,NA,NA,WF,0,2023,NA,NA,FALSE,TRUE
2023-OR732S-000337,1,Class B,NA,NA,NA,NA,WF,0,2023,NA,NA,FALSE,TRUE
2023-ORUPF-000424,2,Class B,NA,NA,NA,NA,RX,0,2023,NA,NA,FALSE,TRUE
2023-ORUPF-000425,14.99,Class C,NA,NA,NA,NA,RX,0,2023,NA,NA,FALSE,TRUE
2023-OR954S-001788,0.1,Class A,2023-12-28T18:38:00Z,257.65,NA,NA,WF,0,2023,NA,NA,FALSE,TRUE
2023-OR733S-000284,0.01,Class A,NA,NA,NA,NA,WF,0,2023,NA,NA,FALSE,TRUE
2023-ORDEF-000918,0.01,Class A,2024-01-02T20:15:00Z,167.39083333333335,NA,NA,WF,0,2023,NA,NA,FALSE,TRUE
2023-OR733S-000107,0.03,Class A,NA,NA,NA,NA,WF,0,2023,NA,NA,FALSE,TRUE
2023-OR733S-000037,0.25,Class A,NA,NA,NA,NA,WF,0,2023,NA,NA,FALSE,TRUE
2023-OR733S-000023,0.1,Class A,NA,NA,NA,NA,WF,0,2023,NA,NA,FALSE,TRUE
2023-OR955S-000919,0.1,Class A,NA,NA,NA,NA,WF,0,2023,NA,NA,FALSE,TRUE
2023-ORNOD-23230423,0,Class A,2023-08-29T15:00:00Z,75,NA,NA,WF,0,2023,NA,NA,FALSE,TRUE
2023-ORFWF-230044,1,Class B,NA,NA,NA,NA,RX,0,2023,NA,NA,FALSE,TRUE
2023-ORMAF-002407,14.56,Class C,2023-08-29T00:46:26Z,217.93305555555557,NA,NA,WF,0,2023,NA,NA,FALSE,TRUE
2023-ORRSF-000333,0,Class A,2023-08-22T20:49:00Z,66.8,NA,NA,WF,0,2023,NA,NA,FALSE,TRUE
2023-ORMED-000418,0,Class A,2023-09-08T18:11:00Z,337.48333333333335,NA,NA,WF,0,2023,NA,NA,FALSE,TRUE
2023-ORUPF-230437,0.1,Class A,NA,NA,NA,NA,RX,0,2023,NA,NA,FALSE,TRUE
2024-ORPRD-000029,0,Class A,NA,NA,NA,NA,WF,0,2024,NA,NA,FALSE,TRUE
2021-OR952S-002221,0.61,Class B,2021-07-23T23:40:00Z,69.08333333333333,NA,NA,WF,0,2021,NA,NA,FALSE,TRUE
2023-OROCF-000795,1,Class B,NA,NA,NA,NA,RX,0,2023,NA,NA,FALSE,TRUE
2023-ORMHF-000123,380.01,Class E,NA,NA,NA,NA,RX,0,2023,NA,NA,FALSE,TRUE
2023-ORMHF-001736,45,Class C,NA,NA,NA,NA,RX,0,2023,NA,NA,FALSE,TRUE
2016-ORUMA-000009,0.5,Class B,NA,NA,NA,NA,WF,0,2016,NA,NA,FALSE,TRUE
2016-ORUMA-000015,0.1,Class A,NA,NA,NA,NA,WF,0.1,2016,NA,NA,FALSE,TRUE
2016-ORUMA-000020,0.1,Class A,NA,NA,NA,NA,WF,0,2016,NA,NA,FALSE,TRUE
2018-ORBUD-008019,15,Class C,2018-06-26T06:59:59Z,532.3330555555556,NA,NA,WF,0,2018,NA,NA,FALSE,TRUE
2015-OREUD-687694,0.1,Class A,NA,NA,NA,NA,WF,0,2015,NA,NA,FALSE,TRUE
2015-ORLAD-682962,0.4,Class B,NA,NA,NA,NA,WF,0,2015,NA,NA,FALSE,TRUE
2018-ORMED-000325,1971,Class F,2019-01-01T07:59:59Z,3156.9997222222223,NA,NA,WF,0,2018,NA,NA,FALSE,TRUE
2019-ORMED-000153,0.1,Class A,2019-07-10T06:59:59Z,322.8330555555556,NA,NA,WF,0,2019,NA,NA,FALSE,TRUE
2019-ORMED-000197,0.1,Class A,2019-07-22T06:59:59Z,315.94972222222225,NA,NA,WF,0,2019,NA,NA,FALSE,TRUE
2016-ORPRD-000591,0.2,Class A,2016-09-25T06:59:59Z,205.13305555555556,NA,NA,WF,0,2016,NA,NA,FALSE,TRUE
2017-ORVAD-000128,0.1,Class A,2017-08-07T05:59:59Z,317.88305555555553,NA,NA,WF,0,2017,NA,NA,FALSE,TRUE
2018-ORVAD-000204,6.6,Class B,2018-11-17T07:59:59Z,1749.7497222222223,NA,NA,WF,0,2018,NA,NA,FALSE,TRUE
2019-ORVAD-000042,35.5,Class C,2019-07-25T05:59:59Z,994.7497222222222,NA,NA,WF,0,2019,NA,NA,FALSE,TRUE
2019-ORVAD-000119,19,Class C,2019-09-06T06:59:59Z,896.9997222222222,NA,NA,WF,0,2019,NA,NA,FALSE,TRUE
2022-ORROD-000070,0,Class A,2022-04-25T19:00:00Z,669,NA,NA,WF,0,2022,NA,NA,FALSE,TRUE
2022-ORROD-000229,0,Class A,2022-08-06T19:00:00Z,274,NA,NA,WF,0,2022,NA,NA,FALSE,TRUE
2022-ORROD-000274,0,Class A,2022-08-18T01:39:00Z,339.65,NA,NA,WF,0,2022,NA,NA,FALSE,TRUE
2022-ORROD-000325,0,Class A,2022-09-01T19:30:00Z,336.5,NA,NA,WF,0,2022,NA,NA,FALSE,TRUE
2022-ORROD-000331,0,Class A,2022-09-01T22:00:00Z,341,NA,NA,WF,0,2022,NA,NA,FALSE,TRUE
2022-ORROD-000332,0,Class A,NA,NA,NA,NA,WF,0,2022,NA,NA,FALSE,TRUE
2022-ORROD-000323,0,Class A,2022-09-01T01:32:00Z,332.95,NA,NA,WF,0,2022,NA,NA,FALSE,TRUE
2022-ORROD-000333,0,Class A,2022-09-01T19:30:00Z,336.75,NA,NA,WF,0,2022,NA,NA,FALSE,TRUE
2022-ORROD-000344,0,Class A,NA,NA,NA,NA,WF,0,2022,NA,NA,FALSE,TRUE
2022-ORROD-000346,0,Class A,2022-09-01T00:30:00Z,314.25,NA,NA,WF,0,2022,NA,NA,FALSE,TRUE
2022-ORROD-000345,0,Class A,NA,NA,NA,NA,WF,0,2022,NA,NA,FALSE,TRUE
2022-ORROD-000370,0,Class A,2022-09-23T20:00:00Z,388.6333333333333,NA,NA,WF,0,2022,NA,NA,FALSE,TRUE
2022-ORROD-000421,0,Class A,2022-11-03T21:10:00Z,191.4,NA,NA,WF,0,2022,NA,NA,FALSE,TRUE
2022-ORROD-000460,0,Class A,2022-12-10T19:30:00Z,454.5,NA,NA,WF,0,2022,NA,NA,FALSE,TRUE
2022-ORCBD-000491,0,Class A,NA,NA,NA,NA,WF,0,2022,NA,NA,FALSE,TRUE
2022-ORROD-000521,0,Class A,2022-08-06T19:00:00Z,274,NA,NA,WF,0,2022,NA,NA,FALSE,TRUE
2023-OR733S-000100,0.01,Class A,NA,NA,NA,NA,WF,0,2023,NA,NA,FALSE,TRUE
2023-OR733S-000026,0,Class A,NA,NA,NA,NA,WF,0,2023,NA,NA,FALSE,TRUE
2023-ORFWF-230317,0.1,Class A,NA,NA,NA,NA,WF,0,2023,NA,NA,FALSE,TRUE
2023-ORRFPN-230189,0.1,Class A,NA,NA,NA,NA,WF,0,2023,NA,NA,FALSE,TRUE
2023-OR732S-000277,0.1,Class A,NA,NA,NA,NA,WF,0,2023,NA,NA,FALSE,TRUE
2023-OR733S-000167,21.99,Class C,NA,NA,NA,NA,WF,0,2023,NA,NA,FALSE,TRUE
2023-ORMHF-001649,1,Class B,NA,NA,NA,NA,RX,0,2023,NA,NA,FALSE,TRUE
2023-ORMHF-001650,69,Class C,NA,NA,NA,NA,RX,0,2023,NA,NA,FALSE,TRUE
2023-ORMHF-001683,20,Class C,NA,NA,NA,NA,RX,0,2023,NA,NA,FALSE,TRUE
2023-ORMHF-001694,1,Class B,NA,NA,NA,NA,RX,0,2023,NA,NA,FALSE,TRUE
2023-ORMHF-001695,1.1,Class B,NA,NA,NA,NA,RX,0,2023,NA,NA,FALSE,TRUE
2023-ORMHF-001742,61,Class C,NA,NA,NA,NA,RX,0,2023,NA,NA,FALSE,TRUE
2023-ORMHF-001530,2,Class B,NA,NA,NA,NA,RX,0,2023,NA,NA,FALSE,TRUE
2023-ORMHF-001679,56.01,Class C,NA,NA,NA,NA,RX,0,2023,NA,NA,FALSE,TRUE
2023-OR772S-000097,0.75,Class B,NA,NA,NA,NA,WF,0,2023,NA,NA,FALSE,TRUE
2023-ORMHF-001667,92,Class C,NA,NA,NA,NA,RX,0,2023,NA,NA,FALSE,TRUE
2018-ORLAD-000428,0.1,Class A,2018-11-26T16:18:00Z,1025.8833333333334,Type 4 Incident,4,WF,0,2018,NA,NA,FALSE,TRUE
2018-OR981S-000447,0.1,Class A,NA,NA,NA,NA,WF,0,2018,NA,NA,FALSE,TRUE
2022-OR952S-022284,0.81,Class B,2022-09-23T23:42:00Z,126.55,NA,NA,WF,0,2022,NA,NA,FALSE,TRUE
2022-OR954S-000528,0.1,Class A,NA,NA,NA,NA,WF,0,2022,NA,NA,FALSE,TRUE
2023-OR981S-230203,2144.72,Class F,2023-10-19T23:45:00Z,2139.8333333333335,Type 4 Incident,4,WF,0,2023,NA,NA,FALSE,TRUE
2023-ORWIF-230392,1,Class B,2024-06-18T16:50:00Z,7163.05,Type 1 Incident,1,WF,0,2023,NA,NA,FALSE,TRUE
2023-OR954S-001300,836.68,Class E,NA,NA,Type 4 Incident,4,WF,0,2023,NA,NA,FALSE,TRUE
2023-ORUM7N-000459,643.34,Class E,NA,NA,Type 3 Incident,3,WF,0,2023,NA,NA,FALSE,TRUE
2023-ORVAD-230054,1,Class B,NA,NA,NA,NA,RX,0,2023,NA,NA,FALSE,TRUE
2018-OR981S-000443,0.5,Class B,NA,NA,NA,NA,WF,0,2018,NA,NA,FALSE,TRUE
2023-ORUPF-000355,1,Class B,NA,NA,NA,NA,WF,0,2023,NA,NA,FALSE,TRUE
2024-OROCF-000001,0,Class A,2024-01-02T02:48:00Z,5.883333333333334,NA,NA,WF,0,2024,NA,NA,FALSE,TRUE
2024-OROCF-000024,0,Class A,2024-01-30T19:14:00Z,1.6883333333333332,NA,NA,WF,0,2024,NA,NA,FALSE,TRUE
2024-ORFWF-240138,0.1,Class A,2024-06-11T16:42:00Z,63.09972222222222,NA,NA,WF,0,2024,NA,NA,FALSE,TRUE
2024-ORPRD-000287,0.1,Class A,2024-06-28T20:20:00Z,73.17277777777778,NA,NA,WF,0,2024,NA,NA,FALSE,TRUE
2024-ORDEF-000420,0.1,Class A,2024-07-20T22:45:00Z,98.5586111111111,NA,NA,WF,0,2024,NA,NA,FALSE,TRUE
2024-OR712S-000580,0,Class A,NA,NA,NA,NA,WF,0,2024,NA,NA,FALSE,TRUE
2015-CALKR-JN3V,0.1,Class A,2015-04-24T19:00:00Z,2.5,NA,NA,WF,0,2015,NA,NA,FALSE,TRUE
2015-ORKLR-JQP3,0.1,Class A,2015-05-21T07:00:00Z,40,NA,NA,WF,0,2015,NA,NA,FALSE,TRUE
2015-ORMAR-JZL3,2,Class B,2015-08-15T07:00:00Z,563.75,NA,NA,WF,0,2015,NA,NA,FALSE,TRUE
2015-ORMAR-J1NV,1,Class B,2015-08-29T07:00:00Z,348.5,NA,NA,WF,0,2015,NA,NA,FALSE,TRUE
2015-ORBVR-J0ZF,0.2,Class A,2015-08-14T07:00:00Z,196.75,NA,NA,WF,0,2015,NA,NA,FALSE,TRUE
2018-ORHMR-LV4U,0.1,Class A,2018-06-21T07:00:00Z,104.5,NA,NA,WF,0,2018,NA,NA,FALSE,TRUE
2018-ORWMR-1012,0.1,Class A,2018-07-05T18:15:00Z,1.75,NA,NA,WF,0,2018,NA,NA,FALSE,TRUE
2018-ORBVR-L0KW,0.1,Class A,2018-07-25T07:00:00Z,228,NA,NA,WF,0,2018,NA,NA,FALSE,TRUE
2019-ORCOR-MK7L,1.1,Class B,2019-08-15T07:00:00Z,183,NA,NA,WF,0,2019,NA,NA,FALSE,TRUE
2019-ORMAR-MPW4,0.1,Class A,2019-09-01T07:00:00Z,82,NA,NA,WF,0,2019,NA,NA,FALSE,TRUE
2019-ORMAR-MQ9A,3.5,Class B,2019-09-22T07:00:00Z,392.5,NA,NA,WF,0,2019,NA,NA,FALSE,TRUE
2017-ORWSA-000040,0.3,Class B,NA,NA,NA,NA,WF,0,2017,NA,NA,FALSE,TRUE
2018-ORWSA-000017,4.8,Class B,NA,NA,NA,NA,WF,0,2018,NA,NA,FALSE,TRUE
2018-ORWSA-000067,5,Class B,NA,NA,NA,NA,WF,0,2018,NA,NA,FALSE,TRUE
2015-ORUMA-000013,0.1,Class A,NA,NA,NA,NA,WF,0,2015,NA,NA,FALSE,TRUE
2016-ORUMA-000016,3,Class B,NA,NA,NA,NA,WF,0,2016,NA,NA,FALSE,TRUE
2018-ORUMA-000001,146,Class D,NA,NA,NA,NA,WF,0,2018,NA,NA,FALSE,TRUE
2018-ORUMA-000003,0.3,Class B,NA,NA,NA,NA,WF,0,2018,NA,NA,FALSE,TRUE
2018-ORUMA-000008,2,Class B,NA,NA,NA,NA,WF,0,2018,NA,NA,FALSE,TRUE
2018-ORUMA-000034,79,Class C,NA,NA,NA,NA,WF,79,2018,NA,NA,FALSE,TRUE
2019-ORUMA-000015,1.4,Class B,NA,NA,NA,NA,WF,0,2019,NA,NA,FALSE,TRUE
2019-ORUMA-000017,0.1,Class A,NA,NA,NA,NA,WF,0,2019,NA,NA,FALSE,TRUE
2016-ORWSA-000056,180,Class D,NA,NA,NA,NA,WF,0,2016,NA,NA,FALSE,TRUE
2017-ORWSA-000012,32.5,Class C,NA,NA,NA,NA,WF,0,2017,NA,NA,FALSE,TRUE
2018-ORWSA-000013,600,Class E,NA,NA,NA,NA,WF,0,2018,NA,NA,FALSE,TRUE
2015-ORUMA-000001,0.1,Class A,NA,NA,NA,NA,WF,0,2015,NA,NA,FALSE,TRUE
2016-ORUMA-000006,5,Class B,NA,NA,NA,NA,WF,0,2016,NA,NA,FALSE,TRUE
2017-ORUMA-000020,0.3,Class B,NA,NA,NA,NA,WF,0.3,2017,NA,NA,FALSE,TRUE
2018-ORUMA-000012,2.4,Class B,NA,NA,NA,NA,WF,0,2018,NA,NA,FALSE,TRUE
2019-ORUMA-000020,63,Class C,NA,NA,NA,NA,WF,0,2019,NA,NA,FALSE,TRUE
2016-ORUMA-000008,0.1,Class A,NA,NA,NA,NA,WF,0,2016,NA,NA,FALSE,TRUE
2017-ORUMA-000011,241,Class D,NA,NA,NA,NA,WF,0,2017,NA,NA,FALSE,TRUE
2018-ORUMA-000015,3.8,Class B,NA,NA,NA,NA,WF,0,2018,NA,NA,FALSE,TRUE
2018-ORUMA-000017,62,Class C,NA,NA,NA,NA,WF,0,2018,NA,NA,FALSE,TRUE
2018-ORUMA-000018,2060,Class F,NA,NA,NA,NA,WF,0,2018,NA,NA,FALSE,TRUE
2019-ORUMA-000006,10,Class C,NA,NA,NA,NA,WF,0,2019,NA,NA,FALSE,TRUE
2019-ORUMA-000022,7,Class B,NA,NA,NA,NA,WF,0,2019,NA,NA,FALSE,TRUE
2015-ORUMA-000009,400,Class E,NA,NA,NA,NA,WF,0,2015,NA,NA,FALSE,TRUE
2016-ORUMA-000005,3000,Class F,NA,NA,NA,NA,WF,0,2016,NA,NA,FALSE,TRUE
2017-ORUMA-000021,1,Class B,NA,NA,NA,NA,WF,0,2017,NA,NA,FALSE,TRUE
2018-ORUMA-000013,8,Class B,NA,NA,NA,NA,WF,0,2018,NA,NA,FALSE,TRUE
2018-ORUMA-000026,485,Class E,NA,NA,NA,NA,WF,0,2018,NA,NA,FALSE,TRUE
2018-ORUMA-000035,1000,Class F,NA,NA,NA,NA,WF,0,2018,NA,NA,FALSE,TRUE
2019-ORWSA-000058,54,Class C,NA,NA,NA,NA,WF,0,2019,NA,NA,FALSE,TRUE
2015-ORMED-683661,58,Class C,NA,NA,NA,NA,WF,0,2015,NA,NA,FALSE,TRUE
2015-ORMED-679095,11,Class C,NA,NA,NA,NA,WF,0,2015,NA,NA,FALSE,TRUE
2015-ORMED-679257,0.1,Class A,NA,NA,NA,NA,WF,0,2015,NA,NA,FALSE,TRUE
2015-OREUD-681373,0.1,Class A,NA,NA,NA,NA,WF,0,2015,NA,NA,FALSE,TRUE
2015-OREUD-687519,0.1,Class A,NA,NA,NA,NA,WF,0,2015,NA,NA,FALSE,TRUE
2015-OREUD-687568,0.1,Class A,NA,NA,NA,NA,WF,0,2015,NA,NA,FALSE,TRUE
2015-OREUD-687565,0.1,Class A,NA,NA,NA,NA,WF,0,2015,NA,NA,FALSE,TRUE
2015-OREUD-679963,0.1,Class A,NA,NA,NA,NA,WF,0,2015,NA,NA,FALSE,TRUE
2015-OREUD-687539,0.1,Class A,NA,NA,NA,NA,WF,0,2015,NA,NA,FALSE,TRUE
2015-OREUD-687534,0.1,Class A,NA,NA,NA,NA,WF,0,2015,NA,NA,FALSE,TRUE
2015-OREUD-687532,0.1,Class A,NA,NA,NA,NA,WF,0,2015,NA,NA,FALSE,TRUE
2015-OREUD-687558,0.1,Class A,NA,NA,NA,NA,WF,0,2015,NA,NA,FALSE,TRUE
2015-OREUD-687556,0.7,Class B,NA,NA,NA,NA,WF,0,2015,NA,NA,FALSE,TRUE
2015-OREUD-687549,0.1,Class A,NA,NA,NA,NA,WF,0,2015,NA,NA,FALSE,TRUE
2015-OREUD-687547,0.1,Class A,NA,NA,NA,NA,WF,0,2015,NA,NA,FALSE,TRUE
2015-OREUD-682407,0.1,Class A,NA,NA,NA,NA,WF,0,2015,NA,NA,FALSE,TRUE
2015-OREUD-685257,0.1,Class A,NA,NA,NA,NA,WF,0,2015,NA,NA,FALSE,TRUE
2015-OREUD-686174,0.1,Class A,NA,NA,NA,NA,WF,0,2015,NA,NA,FALSE,TRUE
2015-OREUD-687530,0.1,Class A,NA,NA,NA,NA,WF,0,2015,NA,NA,FALSE,TRUE
2015-OREUD-687520,0.9,Class B,NA,NA,NA,NA,WF,0,2015,NA,NA,FALSE,TRUE
2015-OREUD-683245,0.1,Class A,NA,NA,NA,NA,WF,0,2015,NA,NA,FALSE,TRUE
2015-OREUD-687517,0.1,Class A,NA,NA,NA,NA,WF,0,2015,NA,NA,FALSE,TRUE
2015-OREUD-683571,0.1,Class A,NA,NA,NA,NA,WF,0,2015,NA,NA,FALSE,TRUE
2015-OREUD-687661,0.1,Class A,NA,NA,NA,NA,WF,0,2015,NA,NA,FALSE,TRUE
2015-OREUD-687522,0.1,Class A,NA,NA,NA,NA,WF,0,2015,NA,NA,FALSE,TRUE
2015-OREUD-687657,0.1,Class A,NA,NA,NA,NA,WF,0,2015,NA,NA,FALSE,TRUE
2015-OREUD-687855,0.1,Class A,NA,NA,NA,NA,WF,0,2015,NA,NA,FALSE,TRUE
2015-OREUD-681692,0.1,Class A,NA,NA,NA,NA,WF,0,2015,NA,NA,FALSE,TRUE
2015-OREUD-680701,0.1,Class A,NA,NA,NA,NA,WF,0,2015,NA,NA,FALSE,TRUE
2016-OREUD-160236,0.5,Class B,2016-09-27T06:59:59Z,9.999722222222225,NA,NA,WF,0,2016,NA,NA,FALSE,TRUE
2017-ORMED-000302,0.1,Class A,2017-05-25T06:59:59Z,26.86638888888889,NA,NA,WF,0,2017,NA,NA,FALSE,TRUE
2017-ORMED-000675,0.1,Class A,2018-01-01T07:59:59Z,5197.749722222222,NA,NA,WF,0,2017,NA,NA,FALSE,TRUE
2017-ORMED-000701,0.1,Class A,2018-01-01T07:59:59Z,1788.4330555555557,NA,NA,WF,0,2017,NA,NA,FALSE,TRUE
2017-ORMED-000836,0.1,Class A,2018-01-01T07:59:59Z,4542.166388888889,NA,NA,WF,0,2017,NA,NA,FALSE,TRUE
2018-ORMED-000116,0.1,Class A,2018-12-31T07:59:59Z,4044.0163888888887,NA,NA,WF,0,2018,NA,NA,FALSE,TRUE
2018-ORMED-000197,0.8,Class B,2019-01-01T07:59:59Z,4071.9997222222223,NA,NA,WF,0,2018,NA,NA,FALSE,TRUE
2018-ORMED-000215,825,Class E,2019-01-01T07:59:59Z,4071.9997222222223,NA,NA,WF,0,2018,NA,NA,FALSE,TRUE
2018-ORMED-000241,7809,Class G,2019-01-01T07:59:59Z,4071.9997222222223,NA,NA,WF,0,2018,NA,NA,FALSE,TRUE
2018-ORMED-000388,0.1,Class A,2019-01-01T07:59:59Z,2673.616388888889,NA,NA,WF,0,2018,NA,NA,FALSE,TRUE
2018-ORMED-000714,19.3,Class C,2019-01-01T07:59:59Z,7807.616388888889,NA,NA,WF,0,2018,NA,NA,FALSE,TRUE
2019-ORMED-000159,0.1,Class A,2019-07-10T06:59:59Z,325.13305555555553,NA,NA,WF,0,2019,NA,NA,FALSE,TRUE
2019-ORMED-000249,0.1,Class A,2019-08-16T06:59:59Z,308.56638888888887,NA,NA,WF,0,2019,NA,NA,FALSE,TRUE
2019-ORMED-000353,2,Class B,2019-09-12T06:59:59Z,368.0497222222222,NA,NA,WF,0,2019,NA,NA,FALSE,TRUE
2019-ORMED-000454,0.1,Class A,2019-09-20T06:59:59Z,339.2497222222222,NA,NA,WF,0,2019,NA,NA,FALSE,TRUE
2015-OREUD-687573,0.1,Class A,NA,NA,NA,NA,WF,0,2015,NA,NA,FALSE,TRUE
2015-OREUD-687572,0.2,Class A,NA,NA,NA,NA,WF,0,2015,NA,NA,FALSE,TRUE
2015-OREUD-687571,0.1,Class A,NA,NA,NA,NA,WF,0,2015,NA,NA,FALSE,TRUE
2015-OREUD-687570,0.1,Class A,NA,NA,NA,NA,WF,0,2015,NA,NA,FALSE,TRUE
2015-OREUD-687569,0.3,Class B,NA,NA,NA,NA,WF,0,2015,NA,NA,FALSE,TRUE
2015-OREUD-687538,0.1,Class A,NA,NA,NA,NA,WF,0,2015,NA,NA,FALSE,TRUE
2015-OREUD-687537,0.1,Class A,NA,NA,NA,NA,WF,0,2015,NA,NA,FALSE,TRUE
2015-OREUD-687536,0.3,Class B,NA,NA,NA,NA,WF,0,2015,NA,NA,FALSE,TRUE
2015-OREUD-687535,0.1,Class A,NA,NA,NA,NA,WF,0,2015,NA,NA,FALSE,TRUE
2015-OREUD-687554,0.1,Class A,NA,NA,NA,NA,WF,0,2015,NA,NA,FALSE,TRUE
2015-OREUD-687553,0.1,Class A,NA,NA,NA,NA,WF,0,2015,NA,NA,FALSE,TRUE
2015-OREUD-687552,0.4,Class B,NA,NA,NA,NA,WF,0,2015,NA,NA,FALSE,TRUE
2015-OREUD-687551,0.2,Class A,NA,NA,NA,NA,WF,0,2015,NA,NA,FALSE,TRUE
2015-OREUD-685249,0.3,Class B,NA,NA,NA,NA,WF,0,2015,NA,NA,FALSE,TRUE
2015-OREUD-685859,0.1,Class A,NA,NA,NA,NA,WF,0,2015,NA,NA,FALSE,TRUE
2015-OREUD-683249,0.1,Class A,NA,NA,NA,NA,WF,0,2015,NA,NA,FALSE,TRUE
2015-OREUD-683035,0.1,Class A,NA,NA,NA,NA,WF,0,2015,NA,NA,FALSE,TRUE
2015-OREUD-683251,0.1,Class A,NA,NA,NA,NA,WF,0,2015,NA,NA,FALSE,TRUE
2015-OREUD-682981,0.1,Class A,NA,NA,NA,NA,WF,0,2015,NA,NA,FALSE,TRUE
2015-OREUD-687655,0.1,Class A,NA,NA,NA,NA,WF,0,2015,NA,NA,FALSE,TRUE
2015-OREUD-687654,0.7,Class B,NA,NA,NA,NA,WF,0,2015,NA,NA,FALSE,TRUE
2015-OREUD-687642,0.1,Class A,NA,NA,NA,NA,WF,0,2015,NA,NA,FALSE,TRUE
2015-OREUD-687643,0.1,Class A,NA,NA,NA,NA,WF,0,2015,NA,NA,FALSE,TRUE
2016-OREUD-009983,191,Class D,2016-10-07T06:59:59Z,1028.2330555555557,NA,NA,WF,0,2016,NA,NA,FALSE,TRUE
2015-ORMED-679804,1.2,Class B,NA,NA,NA,NA,WF,0,2015,NA,NA,FALSE,TRUE
2016-ORMED-000413,0.1,Class A,2017-01-01T07:59:59Z,2930.5330555555556,NA,NA,WF,0,2016,NA,NA,FALSE,TRUE
2017-ORMED-000173,2.5,Class B,2018-01-01T07:59:59Z,3810.7497222222223,NA,NA,WF,0,2017,NA,NA,FALSE,TRUE
2017-ORMED-000337,13.6,Class C,2018-01-01T07:59:59Z,3465.8330555555553,NA,NA,WF,0,2017,NA,NA,FALSE,TRUE
2017-ORMED-000665,0.1,Class A,2018-01-01T07:59:59Z,5679.749722222222,NA,NA,WF,0,2017,NA,NA,FALSE,TRUE
2018-ORMED-000049,0.1,Class A,2019-01-01T07:59:59Z,4320.833055555556,NA,NA,WF,0,2018,NA,NA,FALSE,TRUE
2018-ORMED-000259,3,Class B,2019-01-01T07:59:59Z,4071.9997222222223,NA,NA,WF,0,2018,NA,NA,FALSE,TRUE
2018-ORMED-000744,1.8,Class B,2019-01-01T07:59:59Z,5357.983055555555,NA,NA,WF,0,2018,NA,NA,FALSE,TRUE
2019-ORMED-000096,1,Class B,2019-06-14T06:59:59Z,344.56638888888887,NA,NA,WF,0,2019,NA,NA,FALSE,TRUE
2019-ORMED-000441,0.1,Class A,2019-09-20T06:59:59Z,358.4997222222222,NA,NA,WF,0,2019,NA,NA,FALSE,TRUE
2018-ORPRD-000297,15,Class C,2018-06-04T06:59:59Z,2.7330555555555556,NA,NA,WF,0,2018,NA,NA,FALSE,TRUE
2018-ORPRD-000351,40,Class C,2018-06-12T06:59:59Z,7.749722222222222,NA,NA,WF,0,2018,NA,NA,FALSE,TRUE
2018-ORPRD-000429,5000,Class G,2018-06-25T06:59:59Z,80.79972222222223,NA,NA,WF,0,2018,NA,NA,FALSE,TRUE
2018-ORPRD-000467,0.1,Class A,2018-06-27T06:59:59Z,29.983055555555556,NA,NA,WF,0,2018,NA,NA,FALSE,TRUE
2018-ORPRD-000539,300,Class E,2018-07-06T06:59:59Z,59.683055555555555,NA,NA,WF,0,2018,NA,NA,FALSE,TRUE
2018-ORPRD-000701,1414,Class F,2018-10-17T06:59:59Z,2219.1330555555555,NA,NA,WF,0,2018,NA,NA,FALSE,TRUE
2018-ORPRD-000912,0.1,Class A,2018-08-15T06:59:59Z,107.76638888888888,NA,NA,WF,0,2018,NA,NA,FALSE,TRUE
2018-ORPRD-000930,74,Class C,2018-08-22T06:59:59Z,247.8163888888889,NA,NA,WF,0,2018,NA,NA,FALSE,TRUE
2018-ORPRD-000978,0.1,Class A,2018-08-24T06:59:59Z,174.63305555555556,NA,NA,WF,0,2018,NA,NA,FALSE,TRUE
2018-ORPRD-001177,0.5,Class B,2018-09-18T06:59:59Z,15.449722222222222,NA,NA,WF,0,2018,NA,NA,FALSE,TRUE
2018-ORPRD-001313,0.1,Class A,2018-11-06T07:59:59Z,12.299722222222222,NA,NA,WF,0,2018,NA,NA,FALSE,TRUE
2019-ORPRD-000324,0.1,Class A,2019-06-24T06:59:59Z,5.499722222222222,NA,NA,WF,0,2019,NA,NA,FALSE,TRUE
2019-ORPRD-000447,0.1,Class A,2019-07-10T06:59:59Z,11.883055555555556,NA,NA,WF,0,2019,NA,NA,FALSE,TRUE
2019-ORPRD-000505,10,Class C,2019-07-24T06:59:59Z,3.049722222222222,NA,NA,WF,0,2019,NA,NA,FALSE,TRUE
2019-ORPRD-000545,0.5,Class B,2019-08-04T06:59:59Z,11.249722222222225,NA,NA,WF,0,2019,NA,NA,FALSE,TRUE
2019-ORPRD-000571,0.1,Class A,2019-08-12T06:59:59Z,172.24972222222223,NA,NA,WF,0,2019,NA,NA,FALSE,TRUE
2019-ORPRD-000595,0.1,Class A,2019-08-08T06:59:59Z,33.88305555555556,NA,NA,WF,0,2019,NA,NA,FALSE,TRUE
2019-ORPRD-000646,0.1,Class A,2019-08-16T06:59:59Z,172.7997222222222,NA,NA,WF,0,2019,NA,NA,FALSE,TRUE
2019-ORPRD-000764,15,Class C,2019-08-28T06:59:59Z,394.89972222222224,NA,NA,WF,0,2019,NA,NA,FALSE,TRUE
2019-ORPRD-000772,1,Class B,2019-08-14T06:59:59Z,11.633055555555556,NA,NA,WF,0,2019,NA,NA,FALSE,TRUE
2019-ORPRD-000843,0.1,Class A,2019-09-20T06:59:59Z,510.39972222222224,NA,NA,WF,0,2019,NA,NA,FALSE,TRUE
2019-ORPRD-000938,0.1,Class A,2019-09-10T06:59:59Z,85.96638888888889,NA,NA,WF,0,2019,NA,NA,FALSE,TRUE
2019-ORPRD-001057,150,Class D,2019-10-16T06:59:59Z,56.999722222222225,NA,NA,WF,0,2019,NA,NA,FALSE,TRUE
2015-ORBUD-680545,0.1,Class A,NA,NA,NA,NA,WF,0,2015,NA,NA,FALSE,TRUE
2015-ORBUD-680711,0.1,Class A,NA,NA,NA,NA,WF,0,2015,NA,NA,FALSE,TRUE
2016-ORBUD-006050,0.3,Class B,2016-07-30T06:59:59Z,53.31638888888889,NA,NA,WF,0,2016,NA,NA,FALSE,TRUE
2016-ORBUD-006056,0.1,Class A,2016-08-14T06:59:59Z,159.49972222222223,NA,NA,WF,0,2016,NA,NA,FALSE,TRUE
2016-ORBUD-006073,0.1,Class A,2016-08-21T06:59:59Z,147.38305555555556,NA,NA,WF,0,2016,NA,NA,FALSE,TRUE
2017-ORBUD-007037,0.1,Class A,2017-06-29T06:59:59Z,7.1497222222222225,NA,NA,WF,0,2017,NA,NA,FALSE,TRUE
2017-ORBUD-007077,0.1,Class A,2017-07-30T06:59:59Z,76.5663888888889,NA,NA,WF,0,2017,NA,NA,FALSE,TRUE
2018-ORBUD-008028,14,Class C,2018-07-09T05:59:59Z,436.8497222222222,NA,NA,WF,0,2018,NA,NA,FALSE,TRUE
2018-ORBUD-008058,4.5,Class B,2018-07-30T06:59:59Z,123.38305555555556,NA,NA,WF,0,2018,NA,NA,FALSE,TRUE
2018-ORBUD-008092,0.1,Class A,2018-11-16T07:59:59Z,34.716388888888886,NA,NA,WF,0,2018,NA,NA,FALSE,TRUE
2019-ORBUD-009081,0.1,Class A,2019-08-18T06:59:59Z,196.68305555555557,NA,NA,WF,0,2019,NA,NA,FALSE,TRUE
2015-ORBUD-683344,360,Class E,NA,NA,NA,NA,WF,0,2015,NA,NA,FALSE,TRUE
2015-ORBUD-684063,1045,Class F,NA,NA,NA,NA,WF,0,2015,NA,NA,FALSE,TRUE
2015-ORBUD-683041,3,Class B,NA,NA,NA,NA,WF,0,2015,NA,NA,FALSE,TRUE
2016-ORBUD-000057,0.5,Class B,2016-08-15T05:59:59Z,184.99972222222223,NA,NA,WF,0,2016,NA,NA,FALSE,TRUE
2016-ORBUD-006030,5,Class B,2016-07-12T06:59:59Z,370.89972222222224,NA,NA,WF,0,2016,NA,NA,FALSE,TRUE
2016-ORBUD-006039,14.5,Class C,2016-07-29T06:59:59Z,366.6663888888889,NA,NA,WF,0,2016,NA,NA,FALSE,TRUE
2016-ORBUD-006094,0.1,Class A,2016-10-25T06:59:59Z,15.983055555555556,NA,NA,WF,0,2016,NA,NA,FALSE,TRUE
2017-ORBUD-007016,0.5,Class B,2017-06-20T06:59:59Z,2.5330555555555554,NA,NA,WF,0,2017,NA,NA,FALSE,TRUE
2017-ORBUD-007064,0.6,Class B,2017-07-28T06:59:59Z,77.58305555555556,NA,NA,WF,0,2017,NA,NA,FALSE,TRUE
2017-ORBUD-007104,0.1,Class A,2017-08-11T06:59:59Z,9.199722222222222,NA,NA,WF,0,2017,NA,NA,FALSE,TRUE
2018-ORBUD-008064,1.5,Class B,2018-08-13T06:59:59Z,194.48305555555555,NA,NA,WF,0,2018,NA,NA,FALSE,TRUE
2018-ORBUD-008071,0.7,Class B,2018-10-01T06:59:59Z,591.2497222222222,NA,NA,WF,0,2018,NA,NA,FALSE,TRUE
2019-ORBUD-009136,1,Class B,2019-12-10T07:59:59Z,1328.7997222222225,NA,NA,WF,0,2019,NA,NA,FALSE,TRUE
2015-ORCBD-686621,0.1,Class A,NA,NA,NA,NA,WF,0,2015,NA,NA,FALSE,TRUE
2016-ORCBD-000158,62.4,Class C,2016-10-05T06:59:59Z,511.8663888888889,NA,NA,WF,0,2016,NA,NA,FALSE,TRUE
2016-ORCBD-000205,0.2,Class A,2016-10-02T06:59:59Z,2309.9997222222223,NA,NA,WF,0,2016,NA,NA,FALSE,TRUE
2016-ORCBD-722112,0.1,Class A,2016-11-16T07:59:59Z,1545.8330555555556,NA,NA,WF,0,2016,NA,NA,FALSE,TRUE
2016-ORCBD-722146,10.1,Class C,2016-11-16T07:59:59Z,901.9997222222222,NA,NA,WF,0,2016,NA,NA,FALSE,TRUE
2016-ORCBD-723037,0.2,Class A,2016-11-16T07:59:59Z,2529.1830555555557,NA,NA,WF,0,2016,NA,NA,FALSE,TRUE
2016-ORCBD-723201,0.1,Class A,2016-06-27T06:59:59Z,9.649722222222222,NA,NA,WF,0,2016,NA,NA,FALSE,TRUE
2015-ORBUD-684087,182,Class D,NA,NA,NA,NA,WF,0,2015,NA,NA,FALSE,TRUE
2015-ORBUD-681381,462,Class E,NA,NA,NA,NA,WF,0,2015,NA,NA,FALSE,TRUE
2015-ORBUD-681872,1.9,Class B,NA,NA,NA,NA,WF,0,2015,NA,NA,FALSE,TRUE
2016-ORBUD-006055,0.8,Class B,2016-08-14T05:59:59Z,161.34972222222223,NA,NA,WF,0,2016,NA,NA,FALSE,TRUE
2018-ORBUD-008025,1.5,Class B,2018-06-14T06:59:59Z,4.766388888888889,NA,NA,WF,0,2018,NA,NA,FALSE,TRUE
2018-ORBUD-008084,0.3,Class B,2018-10-16T06:59:59Z,8.383055555555556,NA,NA,WF,0,2018,NA,NA,FALSE,TRUE
2019-ORBUD-009064,3,Class B,2019-07-31T06:59:59Z,11.833055555555555,NA,NA,WF,0,2019,NA,NA,FALSE,TRUE
2015-ORPRD-683431,30,Class C,NA,NA,NA,NA,WF,0,2015,NA,NA,FALSE,TRUE
2015-ORPRD-685978,350,Class E,NA,NA,NA,NA,WF,0,2015,NA,NA,FALSE,TRUE
2015-ORPRD-687418,0.3,Class B,NA,NA,NA,NA,WF,0,2015,NA,NA,FALSE,TRUE
2015-ORPRD-686667,1,Class B,NA,NA,NA,NA,WF,0,2015,NA,NA,FALSE,TRUE
2015-ORPRD-687441,1.1,Class B,NA,NA,NA,NA,WF,0,2015,NA,NA,FALSE,TRUE
2015-ORPRD-681584,216,Class D,NA,NA,NA,NA,WF,0,2015,NA,NA,FALSE,TRUE
2015-ORPRD-681655,0.5,Class B,NA,NA,NA,NA,WF,0,2015,NA,NA,FALSE,TRUE
2015-ORPRD-687438,4740,Class F,NA,NA,NA,NA,WF,0,2015,NA,NA,FALSE,TRUE
2015-ORPRD-683018,0.1,Class A,NA,NA,NA,NA,WF,0,2015,NA,NA,FALSE,TRUE
2015-ORPRD-684611,6707,Class G,NA,NA,NA,NA,WF,0,2015,NA,NA,FALSE,TRUE
2015-ORPRD-684381,0.1,Class A,NA,NA,NA,NA,WF,0,2015,NA,NA,FALSE,TRUE
2015-ORPRD-683441,930,Class E,NA,NA,NA,NA,WF,0,2015,NA,NA,FALSE,TRUE
2015-ORPRD-683440,0.1,Class A,NA,NA,NA,NA,WF,0,2015,NA,NA,FALSE,TRUE
2015-ORPRD-683193,55,Class C,NA,NA,NA,NA,WF,0,2015,NA,NA,FALSE,TRUE
2016-ORPRD-000144,0.1,Class A,2016-06-10T06:59:59Z,57.499722222222225,NA,NA,WF,0,2016,NA,NA,FALSE,TRUE
2016-ORPRD-000293,0.1,Class A,2016-07-17T06:59:59Z,15.749722222222225,NA,NA,WF,0,2016,NA,NA,FALSE,TRUE
2016-ORPRD-000372,0.1,Class A,2016-07-26T06:59:59Z,30.899722222222223,NA,NA,WF,0,2016,NA,NA,FALSE,TRUE
2016-ORPRD-000376,4,Class B,2016-08-08T06:59:59Z,341.78305555555556,NA,NA,WF,0,2016,NA,NA,FALSE,TRUE
2016-ORPRD-000526,0.1,Class A,2016-09-29T06:59:59Z,874.5497222222223,NA,NA,WF,0,2016,NA,NA,FALSE,TRUE
2016-ORPRD-000610,0.1,Class A,2016-09-26T06:59:59Z,10.216388888888888,NA,NA,WF,0,2016,NA,NA,FALSE,TRUE
2016-ORPRD-000662,0.1,Class A,2016-10-25T06:59:59Z,248.3997222222222,NA,NA,WF,0,2016,NA,NA,FALSE,TRUE
2017-ORPRD-000166,0.1,Class A,2017-05-12T06:59:59Z,29.69972222222222,NA,NA,WF,0,2017,NA,NA,FALSE,TRUE
2017-ORPRD-000184,0.1,Class A,2017-05-19T06:59:59Z,29.74972222222222,NA,NA,WF,0,2017,NA,NA,FALSE,TRUE
2017-ORPRD-000252,0.1,Class A,2017-06-07T06:59:59Z,78.83305555555556,NA,NA,WF,0,2017,NA,NA,FALSE,TRUE
2017-ORPRD-000378,4.5,Class B,2017-06-29T06:59:59Z,7.949722222222222,NA,NA,WF,0,2017,NA,NA,FALSE,TRUE
2017-ORPRD-000380,1.5,Class B,2017-06-29T06:59:59Z,6.999722222222222,NA,NA,WF,0,2017,NA,NA,FALSE,TRUE
2017-ORPRD-000594,9357,Class G,2017-08-14T06:59:59Z,560.4163888888888,NA,NA,WF,0,2017,NA,NA,FALSE,TRUE
2017-ORPRD-000602,5,Class B,2017-07-23T06:59:59Z,5.866388888888889,NA,NA,WF,0,2017,NA,NA,FALSE,TRUE
2017-ORPRD-000610,0.1,Class A,2017-07-25T06:59:59Z,13.249722222222225,NA,NA,WF,0,2017,NA,NA,FALSE,TRUE
2017-ORPRD-000821,12447,Class G,2017-08-14T06:59:59Z,75.79972222222223,NA,NA,WF,0,2017,NA,NA,FALSE,TRUE
2017-ORPRD-000822,0.1,Class A,2017-08-14T06:59:59Z,75.26638888888888,NA,NA,WF,0,2017,NA,NA,FALSE,TRUE
2017-ORPRD-001051,300,Class E,2017-08-31T06:59:59Z,3.999722222222222,NA,NA,WF,0,2017,NA,NA,FALSE,TRUE
2017-ORPRD-001066,0.5,Class B,2017-09-04T06:59:59Z,61.84972222222222,NA,NA,WF,0,2017,NA,NA,FALSE,TRUE
2017-ORPRD-001084,0.1,Class A,2017-09-04T06:59:59Z,8.366388888888888,NA,NA,WF,0,2017,NA,NA,FALSE,TRUE
2017-ORPRD-001091,1200,Class F,2017-09-06T06:59:59Z,30.69972222222222,NA,NA,WF,0,2017,NA,NA,FALSE,TRUE
2017-ORPRD-001259,0.1,Class A,2017-10-06T06:59:59Z,7.633055555555556,NA,NA,WF,0,2017,NA,NA,FALSE,TRUE
2017-ORPRD-001266,0.1,Class A,2017-10-18T06:59:59Z,250.19972222222225,NA,NA,WF,0,2017,NA,NA,FALSE,TRUE
2017-ORPRD-001276,1.5,Class B,2017-11-07T07:59:59Z,658.2830555555555,NA,NA,WF,0,2017,NA,NA,FALSE,TRUE
2018-ORPRD-000121,0.1,Class A,2018-04-28T06:59:59Z,81.28305555555555,NA,NA,WF,0.1,2018,NA,NA,FALSE,TRUE
2018-ORPRD-000171,0.1,Class A,2018-05-25T06:59:59Z,371.5163888888889,NA,NA,WF,0,2018,NA,NA,FALSE,TRUE
2015-ORMED-682626,0.1,Class A,NA,NA,NA,NA,WF,0,2015,NA,NA,FALSE,TRUE
2015-ORMED-679308,0.2,Class A,NA,NA,NA,NA,WF,0,2015,NA,NA,FALSE,TRUE
2015-OREUD-685077,187,Class D,NA,NA,NA,NA,WF,0,2015,NA,NA,FALSE,TRUE
2015-OREUD-687574,0.1,Class A,NA,NA,NA,NA,WF,0,2015,NA,NA,FALSE,TRUE
2015-OREUD-687566,0.3,Class B,NA,NA,NA,NA,WF,0,2015,NA,NA,FALSE,TRUE
2015-OREUD-682911,0.1,Class A,NA,NA,NA,NA,WF,0,2015,NA,NA,FALSE,TRUE
2015-OREUD-679964,5,Class B,NA,NA,NA,NA,WF,0,2015,NA,NA,FALSE,TRUE
2015-OREUD-687540,0.1,Class A,NA,NA,NA,NA,WF,0,2015,NA,NA,FALSE,TRUE
2015-OREUD-687533,0.1,Class A,NA,NA,NA,NA,WF,0,2015,NA,NA,FALSE,TRUE
2015-OREUD-687564,0.1,Class A,NA,NA,NA,NA,WF,0,2015,NA,NA,FALSE,TRUE
2015-OREUD-687557,0.1,Class A,NA,NA,NA,NA,WF,0,2015,NA,NA,FALSE,TRUE
2015-OREUD-687555,0.1,Class A,NA,NA,NA,NA,WF,0,2015,NA,NA,FALSE,TRUE
2015-OREUD-687550,0.1,Class A,NA,NA,NA,NA,WF,0,2015,NA,NA,FALSE,TRUE
2015-OREUD-687548,0.1,Class A,NA,NA,NA,NA,WF,0,2015,NA,NA,FALSE,TRUE
2015-OREUD-685839,0.1,Class A,NA,NA,NA,NA,WF,0,2015,NA,NA,FALSE,TRUE
2015-OREUD-687531,0.1,Class A,NA,NA,NA,NA,WF,0,2015,NA,NA,FALSE,TRUE
2015-OREUD-687528,0.1,Class A,NA,NA,NA,NA,WF,0,2015,NA,NA,FALSE,TRUE
2015-OREUD-687523,0.1,Class A,NA,NA,NA,NA,WF,0,2015,NA,NA,FALSE,TRUE
2015-OREUD-687521,0.1,Class A,NA,NA,NA,NA,WF,0,2015,NA,NA,FALSE,TRUE
2015-OREUD-683334,0.1,Class A,NA,NA,NA,NA,WF,0,2015,NA,NA,FALSE,TRUE
2015-OREUD-686180,0.1,Class A,NA,NA,NA,NA,WF,0,2015,NA,NA,FALSE,TRUE
2015-OREUD-687658,0.1,Class A,NA,NA,NA,NA,WF,0,2015,NA,NA,FALSE,TRUE
2015-OREUD-687854,0.1,Class A,NA,NA,NA,NA,WF,0,2015,NA,NA,FALSE,TRUE
2015-ORMED-679598,7.8,Class B,NA,NA,NA,NA,WF,0,2015,NA,NA,FALSE,TRUE
2015-OREUD-677091,0.1,Class A,NA,NA,NA,NA,WF,0,2015,NA,NA,FALSE,TRUE
2015-OREUD-681471,0.1,Class A,NA,NA,NA,NA,WF,0,2015,NA,NA,FALSE,TRUE
2015-OREUD-681474,3.5,Class B,NA,NA,NA,NA,WF,0,2015,NA,NA,FALSE,TRUE
2016-OREUD-160030,5.8,Class B,NA,NA,NA,NA,WF,0,2016,NA,NA,FALSE,TRUE
2015-ORMED-682679,0.1,Class A,NA,NA,NA,NA,WF,0,2015,NA,NA,FALSE,TRUE
2016-ORMED-000432,0.1,Class A,2016-06-08T06:59:59Z,11.883055555555556,NA,NA,WF,0,2016,NA,NA,FALSE,TRUE
2017-ORMED-000086,0.1,Class A,2018-01-01T07:59:59Z,4110.499722222222,NA,NA,WF,0,2017,NA,NA,FALSE,TRUE
2017-ORMED-000222,0.1,Class A,2018-01-01T07:59:59Z,3423.0830555555553,NA,NA,WF,0,2017,NA,NA,FALSE,TRUE
2017-ORMED-000303,0.1,Class A,2017-05-26T06:59:59Z,28.74972222222222,NA,NA,WF,0,2017,NA,NA,FALSE,TRUE
2017-ORMED-000682,0.5,Class B,2018-01-01T07:59:59Z,5143.133055555556,NA,NA,WF,0,2017,NA,NA,FALSE,TRUE
2017-ORMED-000700,0.1,Class A,2018-01-01T07:59:59Z,1788.4330555555557,NA,NA,WF,0,2017,NA,NA,FALSE,TRUE
2017-ORMED-000705,0.1,Class A,2018-01-01T07:59:59Z,1406.3330555555556,NA,NA,WF,0,2017,NA,NA,FALSE,TRUE
2018-ORMED-000180,0.1,Class A,2019-01-01T07:59:59Z,4070.599722222222,NA,NA,WF,0,2018,NA,NA,FALSE,TRUE
2018-ORMED-000186,2.1,Class B,2019-01-01T07:59:59Z,4069.6497222222224,NA,NA,WF,0,2018,NA,NA,FALSE,TRUE
2018-ORMED-000200,0.1,Class A,2019-01-01T07:59:59Z,4071.9997222222223,NA,NA,WF,0,2018,NA,NA,FALSE,TRUE
2018-ORMED-000243,3,Class B,2019-01-01T07:59:59Z,4071.9997222222223,NA,NA,WF,0,2018,NA,NA,FALSE,TRUE
2018-ORMED-000717,0.7,Class B,2019-01-01T07:59:59Z,6106.499722222222,NA,NA,WF,0,2018,NA,NA,FALSE,TRUE
2018-ORMED-000847,11.4,Class C,2019-01-01T07:59:59Z,4788.833055555556,NA,NA,WF,0,2018,NA,NA,FALSE,TRUE
2019-ORMED-000233,59,Class C,2019-09-21T06:59:59Z,1254.0997222222222,NA,NA,WF,0,2019,NA,NA,FALSE,TRUE
2019-ORMED-000351,0.1,Class A,2019-09-10T06:59:59Z,324.7163888888889,NA,NA,WF,0,2019,NA,NA,FALSE,TRUE
2019-ORMED-000422,0.1,Class A,2019-09-19T06:59:59Z,334.4997222222222,NA,NA,WF,0,2019,NA,NA,FALSE,TRUE
2019-ORMED-000453,0.1,Class A,2019-09-21T06:59:59Z,382.4997222222222,NA,NA,WF,0,2019,NA,NA,FALSE,TRUE
2018-ORPRD-000430,0.1,Class A,2018-06-27T06:59:59Z,128.28305555555556,NA,NA,WF,0,2018,NA,NA,FALSE,TRUE
2018-ORPRD-000434,0.1,Class A,2018-07-11T06:59:59Z,462.4997222222222,NA,NA,WF,0,2018,NA,NA,FALSE,TRUE
2018-ORPRD-000435,25,Class C,2018-07-02T06:59:59Z,245.58305555555555,NA,NA,WF,0,2018,NA,NA,FALSE,TRUE
2018-ORPRD-000440,15589,Class G,2018-10-17T06:59:59Z,2799.816388888889,NA,NA,WF,0,2018,NA,NA,FALSE,TRUE
2018-ORPRD-000757,0.1,Class A,2018-07-25T06:59:59Z,81.88305555555556,NA,NA,WF,0,2018,NA,NA,FALSE,TRUE
2018-ORPRD-000758,1,Class B,2018-08-01T06:59:59Z,249.33305555555555,NA,NA,WF,0,2018,NA,NA,FALSE,TRUE
2018-ORPRD-000942,0.1,Class A,2018-08-14T06:59:59Z,23.899722222222223,NA,NA,WF,0,2018,NA,NA,FALSE,TRUE
2018-ORPRD-001028,19.8,Class C,2018-08-22T06:59:59Z,105.76638888888888,NA,NA,WF,0,2018,NA,NA,FALSE,TRUE
2018-ORPRD-001031,0.1,Class A,2018-10-17T06:59:59Z,1448.8497222222222,NA,NA,WF,0,2018,NA,NA,FALSE,TRUE
2018-ORPRD-001033,7,Class B,2018-09-01T06:59:59Z,344.13305555555553,NA,NA,WF,0,2018,NA,NA,FALSE,TRUE
2018-ORPRD-001039,45973,Class G,2018-10-17T06:59:59Z,1447.2330555555557,NA,NA,WF,0,2018,NA,NA,FALSE,TRUE
2018-ORPRD-001241,5877,Class G,2018-10-17T06:59:59Z,327.48305555555555,NA,NA,WF,0,2018,NA,NA,FALSE,TRUE
2019-ORPRD-000349,10,Class C,2019-06-27T06:59:59Z,6.066388888888889,NA,NA,WF,0,2019,NA,NA,FALSE,TRUE
2019-ORPRD-000459,0.1,Class A,2019-07-15T06:59:59Z,33.38305555555556,NA,NA,WF,0,2019,NA,NA,FALSE,TRUE
2019-ORPRD-000461,1107,Class F,2019-07-14T06:59:59Z,8.699722222222222,NA,NA,WF,0,2019,NA,NA,FALSE,TRUE
2019-ORPRD-000473,0.1,Class A,2019-07-18T06:59:59Z,11.033055555555556,NA,NA,WF,0,2019,NA,NA,FALSE,TRUE
2019-ORPRD-000576,0.1,Class A,2019-08-07T06:59:59Z,38.64972222222222,NA,NA,WF,0,2019,NA,NA,FALSE,TRUE
2019-ORPRD-000579,14.7,Class C,2019-08-07T06:59:59Z,37.38305555555556,NA,NA,WF,0,2019,NA,NA,FALSE,TRUE
2019-ORPRD-000585,0.5,Class B,2019-08-13T06:59:59Z,179.4663888888889,NA,NA,WF,0,2019,NA,NA,FALSE,TRUE
2019-ORPRD-000809,0.1,Class A,2019-08-25T06:59:59Z,9.483055555555556,NA,NA,WF,0,2019,NA,NA,FALSE,TRUE
2019-ORPRD-000813,0.1,Class A,2019-08-27T06:59:59Z,14.349722222222224,NA,NA,WF,0,2019,NA,NA,FALSE,TRUE
2015-ORROD-686113,0.1,Class A,NA,NA,NA,NA,WF,0,2015,NA,NA,FALSE,TRUE
2015-ORROD-681099,0.1,Class A,NA,NA,NA,NA,WF,0,2015,NA,NA,FALSE,TRUE
2015-ORROD-686612,0.2,Class A,NA,NA,NA,NA,WF,0,2015,NA,NA,FALSE,TRUE
2015-ORROD-683921,0.1,Class A,NA,NA,NA,NA,WF,0,2015,NA,NA,FALSE,TRUE
2015-ORROD-686614,0.1,Class A,NA,NA,NA,NA,WF,0,2015,NA,NA,FALSE,TRUE
2015-ORROD-686141,0.1,Class A,NA,NA,NA,NA,WF,0,2015,NA,NA,FALSE,TRUE
2015-ORROD-686388,0.1,Class A,NA,NA,NA,NA,WF,0,2015,NA,NA,FALSE,TRUE
2016-ORROD-020165,1.5,Class B,2016-08-02T06:59:59Z,247.58305555555555,NA,NA,WF,0,2016,NA,NA,FALSE,TRUE
2016-ORROD-201611,0.1,Class A,2016-08-23T06:59:59Z,246.5663888888889,NA,NA,WF,0,2016,NA,NA,FALSE,TRUE
2016-ORROD-201613,0.1,Class A,2016-07-15T06:59:59Z,6.983055555555556,NA,NA,WF,0,2016,NA,NA,FALSE,TRUE
2016-ORROD-201615,0.3,Class B,2016-08-31T06:59:59Z,263.56638888888887,NA,NA,WF,0,2016,NA,NA,FALSE,TRUE
2016-ORROD-201619,2,Class B,2016-08-09T06:59:59Z,272.6663888888889,NA,NA,WF,0,2016,NA,NA,FALSE,TRUE
2016-ORROD-201701,0.1,Class A,2016-10-22T06:59:59Z,265.9997222222222,NA,NA,WF,0,2016,NA,NA,FALSE,TRUE
2017-ORROD-000632,0.1,Class A,2017-09-18T06:59:59Z,270.9997222222222,NA,NA,WF,0,2017,NA,NA,FALSE,TRUE
2017-ORROD-000683,2,Class B,2017-10-20T06:59:59Z,33.16638888888889,NA,NA,WF,0,2017,NA,NA,FALSE,TRUE
2017-ORROD-000688,0.1,Class A,2017-09-01T06:59:59Z,249.53305555555556,NA,NA,WF,0,2017,NA,NA,FALSE,TRUE
2015-ORROD-687338,0.1,Class A,NA,NA,NA,NA,WF,0,2015,NA,NA,FALSE,TRUE
2015-ORROD-677975,1.5,Class B,NA,NA,NA,NA,WF,0,2015,NA,NA,FALSE,TRUE
2015-ORPRD-684528,0.1,Class A,NA,NA,NA,NA,WF,0,2015,NA,NA,FALSE,TRUE
2015-ORPRD-686013,9,Class B,NA,NA,NA,NA,WF,0,2015,NA,NA,FALSE,TRUE
2015-ORPRD-686675,0.5,Class B,NA,NA,NA,NA,WF,0,2015,NA,NA,FALSE,TRUE
2015-ORPRD-688025,1100,Class F,NA,NA,NA,NA,WF,0,2015,NA,NA,FALSE,TRUE
2015-ORPRD-686003,0.1,Class A,NA,NA,NA,NA,WF,0,2015,NA,NA,FALSE,TRUE
2015-ORPRD-684523,20,Class C,NA,NA,NA,NA,WF,0,2015,NA,NA,FALSE,TRUE
2015-ORPRD-684386,0.3,Class B,NA,NA,NA,NA,WF,0,2015,NA,NA,FALSE,TRUE
2015-ORPRD-683016,0.1,Class A,NA,NA,NA,NA,WF,0,2015,NA,NA,FALSE,TRUE
2015-ORPRD-684024,0.1,Class A,NA,NA,NA,NA,WF,0,2015,NA,NA,FALSE,TRUE
2015-ORPRD-684333,2,Class B,NA,NA,NA,NA,WF,0,2015,NA,NA,FALSE,TRUE
2016-ORPRD-000260,1.1,Class B,2016-07-15T06:59:59Z,172.2163888888889,NA,NA,WF,0,2016,NA,NA,FALSE,TRUE
2016-ORPRD-000282,100,Class D,2016-07-13T06:59:59Z,10.91638888888889,NA,NA,WF,0,2016,NA,NA,FALSE,TRUE
2016-ORPRD-000353,31848,Class G,2016-10-19T06:59:59Z,2146.9997222222223,NA,NA,WF,0,2016,NA,NA,FALSE,TRUE
2016-ORPRD-000512,0.3,Class B,2016-08-20T06:59:59Z,29.49972222222222,NA,NA,WF,0,2016,NA,NA,FALSE,TRUE
2016-ORPRD-000537,30,Class C,2016-09-12T06:59:59Z,395.9997222222222,NA,NA,WF,0,2016,NA,NA,FALSE,TRUE
2016-ORPRD-000553,0.1,Class A,2016-08-31T06:59:59Z,2.366388888888889,NA,NA,WF,0,2016,NA,NA,FALSE,TRUE
2016-ORPRD-000587,1,Class B,NA,NA,NA,NA,WF,0,2016,NA,NA,FALSE,TRUE
2016-ORPRD-693621,0.1,Class A,NA,NA,NA,NA,WF,0,2016,NA,NA,FALSE,TRUE
2016-ORPRD-693179,0.1,Class A,NA,NA,NA,NA,WF,0,2016,NA,NA,FALSE,TRUE
2017-ORPRD-000355,400,Class E,2017-07-22T06:59:59Z,604.5997222222222,NA,NA,WF,0,2017,NA,NA,FALSE,TRUE
2017-ORPRD-000406,1,Class B,NA,NA,NA,NA,WF,0,2017,NA,NA,FALSE,TRUE
2017-ORPRD-000435,0.1,Class A,2017-07-06T06:59:59Z,14.366388888888888,NA,NA,WF,0,2017,NA,NA,FALSE,TRUE
2017-ORPRD-000441,1,Class B,2017-07-06T06:59:59Z,7.783055555555555,NA,NA,WF,0,2017,NA,NA,FALSE,TRUE
2017-ORPRD-000525,0.3,Class B,2017-07-14T06:59:59Z,11.399722222222222,NA,NA,WF,0,2017,NA,NA,FALSE,TRUE
2017-ORPRD-000576,10,Class C,2017-08-02T06:59:59Z,321.06638888888887,NA,NA,WF,0,2017,NA,NA,FALSE,TRUE
2017-ORPRD-000679,0.1,Class A,2017-07-30T06:59:59Z,36.26638888888889,NA,NA,WF,0,2017,NA,NA,FALSE,TRUE
2017-ORPRD-000792,0.1,Class A,2017-08-14T06:59:59Z,104.01638888888888,NA,NA,WF,0,2017,NA,NA,FALSE,TRUE
2017-ORPRD-000819,40,Class C,2017-08-11T06:59:59Z,3.833055555555556,NA,NA,WF,0,2017,NA,NA,FALSE,TRUE
2017-ORPRD-000857,0.5,Class B,2017-11-08T07:59:59Z,2119.1497222222224,NA,NA,WF,0,2017,NA,NA,FALSE,TRUE
2017-ORPRD-000869,43,Class C,2017-08-25T06:59:59Z,316.1663888888889,NA,NA,WF,0,2017,NA,NA,FALSE,TRUE
2017-ORPRD-001006,1,Class B,2017-08-29T06:59:59Z,54.26638888888889,NA,NA,WF,0,2017,NA,NA,FALSE,TRUE
2017-ORPRD-001231,0.1,Class A,2017-09-27T06:59:59Z,11.499722222222225,NA,NA,WF,0,2017,NA,NA,FALSE,TRUE
2017-ORPRD-001341,6,Class B,2017-12-20T07:59:59Z,10.149722222222222,NA,NA,WF,0,2017,NA,NA,FALSE,TRUE
2018-ORPRD-000032,0.1,Class A,2018-02-06T07:59:59Z,10.716388888888888,NA,NA,WF,0,2018,NA,NA,FALSE,TRUE
2018-ORPRD-000093,0.1,Class A,2018-04-14T06:59:59Z,37.64972222222222,NA,NA,WF,0,2018,NA,NA,FALSE,TRUE
2018-ORPRD-000182,3,Class B,2018-05-14T06:59:59Z,6.616388888888889,NA,NA,WF,0,2018,NA,NA,FALSE,TRUE
2018-ORPRD-000250,1,Class B,2018-05-29T06:59:59Z,12.16638888888889,NA,NA,WF,0,2018,NA,NA,FALSE,TRUE
2018-ORNOD-180336,0.2,Class A,2018-05-24T06:59:59Z,5.666388888888889,NA,NA,WF,0,2018,NA,NA,FALSE,TRUE
2019-ORNOD-190334,0.1,Class A,2019-08-23T06:59:59Z,7.066388888888889,NA,NA,WF,0,2019,NA,NA,FALSE,TRUE
2018-ORLAD-000195,5.5,Class B,2018-07-20T06:59:59Z,348.56638888888887,NA,NA,WF,0,2018,NA,NA,FALSE,TRUE
2018-ORLAD-000208,0.1,Class A,2018-07-17T06:59:59Z,111.88305555555556,NA,NA,WF,0,2018,NA,NA,FALSE,TRUE
2018-ORLAD-000236,6,Class B,2018-08-12T06:59:59Z,658.8830555555555,NA,NA,WF,0,2018,NA,NA,FALSE,TRUE
2018-ORLAD-000297,6.3,Class B,2018-07-27T06:59:59Z,202.09972222222223,NA,NA,WF,0,2018,NA,NA,FALSE,TRUE
2019-ORLAD-000111,162.5,Class D,2019-06-11T06:59:59Z,1090.6663888888888,NA,NA,WF,0,2019,NA,NA,FALSE,TRUE
2019-ORLAD-000252,0.1,Class A,2019-08-15T06:59:59Z,124.21638888888889,NA,NA,WF,0,2019,NA,NA,FALSE,TRUE
2019-ORLAD-000296,0.1,Class A,2019-09-27T06:59:59Z,687.0997222222222,NA,NA,WF,0,2019,NA,NA,FALSE,TRUE
2019-ORLAD-000376,0.6,Class B,2019-09-14T06:59:59Z,148.1497222222222,NA,NA,WF,0,2019,NA,NA,FALSE,TRUE
2015-ORVAD-685325,0.3,Class B,NA,NA,NA,NA,WF,0,2015,NA,NA,FALSE,TRUE
2015-ORVAD-685331,0.6,Class B,NA,NA,NA,NA,WF,0,2015,NA,NA,FALSE,TRUE
2015-ORVAD-685308,5,Class B,NA,NA,NA,NA,WF,0,2015,NA,NA,FALSE,TRUE
2015-ORVAD-685335,0.1,Class A,NA,NA,NA,NA,WF,0,2015,NA,NA,FALSE,TRUE
2015-ORVAD-686659,224.6,Class D,NA,NA,NA,NA,WF,0,2015,NA,NA,FALSE,TRUE
2015-ORVAD-681417,114.5,Class D,NA,NA,NA,NA,WF,0,2015,NA,NA,FALSE,TRUE
2015-ORVAD-681458,51.6,Class C,NA,NA,NA,NA,WF,0,2015,NA,NA,FALSE,TRUE
2018-ORNOD-180226,18.1,Class C,2019-08-20T06:59:59Z,8771.249722222223,NA,NA,WF,0,2018,NA,NA,FALSE,TRUE
2019-ORNOD-190079,80,Class C,2019-05-16T06:59:59Z,131.99972222222223,NA,NA,WF,0,2019,NA,NA,FALSE,TRUE
2019-ORNOD-190541,4.2,Class B,2019-10-07T06:59:59Z,33.33305555555555,NA,NA,WF,0,2019,NA,NA,FALSE,TRUE
2016-ORVAD-000029,15,Class C,2016-09-04T05:59:59Z,2002.316388888889,NA,NA,WF,0,2016,NA,NA,FALSE,TRUE
2016-ORVAD-000100,1,Class B,2016-09-02T06:59:59Z,754.6330555555555,NA,NA,WF,0,2016,NA,NA,FALSE,TRUE
2016-ORVAD-000121,5,Class B,2016-09-02T05:59:59Z,617.4330555555556,NA,NA,WF,0,2016,NA,NA,FALSE,TRUE
2016-ORVAD-000124,1.9,Class B,2016-10-16T05:59:59Z,1669.9330555555557,NA,NA,WF,0,2016,NA,NA,FALSE,TRUE
2016-ORVAD-000140,15,Class C,2016-09-02T06:59:59Z,606.4997222222222,NA,NA,WF,0,2016,NA,NA,FALSE,TRUE
2016-ORVAD-000143,350.7,Class E,2016-09-02T06:59:59Z,584.3663888888889,NA,NA,WF,0,2016,NA,NA,FALSE,TRUE
2016-ORVAD-000188,7,Class B,2016-10-02T05:59:59Z,324.2497222222222,NA,NA,WF,0,2016,NA,NA,FALSE,TRUE
2016-ORVAD-000190,71,Class C,2016-09-19T05:59:59Z,8.683055555555555,NA,NA,WF,0,2016,NA,NA,FALSE,TRUE
2016-ORVAD-000204,51.9,Class C,2016-10-21T05:59:59Z,148.49972222222223,NA,NA,WF,0,2016,NA,NA,FALSE,TRUE
2017-ORVAD-000046,0.1,Class A,2017-12-28T07:59:59Z,4527.533055555556,NA,NA,WF,0,2017,NA,NA,FALSE,TRUE
2017-ORVAD-000060,0.1,Class A,2017-08-07T05:59:59Z,986.8330555555556,NA,NA,WF,0,2017,NA,NA,FALSE,TRUE
2017-ORVAD-000154,0.5,Class B,2018-01-20T07:59:59Z,4185.099722222222,NA,NA,WF,0,2017,NA,NA,FALSE,TRUE
2017-ORVAD-000167,27.8,Class C,2018-01-19T06:59:59Z,4113.033055555556,NA,NA,WF,0,2017,NA,NA,FALSE,TRUE
2017-ORVAD-000217,0.2,Class A,2017-09-11T06:59:59Z,301.81638888888887,NA,NA,WF,0,2017,NA,NA,FALSE,TRUE
2019-ORVAD-000039,0.3,Class B,2019-07-25T05:59:59Z,1109.3830555555555,NA,NA,WF,0,2019,NA,NA,FALSE,TRUE
2019-ORVAD-000094,0.1,Class A,2019-08-08T05:59:59Z,375.2830555555555,NA,NA,WF,0,2019,NA,NA,FALSE,TRUE
2019-ORVAD-000194,4.3,Class B,2019-10-16T05:59:59Z,754.7163888888889,NA,NA,WF,0,2019,NA,NA,FALSE,TRUE
2019-ORVAD-000205,2.9,Class B,2019-10-19T05:59:59Z,131.7997222222222,NA,NA,WF,0,2019,NA,NA,FALSE,TRUE
2017-ORLAD-000671,0.1,Class A,2017-10-05T06:59:59Z,157.36638888888888,NA,NA,WF,0,2017,NA,NA,FALSE,TRUE
2018-ORLAD-000194,0.1,Class A,2018-07-13T06:59:59Z,180.69972222222225,NA,NA,WF,0,2018,NA,NA,FALSE,TRUE
2018-ORLAD-000203,0.2,Class A,2018-07-18T06:59:59Z,227.53305555555556,NA,NA,WF,0,2018,NA,NA,FALSE,TRUE
2018-ORLAD-000301,3.8,Class B,2018-07-27T06:59:59Z,152.88305555555556,NA,NA,WF,0,2018,NA,NA,FALSE,TRUE
2018-ORLAD-000306,0.1,Class A,2018-07-27T06:59:59Z,124.63305555555556,NA,NA,WF,0,2018,NA,NA,FALSE,TRUE
2018-ORLAD-000356,6.3,Class B,2018-08-24T06:59:59Z,243.76638888888888,NA,NA,WF,0,2018,NA,NA,FALSE,TRUE
2018-ORLAD-000391,0.1,Class A,2018-09-16T06:59:59Z,179.26638888888888,NA,NA,WF,0,2018,NA,NA,FALSE,TRUE
2019-ORLAD-000256,0.3,Class B,2019-08-12T06:59:59Z,36.58305555555555,NA,NA,WF,0,2019,NA,NA,FALSE,TRUE
2017-ORLAD-000679,19.8,Class C,2017-10-13T06:59:59Z,106.01638888888888,NA,NA,WF,0,2017,NA,NA,FALSE,TRUE
2018-ORLAD-000212,7,Class B,2018-07-14T06:59:59Z,4.383055555555556,NA,NA,WF,0,2018,NA,NA,FALSE,TRUE
2018-ORLAD-000215,0.3,Class B,2018-07-18T06:59:59Z,77.04972222222223,NA,NA,WF,0,2018,NA,NA,FALSE,TRUE
2018-ORLAD-000225,0.1,Class A,2018-07-22T06:59:59Z,156.9663888888889,NA,NA,WF,0,2018,NA,NA,FALSE,TRUE
2018-ORLAD-000309,2.4,Class B,2018-07-27T06:59:59Z,85.84972222222223,NA,NA,WF,0,2018,NA,NA,FALSE,TRUE
2018-ORLAD-000310,0.1,Class A,2018-07-27T06:59:59Z,85.61638888888889,NA,NA,WF,0,2018,NA,NA,FALSE,TRUE
2018-ORLAD-000338,0.3,Class B,2018-08-07T06:59:59Z,202.2997222222222,NA,NA,WF,0,2018,NA,NA,FALSE,TRUE
2018-ORLAD-000347,11.9,Class C,2018-09-04T06:59:59Z,613.7997222222223,NA,NA,WF,0,2018,NA,NA,FALSE,TRUE
2018-ORLAD-000348,2.6,Class B,2018-09-21T06:59:59Z,1015.2830555555556,NA,NA,WF,0,2018,NA,NA,FALSE,TRUE
2018-ORLAD-000351,0.5,Class B,2018-08-16T06:59:59Z,130.7163888888889,NA,NA,WF,0,2018,NA,NA,FALSE,TRUE
2019-ORLAD-000231,7.2,Class B,2019-08-14T06:59:59Z,317.78305555555556,NA,NA,WF,0,2019,NA,NA,FALSE,TRUE
2015-ORLAD-682737,0.1,Class A,NA,NA,NA,NA,WF,0,2015,NA,NA,FALSE,TRUE
2015-ORLAD-683556,0.1,Class A,NA,NA,NA,NA,WF,0,2015,NA,NA,FALSE,TRUE
2016-ORLAD-000253,0.3,Class B,2016-08-20T06:59:59Z,153.01638888888888,NA,NA,WF,0,2016,NA,NA,FALSE,TRUE
2016-ORLAD-000264,0.1,Class A,2016-08-25T06:59:59Z,179.59972222222223,NA,NA,WF,0,2016,NA,NA,FALSE,TRUE
2017-ORLAD-000231,29,Class C,2017-10-04T06:59:59Z,2170.5163888888887,NA,NA,WF,0,2017,NA,NA,FALSE,TRUE
2017-ORLAD-000268,0.3,Class B,2017-08-12T06:59:59Z,460.63305555555553,NA,NA,WF,0,2017,NA,NA,FALSE,TRUE
2017-ORLAD-000310,0.3,Class B,2017-07-30T06:59:59Z,125.76638888888888,NA,NA,WF,0,2017,NA,NA,FALSE,TRUE
2017-ORLAD-000321,0.1,Class A,2017-07-30T06:59:59Z,124.93305555555555,NA,NA,WF,0,2017,NA,NA,FALSE,TRUE
2017-ORLAD-000444,0.1,Class A,2017-08-04T06:59:59Z,153.68305555555557,NA,NA,WF,0,2017,NA,NA,FALSE,TRUE
2017-ORLAD-000538,0.1,Class A,2017-08-17T06:59:59Z,6.983055555555556,NA,NA,WF,0,2017,NA,NA,FALSE,TRUE
2019-ORNOD-190119,108,Class D,2019-06-10T06:59:59Z,128.24972222222223,NA,NA,WF,0,2019,NA,NA,FALSE,TRUE
2019-ORNOD-190176,0.1,Class A,2019-07-07T06:59:59Z,6.033055555555555,NA,NA,WF,0,2019,NA,NA,FALSE,TRUE
2015-ORVAD-685450,3.6,Class B,NA,NA,NA,NA,WF,0,2015,NA,NA,FALSE,TRUE
2015-ORVAD-685455,108,Class D,NA,NA,NA,NA,WF,0,2015,NA,NA,FALSE,TRUE
2015-ORVAD-685282,32.7,Class C,NA,NA,NA,NA,WF,0,2015,NA,NA,FALSE,TRUE
2015-ORVAD-685456,20,Class C,NA,NA,NA,NA,WF,0,2015,NA,NA,FALSE,TRUE
2015-ORVAD-681412,227,Class D,NA,NA,NA,NA,WF,0,2015,NA,NA,FALSE,TRUE
2015-ORBUD-684088,700,Class E,NA,NA,NA,NA,WF,0,2015,NA,NA,FALSE,TRUE
2015-ORBUD-683038,3,Class B,NA,NA,NA,NA,WF,0,2015,NA,NA,FALSE,TRUE
2015-ORBUD-681365,0.1,Class A,NA,NA,NA,NA,WF,0,2015,NA,NA,FALSE,TRUE
2017-ORBUD-007024,0.1,Class A,2017-07-29T06:59:59Z,54.01638888888889,NA,NA,WF,0,2017,NA,NA,FALSE,TRUE
2017-ORBUD-007032,0.1,Class A,2017-06-30T06:59:59Z,79.24972222222222,NA,NA,WF,0,2017,NA,NA,FALSE,TRUE
2017-ORBUD-007034,1,Class B,2017-06-28T06:59:59Z,10.599722222222224,NA,NA,WF,0,2017,NA,NA,FALSE,TRUE
2017-ORBUD-007085,0.1,Class A,2017-08-01T06:59:59Z,108.68305555555555,NA,NA,WF,0,2017,NA,NA,FALSE,TRUE
2018-ORBUD-008038,0.1,Class A,2018-07-13T06:59:59Z,12.716388888888888,NA,NA,WF,0,2018,NA,NA,FALSE,TRUE
2019-ORBUD-009040,0.1,Class A,2019-07-04T06:59:59Z,6.499722222222222,NA,NA,WF,0,2019,NA,NA,FALSE,TRUE
2019-ORBUD-009047,0.1,Class A,2019-07-26T06:59:59Z,272.88305555555553,NA,NA,WF,0,2019,NA,NA,FALSE,TRUE
2019-ORBUD-009049,6.5,Class B,2019-07-21T06:59:59Z,151.98305555555555,NA,NA,WF,0,2019,NA,NA,FALSE,TRUE
2019-ORBUD-009083,0.1,Class A,2019-08-18T06:59:59Z,175.19972222222222,NA,NA,WF,0,2019,NA,NA,FALSE,TRUE
2019-ORBUD-009100,0.1,Class A,2019-09-05T06:59:59Z,150.7163888888889,NA,NA,WF,0,2019,NA,NA,FALSE,TRUE
2015-ORVAD-685286,105.7,Class D,NA,NA,NA,NA,WF,0,2015,NA,NA,FALSE,TRUE
2016-ORVAD-000042,0.5,Class B,2016-07-01T05:59:59Z,145.99972222222223,NA,NA,WF,0,2016,NA,NA,FALSE,TRUE
2016-ORVAD-000080,0.1,Class A,2016-07-26T06:59:59Z,3.266388888888889,NA,NA,WF,0,2016,NA,NA,FALSE,TRUE
2016-ORVAD-000123,1.9,Class B,2016-08-13T06:59:59Z,131.99972222222223,NA,NA,WF,0,2016,NA,NA,FALSE,TRUE
2016-ORVAD-000125,2.5,Class B,2016-08-08T06:59:59Z,13.999722222222225,NA,NA,WF,0,2016,NA,NA,FALSE,TRUE
2016-ORVAD-000189,160,Class D,2016-10-02T05:59:59Z,324.13305555555553,NA,NA,WF,0,2016,NA,NA,FALSE,TRUE
2017-ORVAD-000020,0.1,Class A,2017-06-16T05:59:59Z,300.2497222222222,NA,NA,WF,0,2017,NA,NA,FALSE,TRUE
2017-ORVAD-000057,4,Class B,2018-01-25T06:59:59Z,5095.249722222222,NA,NA,WF,0,2017,NA,NA,FALSE,TRUE
2017-ORVAD-000082,15,Class C,2017-08-08T05:59:59Z,753.0997222222222,NA,NA,WF,0,2017,NA,NA,FALSE,TRUE
2017-ORVAD-000124,0.5,Class B,2017-08-08T05:59:59Z,350.4997222222222,NA,NA,WF,0,2017,NA,NA,FALSE,TRUE
2017-ORVAD-000168,67,Class C,2018-01-25T06:59:59Z,4255.333055555556,NA,NA,WF,0,2017,NA,NA,FALSE,TRUE
2017-ORVAD-000173,2,Class B,2017-12-30T07:59:59Z,3536.199722222222,NA,NA,WF,0,2017,NA,NA,FALSE,TRUE
2017-ORVAD-000218,0.5,Class B,2017-10-24T06:59:59Z,1333.7497222222223,NA,NA,WF,0,2017,NA,NA,FALSE,TRUE
2017-ORVAD-000256,0.1,Class A,2017-09-26T05:59:59Z,28.849722222222223,NA,NA,WF,0,2017,NA,NA,FALSE,TRUE
2018-ORVAD-000099,3150.9,Class F,2018-09-06T05:59:59Z,1282.9997222222223,NA,NA,WF,0,2018,NA,NA,FALSE,TRUE
2018-ORVAD-000151,15,Class C,2018-12-11T06:59:59Z,3272.049722222222,NA,NA,WF,0,2018,NA,NA,FALSE,TRUE
2018-ORVAD-000186,19.3,Class C,2018-10-01T06:59:59Z,997.2330555555556,NA,NA,WF,0,2018,NA,NA,FALSE,TRUE
2019-ORVAD-000032,42.6,Class C,2019-06-01T06:59:59Z,419.3497222222222,NA,NA,WF,0,2019,NA,NA,FALSE,TRUE
2019-ORVAD-000074,0.3,Class B,2019-08-13T06:59:59Z,724.3330555555556,NA,NA,WF,0,2019,NA,NA,FALSE,TRUE
2019-ORVAD-000149,0.1,Class A,2019-09-06T05:59:59Z,649.7997222222223,NA,NA,WF,0,2019,NA,NA,FALSE,TRUE
2019-ORVAD-000151,4,Class B,2019-09-26T05:59:59Z,1113.9997222222223,NA,NA,WF,0,2019,NA,NA,FALSE,TRUE
2019-ORVAD-000198,1,Class B,2019-10-16T06:59:59Z,685.8663888888889,NA,NA,WF,0,2019,NA,NA,FALSE,TRUE
2015-ORLAD-682747,0.3,Class B,NA,NA,NA,NA,WF,0,2015,NA,NA,FALSE,TRUE
2015-ORLAD-686382,42,Class C,NA,NA,NA,NA,WF,0,2015,NA,NA,FALSE,TRUE
2015-ORLAD-683787,238,Class D,NA,NA,NA,NA,WF,0,2015,NA,NA,FALSE,TRUE
2015-ORLAD-684540,0.1,Class A,NA,NA,NA,NA,WF,0,2015,NA,NA,FALSE,TRUE
2015-ORLAD-681900,0.1,Class A,NA,NA,NA,NA,WF,0,2015,NA,NA,FALSE,TRUE
2016-ORLAD-000334,8.2,Class B,2016-11-05T06:59:59Z,878.0997222222222,NA,NA,WF,0,2016,NA,NA,FALSE,TRUE
2017-ORLAD-000253,0.3,Class B,2017-07-28T06:59:59Z,348.73305555555555,NA,NA,WF,0,2017,NA,NA,FALSE,TRUE
2017-ORLAD-000261,27.6,Class C,2017-08-12T06:59:59Z,588.6330555555555,NA,NA,WF,0,2017,NA,NA,FALSE,TRUE
2017-ORLAD-000319,0.1,Class A,2017-08-01T06:59:59Z,151.83305555555555,NA,NA,WF,0,2017,NA,NA,FALSE,TRUE
2015-ORCBD-686622,0.1,Class A,NA,NA,NA,NA,WF,0,2015,NA,NA,FALSE,TRUE
2015-ORCBD-686487,0.1,Class A,NA,NA,NA,NA,WF,0,2015,NA,NA,FALSE,TRUE
2016-ORCBD-000182,0.1,Class A,2016-07-01T06:59:59Z,369.7497222222222,NA,NA,WF,0,2016,NA,NA,FALSE,TRUE
2016-ORCBD-721079,0.1,Class A,2016-10-02T06:59:59Z,951.9997222222222,NA,NA,WF,0,2016,NA,NA,FALSE,TRUE
2016-ORCBD-721121,0.1,Class A,2016-10-02T06:59:59Z,371.4997222222222,NA,NA,WF,0,2016,NA,NA,FALSE,TRUE
2016-ORCBD-722090,2.2,Class B,2016-11-16T07:59:59Z,1955.8330555555556,NA,NA,WF,0,2016,NA,NA,FALSE,TRUE
2016-ORCBD-722145,0.4,Class B,2016-11-16T07:59:59Z,899.3330555555556,NA,NA,WF,0,2016,NA,NA,FALSE,TRUE
2016-ORCBD-723149,0.1,Class A,NA,NA,NA,NA,WF,0,2016,NA,NA,FALSE,TRUE
2015-ORVAD-686686,116,Class D,NA,NA,NA,NA,WF,0,2015,NA,NA,FALSE,TRUE
2015-ORVAD-686289,1.8,Class B,NA,NA,NA,NA,WF,0,2015,NA,NA,FALSE,TRUE
2015-ORVAD-685281,12024,Class G,NA,NA,NA,NA,WF,0,2015,NA,NA,FALSE,TRUE
2015-ORVAD-681461,0.1,Class A,NA,NA,NA,NA,WF,0,2015,NA,NA,FALSE,TRUE
2016-ORVAD-000022,1,Class B,2016-09-12T05:59:59Z,2334.6497222222224,NA,NA,WF,0,2016,NA,NA,FALSE,TRUE
2016-ORVAD-000115,104.2,Class D,2016-12-16T07:59:59Z,3161.9997222222223,NA,NA,WF,0,2016,NA,NA,FALSE,TRUE
2016-ORVAD-000163,12,Class C,2016-12-07T07:59:59Z,2621.6497222222224,NA,NA,WF,0,2016,NA,NA,FALSE,TRUE
2017-ORVAD-000064,211,Class D,2017-08-07T05:59:59Z,983.5163888888889,NA,NA,WF,0,2017,NA,NA,FALSE,TRUE
2017-ORVAD-000066,2,Class B,2017-06-28T05:59:59Z,13.449722222222222,NA,NA,WF,0,2017,NA,NA,FALSE,TRUE
2018-ORVAD-000045,0.1,Class A,2018-12-08T06:59:59Z,4377.916388888889,NA,NA,WF,0,2018,NA,NA,FALSE,TRUE
2018-ORVAD-000050,5,Class B,2018-06-14T05:59:59Z,9.799722222222222,NA,NA,WF,0,2018,NA,NA,FALSE,TRUE
2019-ORVAD-000016,5.2,Class B,2019-05-03T05:59:59Z,1188.3330555555556,NA,NA,WF,0,2019,NA,NA,FALSE,TRUE
2019-ORVAD-000146,2,Class B,2019-10-19T06:59:59Z,1691.0330555555556,NA,NA,WF,0,2019,NA,NA,FALSE,TRUE
2019-ORVAD-000214,0.1,Class A,2019-11-27T07:59:59Z,539.9997222222222,NA,NA,WF,0,2019,NA,NA,FALSE,TRUE
2018-ORLAD-000179,0.3,Class B,2018-06-22T06:59:59Z,12.133055555555556,NA,NA,WF,0,2018,NA,NA,FALSE,TRUE
2018-ORLAD-000181,0.5,Class B,2018-07-15T06:59:59Z,514.3163888888889,NA,NA,WF,0,2018,NA,NA,FALSE,TRUE
2018-ORLAD-000276,0.1,Class A,2018-07-25T06:59:59Z,205.36638888888888,NA,NA,WF,0,2018,NA,NA,FALSE,TRUE
2018-ORLAD-000392,0.1,Class A,2018-09-21T06:59:59Z,295.3663888888889,NA,NA,WF,0,2018,NA,NA,FALSE,TRUE
2018-ORLAD-001502,51.8,Class C,2018-08-09T06:59:59Z,494.9997222222222,NA,NA,WF,0,2018,NA,NA,FALSE,TRUE
2019-ORLAD-000197,0.5,Class B,2019-07-23T06:59:59Z,204.4163888888889,NA,NA,WF,0,2019,NA,NA,FALSE,TRUE
2019-ORLAD-000199,1.3,Class B,2019-07-26T06:59:59Z,270.53305555555556,NA,NA,WF,0,2019,NA,NA,FALSE,TRUE
2019-ORLAD-000209,0.4,Class B,2019-07-24T06:59:59Z,126.44972222222222,NA,NA,WF,0,2019,NA,NA,FALSE,TRUE
2019-ORLAD-000272,0.2,Class A,2019-08-21T06:59:59Z,150.23305555555555,NA,NA,WF,0,2019,NA,NA,FALSE,TRUE
2019-ORLAD-000284,13.7,Class C,2019-09-25T06:59:59Z,730.3163888888889,NA,NA,WF,0,2019,NA,NA,FALSE,TRUE
2019-ORLAD-000289,0.3,Class B,2019-09-22T06:59:59Z,581.8663888888889,NA,NA,WF,0,2019,NA,NA,FALSE,TRUE
2015-ORCBD-679118,26.9,Class C,NA,NA,NA,NA,WF,0,2015,NA,NA,FALSE,TRUE
2015-ORCBD-686484,0.1,Class A,NA,NA,NA,NA,WF,0,2015,NA,NA,FALSE,TRUE
2016-ORCBD-721128,0.1,Class A,2016-10-02T06:59:59Z,221.6663888888889,NA,NA,WF,0,2016,NA,NA,FALSE,TRUE
2016-ORCBD-721144,0.1,Class A,2016-10-10T06:59:59Z,9.033055555555556,NA,NA,WF,0,2016,NA,NA,FALSE,TRUE
2016-ORCBD-721157,0.3,Class B,NA,NA,NA,NA,WF,0,2016,NA,NA,FALSE,TRUE
2016-ORCBD-722051,0.3,Class B,2016-11-16T07:59:59Z,2383.866388888889,NA,NA,WF,0,2016,NA,NA,FALSE,TRUE
2015-ORLAD-685288,0.1,Class A,NA,NA,NA,NA,WF,0,2015,NA,NA,FALSE,TRUE
2015-ORLAD-684537,0.1,Class A,NA,NA,NA,NA,WF,0,2015,NA,NA,FALSE,TRUE
2015-ORLAD-686502,0.1,Class A,NA,NA,NA,NA,WF,0,2015,NA,NA,FALSE,TRUE
2015-ORLAD-682919,0.1,Class A,NA,NA,NA,NA,WF,0,2015,NA,NA,FALSE,TRUE
2015-ORLAD-682164,5.3,Class B,NA,NA,NA,NA,WF,0,2015,NA,NA,FALSE,TRUE
2015-ORLAD-682921,0.1,Class A,NA,NA,NA,NA,WF,0,2015,NA,NA,FALSE,TRUE
2016-ORLAD-000231,0.1,Class A,2016-08-13T06:59:59Z,172.6663888888889,NA,NA,WF,0,2016,NA,NA,FALSE,TRUE
2016-ORLAD-000242,0.1,Class A,2016-08-13T06:59:59Z,160.76638888888888,NA,NA,WF,0,2016,NA,NA,FALSE,TRUE
2016-ORLAD-000265,2.1,Class B,2016-08-23T06:59:59Z,130.3163888888889,NA,NA,WF,0,2016,NA,NA,FALSE,TRUE
2016-ORLAD-000319,0.1,Class A,2016-10-03T06:59:59Z,346.7497222222222,NA,NA,WF,0,2016,NA,NA,FALSE,TRUE
2017-ORLAD-000167,28.8,Class C,2017-08-17T06:59:59Z,1283.4330555555557,NA,NA,WF,0,2017,NA,NA,FALSE,TRUE
2017-ORLAD-000239,1.9,Class B,2017-07-16T06:59:59Z,154.1663888888889,NA,NA,WF,0,2017,NA,NA,FALSE,TRUE
2017-ORLAD-000266,0.1,Class A,2017-07-28T06:59:59Z,134.99972222222223,NA,NA,WF,0,2017,NA,NA,FALSE,TRUE
2017-ORLAD-000274,6,Class B,2017-08-03T06:59:59Z,243.8997222222222,NA,NA,WF,0,2017,NA,NA,FALSE,TRUE
2017-ORLAD-000314,0.1,Class A,2017-07-31T06:59:59Z,149.4663888888889,NA,NA,WF,0,2017,NA,NA,FALSE,TRUE
2017-ORLAD-000324,0.1,Class A,2017-08-03T06:59:59Z,148.49972222222223,NA,NA,WF,0,2017,NA,NA,FALSE,TRUE
2017-ORLAD-000574,43,Class C,2017-10-13T06:59:59Z,1208.9997222222223,NA,NA,WF,0,2017,NA,NA,FALSE,TRUE
2017-ORLAD-000596,0.3,Class B,2017-10-01T06:59:59Z,768.3663888888889,NA,NA,WF,0,2017,NA,NA,FALSE,TRUE
2015-ORROD-681599,0.1,Class A,NA,NA,NA,NA,WF,0,2015,NA,NA,FALSE,TRUE
2015-ORROD-686115,0.1,Class A,NA,NA,NA,NA,WF,0,2015,NA,NA,FALSE,TRUE
2015-ORROD-681101,0.1,Class A,NA,NA,NA,NA,WF,0,2015,NA,NA,FALSE,TRUE
2015-ORROD-686384,0.1,Class A,NA,NA,NA,NA,WF,0,2015,NA,NA,FALSE,TRUE
2015-ORROD-683922,0.2,Class A,NA,NA,NA,NA,WF,0,2015,NA,NA,FALSE,TRUE
2015-ORROD-686134,0.1,Class A,NA,NA,NA,NA,WF,0,2015,NA,NA,FALSE,TRUE
2015-ORROD-686219,0.1,Class A,NA,NA,NA,NA,WF,0,2015,NA,NA,FALSE,TRUE
2015-ORROD-686616,0.3,Class B,NA,NA,NA,NA,WF,0,2015,NA,NA,FALSE,TRUE
2015-ORROD-686618,0.1,Class A,NA,NA,NA,NA,WF,0,2015,NA,NA,FALSE,TRUE
2016-ORROD-020164,0.1,Class A,2016-07-12T06:59:59Z,245.49972222222223,NA,NA,WF,0,2016,NA,NA,FALSE,TRUE
2016-ORROD-020166,0.1,Class A,2016-07-15T06:59:59Z,262.56638888888887,NA,NA,WF,0,2016,NA,NA,FALSE,TRUE
2016-ORROD-201612,0.1,Class A,2016-08-13T06:59:59Z,11.333055555555555,NA,NA,WF,0,2016,NA,NA,FALSE,TRUE
2016-ORROD-201614,0.5,Class B,2016-08-21T06:59:59Z,516.8663888888889,NA,NA,WF,0,2016,NA,NA,FALSE,TRUE
2016-ORROD-201620,0.3,Class B,2016-09-01T06:59:59Z,24.66638888888889,NA,NA,WF,0,2016,NA,NA,FALSE,TRUE
2017-ORROD-000656,0.1,Class A,2017-09-17T06:59:59Z,247.49972222222223,NA,NA,WF,0,2017,NA,NA,FALSE,TRUE
2017-ORROD-000689,0.1,Class A,2017-10-20T06:59:59Z,34.999722222222225,NA,NA,WF,0,2017,NA,NA,FALSE,TRUE
2017-ORROD-000740,0.1,Class A,2017-10-14T06:59:59Z,253.99972222222223,NA,NA,WF,0,2017,NA,NA,FALSE,TRUE
2015-ORSAD-683491,0.1,Class A,NA,NA,NA,NA,WF,0,2015,NA,NA,FALSE,TRUE
2015-ORSAD-684305,0.1,Class A,NA,NA,NA,NA,WF,0,2015,NA,NA,FALSE,TRUE
2015-ORSAD-687698,0.1,Class A,NA,NA,NA,NA,WF,0,2015,NA,NA,FALSE,TRUE
2017-ORROD-000739,14.1,Class C,2017-12-24T07:59:59Z,327.9997222222222,NA,NA,WF,0,2017,NA,NA,FALSE,TRUE
2015-ORSAD-684309,0.1,Class A,NA,NA,NA,NA,WF,0,2015,NA,NA,FALSE,TRUE
2015-ORSAD-687701,0.1,Class A,NA,NA,NA,NA,WF,0,2015,NA,NA,FALSE,TRUE
2018-ORPRD-000349,300,Class E,2018-06-12T06:59:59Z,11.266388888888889,NA,NA,WF,0,2018,NA,NA,FALSE,TRUE
2018-ORPRD-000410,100226,Class G,2018-10-17T06:59:59Z,2824.199722222222,NA,NA,WF,0,2018,NA,NA,FALSE,TRUE
2018-ORPRD-000480,16,Class C,2018-07-05T06:59:59Z,201.5497222222222,NA,NA,WF,0,2018,NA,NA,FALSE,TRUE
2018-ORPRD-000537,45,Class C,2018-08-14T06:59:59Z,996.5830555555556,NA,NA,WF,0,2018,NA,NA,FALSE,TRUE
2018-ORPRD-000544,2,Class B,2018-07-04T06:59:59Z,9.999722222222225,NA,NA,WF,0,2018,NA,NA,FALSE,TRUE
2018-ORPRD-000599,15,Class C,2018-08-24T06:59:59Z,1136.8330555555556,NA,NA,WF,0,2018,NA,NA,FALSE,TRUE
2018-ORPRD-000730,78425,Class G,2018-10-17T06:59:59Z,2189.6497222222224,NA,NA,WF,0,2018,NA,NA,FALSE,TRUE
2018-ORPRD-000789,0.1,Class A,2018-07-31T06:59:59Z,149.5663888888889,NA,NA,WF,0,2018,NA,NA,FALSE,TRUE
2018-ORPRD-000806,33451,Class G,2018-10-17T06:59:59Z,1975.266388888889,NA,NA,WF,0,2018,NA,NA,FALSE,TRUE
2018-ORPRD-000905,518,Class E,2018-10-17T06:59:59Z,1643.1497222222222,NA,NA,WF,0,2018,NA,NA,FALSE,TRUE
2018-ORPRD-000927,486,Class E,2018-10-17T06:59:59Z,1593.9163888888888,NA,NA,WF,0,2018,NA,NA,FALSE,TRUE
2018-ORPRD-000988,0.1,Class A,2018-09-08T06:59:59Z,532.6830555555556,NA,NA,WF,0,2018,NA,NA,FALSE,TRUE
2018-ORPRD-001018,178,Class D,2018-09-07T06:59:59Z,492.0830555555556,NA,NA,WF,0,2018,NA,NA,FALSE,TRUE
2018-ORPRD-001168,15,Class C,2018-09-14T06:59:59Z,8.466388888888888,NA,NA,WF,0,2018,NA,NA,FALSE,TRUE
2019-ORPRD-000322,0.5,Class B,2019-06-25T06:59:59Z,32.26638888888889,NA,NA,WF,0,2019,NA,NA,FALSE,TRUE
2019-ORPRD-000329,0.1,Class A,2019-06-27T06:59:59Z,57.433055555555555,NA,NA,WF,0,2019,NA,NA,FALSE,TRUE
2019-ORPRD-000439,0.1,Class A,2019-07-08T06:59:59Z,10.483055555555556,NA,NA,WF,0,2019,NA,NA,FALSE,TRUE
2019-ORPRD-000450,0.1,Class A,2019-07-10T06:59:59Z,5.199722222222222,NA,NA,WF,0,2019,NA,NA,FALSE,TRUE
2019-ORPRD-000565,0.1,Class A,2019-08-13T06:59:59Z,196.69972222222225,NA,NA,WF,0,2019,NA,NA,FALSE,TRUE
2019-ORPRD-000600,1,Class B,2019-08-07T06:59:59Z,6.433055555555556,NA,NA,WF,0,2019,NA,NA,FALSE,TRUE
2019-ORPRD-000612,0.1,Class A,2019-08-08T06:59:59Z,6.216388888888889,NA,NA,WF,0,2019,NA,NA,FALSE,TRUE
2019-ORPRD-000769,2100,Class F,2019-09-20T06:59:59Z,922.3163888888888,NA,NA,WF,0,2019,NA,NA,FALSE,TRUE
2019-ORPRD-000773,104,Class D,2019-09-20T06:59:59Z,896.2663888888889,NA,NA,WF,0,2019,NA,NA,FALSE,TRUE
2019-ORPRD-000943,0.1,Class A,2019-09-16T06:59:59Z,225.68305555555557,NA,NA,WF,0,2019,NA,NA,FALSE,TRUE
2015-ORLAD-679380,1.3,Class B,NA,NA,NA,NA,WF,0,2015,NA,NA,FALSE,TRUE
2016-ORLAD-000172,0.1,Class A,2016-07-03T06:59:59Z,201.18305555555557,NA,NA,WF,0,2016,NA,NA,FALSE,TRUE
2016-ORLAD-000208,0.1,Class A,2016-08-05T06:59:59Z,103.93305555555555,NA,NA,WF,0,2016,NA,NA,FALSE,TRUE
2016-ORLAD-000273,9.7,Class B,2016-08-29T06:59:59Z,183.6497222222222,NA,NA,WF,0,2016,NA,NA,FALSE,TRUE
2017-ORLAD-000176,0.1,Class A,2017-07-02T06:59:59Z,149.1663888888889,NA,NA,WF,0,2017,NA,NA,FALSE,TRUE
2017-ORLAD-000210,0.1,Class A,2017-07-01T06:59:59Z,88.94972222222222,NA,NA,WF,0,2017,NA,NA,FALSE,TRUE
2017-ORLAD-000374,0.3,Class B,2017-08-01T06:59:59Z,149.93305555555557,NA,NA,WF,0,2017,NA,NA,FALSE,TRUE
2019-ORNOD-190048,0.2,Class A,2019-03-20T06:59:59Z,13.749722222222225,NA,NA,WF,0,2019,NA,NA,FALSE,TRUE
2019-ORNOD-190067,24,Class C,2019-05-03T06:59:59Z,58.41638888888889,NA,NA,WF,0,2019,NA,NA,FALSE,TRUE
2019-ORNOD-190566,0.4,Class B,2019-10-30T06:59:59Z,8.499722222222223,NA,NA,WF,0,2019,NA,NA,FALSE,TRUE
2015-ORVAD-685452,0.1,Class A,NA,NA,NA,NA,WF,0,2015,NA,NA,FALSE,TRUE
2015-ORVAD-681430,4.8,Class B,NA,NA,NA,NA,WF,0,2015,NA,NA,FALSE,TRUE
2015-ORVAD-683662,0.1,Class A,NA,NA,NA,NA,WF,0,2015,NA,NA,FALSE,TRUE
2016-ORVAD-000085,2,Class B,2016-07-30T05:59:59Z,19.983055555555556,NA,NA,WF,0,2016,NA,NA,FALSE,TRUE
2016-ORVAD-000089,0.1,Class A,2016-07-30T06:59:59Z,4.499722222222222,NA,NA,WF,0,2016,NA,NA,FALSE,TRUE
2016-ORVAD-000090,1.8,Class B,2016-07-31T05:59:59Z,20.99972222222222,NA,NA,WF,0,2016,NA,NA,FALSE,TRUE
2016-ORVAD-000136,319.7,Class E,2016-09-04T06:59:59Z,657.9830555555556,NA,NA,WF,0,2016,NA,NA,FALSE,TRUE
2016-ORVAD-000196,8,Class B,2017-11-02T05:59:59Z,9538.983055555556,NA,NA,WF,0,2016,NA,NA,FALSE,TRUE
2016-ORVAD-000198,61,Class C,2016-10-28T05:59:59Z,514.9997222222222,NA,NA,WF,0,2016,NA,NA,FALSE,TRUE
2017-ORVAD-000048,141,Class D,2018-01-13T06:59:59Z,4882.666388888889,NA,NA,WF,0,2017,NA,NA,FALSE,TRUE
2017-ORVAD-000051,150,Class D,2017-08-08T05:59:59Z,1017.5830555555556,NA,NA,WF,0,2017,NA,NA,FALSE,TRUE
2017-ORVAD-000105,0.1,Class A,2017-10-24T05:59:59Z,2411.8330555555553,NA,NA,WF,0,2017,NA,NA,FALSE,TRUE
2017-ORVAD-000116,4,Class B,2018-01-06T06:59:59Z,4095.9997222222223,NA,NA,WF,0,2017,NA,NA,FALSE,TRUE
2017-ORVAD-000120,403,Class E,2017-12-14T06:59:59Z,3426.4997222222223,NA,NA,WF,0,2017,NA,NA,FALSE,TRUE
2017-ORVAD-000122,2.3,Class B,2017-08-08T05:59:59Z,352.9997222222222,NA,NA,WF,0,2017,NA,NA,FALSE,TRUE
2017-ORVAD-000150,20,Class C,2017-12-28T06:59:59Z,3653.783055555555,NA,NA,WF,0,2017,NA,NA,FALSE,TRUE
2017-ORVAD-000152,1321.5,Class F,2017-08-18T05:59:59Z,477.9997222222222,NA,NA,WF,0,2017,NA,NA,FALSE,TRUE
2017-ORVAD-000204,12.3,Class C,2017-12-29T07:59:59Z,3102.983055555555,NA,NA,WF,0,2017,NA,NA,FALSE,TRUE
2017-ORVAD-000273,65,Class C,2017-12-14T07:59:59Z,1025.9997222222223,NA,NA,WF,0,2017,NA,NA,FALSE,TRUE
2017-ORVAD-000274,14.8,Class C,2018-01-25T06:59:59Z,2029.0497222222225,NA,NA,WF,0,2017,NA,NA,FALSE,TRUE
2017-ORVAD-000275,0.1,Class A,2017-11-04T06:59:59Z,31.91638888888889,NA,NA,WF,0,2017,NA,NA,FALSE,TRUE
2018-ORVAD-000076,360.5,Class E,2018-11-21T07:59:59Z,3441.566388888889,NA,NA,WF,0,2018,NA,NA,FALSE,TRUE
2018-ORVAD-000085,182.4,Class D,2018-12-11T06:59:59Z,3827.783055555555,NA,NA,WF,0,2018,NA,NA,FALSE,TRUE
2018-ORVAD-000094,3,Class B,2018-12-13T06:59:59Z,3797.2663888888887,NA,NA,WF,0,2018,NA,NA,FALSE,TRUE
2018-ORVAD-000176,617.8,Class E,2018-09-16T05:59:59Z,725.1163888888889,NA,NA,WF,0,2018,NA,NA,FALSE,TRUE
2019-ORVAD-000044,0.3,Class B,2019-07-26T06:59:59Z,990.9997222222222,NA,NA,WF,0,2019,NA,NA,FALSE,TRUE
2019-ORVAD-000064,1.6,Class B,2019-08-08T05:59:59Z,729.1163888888889,NA,NA,WF,0,2019,NA,NA,FALSE,TRUE
2019-ORVAD-000100,17,Class C,2019-08-08T05:59:59Z,368.4663888888889,NA,NA,WF,0,2019,NA,NA,FALSE,TRUE
2019-ORVAD-000153,0.1,Class A,2019-09-05T05:59:59Z,508.9663888888889,NA,NA,WF,0,2019,NA,NA,FALSE,TRUE
2019-ORVAD-000167,2,Class B,2019-10-17T05:59:59Z,1210.9830555555557,NA,NA,WF,0,2019,NA,NA,FALSE,TRUE
2019-ORVAD-000169,0.5,Class B,2019-10-17T05:59:59Z,1161.066388888889,NA,NA,WF,0,2019,NA,NA,FALSE,TRUE
2015-ORROD-687639,26452.2,Class G,NA,NA,NA,NA,WF,0,2015,NA,NA,FALSE,TRUE
2015-ORPRD-684644,0.1,Class A,NA,NA,NA,NA,WF,0,2015,NA,NA,FALSE,TRUE
2015-ORPRD-685989,4,Class B,NA,NA,NA,NA,WF,0,2015,NA,NA,FALSE,TRUE
2015-ORPRD-685079,0.1,Class A,NA,NA,NA,NA,WF,0,2015,NA,NA,FALSE,TRUE
2015-ORPRD-685520,30,Class C,NA,NA,NA,NA,WF,0,2015,NA,NA,FALSE,TRUE
2015-ORPRD-684853,2,Class B,NA,NA,NA,NA,WF,0,2015,NA,NA,FALSE,TRUE
2015-ORPRD-686668,12.6,Class C,NA,NA,NA,NA,WF,0,2015,NA,NA,FALSE,TRUE
2015-ORPRD-684525,0.1,Class A,NA,NA,NA,NA,WF,0,2015,NA,NA,FALSE,TRUE
2015-ORPRD-679528,3,Class B,NA,NA,NA,NA,WF,0,2015,NA,NA,FALSE,TRUE
2015-ORPRD-688725,317,Class E,NA,NA,NA,NA,WF,0,2015,NA,NA,FALSE,TRUE
2015-ORPRD-688950,102,Class D,NA,NA,NA,NA,WF,0,2015,NA,NA,FALSE,TRUE
2015-ORPRD-683196,59,Class C,NA,NA,NA,NA,WF,0,2015,NA,NA,FALSE,TRUE
2015-ORPRD-684334,5,Class B,NA,NA,NA,NA,WF,0,2015,NA,NA,FALSE,TRUE
2015-ORPRD-681654,3000,Class F,NA,NA,NA,NA,WF,0,2015,NA,NA,FALSE,TRUE
2016-ORPRD-000069,3,Class B,NA,NA,NA,NA,WF,0,2016,NA,NA,FALSE,TRUE
2016-ORPRD-000079,898,Class E,NA,NA,NA,NA,WF,0,2016,NA,NA,FALSE,TRUE
2016-ORPRD-000259,1.2,Class B,2016-07-11T06:59:59Z,100.48305555555557,NA,NA,WF,0,2016,NA,NA,FALSE,TRUE
2016-ORPRD-000285,2,Class B,2016-07-14T06:59:59Z,9.099722222222224,NA,NA,WF,0,2016,NA,NA,FALSE,TRUE
2016-ORPRD-000432,0.1,Class A,2016-08-09T06:59:59Z,76.66638888888889,NA,NA,WF,0,2016,NA,NA,FALSE,TRUE
2016-ORPRD-000440,0.1,Class A,2016-08-06T06:59:59Z,3.366388888888889,NA,NA,WF,0,2016,NA,NA,FALSE,TRUE
2016-ORPRD-000500,113,Class D,2016-09-03T06:59:59Z,394.93305555555554,NA,NA,WF,0,2016,NA,NA,FALSE,TRUE
2016-ORPRD-000539,150,Class D,2016-09-18T06:59:59Z,538.5330555555555,NA,NA,WF,0,2016,NA,NA,FALSE,TRUE
2016-ORPRD-000557,300,Class E,2016-09-02T06:59:59Z,10.699722222222222,NA,NA,WF,0,2016,NA,NA,FALSE,TRUE
2016-ORPRD-000608,0.1,Class A,2016-09-25T06:59:59Z,7.566388888888889,NA,NA,WF,0,2016,NA,NA,FALSE,TRUE
2016-ORPRD-000671,0.1,Class A,2016-11-17T07:59:59Z,399.5497222222222,NA,NA,WF,0,2016,NA,NA,FALSE,TRUE
2016-ORPRD-693177,0.1,Class A,NA,NA,NA,NA,WF,0,2016,NA,NA,FALSE,TRUE
2017-ORPRD-000051,0.1,Class A,2017-03-19T06:59:59Z,31.74972222222222,NA,NA,WF,0,2017,NA,NA,FALSE,TRUE
2017-ORPRD-000301,15200,Class G,2017-08-14T06:59:59Z,1308.1830555555557,NA,NA,WF,0,2017,NA,NA,FALSE,TRUE
2017-ORPRD-000352,0.1,Class A,2017-06-28T06:59:59Z,30.549722222222226,NA,NA,WF,0,2017,NA,NA,FALSE,TRUE
2017-ORPRD-000354,0.1,Class A,2017-07-03T06:59:59Z,148.59972222222223,NA,NA,WF,0,2017,NA,NA,FALSE,TRUE
2017-ORPRD-000422,264,Class D,2017-08-14T06:59:59Z,988.1830555555556,NA,NA,WF,0,2017,NA,NA,FALSE,TRUE
2017-ORPRD-000692,1,Class B,2017-07-31T06:59:59Z,33.14972222222222,NA,NA,WF,0,2017,NA,NA,FALSE,TRUE
2017-ORPRD-000801,1.8,Class B,2017-08-14T06:59:59Z,82.99972222222222,NA,NA,WF,0,2017,NA,NA,FALSE,TRUE
2017-ORPRD-000818,18.6,Class C,2017-09-25T06:59:59Z,1084.2330555555557,NA,NA,WF,0,2017,NA,NA,FALSE,TRUE
2017-ORPRD-000858,0.3,Class B,2017-08-21T06:59:59Z,222.0497222222222,NA,NA,WF,0,2017,NA,NA,FALSE,TRUE
2017-ORPRD-000985,1.3,Class B,2017-08-24T06:59:59Z,10.249722222222225,NA,NA,WF,0,2017,NA,NA,FALSE,TRUE
2017-ORPRD-001109,0.1,Class A,2017-09-14T06:59:59Z,151.13305555555556,NA,NA,WF,0,2017,NA,NA,FALSE,TRUE
2017-ORPRD-001221,0.1,Class A,2017-10-05T06:59:59Z,244.53305555555556,NA,NA,WF,0,2017,NA,NA,FALSE,TRUE
2018-ORPRD-000012,0.1,Class A,2018-02-01T07:59:59Z,108.53305555555556,NA,NA,WF,0,2018,NA,NA,FALSE,TRUE
2018-ORPRD-000248,0.5,Class B,2018-05-28T06:59:59Z,9.949722222222222,NA,NA,WF,0,2018,NA,NA,FALSE,TRUE
2018-ORPRD-000296,50,Class C,2018-06-04T06:59:59Z,5.683055555555556,NA,NA,WF,0,2018,NA,NA,FALSE,TRUE
2015-ORROD-677937,0.1,Class A,NA,NA,NA,NA,WF,0,2015,NA,NA,FALSE,TRUE
2015-ORROD-677938,0.1,Class A,NA,NA,NA,NA,WF,0,2015,NA,NA,FALSE,TRUE
2015-ORROD-686112,0.1,Class A,NA,NA,NA,NA,WF,0,2015,NA,NA,FALSE,TRUE
2015-ORROD-686124,0.1,Class A,NA,NA,NA,NA,WF,0,2015,NA,NA,FALSE,TRUE
2015-ORROD-686130,0.1,Class A,NA,NA,NA,NA,WF,0,2015,NA,NA,FALSE,TRUE
2015-ORROD-683923,0.1,Class A,NA,NA,NA,NA,WF,0,2015,NA,NA,FALSE,TRUE
2015-ORROD-683924,0.3,Class B,NA,NA,NA,NA,WF,0,2015,NA,NA,FALSE,TRUE
2016-ORROD-000010,16.5,Class C,NA,NA,NA,NA,WF,0,2016,NA,NA,FALSE,TRUE
2016-ORROD-020160,0.8,Class B,NA,NA,NA,NA,WF,0,2016,NA,NA,FALSE,TRUE
2016-ORROD-020161,0.2,Class A,NA,NA,NA,NA,WF,0,2016,NA,NA,FALSE,TRUE
2016-ORROD-020162,0.1,Class A,2016-06-30T06:59:59Z,247.49972222222223,NA,NA,WF,0,2016,NA,NA,FALSE,TRUE
2016-ORROD-170007,0.2,Class A,2016-11-12T07:59:59Z,280.9997222222222,NA,NA,WF,0,2016,NA,NA,FALSE,TRUE
2016-ORROD-170008,0.4,Class B,2016-11-20T07:59:59Z,253.99972222222223,NA,NA,WF,0,2016,NA,NA,FALSE,TRUE
2016-ORROD-170009,57.1,Class C,2016-11-27T07:59:59Z,369.9997222222222,NA,NA,WF,0,2016,NA,NA,FALSE,TRUE
2016-ORROD-201610,0.1,Class A,2016-08-23T06:59:59Z,250.6663888888889,NA,NA,WF,0,2016,NA,NA,FALSE,TRUE
2017-ORROD-000061,53.6,Class C,2017-06-15T06:59:59Z,387.9997222222222,NA,NA,WF,0,2017,NA,NA,FALSE,TRUE
2017-ORROD-000483,0.1,Class A,2017-07-24T06:59:59Z,248.84972222222223,NA,NA,WF,0,2017,NA,NA,FALSE,TRUE
2017-ORROD-000484,0.1,Class A,2017-07-05T06:59:59Z,248.99972222222223,NA,NA,WF,0,2017,NA,NA,FALSE,TRUE
2019-ORROD-000130,170.2,Class D,2019-09-15T06:59:59Z,1926.5330555555556,NA,NA,WF,0,2019,NA,NA,FALSE,TRUE
2015-ORPRD-684631,0.1,Class A,NA,NA,NA,NA,WF,0,2015,NA,NA,FALSE,TRUE
2015-ORPRD-686672,0.1,Class A,NA,NA,NA,NA,WF,0,2015,NA,NA,FALSE,TRUE
2015-ORPRD-684857,1.5,Class B,NA,NA,NA,NA,WF,0,2015,NA,NA,FALSE,TRUE
2015-ORPRD-685082,350,Class E,NA,NA,NA,NA,WF,0,2015,NA,NA,FALSE,TRUE
2015-ORPRD-681377,0.5,Class B,NA,NA,NA,NA,WF,0,2015,NA,NA,FALSE,TRUE
2015-ORPRD-684524,4,Class B,NA,NA,NA,NA,WF,0,2015,NA,NA,FALSE,TRUE
2015-ORPRD-684336,0.1,Class A,NA,NA,NA,NA,WF,0,2015,NA,NA,FALSE,TRUE
2015-ORPRD-681586,143,Class D,NA,NA,NA,NA,WF,0,2015,NA,NA,FALSE,TRUE
2015-ORPRD-683210,157.9,Class D,NA,NA,NA,NA,WF,0,2015,NA,NA,FALSE,TRUE
2015-ORPRD-684623,1338.6,Class F,NA,NA,NA,NA,WF,0,2015,NA,NA,FALSE,TRUE
2016-ORPRD-000061,0.1,Class A,NA,NA,NA,NA,WF,0,2016,NA,NA,FALSE,TRUE
2016-ORPRD-000215,20,Class C,2016-07-01T06:59:59Z,221.2997222222222,NA,NA,WF,0,2016,NA,NA,FALSE,TRUE
2016-ORPRD-000246,5,Class B,2016-07-05T06:59:59Z,29.49972222222222,NA,NA,WF,0,2016,NA,NA,FALSE,TRUE
2016-ORPRD-000247,0.1,Class A,2016-07-08T06:59:59Z,86.24972222222222,NA,NA,WF,0,2016,NA,NA,FALSE,TRUE
2016-ORPRD-000333,0.1,Class A,2016-07-21T06:59:59Z,57.16638888888889,NA,NA,WF,0,2016,NA,NA,FALSE,TRUE
2016-ORPRD-000451,0.1,Class A,2016-08-08T06:59:59Z,33.999722222222225,NA,NA,WF,0,2016,NA,NA,FALSE,TRUE
2016-ORPRD-000452,0.1,Class A,2016-08-08T06:59:59Z,33.86638888888889,NA,NA,WF,0,2016,NA,NA,FALSE,TRUE
2016-ORPRD-000491,266,Class D,2016-10-19T06:59:59Z,1563.5997222222222,NA,NA,WF,0,2016,NA,NA,FALSE,TRUE
2016-ORPRD-000559,0.5,Class B,2016-09-03T06:59:59Z,8.616388888888888,NA,NA,WF,0,2016,NA,NA,FALSE,TRUE
2016-ORPRD-000573,0.1,Class A,2016-09-08T06:59:59Z,10.549722222222222,NA,NA,WF,0,2016,NA,NA,FALSE,TRUE
2016-ORPRD-691038,0.5,Class B,NA,NA,NA,NA,WF,0,2016,NA,NA,FALSE,TRUE
2016-ORPRD-693181,0.1,Class A,NA,NA,NA,NA,WF,0,2016,NA,NA,FALSE,TRUE
2017-ORPRD-000322,0.3,Class B,2017-06-24T06:59:59Z,5.466388888888889,NA,NA,WF,0,2017,NA,NA,FALSE,TRUE
2017-ORPRD-000333,209,Class D,2017-07-21T06:59:59Z,607.4997222222222,NA,NA,WF,0,2017,NA,NA,FALSE,TRUE
2017-ORPRD-000447,4,Class B,NA,NA,NA,NA,WF,0,2017,NA,NA,FALSE,TRUE
2017-ORPRD-000463,0.1,Class A,2017-07-07T06:59:59Z,7.116388888888889,NA,NA,WF,0,2017,NA,NA,FALSE,TRUE
2017-ORPRD-000516,0.1,Class A,2017-07-13T06:59:59Z,5.566388888888889,NA,NA,WF,0,2017,NA,NA,FALSE,TRUE
2017-ORPRD-000715,2,Class B,2017-08-02T06:59:59Z,10.649722222222222,NA,NA,WF,0,2017,NA,NA,FALSE,TRUE
2017-ORPRD-000776,0.5,Class B,2017-08-09T06:59:59Z,9.649722222222222,NA,NA,WF,0,2017,NA,NA,FALSE,TRUE
2017-ORPRD-000887,350,Class E,2017-08-13T06:59:59Z,8.999722222222223,NA,NA,WF,0,2017,NA,NA,FALSE,TRUE
2017-ORPRD-000900,5075,Class G,2017-10-03T06:59:59Z,1214.4163888888888,NA,NA,WF,0,2017,NA,NA,FALSE,TRUE
2017-ORPRD-000980,0.1,Class A,2017-08-23T06:59:59Z,8.533055555555556,NA,NA,WF,0,2017,NA,NA,FALSE,TRUE
2017-ORPRD-001162,0.1,Class A,2017-09-14T06:59:59Z,9.06638888888889,NA,NA,WF,0,2017,NA,NA,FALSE,TRUE
2018-ORPRD-000082,0.1,Class A,2018-04-07T06:59:59Z,6.749722222222222,NA,NA,WF,0,2018,NA,NA,FALSE,TRUE
2018-ORPRD-000086,0.1,Class A,2018-04-08T06:59:59Z,36.89972222222222,NA,NA,WF,0,2018,NA,NA,FALSE,TRUE
2018-ORPRD-000257,0.1,Class A,2018-06-19T06:59:59Z,491.2163888888889,NA,NA,WF,0,2018,NA,NA,FALSE,TRUE
2018-ORPRD-000263,3,Class B,2018-05-31T06:59:59Z,13.999722222222225,NA,NA,WF,0,2018,NA,NA,FALSE,TRUE
2018-ORPRD-000290,130,Class D,2018-06-14T06:59:59Z,248.6497222222222,NA,NA,WF,0,2018,NA,NA,FALSE,TRUE
2015-ORROD-686221,0.1,Class A,NA,NA,NA,NA,WF,0,2015,NA,NA,FALSE,TRUE
2015-ORROD-686234,0.1,Class A,NA,NA,NA,NA,WF,0,2015,NA,NA,FALSE,TRUE
2015-OREUD-681873,0.1,Class A,NA,NA,NA,NA,WF,0,2015,NA,NA,FALSE,TRUE
2015-OREUD-682909,0.1,Class A,NA,NA,NA,NA,WF,0,2015,NA,NA,FALSE,TRUE
2015-OREUD-680111,0.1,Class A,NA,NA,NA,NA,WF,0,2015,NA,NA,FALSE,TRUE
2015-OREUD-687563,0.9,Class B,NA,NA,NA,NA,WF,0,2015,NA,NA,FALSE,TRUE
2015-OREUD-687562,0.1,Class A,NA,NA,NA,NA,WF,0,2015,NA,NA,FALSE,TRUE
2015-OREUD-687561,0.1,Class A,NA,NA,NA,NA,WF,0,2015,NA,NA,FALSE,TRUE
2015-OREUD-687560,0.1,Class A,NA,NA,NA,NA,WF,0,2015,NA,NA,FALSE,TRUE
2015-OREUD-687559,0.1,Class A,NA,NA,NA,NA,WF,0,2015,NA,NA,FALSE,TRUE
2015-OREUD-687546,0.1,Class A,NA,NA,NA,NA,WF,0,2015,NA,NA,FALSE,TRUE
2015-OREUD-687545,0.1,Class A,NA,NA,NA,NA,WF,0,2015,NA,NA,FALSE,TRUE
2015-OREUD-687544,0.1,Class A,NA,NA,NA,NA,WF,0,2015,NA,NA,FALSE,TRUE
2015-OREUD-687541,0.1,Class A,NA,NA,NA,NA,WF,0,2015,NA,NA,FALSE,TRUE
2015-OREUD-687527,0.1,Class A,NA,NA,NA,NA,WF,0,2015,NA,NA,FALSE,TRUE
2015-OREUD-687526,0.1,Class A,NA,NA,NA,NA,WF,0,2015,NA,NA,FALSE,TRUE
2015-OREUD-687525,0.1,Class A,NA,NA,NA,NA,WF,0,2015,NA,NA,FALSE,TRUE
2015-OREUD-687524,0.7,Class B,NA,NA,NA,NA,WF,0,2015,NA,NA,FALSE,TRUE
2015-OREUD-687567,0.2,Class A,NA,NA,NA,NA,WF,0,2015,NA,NA,FALSE,TRUE
2015-OREUD-687543,0.1,Class A,NA,NA,NA,NA,WF,0,2015,NA,NA,FALSE,TRUE
2015-OREUD-687542,0.1,Class A,NA,NA,NA,NA,WF,0,2015,NA,NA,FALSE,TRUE
2015-OREUD-687529,0.1,Class A,NA,NA,NA,NA,WF,0,2015,NA,NA,FALSE,TRUE
2015-OREUD-681220,0.1,Class A,NA,NA,NA,NA,WF,0,2015,NA,NA,FALSE,TRUE
2015-OREUD-681651,0.1,Class A,NA,NA,NA,NA,WF,0,2015,NA,NA,FALSE,TRUE
2016-OREUD-160177,0.1,Class A,2016-06-14T06:59:59Z,9.999722222222225,NA,NA,WF,0,2016,NA,NA,FALSE,TRUE
2016-OREUD-160180,0.5,Class B,2016-06-20T06:59:59Z,9.999722222222225,NA,NA,WF,0,2016,NA,NA,FALSE,TRUE
2015-ORMED-681467,0.1,Class A,NA,NA,NA,NA,WF,0,2015,NA,NA,FALSE,TRUE
2016-ORMED-000198,0.1,Class A,2017-01-01T07:59:59Z,2890.4997222222223,NA,NA,WF,0,2016,NA,NA,FALSE,TRUE
2016-ORMED-000597,0.1,Class A,2017-01-01T07:59:59Z,2172.3330555555553,NA,NA,WF,0,2016,NA,NA,FALSE,TRUE
2017-ORMED-000119,0.1,Class A,2018-01-01T07:59:59Z,3999.9997222222223,NA,NA,WF,0,2017,NA,NA,FALSE,TRUE
2017-ORMED-000136,3.2,Class B,2018-01-01T07:59:59Z,3926.5830555555553,NA,NA,WF,0,2017,NA,NA,FALSE,TRUE
2017-ORMED-000308,0.5,Class B,2018-01-01T07:59:59Z,3473.9997222222223,NA,NA,WF,0,2017,NA,NA,FALSE,TRUE
2017-ORMED-000393,0.1,Class A,2018-01-01T07:59:59Z,2166.4997222222223,NA,NA,WF,0,2017,NA,NA,FALSE,TRUE
2017-ORMED-000699,0.1,Class A,2018-01-01T07:59:59Z,1788.4330555555557,NA,NA,WF,0,2017,NA,NA,FALSE,TRUE
2018-ORMED-000001,0.1,Class A,2019-01-01T07:59:59Z,1549.1497222222222,NA,NA,WF,0,2018,NA,NA,FALSE,TRUE
2018-ORMED-000123,32,Class C,2019-01-01T07:59:59Z,4067.166388888889,NA,NA,WF,0,2018,NA,NA,FALSE,TRUE
2018-ORMED-000567,0.1,Class A,2019-01-01T07:59:59Z,3152.466388888889,NA,NA,WF,0,2018,NA,NA,FALSE,TRUE
2018-ORMED-000633,48,Class C,2019-01-01T07:59:59Z,2938.416388888889,NA,NA,WF,0,2018,NA,NA,FALSE,TRUE
2018-ORMED-000911,0.2,Class A,2019-01-01T07:59:59Z,4468.8163888888885,NA,NA,WF,0,2018,NA,NA,FALSE,TRUE
2019-ORMED-000469,0.1,Class A,2019-09-26T06:59:59Z,374.9997222222222,NA,NA,WF,0,2019,NA,NA,FALSE,TRUE
2019-ORMED-000566,3,Class B,2019-12-12T07:59:59Z,584.9997222222222,NA,NA,WF,0,2019,NA,NA,FALSE,TRUE
2016-ORCBD-721008,0.1,Class A,2016-07-06T06:59:59Z,37.33305555555555,NA,NA,WF,0,2016,NA,NA,FALSE,TRUE
2016-ORCBD-721047,0.1,Class A,2016-08-09T06:59:59Z,53.89972222222222,NA,NA,WF,0,2016,NA,NA,FALSE,TRUE
2016-ORCBD-723009,1,Class B,2016-11-16T07:59:59Z,3226.2497222222223,NA,NA,WF,0,2016,NA,NA,FALSE,TRUE
2016-ORCBD-723013,0.1,Class A,2016-11-16T07:59:59Z,3176.9997222222223,NA,NA,WF,0,2016,NA,NA,FALSE,TRUE
2016-ORCBD-723026,0.1,Class A,2016-11-16T07:59:59Z,2767.9997222222223,NA,NA,WF,0,2016,NA,NA,FALSE,TRUE
2016-ORCBD-723031,0.1,Class A,2016-11-16T07:59:59Z,2634.9997222222223,NA,NA,WF,0,2016,NA,NA,FALSE,TRUE
2015-ORROD-681108,0.1,Class A,NA,NA,NA,NA,WF,0,2015,NA,NA,FALSE,TRUE
2015-ORROD-681122,0.1,Class A,NA,NA,NA,NA,WF,0,2015,NA,NA,FALSE,TRUE
2015-ORROD-681601,0.1,Class A,NA,NA,NA,NA,WF,0,2015,NA,NA,FALSE,TRUE
2015-ORROD-686117,0.1,Class A,NA,NA,NA,NA,WF,0,2015,NA,NA,FALSE,TRUE
2015-ORROD-686122,0.3,Class B,NA,NA,NA,NA,WF,0,2015,NA,NA,FALSE,TRUE
2015-ORROD-681600,0.1,Class A,NA,NA,NA,NA,WF,0,2015,NA,NA,FALSE,TRUE
2015-ORROD-683920,0.1,Class A,NA,NA,NA,NA,WF,0,2015,NA,NA,FALSE,TRUE
2015-ORROD-686387,0.5,Class B,NA,NA,NA,NA,WF,0,2015,NA,NA,FALSE,TRUE
2015-ORROD-686386,0.3,Class B,NA,NA,NA,NA,WF,0,2015,NA,NA,FALSE,TRUE
2015-ORROD-685486,0.1,Class A,NA,NA,NA,NA,WF,0,2015,NA,NA,FALSE,TRUE
2015-ORROD-686139,0.1,Class A,NA,NA,NA,NA,WF,0,2015,NA,NA,FALSE,TRUE
2016-ORROD-020167,0.1,Class A,2016-08-02T06:59:59Z,21.99972222222222,NA,NA,WF,0,2016,NA,NA,FALSE,TRUE
2016-ORROD-020168,0.1,Class A,2016-08-23T06:59:59Z,249.68305555555557,NA,NA,WF,0,2016,NA,NA,FALSE,TRUE
2016-ORROD-020169,0.1,Class A,2016-08-29T06:59:59Z,38.53305555555555,NA,NA,WF,0,2016,NA,NA,FALSE,TRUE
2016-ORROD-201616,0.1,Class A,2016-08-19T06:59:59Z,253.49972222222223,NA,NA,WF,0,2016,NA,NA,FALSE,TRUE
2016-ORROD-201617,0.1,Class A,2016-09-24T06:59:59Z,246.43305555555557,NA,NA,WF,0,2016,NA,NA,FALSE,TRUE
2016-ORROD-201618,0.3,Class B,2016-09-05T06:59:59Z,11.516388888888889,NA,NA,WF,0,2016,NA,NA,FALSE,TRUE
2017-ORROD-000684,2,Class B,2017-10-20T06:59:59Z,31.99972222222222,NA,NA,WF,0,2017,NA,NA,FALSE,TRUE
2017-ORROD-000685,0.8,Class B,2017-10-10T06:59:59Z,6.499722222222222,NA,NA,WF,0,2017,NA,NA,FALSE,TRUE
2017-ORROD-000687,0.1,Class A,2017-09-28T06:59:59Z,251.74972222222223,NA,NA,WF,0,2017,NA,NA,FALSE,TRUE
2015-ORSAD-677217,0.3,Class B,NA,NA,NA,NA,WF,0,2015,NA,NA,FALSE,TRUE
2018-ORPRD-000365,0.1,Class A,2018-06-16T06:59:59Z,11.833055555555555,NA,NA,WF,0,2018,NA,NA,FALSE,TRUE
2018-ORPRD-000398,0.1,Class A,2018-06-25T06:59:59Z,102.03305555555556,NA,NA,WF,0,2018,NA,NA,FALSE,TRUE
2018-ORPRD-000496,0.1,Class A,2018-06-29T06:59:59Z,12.81638888888889,NA,NA,WF,0,2018,NA,NA,FALSE,TRUE
2018-ORPRD-000510,25,Class C,2018-07-01T06:59:59Z,7.799722222222222,NA,NA,WF,0,2018,NA,NA,FALSE,TRUE
2018-ORPRD-000832,5,Class B,2018-07-30T06:59:59Z,8.483055555555556,NA,NA,WF,0,2018,NA,NA,FALSE,TRUE
2018-ORPRD-000845,9,Class B,2018-08-14T06:59:59Z,312.9663888888889,NA,NA,WF,0,2018,NA,NA,FALSE,TRUE
2018-ORPRD-001084,0.1,Class A,2018-08-26T06:59:59Z,8.216388888888888,NA,NA,WF,0,2018,NA,NA,FALSE,TRUE
2018-ORPRD-001141,0.3,Class B,2018-09-07T06:59:59Z,10.199722222222222,NA,NA,WF,0,2018,NA,NA,FALSE,TRUE
2019-ORPRD-000270,150,Class D,2019-06-16T06:59:59Z,136.58305555555555,NA,NA,WF,0,2019,NA,NA,FALSE,TRUE
2019-ORPRD-000382,0.1,Class A,2019-07-01T06:59:59Z,4.633055555555556,NA,NA,WF,0,2019,NA,NA,FALSE,TRUE
2019-ORPRD-000513,781,Class E,2019-07-26T06:59:59Z,11.683055555555557,NA,NA,WF,0,2019,NA,NA,FALSE,TRUE
2019-ORPRD-000519,0.1,Class A,2019-08-13T06:59:59Z,393.38305555555553,NA,NA,WF,0,2019,NA,NA,FALSE,TRUE
2019-ORPRD-000533,0.1,Class A,2019-07-31T06:59:59Z,5.449722222222222,NA,NA,WF,0,2019,NA,NA,FALSE,TRUE
2019-ORPRD-000610,70,Class C,2019-09-06T06:59:59Z,702.9997222222222,NA,NA,WF,0,2019,NA,NA,FALSE,TRUE
2019-ORPRD-000714,0.1,Class A,2019-08-12T06:59:59Z,52.48305555555555,NA,NA,WF,0,2019,NA,NA,FALSE,TRUE
2019-ORPRD-000930,0.1,Class A,2019-09-09T06:59:59Z,63.34972222222222,NA,NA,WF,0,2019,NA,NA,FALSE,TRUE
2015-ORROD-687339,1845.5,Class F,NA,NA,NA,NA,WF,0,2015,NA,NA,FALSE,TRUE
2024-ORDEF-000006,1,Class B,NA,NA,NA,NA,RX,0,2024,NA,NA,FALSE,TRUE
2024-OR981S-240101,0.1,Class A,2024-02-05T19:35:00Z,116.5,NA,NA,WF,0,2024,NA,NA,FALSE,TRUE
2024-ORDEF-000025,0,Class A,2024-02-05T17:32:00Z,55.818888888888885,NA,NA,WF,0,2024,NA,NA,FALSE,TRUE
2024-ORDEF-000027,0,Class A,2024-02-05T22:15:00Z,1.3108333333333333,NA,NA,WF,0,2024,NA,NA,FALSE,TRUE
2024-ORWWF-000023,0.1,Class A,NA,NA,NA,NA,WF,0,2024,NA,NA,FALSE,TRUE
2024-ORUMA-000024,0.1,Class A,NA,NA,NA,NA,WF,0,2024,NA,NA,FALSE,TRUE
2024-OR981S-240103,3.5,Class B,NA,NA,NA,NA,WF,0,2024,NA,NA,FALSE,TRUE
2024-OROCF-000057,1,Class B,NA,NA,NA,NA,RX,0,2024,NA,NA,FALSE,TRUE
2024-ORUMA-000029,0.4,Class B,NA,NA,NA,NA,WF,0,2024,NA,NA,FALSE,TRUE
2024-ORCGF-000014,5,Class B,NA,NA,NA,NA,RX,0,2024,NA,NA,FALSE,TRUE
2024-ORCGF-000022,0.1,Class A,NA,NA,NA,NA,RX,0,2024,NA,NA,FALSE,TRUE
2024-ORMHF-000037,1,Class B,NA,NA,NA,NA,RX,0,2024,NA,NA,FALSE,TRUE
2024-ORMHF-000020,56,Class C,NA,NA,NA,NA,RX,0,2024,NA,NA,FALSE,TRUE
2024-ORMHF-000051,1,Class B,NA,NA,NA,NA,RX,0,2024,NA,NA,FALSE,TRUE
2024-OR974S-000035,0.1,Class A,NA,NA,NA,NA,WF,0,2024,NA,NA,FALSE,TRUE
2024-OR974S-000033,0.25,Class A,NA,NA,NA,NA,WF,0,2024,NA,NA,FALSE,TRUE
2024-ORMHF-000085,1,Class B,NA,NA,NA,NA,RX,0,2024,NA,NA,FALSE,TRUE
2024-ORMHF-000103,1,Class B,NA,NA,NA,NA,RX,0,2024,NA,NA,FALSE,TRUE
2024-ORVAD-240030,1,Class B,NA,NA,NA,NA,RX,0,2024,NA,NA,FALSE,TRUE
2024-ORDEF-000069,1,Class B,NA,NA,NA,NA,RX,0,2024,NA,NA,FALSE,TRUE
2024-ORUMF-024037,1,Class B,NA,NA,NA,NA,RX,0,2024,NA,NA,FALSE,TRUE
2024-ORFWF-240012,1,Class B,NA,NA,NA,NA,RX,0,2024,NA,NA,FALSE,TRUE
2024-ORFWF-240018,1,Class B,NA,NA,NA,NA,RX,0,2024,NA,NA,FALSE,TRUE
2024-ORUPF-240067,1,Class B,NA,NA,NA,NA,RX,0,2024,NA,NA,FALSE,TRUE
2024-ORSUF-240047,1,Class B,NA,NA,NA,NA,RX,0,2024,NA,NA,FALSE,TRUE
2024-ORDEF-000079,1.1,Class B,NA,NA,NA,NA,RX,0,2024,NA,NA,FALSE,TRUE
2024-ORWWF-000046,1,Class B,NA,NA,NA,NA,RX,0,2024,NA,NA,FALSE,TRUE
2024-ORFWF-240020,1,Class B,NA,NA,NA,NA,RX,0,2024,NA,NA,FALSE,TRUE
2024-ORFWF-240006,1,Class B,NA,NA,NA,NA,RX,0,2024,NA,NA,FALSE,TRUE
2024-ORFWF-240007,1,Class B,NA,NA,NA,NA,RX,0,2024,NA,NA,FALSE,TRUE
2024-ORFWF-240013,1,Class B,NA,NA,NA,NA,RX,0,2024,NA,NA,FALSE,TRUE
2024-ORFWF-240021,1,Class B,NA,NA,NA,NA,RX,0,2024,NA,NA,FALSE,TRUE
2024-OROCF-000083,0.1,Class A,NA,NA,NA,NA,WF,0,2024,NA,NA,FALSE,TRUE
2024-OR732S-000551,1,Class B,NA,NA,NA,NA,WF,0,2024,NA,NA,FALSE,TRUE
2024-ORDEF-000088,1,Class B,NA,NA,NA,NA,RX,0,2024,NA,NA,FALSE,TRUE
2024-ORDEF-000091,1,Class B,NA,NA,NA,NA,RX,0,2024,NA,NA,FALSE,TRUE
2024-OR955S-000090,0.1,Class A,2024-05-02T18:20:00Z,232.53944444444448,NA,NA,WF,0,2024,NA,NA,FALSE,TRUE
2024-ORDEF-000093,1,Class B,NA,NA,NA,NA,RX,0,2024,NA,NA,FALSE,TRUE
2024-OR954S-000143,0.5,Class B,2024-06-28T07:00:00Z,1567.7755555555557,NA,NA,WF,0,2024,NA,NA,FALSE,TRUE
2024-ORFWF-240022,1,Class B,NA,NA,NA,NA,RX,0,2024,NA,NA,FALSE,TRUE
2024-ORWWF-000055,1,Class B,NA,NA,NA,NA,RX,0,2024,NA,NA,FALSE,TRUE
2024-ORUMA-000048,0.1,Class A,NA,NA,NA,NA,WF,0,2024,NA,NA,FALSE,TRUE
2024-ORWWF-000054,1,Class B,NA,NA,NA,NA,RX,0,2024,NA,NA,FALSE,TRUE
2024-ORWWF-000053,1,Class B,NA,NA,NA,NA,RX,0,2024,NA,NA,FALSE,TRUE
2024-ORWWF-000052,1,Class B,NA,NA,NA,NA,RX,0,2024,NA,NA,FALSE,TRUE
2024-ORFWF-240008,1,Class B,NA,NA,NA,NA,RX,0,2024,NA,NA,FALSE,TRUE
2024-ORDEF-000095,1,Class B,NA,NA,NA,NA,RX,0,2024,NA,NA,FALSE,TRUE
2024-ORDEF-000096,0.1,Class A,2024-05-07T20:20:00Z,218.62,NA,NA,WF,0,2024,NA,NA,FALSE,TRUE
2024-OR982S-240028,0.1,Class A,NA,NA,NA,NA,RX,0,2024,NA,NA,FALSE,TRUE
2024-ORCGF-000161,0.1,Class A,2024-05-03T02:00:00Z,53.920833333333334,NA,NA,RX,0,2024,NA,NA,FALSE,TRUE
2024-ORCOC-000100,1,Class B,NA,NA,NA,NA,RX,0,2024,NA,NA,FALSE,TRUE
2024-OR981S-240111,0.2,Class A,2024-05-09T18:28:00Z,189.02388888888888,NA,NA,WF,0,2024,NA,NA,FALSE,TRUE
2024-ORDEF-000104,1,Class B,NA,NA,NA,NA,RX,0,2024,NA,NA,FALSE,TRUE
2024-ORCBD-240009,1,Class B,NA,NA,NA,NA,RX,0,2024,NA,NA,FALSE,TRUE
2024-ORCBD-240012,10,Class C,NA,NA,NA,NA,RX,0,2024,NA,NA,FALSE,TRUE
2024-ORCBD-240014,1,Class B,NA,NA,NA,NA,RX,0,2024,NA,NA,FALSE,TRUE
2024-ORUPF-240015,1,Class B,NA,NA,NA,NA,RX,0,2024,NA,NA,FALSE,TRUE
2024-ORCBD-240023,10.99,Class C,NA,NA,NA,NA,RX,0,2024,NA,NA,FALSE,TRUE
2024-ORUPF-240024,0.1,Class A,NA,NA,NA,NA,RX,0,2024,NA,NA,FALSE,TRUE
2024-ORCBD-240028,1,Class B,NA,NA,NA,NA,RX,0,2024,NA,NA,FALSE,TRUE
2024-ORROD-240035,1,Class B,NA,NA,NA,NA,RX,0,2024,NA,NA,FALSE,TRUE
2024-ORCBD-240027,27.98,Class C,NA,NA,NA,NA,RX,0,2024,NA,NA,FALSE,TRUE
2024-OR953S-024043,1,Class B,2024-05-16T19:25:00Z,309.43444444444447,NA,NA,WF,0,2024,NA,NA,FALSE,TRUE
2024-ORFWF-240029,1,Class B,NA,NA,NA,NA,RX,0,2024,NA,NA,FALSE,TRUE
2024-OR971S-000058,0.1,Class A,NA,NA,NA,NA,WF,0,2024,NA,NA,FALSE,TRUE
2024-ORDEF-000107,1,Class B,NA,NA,NA,NA,RX,0,2024,NA,NA,FALSE,TRUE
2024-ORFWF-240030,1,Class B,NA,NA,NA,NA,RX,0,2024,NA,NA,FALSE,TRUE
2024-ORDEF-000109,1,Class B,NA,NA,NA,NA,RX,0,2024,NA,NA,FALSE,TRUE
2024-ORDEF-000110,1,Class B,NA,NA,NA,NA,RX,0,2024,NA,NA,FALSE,TRUE
2024-ORUPF-240078,1,Class B,NA,NA,NA,NA,RX,0,2024,NA,NA,FALSE,TRUE
2024-OR772S-000107,0.5,Class B,NA,NA,NA,NA,WF,0,2024,NA,NA,FALSE,TRUE
2024-ORFWF-240031,1,Class B,NA,NA,NA,NA,RX,0,2024,NA,NA,FALSE,TRUE
2024-ORVAD-240043,0.1,Class A,2024-08-18T21:55:00Z,2402.35,NA,NA,WF,0,2024,NA,NA,FALSE,TRUE
2024-OR972S-000062,1.34,Class B,NA,NA,NA,NA,WF,0,2024,NA,NA,FALSE,TRUE
2024-ORRSF-000059,0.1,Class A,2024-05-14T14:25:00Z,17.406666666666666,NA,NA,WF,0,2024,NA,NA,FALSE,TRUE
2024-OR981S-240115,0.1,Class A,NA,NA,NA,NA,WF,0,2024,NA,NA,FALSE,TRUE
2024-ORDEF-000121,1,Class B,NA,NA,NA,NA,RX,0,2024,NA,NA,FALSE,TRUE
2024-ORDEF-000120,1,Class B,NA,NA,NA,NA,RX,0,2024,NA,NA,FALSE,TRUE
2024-ORDEF-000122,1,Class B,NA,NA,NA,NA,RX,0,2024,NA,NA,FALSE,TRUE
2024-ORROD-000553,0.01,Class A,NA,NA,NA,NA,WF,0,2024,NA,NA,FALSE,TRUE
2024-OR953S-024054,0.1,Class A,2024-05-31T18:16:00Z,402.86555555555555,NA,NA,WF,0,2024,NA,NA,FALSE,TRUE
2024-ORWIF-240077,1,Class B,NA,NA,NA,NA,RX,0,2024,NA,NA,FALSE,TRUE
2024-OROCF-000129,1,Class B,NA,NA,NA,NA,RX,0,2024,NA,NA,FALSE,TRUE
2024-ORWWF-000067,1,Class B,NA,NA,NA,NA,RX,0,2024,NA,NA,FALSE,TRUE
2024-ORWIF-240079,1,Class B,NA,NA,NA,NA,RX,0,2024,NA,NA,FALSE,TRUE
2024-ORWIF-240080,1,Class B,NA,NA,NA,NA,RX,0,2024,NA,NA,FALSE,TRUE
2024-OR981S-240117,0.18,Class A,NA,NA,NA,NA,WF,0,2024,NA,NA,FALSE,TRUE
2024-ORDEF-000138,1,Class B,NA,NA,NA,NA,RX,0,2024,NA,NA,FALSE,TRUE
2024-ORUPF-240093,1,Class B,NA,NA,NA,NA,RX,0,2024,NA,NA,FALSE,TRUE
2024-OR721S-020224,0.01,Class A,NA,NA,NA,NA,WF,0,2024,NA,NA,FALSE,TRUE
2024-ORDEF-000141,0.01,Class A,2024-05-21T00:26:00Z,1.7516666666666667,NA,NA,WF,0,2024,NA,NA,FALSE,TRUE
2024-ORMHF-000201,1,Class B,2024-05-24T17:28:00Z,73.69388888888889,NA,NA,RX,0,2024,NA,NA,FALSE,TRUE
2024-OR971S-000071,1,Class B,NA,NA,NA,NA,RX,0,2024,NA,NA,FALSE,TRUE
2024-ORWIF-240083,1,Class B,NA,NA,NA,NA,RX,0,2024,NA,NA,FALSE,TRUE
2024-ORDEF-000147,1,Class B,NA,NA,NA,NA,RX,0,2024,NA,NA,FALSE,TRUE
2024-ORMAF-002439,1,Class B,NA,NA,NA,NA,RX,0,2024,NA,NA,FALSE,TRUE
2024-ORUPF-240098,15.49,Class C,NA,NA,NA,NA,RX,0,2024,NA,NA,FALSE,TRUE
2024-OR981S-240120,0.1,Class A,2024-05-30T18:24:00Z,114.37833333333332,NA,NA,WF,0,2024,NA,NA,FALSE,TRUE
2024-OR981S-240123,0.1,Class A,2024-05-30T19:15:00Z,94.40777777777778,NA,NA,WF,0,2024,NA,NA,FALSE,TRUE
2024-ORDEF-000155,0.1,Class A,2024-06-04T20:10:00Z,215.87027777777777,NA,NA,WF,0,2024,NA,NA,FALSE,TRUE
2024-ORUMA-000078,0.1,Class A,NA,NA,NA,NA,WF,0,2024,NA,NA,FALSE,TRUE
2024-ORUMA-000081,0.1,Class A,NA,NA,NA,NA,WF,0,2024,NA,NA,FALSE,TRUE
2024-ORMAF-024060,0.1,Class A,2024-06-03T21:00:00Z,150.54416666666663,NA,NA,WF,0,2024,NA,NA,FALSE,TRUE
2024-ORDEF-000146,1,Class B,NA,NA,NA,NA,RX,0,2024,NA,NA,FALSE,TRUE
2024-OR973S-000085,0.1,Class A,NA,NA,NA,NA,WF,0,2024,NA,NA,FALSE,TRUE
2024-OR972S-000089,0.1,Class A,NA,NA,NA,NA,WF,0,2024,NA,NA,FALSE,TRUE
2024-OR982S-240130,0.5,Class B,2024-06-05T19:14:00Z,156.91666666666666,NA,NA,WF,0,2024,NA,NA,FALSE,TRUE
2024-ORDEF-000167,0.1,Class A,2024-06-02T19:32:00Z,73.86611111111111,NA,NA,WF,0,2024,NA,NA,FALSE,TRUE
2024-OR954S-000225,0.01,Class A,2024-06-04T00:10:00Z,99.43,NA,NA,WF,0,2024,NA,NA,FALSE,TRUE
2024-ORUPF-240112,1,Class B,NA,NA,NA,NA,RX,0,2024,NA,NA,FALSE,TRUE
2024-OR954S-000231,0.25,Class A,NA,NA,NA,NA,WF,0,2024,NA,NA,FALSE,TRUE
2024-ORPRD-000175,0.1,Class A,2024-06-14T23:41:00Z,303.7325,NA,NA,WF,0,2024,NA,NA,FALSE,TRUE
2024-ORMAF-002446,0.1,Class A,2024-06-18T21:10:00Z,358.66777777777776,NA,NA,WF,0,2024,NA,NA,FALSE,TRUE
2024-ORUMA-000098,0.1,Class A,NA,NA,NA,NA,WF,0,2024,NA,NA,FALSE,TRUE
2024-OR732S-000556,1.5,Class B,NA,NA,NA,NA,WF,0,2024,NA,NA,FALSE,TRUE
2024-ORMED-000094,1,Class B,NA,NA,NA,NA,RX,0,2024,NA,NA,FALSE,TRUE
2024-OR712S-000553,0.1,Class A,NA,NA,NA,NA,WF,0,2024,NA,NA,FALSE,TRUE
2024-ORRSF-000095,0.1,Class A,2024-06-10T17:43:00Z,92.33111111111111,NA,NA,WF,0,2024,NA,NA,FALSE,TRUE
2024-OR981S-240133,0.17,Class A,2024-06-17T22:22:00Z,254.3136111111111,NA,NA,WF,0,2024,NA,NA,FALSE,TRUE
2024-ORMHF-000017,1,Class B,NA,NA,NA,NA,RX,0,2024,NA,NA,FALSE,TRUE
2024-OR981S-240135,2,Class B,2024-06-14T19:44:00Z,164.04777777777778,NA,NA,WF,0,2024,NA,NA,FALSE,TRUE
2024-OR981S-240140,0.1,Class A,2024-06-12T17:45:00Z,87.50055555555555,NA,NA,WF,0,2024,NA,NA,FALSE,TRUE
2024-OR981S-240143,0.25,Class A,2024-06-17T23:18:00Z,194.69194444444443,NA,NA,WF,0,2024,NA,NA,FALSE,TRUE
2024-OR954S-000260,0.1,Class A,2024-06-20T23:11:00Z,266.55861111111113,NA,NA,WF,0,2024,NA,NA,FALSE,TRUE
2024-OR981S-240144,0.1,Class A,NA,NA,NA,NA,WF,0,2024,NA,NA,FALSE,TRUE
2024-ORUPF-240124,87.12,Class C,NA,NA,NA,NA,RX,0,2024,NA,NA,FALSE,TRUE
2024-ORWIF-240102,0.1,Class A,NA,NA,NA,NA,RX,0,2024,NA,NA,FALSE,TRUE
2024-ORBUD-002453,0.1,Class A,2024-06-25T19:04:00Z,379.5394444444444,NA,NA,WF,0,2024,NA,NA,FALSE,TRUE
2024-ORBUD-002451,0.1,Class A,2024-06-25T19:04:00Z,386.68833333333333,NA,NA,WF,0,2024,NA,NA,FALSE,TRUE
2024-ORBUD-002455,0.1,Class A,2024-06-23T20:09:00Z,311.3152777777778,NA,NA,WF,0,2024,NA,NA,FALSE,TRUE
2024-ORBUD-002456,0.1,Class A,2024-07-05T02:59:00Z,580.8166666666667,NA,NA,WF,0,2024,NA,NA,FALSE,TRUE
2024-ORMAF-024070,0.1,Class A,2024-06-28T20:59:00Z,525.3491666666666,NA,NA,WF,0,2024,NA,NA,FALSE,TRUE
2024-OR952S-002457,0.1,Class A,2024-06-20T19:36:00Z,237.23333333333332,NA,NA,WF,0,2024,NA,NA,FALSE,TRUE
2024-ORBUD-002460,0.01,Class A,NA,NA,NA,NA,WF,0,2024,NA,NA,FALSE,TRUE
2024-OR711S-000365,0.21,Class A,NA,NA,NA,NA,WF,0,2024,NA,NA,FALSE,TRUE
2024-OR712S-000566,0.01,Class A,NA,NA,NA,NA,WF,0,2024,NA,NA,FALSE,TRUE
2024-ORROD-000561,0.01,Class A,NA,NA,NA,NA,WF,0,2024,NA,NA,FALSE,TRUE
2024-OR981S-240151,0.5,Class B,NA,NA,NA,NA,WF,0,2024,NA,NA,FALSE,TRUE
2024-OR981S-240152,0.1,Class A,2024-06-18T20:35:00Z,149.1811111111111,NA,NA,WF,0,2024,NA,NA,FALSE,TRUE
2024-ORMCFN-000276,0.01,Class A,NA,NA,NA,NA,WF,0,2024,NA,NA,FALSE,TRUE
2024-OR712S-000578,0.01,Class A,NA,NA,NA,NA,WF,0,2024,NA,NA,FALSE,TRUE
2024-ORMED-000105,0.1,Class A,NA,NA,NA,NA,WF,0,2024,NA,NA,FALSE,TRUE
2024-OR981S-240154,0.1,Class A,2024-06-18T19:50:00Z,124.47583333333333,NA,NA,WF,0,2024,NA,NA,FALSE,TRUE
2024-OR733S-000568,0.25,Class A,NA,NA,NA,NA,WF,0,2024,NA,NA,FALSE,TRUE
2024-OR981S-240153,0.1,Class A,NA,NA,NA,NA,WF,0,2024,NA,NA,FALSE,TRUE
2024-OR981S-240157,0.1,Class A,2024-06-18T21:16:00Z,110.0813888888889,NA,NA,WF,0,2024,NA,NA,FALSE,TRUE
2024-ORUPF-240126,18.99,Class C,NA,NA,NA,NA,RX,0,2024,NA,NA,FALSE,TRUE
2024-ORUPF-240132,1,Class B,NA,NA,NA,NA,RX,0,2024,NA,NA,FALSE,TRUE
2024-OR981S-240156,0.1,Class A,2024-06-19T20:21:00Z,142.79527777777778,NA,NA,WF,0,2024,NA,NA,FALSE,TRUE
2024-OR711S-000370,0.01,Class A,NA,NA,NA,NA,WF,0,2024,NA,NA,FALSE,TRUE
2024-OR712S-000573,0.25,Class A,NA,NA,NA,NA,WF,0,2024,NA,NA,FALSE,TRUE
2024-OR712S-000586,0.01,Class A,NA,NA,NA,NA,WF,0,2024,NA,NA,FALSE,TRUE
2024-ORMAF-002467,0.1,Class A,2024-07-04T23:31:00Z,435.7880555555555,NA,NA,WF,0,2024,NA,NA,FALSE,TRUE
2024-OR954S-000302,0.1,Class A,2024-06-21T17:22:00Z,114.87305555555557,NA,NA,WF,0,2024,NA,NA,FALSE,TRUE
2024-OR711S-000375,0.25,Class A,NA,NA,NA,NA,WF,0,2024,NA,NA,FALSE,TRUE
2024-OR971S-000121,7.88,Class B,NA,NA,NA,NA,WF,0,2024,NA,NA,FALSE,TRUE
2024-OR712S-000591,0.01,Class A,NA,NA,NA,NA,WF,0,2024,NA,NA,FALSE,TRUE
2024-ORPRD-000255,1,Class B,NA,NA,NA,NA,RX,0,2024,NA,NA,FALSE,TRUE
2024-ORDEF-000253,0.1,Class A,2024-06-20T18:11:00Z,72.01083333333334,NA,NA,WF,0,2024,NA,NA,FALSE,TRUE
2024-ORCLP-240160,0.1,Class A,2024-06-21T16:31:00Z,70.61611111111111,NA,NA,WF,0,2024,NA,NA,FALSE,TRUE
2024-ORMAF-002470,0.5,Class B,2024-07-06T21:09:00Z,427.3611111111111,NA,NA,WF,0,2024,NA,NA,FALSE,TRUE
2024-OR711S-000373,0.25,Class A,NA,NA,NA,NA,WF,0,2024,NA,NA,FALSE,TRUE
2024-OR952S-024084,0.01,Class A,NA,NA,NA,NA,WF,0,2024,NA,NA,FALSE,TRUE
2024-OR712S-000606,0.19,Class A,NA,NA,NA,NA,WF,0,2024,NA,NA,FALSE,TRUE
2024-ORMAF-002472,0.1,Class A,2024-06-24T21:58:00Z,117.78333333333332,NA,NA,WF,0,2024,NA,NA,FALSE,TRUE
2024-OR952S-024086,0.84,Class B,2024-06-27T21:21:00Z,176.02416666666667,NA,NA,WF,0,2024,NA,NA,FALSE,TRUE
2024-ORMHF-000323,1,Class B,2024-06-27T20:36:00Z,173.38333333333333,NA,NA,RX,0,2024,NA,NA,FALSE,TRUE
2024-ORUMF-000131,1,Class B,NA,NA,NA,NA,RX,0,2024,NA,NA,FALSE,TRUE
2024-ORDEF-000271,2.5,Class B,2024-07-02T00:21:00Z,260.85,NA,NA,WF,0,2024,NA,NA,FALSE,TRUE
2024-ORPRD-000275,0.01,Class A,NA,NA,NA,NA,WF,0,2024,NA,NA,FALSE,TRUE
2024-ORPRD-000278,0.1,Class A,2024-07-11T20:57:00Z,452.6333333333333,NA,NA,WF,0,2024,NA,NA,FALSE,TRUE
2024-OR982S-240166,0.25,Class A,NA,NA,NA,NA,WF,0,2024,NA,NA,FALSE,TRUE
2024-OR732S-000601,0.01,Class A,NA,NA,NA,NA,WF,0,2024,NA,NA,FALSE,TRUE
2024-ORCBD-240145,1,Class B,NA,NA,NA,NA,RX,0,2024,NA,NA,FALSE,TRUE
2024-ORVAD-240005,1,Class B,NA,NA,NA,NA,RX,0,2024,NA,NA,FALSE,TRUE
2024-OR712S-000628,0.01,Class A,NA,NA,NA,NA,WF,0,2024,NA,NA,FALSE,TRUE
2024-OR981S-240168,0.1,Class A,2024-06-29T21:02:00Z,115.2063888888889,NA,NA,WF,0,2024,NA,NA,FALSE,TRUE
2024-OR973S-000143,0.1,Class A,NA,NA,NA,NA,WF,0,2024,NA,NA,FALSE,TRUE
2024-OR712S-000631,0.04,Class A,NA,NA,NA,NA,WF,0,2024,NA,NA,FALSE,TRUE
2024-ORUPF-240148,0.1,Class A,2024-06-30T21:38:00Z,116.93638888888889,NA,NA,WF,0,2024,NA,NA,FALSE,TRUE
2024-OR952S-024095,7.84,Class B,2024-07-20T15:00:00Z,569.6,NA,NA,WF,0,2024,NA,NA,FALSE,TRUE
2024-OR952S-024096,3.44,Class B,2024-07-05T18:55:00Z,211.53333333333333,NA,NA,WF,0,2024,NA,NA,FALSE,TRUE
2024-OR981S-240170,0.5,Class B,2024-07-04T23:24:00Z,192.38333333333333,NA,NA,WF,0,2024,NA,NA,FALSE,TRUE
2024-ORUMA-000135,0.1,Class A,NA,NA,NA,NA,WF,0,2024,NA,NA,FALSE,TRUE
2024-OR712S-000635,0.01,Class A,NA,NA,NA,NA,WF,0,2024,NA,NA,FALSE,TRUE
2024-OR972S-000152,0.5,Class B,2024-07-05T22:37:00Z,173.24305555555554,NA,NA,WF,0,2024,NA,NA,FALSE,TRUE
2024-OR981S-240119,0.1,Class A,2024-05-30T19:45:00Z,116.81333333333332,NA,NA,WF,0,2024,NA,NA,FALSE,TRUE
2024-OR981S-240165,0.01,Class A,NA,NA,NA,NA,WF,0,2024,NA,NA,FALSE,TRUE
2024-OR981S-240174,0.1,Class A,2024-07-02T18:36:00Z,94.70555555555556,NA,NA,WF,0,2024,NA,NA,FALSE,TRUE
2024-ORUPF-240017,1,Class B,NA,NA,NA,NA,RX,0,2024,NA,NA,FALSE,TRUE
2024-ORUPF-240018,1,Class B,NA,NA,NA,NA,RX,0,2024,NA,NA,FALSE,TRUE
2024-OR711S-000411,0.06,Class A,NA,NA,NA,NA,WF,0,2024,NA,NA,FALSE,TRUE
2024-OR733S-000625,0.01,Class A,NA,NA,NA,NA,WF,0,2024,NA,NA,FALSE,TRUE
2024-OR712S-000004,2.98,Class B,NA,NA,NA,NA,WF,0,2024,NA,NA,FALSE,TRUE
2024-OR712S-000008,0.25,Class A,NA,NA,NA,NA,WF,0,2024,NA,NA,FALSE,TRUE
2024-OR951S-000319,0.1,Class A,2024-07-11T19:55:00Z,235.91666666666663,NA,NA,WF,0,2024,NA,NA,FALSE,TRUE
2024-OR974S-000158,0.1,Class A,2024-07-09T00:20:00Z,125.46222222222222,NA,NA,WF,0,2024,NA,NA,FALSE,TRUE
2024-OR973S-000159,0.1,Class A,NA,NA,NA,NA,WF,0,2024,NA,NA,FALSE,TRUE
2024-ORUMA-000160,0.1,Class A,NA,NA,NA,NA,WF,0,2024,NA,NA,FALSE,TRUE
2024-OR953S-024102,6.15,Class B,2024-07-13T21:39:00Z,233.78916666666663,NA,NA,WF,0,2024,NA,NA,FALSE,TRUE
2024-ORBUD-002491,0.1,Class A,2024-07-13T00:44:00Z,199.63333333333333,NA,NA,WF,0,2024,NA,NA,FALSE,TRUE
2024-OR711S-000022,9.99,Class B,NA,NA,NA,NA,WF,0,2024,NA,NA,FALSE,TRUE
2024-OR981S-240180,0.1,Class A,2024-07-08T18:25:00Z,81.1138888888889,NA,NA,WF,0,2024,NA,NA,FALSE,TRUE
2024-OR781S-000002,0.01,Class A,NA,NA,NA,NA,WF,0,2024,NA,NA,FALSE,TRUE
2024-ORUPF-240159,0.1,Class A,2024-07-06T01:19:00Z,10.44138888888889,NA,NA,WF,0,2024,NA,NA,FALSE,TRUE
2024-ORUPF-240160,0.1,Class A,2024-07-05T20:17:00Z,1.9666666666666663,NA,NA,WF,0,2024,NA,NA,FALSE,TRUE
2024-ORUPF-240162,0.1,Class A,2024-07-05T19:02:00Z,4.166666666666667,NA,NA,WF,0,2024,NA,NA,FALSE,TRUE
2024-OR981S-240181,0.01,Class A,NA,NA,NA,NA,WF,0,2024,NA,NA,FALSE,TRUE
2024-OR982S-240182,0.1,Class A,2024-07-13T19:45:00Z,189.27833333333336,NA,NA,WF,0,2024,NA,NA,FALSE,TRUE
2024-ORUPF-240165,0.1,Class A,2024-07-06T00:11:00Z,0.26666666666666666,NA,NA,WF,0,2024,NA,NA,FALSE,TRUE
2024-OR981S-240179,1,Class B,2024-07-13T18:45:00Z,204.21666666666667,NA,NA,WF,0,2024,NA,NA,FALSE,TRUE
2024-ORUPF-240168,0.1,Class A,NA,NA,NA,NA,WF,0,2024,NA,NA,FALSE,TRUE
2024-OR981S-240183,0.01,Class A,NA,NA,NA,NA,WF,0,2024,NA,NA,FALSE,TRUE
2024-ORUPF-240170,0.1,Class A,2024-07-06T19:15:00Z,0.6947222222222222,NA,NA,WF,0,2024,NA,NA,FALSE,TRUE
2024-OR712S-000044,0.29,Class B,NA,NA,NA,NA,WF,0,2024,NA,NA,FALSE,TRUE
2024-OR981S-240185,2.12,Class B,NA,NA,NA,NA,WF,0,2024,NA,NA,FALSE,TRUE
2024-OR981S-240186,0.25,Class A,2024-07-09T20:07:00Z,46.04888888888889,NA,NA,WF,0,2024,NA,NA,FALSE,TRUE
2024-ORUMA-000175,0.2,Class A,2024-07-09T16:44:00Z,40.25,NA,NA,WF,0,2024,NA,NA,FALSE,TRUE
2024-ORPRRN-000181,0.1,Class A,NA,NA,NA,NA,WF,0,2024,NA,NA,FALSE,TRUE
2024-ORMHF-000487,0.1,Class A,2024-07-07T23:45:00Z,0.01805555555555555,NA,NA,WF,0,2024,NA,NA,FALSE,TRUE
2024-OR981S-240190,0.25,Class A,2024-07-13T20:22:00Z,118.9486111111111,NA,NA,WF,0,2024,NA,NA,FALSE,TRUE
2024-ORRSF-000141,0.01,Class A,2024-07-18T23:30:00Z,237.09805555555556,NA,NA,WF,0,2024,NA,NA,FALSE,TRUE
2024-OR721S-022724,0.01,Class A,NA,NA,NA,NA,WF,0,2024,NA,NA,FALSE,TRUE
2024-OR971S-000189,10,Class C,2024-07-19T18:54:00Z,213.16666666666663,NA,NA,WF,0,2024,NA,NA,FALSE,TRUE
2024-OR781S-000200,0.5,Class B,NA,NA,NA,NA,WF,0,2024,NA,NA,FALSE,TRUE
2024-OR954S-000536,0.57,Class B,2024-07-18T22:20:00Z,170.51666666666668,NA,NA,WF,0,2024,NA,NA,FALSE,TRUE
2024-OR955S-000389,0.33,Class B,2024-07-17T21:44:00Z,134.4,NA,NA,WF,0,2024,NA,NA,FALSE,TRUE
2024-OR711S-000030,0.01,Class A,NA,NA,NA,NA,WF,0,2024,NA,NA,FALSE,TRUE
2024-OR711S-000031,0.5,Class B,NA,NA,NA,NA,WF,0,2024,NA,NA,FALSE,TRUE
2024-OR711S-000066,0.25,Class A,NA,NA,NA,NA,WF,0,2024,NA,NA,FALSE,TRUE
2024-ORUPF-240194,0.1,Class A,2024-07-13T17:59:00Z,0.09111111111111111,NA,NA,WF,0,2024,NA,NA,FALSE,TRUE
2024-ORUPF-240195,0.1,Class A,2024-07-13T19:05:00Z,0.3441666666666667,NA,NA,WF,0,2024,NA,NA,FALSE,TRUE
2024-ORCLP-240193,0.1,Class A,2024-07-14T17:22:00Z,21.610833333333332,NA,NA,WF,0,2024,NA,NA,FALSE,TRUE
2024-ORDEF-000405,0.1,Class A,2024-07-18T17:00:00Z,113.48333333333332,NA,NA,WF,0,2024,NA,NA,FALSE,TRUE
2024-OR954S-000561,0.1,Class A,2024-07-26T18:01:00Z,308.5833333333333,NA,NA,WF,0,2024,NA,NA,FALSE,TRUE
2024-OR981S-240203,3,Class B,2024-07-19T20:57:00Z,99.83333333333331,NA,NA,WF,0,2024,NA,NA,FALSE,TRUE
2024-ORUMA-000210,3,Class B,2024-08-29T00:07:00Z,1043.3333333333333,NA,NA,WF,0,2024,NA,NA,FALSE,TRUE
2024-ORMED-000163,0.1,Class A,NA,NA,NA,NA,WF,0,2024,NA,NA,FALSE,TRUE
2024-OR712S-000110,0.12,Class A,NA,NA,NA,NA,WF,0,2024,NA,NA,FALSE,TRUE
2024-OR982S-240206,3,Class B,2024-07-24T18:35:00Z,188.08333333333337,NA,NA,WF,0,2024,NA,NA,FALSE,TRUE
2024-ORRSF-000167,35,Class C,2024-09-25T19:22:00Z,1699.5,NA,NA,WF,0,2024,NA,NA,FALSE,TRUE
2024-ORUMA-000219,0.1,Class A,NA,NA,NA,NA,WF,0,2024,NA,NA,FALSE,TRUE
2024-ORDEF-000426,0.01,Class A,2024-07-21T18:45:00Z,112.36416666666666,NA,NA,WF,0,2024,NA,NA,FALSE,TRUE
2024-ORCLP-240215,0.1,Class A,2024-07-19T19:28:00Z,63.985277777777775,NA,NA,WF,0,2024,NA,NA,FALSE,TRUE
2024-ORRSF-000173,0.15,Class A,2024-07-18T21:33:00Z,43.22444444444445,NA,NA,WF,0,2024,NA,NA,FALSE,TRUE
2024-OR732S-000075,4.31,Class B,NA,NA,NA,NA,WF,0,2024,NA,NA,FALSE,TRUE
2024-ORUPF-240212,0.25,Class A,2024-08-01T17:00:00Z,376.3616666666667,NA,NA,WF,0,2024,NA,NA,FALSE,TRUE
2024-ORUPF-240211,1.5,Class B,2024-10-22T15:51:00Z,2343.383333333333,NA,NA,WF,0,2024,NA,NA,FALSE,TRUE
2024-OR955S-000431,0.1,Class A,2024-08-11T17:30:00Z,613.2983333333333,NA,NA,WF,0,2024,NA,NA,FALSE,TRUE
2024-ORCLP-240216,0.25,Class A,2024-07-20T17:37:00Z,86.08527777777778,NA,NA,WF,0,2024,NA,NA,FALSE,TRUE
2024-ORUMA-000222,0.1,Class A,2024-07-20T20:13:00Z,73.17555555555556,NA,NA,WF,0,2024,NA,NA,FALSE,TRUE
2024-OROCF-000433,0.1,Class A,2024-07-31T20:51:00Z,343.2272222222222,NA,NA,WF,0,2024,NA,NA,FALSE,TRUE
2024-ORNOD-551008,0.28,Class B,NA,NA,NA,NA,WF,0,2024,NA,NA,FALSE,TRUE
2024-ORUMF-024111,0.36,Class B,2024-07-21T00:36:00Z,74.44888888888889,NA,NA,WF,0,2024,NA,NA,FALSE,TRUE
2024-OR973S-000224,11349.33,Class G,NA,NA,NA,NA,WF,0,2024,NA,NA,FALSE,TRUE
2024-OR954S-000616,0.1,Class A,2024-08-04T17:53:00Z,426.8236111111111,NA,NA,WF,0,2024,NA,NA,FALSE,TRUE
2024-ORRSF-000184,0.1,Class A,2024-07-22T23:46:00Z,120.4263888888889,NA,NA,WF,0,2024,NA,NA,FALSE,TRUE
2024-ORWIF-240213,0.25,Class A,2024-07-21T15:17:00Z,91.55722222222222,NA,NA,WF,0,2024,NA,NA,FALSE,TRUE
2024-OR981S-240224,1,Class B,2024-07-31T20:25:00Z,331.76666666666665,NA,NA,WF,0,2024,NA,NA,FALSE,TRUE
2024-OR952S-024113,4,Class B,2024-07-30T18:29:00Z,306.4997222222222,NA,NA,WF,0,2024,NA,NA,FALSE,TRUE
2024-ORPRD-000449,0.1,Class A,2024-07-20T18:25:00Z,69.08027777777778,NA,NA,WF,0,2024,NA,NA,FALSE,TRUE
2024-ORUMA-000229,0.1,Class A,2024-07-20T20:47:00Z,70.1361111111111,NA,NA,WF,0,2024,NA,NA,FALSE,TRUE
2024-OR582S-000005,0.24,Class A,NA,NA,NA,NA,WF,0,2024,NA,NA,FALSE,TRUE
2024-ORUMA-000253,0.1,Class A,2024-08-29T00:06:00Z,1001.4472222222222,NA,NA,WF,0,2024,NA,NA,FALSE,TRUE
2024-ORUPF-240281,0.1,Class A,2024-07-26T21:00:00Z,194.35,NA,NA,WF,0,2024,NA,NA,FALSE,TRUE
2024-OR723S-003225,0.09,Class A,NA,NA,NA,NA,WF,0,2024,NA,NA,FALSE,TRUE
2024-ORWWF-000262,1,Class B,2024-07-29T21:34:00Z,264.73027777777776,NA,NA,WF,0,2024,NA,NA,FALSE,TRUE
2024-OR952S-024117,19.38,Class C,2024-08-08T22:07:00Z,504.385,NA,NA,WF,0,2024,NA,NA,FALSE,TRUE
2024-ORCLP-240227,0.1,Class A,NA,NA,NA,NA,WF,0,2024,NA,NA,FALSE,TRUE
2024-ORMED-000124,0.03,Class A,NA,NA,NA,NA,WF,0,2024,NA,NA,FALSE,TRUE
2024-ORMED-009006,0.01,Class A,NA,NA,NA,NA,WF,0,2024,NA,NA,FALSE,TRUE
2024-ORMED-009011,0.09,Class A,NA,NA,NA,NA,WF,0,2024,NA,NA,FALSE,TRUE
2024-ORMED-009010,0.04,Class A,NA,NA,NA,NA,WF,0,2024,NA,NA,FALSE,TRUE
2024-ORMED-009009,0.01,Class A,NA,NA,NA,NA,WF,0,2024,NA,NA,FALSE,TRUE
2024-ORUPF-240292,0.1,Class A,2024-08-04T01:00:00Z,384.7191666666667,NA,NA,WF,0,2024,NA,NA,FALSE,TRUE
2024-ORRSF-000188,0.5,Class B,2024-07-23T19:15:00Z,113.98138888888889,NA,NA,WF,0,2024,NA,NA,FALSE,TRUE
2024-OR971S-000246,0.1,Class A,2024-07-20T19:25:00Z,64.13333333333334,NA,NA,WF,0,2024,NA,NA,FALSE,TRUE
2024-ORUPF-240217,0.75,Class B,2024-08-01T17:00:00Z,375.7394444444444,NA,NA,WF,0,2024,NA,NA,FALSE,TRUE
2024-ORRSF-000191,0.5,Class B,2024-07-21T22:30:00Z,55.135,NA,NA,WF,0,2024,NA,NA,FALSE,TRUE
2024-OR712S-000147,0.05,Class A,NA,NA,NA,NA,WF,0,2024,NA,NA,FALSE,TRUE
2024-OR952S-024121,0.1,Class A,NA,NA,NA,NA,WF,0,2024,NA,NA,FALSE,TRUE
2024-OR954S-000634,0.25,Class A,2024-08-04T22:14:00Z,381.18805555555554,NA,NA,WF,0,2024,NA,NA,FALSE,TRUE
2024-OR973S-000259,0.5,Class B,NA,NA,NA,NA,WF,0,2024,NA,NA,FALSE,TRUE
2024-OR971S-000272,0.25,Class A,2024-08-06T19:00:00Z,410.9316666666667,NA,NA,WF,0,2024,NA,NA,FALSE,TRUE
2024-ORCLP-240230,0.1,Class A,2024-08-01T22:00:00Z,271.6822222222222,NA,NA,WF,0,2024,NA,NA,FALSE,TRUE
2024-OR781S-000053,3.91,Class B,NA,NA,NA,NA,WF,0,2024,NA,NA,FALSE,TRUE
2024-ORROD-000134,1.8,Class B,NA,NA,NA,NA,WF,0,2024,NA,NA,FALSE,TRUE
2024-ORUMA-000275,2,Class B,NA,NA,NA,NA,WF,0,2024,NA,NA,FALSE,TRUE
2024-OR981S-240231,0.1,Class A,2024-07-29T20:22:00Z,194.63222222222225,NA,NA,WF,0,2024,NA,NA,FALSE,TRUE
2024-OR981S-240234,0.1,Class A,2024-11-15T00:09:00Z,2785.771111111111,NA,NA,WF,0,2024,NA,NA,FALSE,TRUE
2024-OR952S-024123,58.7,Class C,2024-08-08T20:19:00Z,430.2763888888889,NA,NA,WF,0,2024,NA,NA,FALSE,TRUE
2024-ORCLP-240236,0.5,Class B,NA,NA,NA,NA,WF,0,2024,NA,NA,FALSE,TRUE
2024-ORMAF-024125,0.1,Class A,2024-08-02T19:25:00Z,284.8333333333333,NA,NA,WF,0,2024,NA,NA,FALSE,TRUE
2024-ORUMA-000281,0.1,Class A,2024-08-29T00:05:00Z,907.1894444444443,NA,NA,WF,0,2024,NA,NA,FALSE,TRUE
2024-ORFWF-240240,3,Class B,2024-07-31T20:28:00Z,231.44444444444449,NA,NA,WF,0,2024,NA,NA,FALSE,TRUE
2024-OROCF-000487,1,Class B,2024-07-30T18:59:00Z,206.09555555555556,NA,NA,WF,0,2024,NA,NA,FALSE,TRUE
2024-OROCF-000490,0.1,Class A,2024-07-27T18:39:00Z,132.00833333333333,NA,NA,WF,0,2024,NA,NA,FALSE,TRUE
2024-ORVAD-240015,1,Class B,NA,NA,NA,NA,RX,0,2024,NA,NA,FALSE,TRUE
2024-OR981S-240242,1,Class B,2024-07-29T21:55:00Z,170.48333333333332,NA,NA,WF,0,2024,NA,NA,FALSE,TRUE
2024-OROCF-000497,0.1,Class A,2024-07-25T14:46:00Z,72.15,NA,NA,WF,0,2024,NA,NA,FALSE,TRUE
2024-ORMAF-024130,0.1,Class A,2024-08-26T18:38:00Z,838.6997222222222,NA,NA,WF,0,2024,NA,NA,FALSE,TRUE
2024-OR952S-024131,0.1,Class A,2024-07-25T21:09:00Z,72.805,NA,NA,WF,0,2024,NA,NA,FALSE,TRUE
2024-ORDEF-000511,0.1,Class A,NA,NA,NA,NA,WF,0,2024,NA,NA,FALSE,TRUE
2024-OR712S-000155,0.21,Class A,NA,NA,NA,NA,WF,0,2024,NA,NA,FALSE,TRUE
2024-OR973S-000292,107.97,Class D,NA,NA,NA,NA,WF,0,2024,NA,NA,FALSE,TRUE
2024-OR951S-000508,0.1,Class A,2024-07-30T20:23:00Z,192.18333333333337,NA,NA,WF,0,2024,NA,NA,FALSE,TRUE
2024-OR722S-004125,0.25,Class A,NA,NA,NA,NA,WF,0,2024,NA,NA,FALSE,TRUE
2024-OROCF-000510,0.25,Class A,2024-07-27T20:26:00Z,118.6,NA,NA,WF,0,2024,NA,NA,FALSE,TRUE
2024-ORUPF-240287,5,Class B,NA,NA,NA,NA,WF,0,2024,NA,NA,FALSE,TRUE
2024-ORDEF-000470,0.1,Class A,2024-07-21T05:43:00Z,25.04111111111111,NA,NA,WF,0,2024,NA,NA,FALSE,TRUE
2024-OR982S-240245,0.1,Class A,2024-07-27T22:20:00Z,85.77055555555556,NA,NA,WF,0,2024,NA,NA,FALSE,TRUE
2024-ORFWF-240246,0.1,Class A,2024-07-30T18:47:00Z,154.1988888888889,NA,NA,WF,0,2024,NA,NA,FALSE,TRUE
2024-ORMAF-002530,0.01,Class A,NA,NA,NA,NA,WF,0,2024,NA,NA,FALSE,TRUE
2024-OR974S-000309,0.1,Class A,2024-07-31T22:36:00Z,166.68333333333334,NA,NA,WF,0,2024,NA,NA,FALSE,TRUE
2024-OR974S-000308,1.28,Class B,NA,NA,NA,NA,WF,0,2024,NA,NA,FALSE,TRUE
2024-OR972S-000306,15,Class C,NA,NA,NA,NA,WF,0,2024,NA,NA,FALSE,TRUE
2024-ORBUD-002537,0.1,Class A,NA,NA,NA,NA,WF,0,2024,NA,NA,FALSE,TRUE
2024-OR974S-000321,0.1,Class A,2024-07-31T23:54:00Z,163.8,NA,NA,WF,0,2024,NA,NA,FALSE,TRUE
2024-ORRSF-000200,0.1,Class A,2024-07-25T19:54:00Z,3.0719444444444446,NA,NA,WF,0,2024,NA,NA,FALSE,TRUE
2024-ORWWF-000330,0.1,Class A,2024-07-30T22:02:00Z,125.88166666666666,NA,NA,WF,0,2024,NA,NA,FALSE,TRUE
2024-ORVAD-240186,0.1,Class A,2024-07-25T12:00:00Z,8.366666666666667,NA,NA,WF,0,2024,NA,NA,FALSE,TRUE
2024-ORWWF-000332,1,Class B,2024-07-31T21:31:00Z,147.96138888888888,NA,NA,WF,0,2024,NA,NA,FALSE,TRUE
2024-OR971S-000348,2,Class B,2024-07-31T22:49:00Z,144.3,NA,NA,WF,0,2024,NA,NA,FALSE,TRUE
2024-OR971S-000349,0.1,Class A,2024-07-31T19:50:00Z,140.8,NA,NA,WF,0,2024,NA,NA,FALSE,TRUE
2024-OR973S-000342,1611.76,Class F,NA,NA,NA,NA,WF,0,2024,NA,NA,FALSE,TRUE
2024-OR971S-000341,0.25,Class A,2024-08-01T22:48:00Z,170.46666666666667,NA,NA,WF,0,2024,NA,NA,FALSE,TRUE
2024-OR973S-000323,107.92,Class D,NA,NA,NA,NA,WF,0,2024,NA,NA,FALSE,TRUE
2024-ORWWF-000320,0.1,Class A,2024-07-27T20:50:00Z,65.11944444444444,NA,NA,WF,0,2024,NA,NA,FALSE,TRUE
2024-ORVAD-240178,0.1,Class A,2024-07-25T02:33:00Z,2.8938888888888887,NA,NA,WF,0,2024,NA,NA,FALSE,TRUE
2024-OR971S-000361,0.25,Class A,NA,NA,NA,NA,WF,0,2024,NA,NA,FALSE,TRUE
2024-ORWWF-000390,0.25,Class A,2024-08-01T21:17:00Z,105.82194444444444,NA,NA,WF,0,2024,NA,NA,FALSE,TRUE
2024-OR972S-000393,0.5,Class B,2024-08-03T18:32:00Z,141.6025,NA,NA,WF,0,2024,NA,NA,FALSE,TRUE
2024-OR954S-000726,0.1,Class A,2024-08-04T19:41:00Z,164.76666666666668,NA,NA,WF,0,2024,NA,NA,FALSE,TRUE
2024-ORMHF-000698,0.1,Class A,2024-07-27T00:28:00Z,1.15,NA,NA,WF,0,2024,NA,NA,FALSE,TRUE
2024-ORVAD-240199,1,Class B,2024-08-12T21:00:00Z,451,NA,NA,WF,0,2024,NA,NA,FALSE,TRUE
2024-ORWWF-000375,0.1,Class A,NA,NA,NA,NA,WF,0,2024,NA,NA,FALSE,TRUE
2024-OR974S-000403,0.01,Class A,NA,NA,NA,NA,WF,0,2024,NA,NA,FALSE,TRUE
2024-OR981S-240255,1,Class B,NA,NA,NA,NA,WF,0,2024,NA,NA,FALSE,TRUE
2024-OR711S-000157,0.01,Class A,NA,NA,NA,NA,WF,0,2024,NA,NA,FALSE,TRUE
2024-OR721S-005725,0.3,Class B,NA,NA,NA,NA,WF,0,2024,NA,NA,FALSE,TRUE
2024-OR712S-000199,0.01,Class A,NA,NA,NA,NA,WF,0,2024,NA,NA,FALSE,TRUE
2024-OR712S-000207,0.01,Class A,NA,NA,NA,NA,WF,0,2024,NA,NA,FALSE,TRUE
2024-OR712S-000220,0.02,Class A,NA,NA,NA,NA,WF,0,2024,NA,NA,FALSE,TRUE
2024-ORRFPN-240256,0.1,Class A,NA,NA,NA,NA,WF,0,2024,NA,NA,FALSE,TRUE
2024-ORUPF-240348,0.1,Class A,2024-07-30T17:52:00Z,0.22555555555555556,NA,NA,WF,0,2024,NA,NA,FALSE,TRUE
2024-OR731S-000189,0.1,Class A,NA,NA,NA,NA,WF,0,2024,NA,NA,FALSE,TRUE
2024-OR733S-000193,0.01,Class A,NA,NA,NA,NA,WF,0,2024,NA,NA,FALSE,TRUE
2024-OR711S-000172,10.85,Class C,NA,NA,NA,NA,WF,0,2024,NA,NA,FALSE,TRUE
2024-OR733S-000083,0.01,Class A,NA,NA,NA,NA,WF,0,2024,NA,NA,FALSE,TRUE
2024-ORMCFN-000775,0.1,Class A,NA,NA,NA,NA,WF,0,2024,NA,NA,FALSE,TRUE
2024-OR981S-240262,0.25,Class A,2024-08-08T19:10:00Z,110.75,NA,NA,WF,0,2024,NA,NA,FALSE,TRUE
2024-OR731S-000214,0.01,Class A,NA,NA,NA,NA,WF,0,2024,NA,NA,FALSE,TRUE
2024-OR954S-000792,0.1,Class A,2024-08-04T17:55:00Z,1.5391666666666666,NA,NA,WF,0,2024,NA,NA,FALSE,TRUE
2024-OR981S-240265,0.1,Class A,2024-08-09T22:45:00Z,121.72055555555556,NA,NA,WF,0,2024,NA,NA,FALSE,TRUE
2024-OR721S-000425,0.01,Class A,NA,NA,NA,NA,WF,0,2024,NA,NA,FALSE,TRUE
2024-OR953S-024167,0.1,Class A,2024-08-09T20:04:00Z,111.74527777777776,NA,NA,WF,0,2024,NA,NA,FALSE,TRUE
2024-OR972S-240211,10,Class C,2024-08-27T20:57:00Z,532.4,NA,NA,WF,0,2024,NA,NA,FALSE,TRUE
2024-ORUMF-000439,0.38,Class B,2024-08-19T18:56:00Z,336.1166666666667,NA,NA,WF,0,2024,NA,NA,FALSE,TRUE
2024-OR971S-000440,0.1,Class A,2024-08-11T20:19:00Z,145.1,NA,NA,WF,0,2024,NA,NA,FALSE,TRUE
2024-OR952S-024175,0.5,Class B,2024-08-12T19:58:00Z,167.0013888888889,NA,NA,WF,0,2024,NA,NA,FALSE,TRUE
2024-ORUMA-000453,1,Class B,NA,NA,NA,NA,WF,0,2024,NA,NA,FALSE,TRUE
2024-ORMHF-000822,0.1,Class A,2024-08-05T23:00:00Z,0.5,NA,NA,WF,0,2024,NA,NA,FALSE,TRUE
2024-ORNOD-781003,0.01,Class A,NA,NA,NA,NA,WF,0,2024,NA,NA,FALSE,TRUE
2024-ORMHF-000827,0.1,Class A,NA,NA,NA,NA,WF,0,2024,NA,NA,FALSE,TRUE
2024-ORNOD-771019,1.8,Class B,NA,NA,NA,NA,WF,0,2024,NA,NA,FALSE,TRUE
2024-OR712S-000262,0.25,Class A,NA,NA,NA,NA,WF,0,2024,NA,NA,FALSE,TRUE
2024-OR954S-000835,0.1,Class A,2024-09-30T18:06:00Z,1304.2555555555557,NA,NA,WF,0,2024,NA,NA,FALSE,TRUE
2024-ORUMA-000457,0.1,Class A,NA,NA,NA,NA,WF,0,2024,NA,NA,FALSE,TRUE
2024-OR712S-000266,0.42,Class B,NA,NA,NA,NA,WF,0,2024,NA,NA,FALSE,TRUE
2024-OR712S-000278,0.99,Class B,NA,NA,NA,NA,WF,0,2024,NA,NA,FALSE,TRUE
2024-ORPRD-000633,0.5,Class B,NA,NA,NA,NA,WF,0,2024,NA,NA,FALSE,TRUE
2024-ORBUD-002561,10,Class C,NA,NA,NA,NA,WF,0,2024,NA,NA,FALSE,TRUE
2024-ORUMA-000478,0.1,Class A,NA,NA,NA,NA,WF,0,2024,NA,NA,FALSE,TRUE
2024-ORUMA-000480,0.25,Class A,NA,NA,NA,NA,WF,0,2024,NA,NA,FALSE,TRUE
2024-ORDEF-000639,0.01,Class A,NA,NA,NA,NA,WF,0,2024,NA,NA,FALSE,TRUE
2024-OR781S-000095,0.01,Class A,NA,NA,NA,NA,WF,0,2024,NA,NA,FALSE,TRUE
2024-OR781S-000062,0.01,Class A,NA,NA,NA,NA,WF,0,2024,NA,NA,FALSE,TRUE
2024-OR971S-000501,0.1,Class A,NA,NA,NA,NA,WF,0,2024,NA,NA,FALSE,TRUE
2024-OR954S-000904,2.4,Class B,2024-08-25T19:07:00Z,279.7636111111111,NA,NA,WF,0,2024,NA,NA,FALSE,TRUE
2024-OR971S-000514,0.1,Class A,2024-08-22T21:58:00Z,193.03333333333333,NA,NA,WF,0,2024,NA,NA,FALSE,TRUE
2024-ORUMA-000513,5.01,Class B,NA,NA,NA,NA,WF,0,2024,NA,NA,FALSE,TRUE
2024-OR981S-240278,0.1,Class A,NA,NA,NA,NA,WF,0,2024,NA,NA,FALSE,TRUE
2024-OR974S-000517,0.1,Class A,2024-08-21T18:11:00Z,145.7552777777778,NA,NA,WF,0,2024,NA,NA,FALSE,TRUE
2024-OR974S-000518,0.1,Class A,2024-08-20T23:08:00Z,121.83305555555556,NA,NA,WF,0,2024,NA,NA,FALSE,TRUE
2024-ORRFPN-240277,0.1,Class A,NA,NA,NA,NA,WF,0,2024,NA,NA,FALSE,TRUE
2024-OR974S-000522,0.1,Class A,2024-08-20T19:33:00Z,115.06666666666666,NA,NA,WF,0,2024,NA,NA,FALSE,TRUE
2024-OR974S-000531,0.1,Class A,2024-08-22T21:54:00Z,144.2,NA,NA,WF,0,2024,NA,NA,FALSE,TRUE
2024-OR981S-240292,0.25,Class A,2024-08-24T19:50:00Z,186.94666666666663,NA,NA,WF,0,2024,NA,NA,FALSE,TRUE
2024-ORUMA-000537,0.1,Class A,NA,NA,NA,NA,WF,0,2024,NA,NA,FALSE,TRUE
2024-OR981S-240294,1.86,Class B,2024-08-27T19:00:00Z,239.4138888888889,NA,NA,WF,0,2024,NA,NA,FALSE,TRUE
2024-ORMED-712315,0.03,Class A,NA,NA,NA,NA,WF,0,2024,NA,NA,FALSE,TRUE
2024-ORMED-712309,0.01,Class A,NA,NA,NA,NA,WF,0,2024,NA,NA,FALSE,TRUE
2024-OR981S-240296,0.25,Class A,2024-08-28T19:35:00Z,259.15,NA,NA,WF,0,2024,NA,NA,FALSE,TRUE
2024-OR954S-000942,1.9,Class B,2024-08-21T20:49:00Z,89.95166666666667,NA,NA,WF,0,2024,NA,NA,FALSE,TRUE
2024-OR954S-000937,5,Class B,2024-08-30T23:46:00Z,309.8936111111111,NA,NA,WF,0,2024,NA,NA,FALSE,TRUE
2024-ORWIF-240307,0.1,Class A,2024-08-21T17:57:00Z,70.84277777777778,NA,NA,WF,0,2024,NA,NA,FALSE,TRUE
2024-ORNOD-781110,0.02,Class A,NA,NA,NA,NA,WF,0,2024,NA,NA,FALSE,TRUE
2024-OR712S-000311,0.01,Class A,NA,NA,NA,NA,WF,0,2024,NA,NA,FALSE,TRUE
2024-OR954S-000950,0.1,Class A,2024-08-21T17:58:00Z,74.99416666666667,NA,NA,WF,0,2024,NA,NA,FALSE,TRUE
2024-OR781S-000099,0.01,Class A,NA,NA,NA,NA,WF,0,2024,NA,NA,FALSE,TRUE
2024-OR721S-008025,0.01,Class A,NA,NA,NA,NA,WF,0,2024,NA,NA,FALSE,TRUE
2024-ORVAD-240256,0.1,Class A,2024-09-17T18:32:00Z,647.0308333333334,NA,NA,WF,0,2024,NA,NA,FALSE,TRUE
2024-OR954S-000945,0.1,Class A,2024-08-25T23:39:00Z,184.30944444444444,NA,NA,WF,0,2024,NA,NA,FALSE,TRUE
2024-OR973S-000570,0.1,Class A,2024-08-27T20:50:00Z,141.95,NA,NA,WF,0,2024,NA,NA,FALSE,TRUE
2024-OR981S-240303,0.1,Class A,2024-08-27T19:55:00Z,95.98333333333332,NA,NA,WF,0,2024,NA,NA,FALSE,TRUE
2024-OR974S-000577,0.1,Class A,NA,NA,NA,NA,WF,0,2024,NA,NA,FALSE,TRUE
2024-OR974S-000595,0.1,Class A,NA,NA,NA,NA,WF,0,2024,NA,NA,FALSE,TRUE
2024-OR974S-000602,0.25,Class A,2024-08-28T22:07:00Z,100.12583333333332,NA,NA,WF,0,2024,NA,NA,FALSE,TRUE
2024-OR974S-000605,0.1,Class A,NA,NA,NA,NA,WF,0,2024,NA,NA,FALSE,TRUE
2024-OR974S-000603,0.25,Class A,NA,NA,NA,NA,WF,0,2024,NA,NA,FALSE,TRUE
2024-OR981S-240304,0.1,Class A,2024-08-29T18:42:00Z,94.96833333333332,NA,NA,WF,0,2024,NA,NA,FALSE,TRUE
2024-ORVAD-240263,0.2,Class A,2024-11-04T21:20:00Z,1702.0258333333334,NA,NA,WF,0,2024,NA,NA,FALSE,TRUE
2024-OR712S-000360,0.25,Class A,NA,NA,NA,NA,WF,0,2024,NA,NA,FALSE,TRUE
2024-ORWWF-000613,0.01,Class A,2024-08-30T19:42:00Z,94.485,NA,NA,WF,0,2024,NA,NA,FALSE,TRUE
2024-ORBUD-002575,0.1,Class A,2024-08-30T16:00:00Z,72.28333333333333,NA,NA,WF,0,2024,NA,NA,FALSE,TRUE
2024-ORVAD-240264,0.1,Class A,2024-11-04T21:20:00Z,1636.5833333333333,NA,NA,WF,0,2024,NA,NA,FALSE,TRUE
2024-ORUMA-000623,1,Class B,NA,NA,NA,NA,WF,0,2024,NA,NA,FALSE,TRUE
2024-OR712S-000361,0.1,Class A,NA,NA,NA,NA,WF,0,2024,NA,NA,FALSE,TRUE
2024-OR712S-000346,0.01,Class A,NA,NA,NA,NA,WF,0,2024,NA,NA,FALSE,TRUE
2024-OR952S-024232,9.16,Class B,2024-09-02T19:47:00Z,74.98333333333333,NA,NA,WF,0,2024,NA,NA,FALSE,TRUE
2024-OR981S-240308,0.5,Class B,2024-09-08T18:48:00Z,215.42361111111111,NA,NA,WF,0,2024,NA,NA,FALSE,TRUE
2024-OR711S-000289,0.01,Class A,NA,NA,NA,NA,WF,0,2024,NA,NA,FALSE,TRUE
2024-OR712S-000373,0.68,Class B,NA,NA,NA,NA,WF,0,2024,NA,NA,FALSE,TRUE
2024-OR954S-001094,0.1,Class A,2024-09-04T18:30:00Z,93.06888888888888,NA,NA,WF,0,2024,NA,NA,FALSE,TRUE
2024-OR981S-240312,0.1,Class A,NA,NA,NA,NA,WF,0,2024,NA,NA,FALSE,TRUE
2024-ORMHF-001100,0.1,Class A,2024-09-01T19:05:00Z,1.7041666666666666,NA,NA,WF,0,2024,NA,NA,FALSE,TRUE
2024-OR953S-024236,0.25,Class A,2024-09-21T21:03:00Z,463.49444444444447,NA,NA,WF,0,2024,NA,NA,FALSE,TRUE
2024-OROCF-000772,30186.44,Class G,NA,NA,NA,NA,WF,0,2024,NA,NA,FALSE,TRUE
2024-OR953S-024242,0.25,Class A,2024-09-21T20:06:00Z,458.5511111111111,NA,NA,WF,0,2024,NA,NA,FALSE,TRUE
2024-OR712S-000380,0.63,Class B,NA,NA,NA,NA,WF,0,2024,NA,NA,FALSE,TRUE
2024-ORUMA-000649,0.1,Class A,NA,NA,NA,NA,WF,0,2024,NA,NA,FALSE,TRUE
2024-ORMAF-002580,0.1,Class A,2024-09-13T16:54:00Z,260.01666666666665,NA,NA,WF,0,2024,NA,NA,FALSE,TRUE
2024-OR951S-000788,0.1,Class A,2024-09-17T21:43:00Z,356.3333333333333,NA,NA,WF,0,2024,NA,NA,FALSE,TRUE
2024-OR954S-001132,0.01,Class A,2024-09-10T18:27:00Z,169.5247222222222,NA,NA,WF,0,2024,NA,NA,FALSE,TRUE
2024-ORUMA-000668,0.1,Class A,NA,NA,NA,NA,WF,0,2024,NA,NA,FALSE,TRUE
2024-OR974S-000658,0.75,Class B,2024-09-04T00:14:00Z,22.019166666666667,NA,NA,WF,0.75,2024,NA,NA,FALSE,TRUE
2024-OR953S-000806,0.5,Class B,2024-09-04T20:26:00Z,27.633333333333333,NA,NA,WF,0,2024,NA,NA,FALSE,TRUE
2024-OR981S-240316,0.25,Class A,2024-09-08T20:23:00Z,120.73333333333332,NA,NA,WF,0,2024,NA,NA,FALSE,TRUE
2024-OR953S-024262,0.1,Class A,2024-09-16T19:32:00Z,308.55861111111113,NA,NA,WF,0,2024,NA,NA,FALSE,TRUE
2024-ORPRD-000815,0.1,Class A,2024-09-05T15:10:00Z,36.9,NA,NA,WF,0,2024,NA,NA,FALSE,TRUE
2024-ORMAF-002593,0.1,Class A,2024-09-11T21:37:00Z,174.08333333333334,NA,NA,WF,0,2024,NA,NA,FALSE,TRUE
2024-OR711S-000298,2,Class B,NA,NA,NA,NA,WF,0,2024,NA,NA,FALSE,TRUE
2024-OR954S-001113,0.1,Class A,2024-09-02T20:42:00Z,15.45472222222222,NA,NA,WF,0,2024,NA,NA,FALSE,TRUE
2024-OR951S-000827,39.9,Class C,2024-10-03T22:04:00Z,693.3,NA,NA,WF,0,2024,NA,NA,FALSE,TRUE
2024-OR952S-024267,0.5,Class B,2024-09-14T18:33:00Z,219.17555555555555,NA,NA,WF,0,2024,NA,NA,FALSE,TRUE
2024-OR981S-240318,0.25,Class A,2024-09-09T21:22:00Z,97.52083333333331,NA,NA,WF,0,2024,NA,NA,FALSE,TRUE
2024-OR971S-000690,1,Class B,NA,NA,NA,NA,WF,0,2024,NA,NA,FALSE,TRUE
2024-ORDEF-000834,0.1,Class A,NA,NA,NA,NA,WF,0,2024,NA,NA,FALSE,TRUE
2024-OR712S-000392,0.01,Class A,NA,NA,NA,NA,WF,0,2024,NA,NA,FALSE,TRUE
2024-OR781S-000106,0.01,Class A,NA,NA,NA,NA,WF,0,2024,NA,NA,FALSE,TRUE
2024-OR974S-000694,5.19,Class B,2024-09-29T19:35:00Z,525.2833333333333,NA,NA,WF,0,2024,NA,NA,FALSE,TRUE
2024-ORDEF-000790,0.1,Class A,2024-09-05T21:31:00Z,68.00416666666666,NA,NA,WF,0,2024,NA,NA,FALSE,TRUE
2024-OR712S-000410,0.5,Class B,NA,NA,NA,NA,WF,0,2024,NA,NA,FALSE,TRUE
2024-OR971S-000720,0.1,Class A,NA,NA,NA,NA,WF,0,2024,NA,NA,FALSE,TRUE
2024-ORWWF-000737,0.25,Class A,2024-09-14T18:42:00Z,95.1,NA,NA,WF,0,2024,NA,NA,FALSE,TRUE
2024-OR953S-024283,1,Class B,2024-09-15T21:19:00Z,117.67916666666666,NA,NA,WF,0,2024,NA,NA,FALSE,TRUE
2024-OR971S-000739,1,Class B,2024-09-12T19:22:00Z,44.45,NA,NA,WF,0,2024,NA,NA,FALSE,TRUE
2024-OR974S-000743,0.1,Class A,NA,NA,NA,NA,WF,0,2024,NA,NA,FALSE,TRUE
2024-OR973S-000756,0.1,Class A,NA,NA,NA,NA,WF,0,2024,NA,NA,FALSE,TRUE
2024-OR981S-240337,0.1,Class A,2024-09-19T23:00:00Z,191.6861111111111,NA,NA,WF,0,2024,NA,NA,FALSE,TRUE
2024-OR954S-001193,1,Class B,NA,NA,NA,NA,RX,0,2024,NA,NA,FALSE,TRUE
2024-OR982S-240339,0.1,Class A,2024-09-19T19:27:00Z,168.7975,NA,NA,WF,0,2024,NA,NA,FALSE,TRUE
2024-WAPCS-001197,0.01,Class A,NA,NA,NA,NA,WF,0,2024,NA,NA,FALSE,TRUE
2024-OR982S-240342,0.1,Class A,NA,NA,NA,NA,WF,0,2024,NA,NA,FALSE,TRUE
2024-OR974S-000766,1.27,Class B,NA,NA,NA,NA,WF,0,2024,NA,NA,FALSE,TRUE
2024-OR981S-240343,0.1,Class A,2024-09-23T18:37:00Z,215.70555555555555,NA,NA,WF,0,2024,NA,NA,FALSE,TRUE
2024-OR991S-000935,0.1,Class A,NA,NA,NA,NA,WF,0,2024,NA,NA,FALSE,TRUE
2024-OR712S-000430,0.01,Class A,NA,NA,NA,NA,WF,0,2024,NA,NA,FALSE,TRUE
2024-OR954S-001225,0.01,Class A,2024-09-30T18:06:00Z,307.4483333333333,NA,NA,WF,0,2024,NA,NA,FALSE,TRUE
2024-OR712S-000439,0.01,Class A,NA,NA,NA,NA,WF,0,2024,NA,NA,FALSE,TRUE
2024-ORBUD-002604,0.1,Class A,2024-10-14T18:07:00Z,597.8080555555556,NA,NA,WF,0,2024,NA,NA,FALSE,TRUE
2024-OR953S-000805,0.1,Class A,2024-09-05T21:38:00Z,53.21666666666667,NA,NA,WF,0,2024,NA,NA,FALSE,TRUE
2024-ORMAF-002599,0.1,Class A,2024-10-12T20:57:00Z,769.4930555555555,NA,NA,WF,0,2024,NA,NA,FALSE,TRUE
2024-OR954S-001238,0.1,Class A,2024-09-30T18:06:00Z,244.34305555555557,NA,NA,WF,0,2024,NA,NA,FALSE,TRUE
2024-OR712S-000456,0.01,Class A,NA,NA,NA,NA,WF,0,2024,NA,NA,FALSE,TRUE
2024-OR954S-001257,0.1,Class A,2024-10-10T21:01:00Z,428.3333333333333,NA,NA,WF,0,2024,NA,NA,FALSE,TRUE
2024-OR781S-000149,0.1,Class A,NA,NA,NA,NA,WF,0,2024,NA,NA,FALSE,TRUE
2024-OR953S-000973,0.21,Class A,2024-10-01T19:28:00Z,164.81666666666666,NA,NA,WF,0,2024,NA,NA,FALSE,TRUE
2024-OR981S-240350,2,Class B,2024-10-07T19:52:00Z,309.26472222222225,NA,NA,WF,0,2024,NA,NA,FALSE,TRUE
2024-OR981S-240348,0.25,Class A,2024-09-27T18:59:00Z,119.28277777777778,NA,NA,WF,0,2024,NA,NA,FALSE,TRUE
2024-OR733S-000382,0.1,Class A,NA,NA,NA,NA,WF,0,2024,NA,NA,FALSE,TRUE
2024-OR712S-000477,0.01,Class A,NA,NA,NA,NA,WF,0,2024,NA,NA,FALSE,TRUE
2024-OR712S-000483,0.01,Class A,NA,NA,NA,NA,WF,0,2024,NA,NA,FALSE,TRUE
2024-OR953S-024315,2.63,Class B,2024-10-04T19:33:00Z,142.3022222222222,NA,NA,WF,0,2024,NA,NA,FALSE,TRUE
2024-ORPRD-000982,0.1,Class A,NA,NA,NA,NA,WF,0,2024,NA,NA,FALSE,TRUE
2024-OR712S-000480,0.25,Class A,NA,NA,NA,NA,WF,0,2024,NA,NA,FALSE,TRUE
2024-OR712S-000467,0.14,Class A,NA,NA,NA,NA,WF,0,2024,NA,NA,FALSE,TRUE
2024-ORUMF-000826,1,Class B,NA,NA,NA,NA,RX,0,2024,NA,NA,FALSE,TRUE
2024-ORLAD-240351,0.1,Class A,2024-10-01T21:18:00Z,49.098055555555554,NA,NA,WF,0,2024,NA,NA,FALSE,TRUE
2024-OR712S-000495,0.33,Class B,NA,NA,NA,NA,WF,0,2024,NA,NA,FALSE,TRUE
2024-OR955S-000988,0.1,Class A,2024-10-07T18:14:00Z,140.65527777777777,NA,NA,WF,0,2024,NA,NA,FALSE,TRUE
2024-ORMHF-001313,0.1,Class A,2024-10-01T23:26:00Z,3.940555555555555,NA,NA,WF,0,2024,NA,NA,FALSE,TRUE
2024-OR971S-000832,0.75,Class B,NA,NA,NA,NA,WF,0,2024,NA,NA,FALSE,TRUE
2024-ORNOD-240432,1,Class B,NA,NA,NA,NA,RX,0,2024,NA,NA,FALSE,TRUE
2024-OR954S-001296,0.15,Class A,2024-10-09T17:00:00Z,232.4661111111111,NA,NA,WF,0,2024,NA,NA,FALSE,TRUE
2024-ORCGF-001328,0.01,Class A,NA,NA,NA,NA,WF,0,2024,NA,NA,FALSE,TRUE
2024-OR712S-000498,0.01,Class A,NA,NA,NA,NA,WF,0,2024,NA,NA,FALSE,TRUE
2024-OR971S-000837,5,Class B,NA,NA,NA,NA,WF,0,2024,NA,NA,FALSE,TRUE
2024-OR981S-240357,0.25,Class A,2024-10-12T19:14:00Z,168.66666666666666,NA,NA,WF,0,2024,NA,NA,FALSE,TRUE
2024-OR971S-000843,0.1,Class A,NA,NA,NA,NA,WF,0,2024,NA,NA,FALSE,TRUE
2024-OR971S-000844,0.1,Class A,NA,NA,NA,NA,WF,0,2024,NA,NA,FALSE,TRUE
2024-OR711S-037625,0.1,Class A,NA,NA,NA,NA,WF,0,2024,NA,NA,FALSE,TRUE
2024-OR981S-240363,0.1,Class A,2024-10-17T18:28:00Z,253.1,NA,NA,WF,0,2024,NA,NA,FALSE,TRUE
2024-OR520S-521005,0.01,Class A,NA,NA,NA,NA,WF,0,2024,NA,NA,FALSE,TRUE
2024-OR520S-521010,0.01,Class A,NA,NA,NA,NA,WF,0,2024,NA,NA,FALSE,TRUE
2024-ORUMA-000849,0.5,Class B,NA,NA,NA,NA,WF,0,2024,NA,NA,FALSE,TRUE
2024-OR520S-521067,0.02,Class A,NA,NA,NA,NA,WF,0,2024,NA,NA,FALSE,TRUE
2024-OR510S-000016,0.1,Class A,NA,NA,NA,NA,WF,0,2024,NA,NA,FALSE,TRUE
2024-OR954S-001360,0.1,Class A,2024-10-13T23:25:00Z,98.27805555555555,NA,NA,WF,0,2024,NA,NA,FALSE,TRUE
2024-ORMED-711367,0.01,Class A,NA,NA,NA,NA,WF,0,2024,NA,NA,FALSE,TRUE
2024-ORFWF-240056,1,Class B,NA,NA,NA,NA,RX,0,2024,NA,NA,FALSE,TRUE
2024-OR532S-000003,0.1,Class A,NA,NA,NA,NA,WF,0,2024,NA,NA,FALSE,TRUE
2024-ORMHF-001361,0.1,Class A,2024-10-10T21:21:00Z,23.43694444444445,NA,NA,WF,0,2024,NA,NA,FALSE,TRUE
2024-OR974S-000854,3,Class B,NA,NA,NA,NA,WF,0,2024,NA,NA,FALSE,TRUE
2024-OR954S-001373,0.1,Class A,2024-10-18T19:00:00Z,161.98444444444445,NA,NA,WF,0,2024,NA,NA,FALSE,TRUE
2024-OR781S-000086,0.01,Class A,NA,NA,NA,NA,WF,0,2024,NA,NA,FALSE,TRUE
2024-OR781S-000151,0.01,Class A,NA,NA,NA,NA,WF,0,2024,NA,NA,FALSE,TRUE
2024-OR781S-000160,0.25,Class A,NA,NA,NA,NA,WF,0,2024,NA,NA,FALSE,TRUE
2024-OR781S-000170,0.01,Class A,NA,NA,NA,NA,WF,0,2024,NA,NA,FALSE,TRUE
2024-ORUMA-000859,2.5,Class B,NA,NA,NA,NA,WF,0,2024,NA,NA,FALSE,TRUE
2024-ORFWF-240367,0.1,Class A,2024-10-13T20:59:00Z,2.189722222222222,NA,NA,WF,0,2024,NA,NA,FALSE,TRUE
2024-OR712S-055125,0.01,Class A,NA,NA,NA,NA,WF,0,2024,NA,NA,FALSE,TRUE
2024-ORRSF-000306,0.1,Class A,2024-10-16T19:59:00Z,48.964444444444446,NA,NA,WF,0,2024,NA,NA,FALSE,TRUE
2024-OR981S-240369,0.1,Class A,2024-10-16T17:36:00Z,0.23916666666666667,NA,NA,WF,0,2024,NA,NA,FALSE,TRUE
2024-ORUMF-000793,0.2,Class A,2024-10-16T17:37:12Z,546.6975,NA,NA,WF,0,2024,NA,NA,FALSE,TRUE
2024-OR954S-001396,0.25,Class A,2024-10-31T19:00:00Z,361.69416666666666,NA,NA,WF,0,2024,NA,NA,FALSE,TRUE
2024-ORDEF-001026,0.1,Class A,2024-10-16T22:00:00Z,1.388611111111111,NA,NA,WF,0,2024,NA,NA,FALSE,TRUE
2024-ORDEF-001029,0.1,Class A,2024-10-24T20:25:00Z,168.0125,NA,NA,WF,0,2024,NA,NA,FALSE,TRUE
2024-ORRFPN-240370,0.1,Class A,NA,NA,NA,NA,WF,0,2024,NA,NA,FALSE,TRUE
2024-ORMED-732464,0.1,Class A,NA,NA,NA,NA,WF,0,2024,NA,NA,FALSE,TRUE
2024-OR711S-040125,0.01,Class A,NA,NA,NA,NA,WF,0,2024,NA,NA,FALSE,TRUE
2024-OR954S-001412,0.1,Class A,2024-10-31T19:00:00Z,263.1694444444444,NA,NA,WF,0,2024,NA,NA,FALSE,TRUE
2024-OR712S-059025,0.08,Class A,NA,NA,NA,NA,WF,0,2024,NA,NA,FALSE,TRUE
2024-OR981S-240373,0.25,Class A,2024-10-25T21:24:00Z,97.47722222222222,NA,NA,WF,0,2024,NA,NA,FALSE,TRUE
2024-ORDEF-001036,0.1,Class A,2024-10-24T20:39:00Z,70.39694444444444,NA,NA,WF,0,2024,NA,NA,FALSE,TRUE
2024-ORUMF-000870,0.25,Class A,2024-10-31T16:00:00Z,241.73333333333332,NA,NA,WF,0,2024,NA,NA,FALSE,TRUE
2024-ORDEF-001045,0.1,Class A,2024-10-28T21:29:00Z,120.53833333333333,NA,NA,WF,0,2024,NA,NA,FALSE,TRUE
2024-OR981S-240376,0.01,Class A,NA,NA,NA,NA,WF,0,2024,NA,NA,FALSE,TRUE
2024-OR712S-063725,0.15,Class A,NA,NA,NA,NA,WF,0,2024,NA,NA,FALSE,TRUE
2024-OR711S-041625,0.1,Class A,NA,NA,NA,NA,WF,0,2024,NA,NA,FALSE,TRUE
2024-OR971S-000879,58.4,Class C,NA,NA,NA,NA,WF,0,2024,NA,NA,FALSE,TRUE
2024-ORWWF-000877,1,Class B,2024-10-31T18:00:00Z,119.07722222222222,NA,NA,WF,0,2024,NA,NA,FALSE,TRUE
2024-OR721S-011825,0.01,Class A,NA,NA,NA,NA,WF,0,2024,NA,NA,FALSE,TRUE
2024-ORRSF-000312,0.1,Class A,2024-10-31T17:07:00Z,118.98555555555556,NA,NA,WF,0,2024,NA,NA,FALSE,TRUE
2024-ORMAF-002609,0.1,Class A,2024-10-30T22:08:00Z,48.77111111111111,NA,NA,WF,0,2024,NA,NA,FALSE,TRUE
2024-OR581S-000019,0,Class A,NA,NA,NA,NA,WF,0,2024,NA,NA,FALSE,TRUE
2024-ORUPF-240464,13,Class C,NA,NA,NA,NA,RX,0,2024,NA,NA,FALSE,TRUE
2024-ORUPF-240467,2,Class B,NA,NA,NA,NA,RX,0,2024,NA,NA,FALSE,TRUE
2024-ORDEF-001060,0.1,Class A,2024-11-04T17:19:00Z,74.22777777777777,NA,NA,WF,0,2024,NA,NA,FALSE,TRUE
2024-ORWWF-000719,0.1,Class A,2024-09-15T21:57:00Z,164.35,NA,NA,WF,0,2024,NA,NA,FALSE,TRUE
2024-ORDEF-001064,0.1,Class A,2024-11-19T17:29:00Z,390.9291666666667,NA,NA,WF,0,2024,NA,NA,FALSE,TRUE
2024-ORUPF-240468,43,Class C,NA,NA,NA,NA,RX,0,2024,NA,NA,FALSE,TRUE
2024-ORUPF-240469,27,Class C,NA,NA,NA,NA,RX,0,2024,NA,NA,FALSE,TRUE
2024-ORROD-240470,1,Class B,NA,NA,NA,NA,RX,0,2024,NA,NA,FALSE,TRUE
2024-ORROD-240471,15,Class C,NA,NA,NA,NA,RX,0,2024,NA,NA,FALSE,TRUE
2024-ORROD-240473,13,Class C,NA,NA,NA,NA,RX,0,2024,NA,NA,FALSE,TRUE
2024-ORROD-240478,77.99,Class C,NA,NA,NA,NA,RX,0,2024,NA,NA,FALSE,TRUE
2024-ORDEF-001068,0.1,Class A,2024-11-13T16:00:00Z,144.07888888888888,NA,NA,WF,0,2024,NA,NA,FALSE,TRUE
2024-ORUPF-240488,30,Class C,NA,NA,NA,NA,RX,0,2024,NA,NA,FALSE,TRUE
2024-ORUPF-240494,9,Class B,NA,NA,NA,NA,RX,0,2024,NA,NA,FALSE,TRUE
2024-OR712S-000313,0.01,Class A,NA,NA,NA,NA,WF,0,2024,NA,NA,FALSE,TRUE
2024-ORWWF-000814,4.7,Class B,NA,NA,NA,NA,WF,0,2024,NA,NA,FALSE,TRUE
2024-ORWIF-240173,0.13,Class A,2024-07-20T18:05:00Z,113.15972222222224,NA,NA,WF,0,2024,NA,NA,FALSE,TRUE
2024-ORWIF-240340,1.5,Class B,2024-09-01T22:06:00Z,51.93694444444444,NA,NA,WF,0,2024,NA,NA,FALSE,TRUE
2024-OR711S-000359,0.01,Class A,NA,NA,NA,NA,WF,0,2024,NA,NA,FALSE,TRUE
2024-OR711S-036525,4,Class B,NA,NA,NA,NA,WF,0,2024,NA,NA,FALSE,TRUE
2024-OR711S-039125,0.01,Class A,NA,NA,NA,NA,WF,0,2024,NA,NA,FALSE,TRUE
2024-OR711S-000346,0.1,Class A,NA,NA,NA,NA,WF,0,2024,NA,NA,FALSE,TRUE
2024-OR711S-000415,0.25,Class A,NA,NA,NA,NA,WF,0,2024,NA,NA,FALSE,TRUE
2024-ORMHF-000176,207.01,Class D,NA,NA,NA,NA,RX,0,2024,NA,NA,FALSE,TRUE
2024-ORFWF-240379,0.1,Class A,2024-11-04T20:03:00Z,96.07138888888888,NA,NA,WF,0,2024,NA,NA,FALSE,TRUE
2024-ORFWF-240381,0.1,Class A,2024-11-12T15:47:00Z,136.43972222222223,NA,NA,WF,0,2024,NA,NA,FALSE,TRUE
2024-OR981S-240374,0.32,Class B,2024-10-23T19:00:00Z,19.125,NA,NA,WF,0,2024,NA,NA,FALSE,TRUE
2024-OR981S-240375,0.1,Class A,2024-10-27T19:00:00Z,98.49666666666668,NA,NA,WF,0,2024,NA,NA,FALSE,TRUE
2024-OR981S-240377,0.1,Class A,2024-10-29T19:00:00Z,57.016666666666666,NA,NA,WF,0,2024,NA,NA,FALSE,TRUE
2024-OR731S-000618,0.01,Class A,NA,NA,NA,NA,WF,0,2024,NA,NA,FALSE,TRUE
2024-ORWIF-240431,1,Class B,NA,NA,NA,NA,WF,0,2024,NA,NA,FALSE,TRUE
2024-ORWIF-240372,0.1,Class A,2024-11-27T18:03:00Z,1948.9902777777777,NA,NA,WF,0,2024,NA,NA,FALSE,TRUE
2024-ORWIF-240445,0.1,Class A,2024-11-27T18:00:00Z,1054.0041666666666,NA,NA,WF,0,2024,NA,NA,FALSE,TRUE
2024-OR954S-000661,1314.1,Class F,NA,NA,NA,NA,WF,0,2024,NA,NA,FALSE,TRUE
2024-ORDEF-001070,0.1,Class A,2024-11-29T21:00:00Z,50.29444444444445,NA,NA,WF,0,2024,NA,NA,FALSE,TRUE
2024-ORPRD-001069,0.1,Class A,2024-11-13T17:54:00Z,1.7333333333333334,NA,NA,WF,0,2024,NA,NA,FALSE,TRUE
2024-ORPRD-001031,0.1,Class A,2024-10-19T17:50:00Z,1.502222222222222,NA,NA,WF,0,2024,NA,NA,FALSE,TRUE
2024-ORDEF-001065,0.1,Class A,2024-11-04T20:11:00Z,23.5725,NA,NA,WF,0,2024,NA,NA,FALSE,TRUE
2024-ORPRD-001046,0.1,Class A,2024-10-24T18:41:00Z,3.4191666666666665,NA,NA,WF,0,2024,NA,NA,FALSE,TRUE
2024-ORPRD-000440,0.1,Class A,2024-07-17T23:00:00Z,5.355555555555555,NA,NA,WF,0,2024,NA,NA,FALSE,TRUE
2024-ORPRD-000787,0.01,Class A,2024-09-04T01:09:00Z,24.54083333333333,NA,NA,WF,0,2024,NA,NA,FALSE,TRUE
2024-ORPRD-000562,0.1,Class A,2024-08-04T19:31:00Z,121.95,NA,NA,WF,0,2024,NA,NA,FALSE,TRUE
2024-OR955S-000139,0.35,Class B,2024-05-23T21:55:00Z,75.34166666666667,NA,NA,WF,0,2024,NA,NA,FALSE,TRUE
2024-OR781S-000175,0.01,Class A,NA,NA,NA,NA,WF,0,2024,NA,NA,FALSE,TRUE
2024-ORDEF-000400,0.01,Class A,2024-07-16T18:20:00Z,69.77416666666667,NA,NA,WF,0,2024,NA,NA,FALSE,TRUE
2024-OR712S-000584,0.01,Class A,NA,NA,NA,NA,WF,0,2024,NA,NA,FALSE,TRUE
2024-OR711S-000270,0.5,Class B,NA,NA,NA,NA,WF,0,2024,NA,NA,FALSE,TRUE
2024-ORMED-712503,0.35,Class B,NA,NA,NA,NA,WF,0,2024,NA,NA,FALSE,TRUE
2024-ORUMF-000819,50.01,Class C,NA,NA,NA,NA,RX,0,2024,NA,NA,FALSE,TRUE
2024-ORPRD-000058,0.1,Class A,2024-04-08T17:47:00Z,434.0363888888889,NA,NA,WF,0,2024,NA,NA,FALSE,TRUE
2024-ORPRD-000150,0.25,Class A,NA,NA,NA,NA,WF,0,2024,NA,NA,FALSE,TRUE
2024-ORMAF-024302,0.1,Class A,2024-09-19T21:05:00Z,1.2786111111111111,NA,NA,WF,0,2024,NA,NA,FALSE,TRUE
2024-ORMAF-024224,0.1,Class A,2024-08-25T01:38:00Z,0.13333333333333333,NA,NA,WF,0,2024,NA,NA,FALSE,TRUE
2024-ORMAF-024192,0.1,Class A,2024-08-15T19:33:00Z,43.67,NA,NA,WF,0,2024,NA,NA,FALSE,TRUE
2024-ORMAF-024193,0.25,Class A,2024-08-15T16:07:00Z,38.825,NA,NA,WF,0,2024,NA,NA,FALSE,TRUE
2024-ORMAF-024151,0.25,Class A,2024-08-01T18:29:00Z,162.4,NA,NA,WF,0,2024,NA,NA,FALSE,TRUE
2024-ORPRD-000259,0.01,Class A,NA,NA,NA,NA,WF,0,2024,NA,NA,FALSE,TRUE
2024-ORMAF-024150,0.25,Class A,2024-07-27T00:40:00Z,25.179166666666667,NA,NA,WF,0,2024,NA,NA,FALSE,TRUE
2024-ORPRD-000290,0.1,Class A,2024-06-26T20:25:00Z,19.174722222222226,NA,NA,WF,0,2024,NA,NA,FALSE,TRUE
2024-ORPRD-000368,0.1,Class A,NA,NA,NA,NA,WF,0,2024,NA,NA,FALSE,TRUE
2024-ORMAF-024128,0.2,Class A,2024-07-23T21:10:00Z,28.9,NA,NA,WF,0,2024,NA,NA,FALSE,TRUE
2024-ORMAF-024076,0.1,Class A,2024-06-14T16:37:00Z,67.60083333333333,NA,NA,WF,0,2024,NA,NA,FALSE,TRUE
2024-ORPRD-000369,0.1,Class A,2024-07-21T23:45:00Z,314.65833333333336,NA,NA,WF,0,2024,NA,NA,FALSE,TRUE
2024-ORPRD-000411,0.01,Class A,2024-07-21T23:53:00Z,172.3163888888889,NA,NA,WF,0,2024,NA,NA,FALSE,TRUE
2024-ORPRD-000417,0.1,Class A,2024-07-21T23:53:00Z,143.01666666666668,NA,NA,WF,0,2024,NA,NA,FALSE,TRUE
2024-ORPRD-000425,0.01,Class A,2024-07-23T23:30:00Z,165.1613888888889,NA,NA,WF,0,2024,NA,NA,FALSE,TRUE
2024-ORPRD-000459,0.1,Class A,2024-08-11T18:50:00Z,570.0666666666667,NA,NA,WF,0,2024,NA,NA,FALSE,TRUE
2024-ORPRD-000503,0.1,Class A,2024-07-29T19:37:00Z,168.5738888888889,NA,NA,WF,0,2024,NA,NA,FALSE,TRUE
2024-ORUPF-240498,8,Class B,NA,NA,NA,NA,RX,0,2024,NA,NA,FALSE,TRUE
2024-ORUPF-240502,1,Class B,NA,NA,NA,NA,RX,0,2024,NA,NA,FALSE,TRUE
2024-ORPRD-000576,0.1,Class A,2024-08-01T18:50:00Z,1.29,NA,NA,WF,0,2024,NA,NA,FALSE,TRUE
2024-ORPRD-000581,5,Class B,NA,NA,NA,NA,WF,0,2024,NA,NA,FALSE,TRUE
2024-ORMAF-024149,0.1,Class A,2024-08-25T22:11:00Z,743.4166666666666,NA,NA,WF,0,2024,NA,NA,FALSE,TRUE
2024-ORPRD-000602,0.1,Class A,2024-08-08T22:59:00Z,92.60944444444443,NA,NA,WF,0,2024,NA,NA,FALSE,TRUE
2024-ORMAF-024073,0.25,Class A,2024-06-29T18:44:00Z,452.2947222222222,NA,NA,WF,0,2024,NA,NA,FALSE,TRUE
2024-ORPRD-000774,0.1,Class A,2024-09-03T16:28:00Z,23.24277777777778,NA,NA,WF,0,2024,NA,NA,FALSE,TRUE
2024-ORPRD-000756,0.1,Class A,NA,NA,NA,NA,WF,0,2024,NA,NA,FALSE,TRUE
2024-ORPRD-000819,0.1,Class A,2024-09-16T22:27:00Z,299.96166666666664,NA,NA,WF,0,2024,NA,NA,FALSE,TRUE
2024-ORUPF-240483,48,Class C,NA,NA,NA,NA,RX,0,2024,NA,NA,FALSE,TRUE
2024-ORUPF-240495,55,Class C,NA,NA,NA,NA,RX,0,2024,NA,NA,FALSE,TRUE
2024-ORUPF-240499,2,Class B,NA,NA,NA,NA,RX,0,2024,NA,NA,FALSE,TRUE
2024-ORUPF-240491,30,Class C,NA,NA,NA,NA,RX,0,2024,NA,NA,FALSE,TRUE
2024-ORUPF-240507,1,Class B,NA,NA,NA,NA,RX,0,2024,NA,NA,FALSE,TRUE
2024-ORVAC-240351,0.1,Class A,NA,NA,NA,NA,WF,0,2024,NA,NA,FALSE,TRUE
2024-ORRSF-000310,0.1,Class A,NA,NA,NA,NA,WF,0,2024,NA,NA,FALSE,TRUE
2024-ORFWF-240380,0.1,Class A,2024-11-04T00:45:00Z,1.4333333333333331,NA,NA,WF,0,2024,NA,NA,FALSE,TRUE
2024-ORSUF-240329,0.1,Class A,2024-08-26T00:10:00Z,6.430555555555555,NA,NA,WF,0,2024,NA,NA,FALSE,TRUE
2024-OR955S-000183,0.1,Class A,2024-06-11T21:47:00Z,167.17805555555557,NA,NA,WF,0,2024,NA,NA,FALSE,TRUE
2024-ORSUF-240268,1,Class B,2024-08-06T23:00:00Z,168.29888888888888,NA,NA,WF,0,2024,NA,NA,FALSE,TRUE
2024-ORUPF-240515,28,Class C,NA,NA,NA,NA,RX,0,2024,NA,NA,FALSE,TRUE
2024-ORVAD-240243,0.25,Class A,2024-12-01T19:00:00Z,2587.0375,NA,NA,WF,0,2024,NA,NA,FALSE,TRUE
2024-ORVAD-240275,1,Class B,2024-09-02T17:21:00Z,3.35,NA,NA,WF,0,2024,NA,NA,FALSE,TRUE
2024-ORVAC-240325,0.25,Class A,NA,NA,NA,NA,WF,0,2024,NA,NA,FALSE,TRUE
2024-ORWIF-240352,0.1,Class A,2024-09-02T18:13:00Z,17.925833333333333,NA,NA,WF,0,2024,NA,NA,FALSE,TRUE
2024-ORWIF-240373,522.79,Class E,NA,NA,NA,NA,WF,0,2024,NA,NA,FALSE,TRUE
2024-ORWIF-240362,5312.5,Class G,NA,NA,NA,NA,WF,0,2024,NA,NA,FALSE,TRUE
2024-ORWIF-240090,0.1,Class A,NA,NA,NA,NA,WF,0,2024,NA,NA,FALSE,TRUE
2024-ORWIF-240220,0.1,Class A,2024-07-21T17:55:00Z,92.24638888888887,NA,NA,WF,0,2024,NA,NA,FALSE,TRUE
2024-ORWIF-240202,0.1,Class A,2024-07-18T17:13:00Z,22.93166666666667,NA,NA,WF,0,2024,NA,NA,FALSE,TRUE
2024-ORWIF-240189,1,Class B,2024-07-23T18:08:00Z,147.99083333333334,NA,NA,WF,0,2024,NA,NA,FALSE,TRUE
2024-ORWIF-240287,1.5,Class B,2024-10-25T18:38:00Z,1916.4333333333336,NA,NA,WF,0,2024,NA,NA,FALSE,TRUE
2024-ORWIF-240290,0.25,Class A,2024-08-13T17:54:00Z,126.74638888888887,NA,NA,WF,0,2024,NA,NA,FALSE,TRUE
2024-ORWIF-240288,4,Class B,2024-10-25T18:38:00Z,1912.9608333333333,NA,NA,WF,0,2024,NA,NA,FALSE,TRUE
2024-ORWIF-240170,0.1,Class A,2024-08-06T15:48:00Z,526.0013888888889,NA,NA,WF,0,2024,NA,NA,FALSE,TRUE
2024-ORWIF-240114,0.2,Class A,2024-06-22T23:06:00Z,49.44638888888889,NA,NA,WF,0,2024,NA,NA,FALSE,TRUE
2024-ORWIF-240311,0.1,Class A,2024-08-24T19:08:00Z,140.78333333333333,NA,NA,WF,0,2024,NA,NA,FALSE,TRUE
2024-ORUPF-240519,31,Class C,NA,NA,NA,NA,RX,0,2024,NA,NA,FALSE,TRUE
2024-ORUPF-240520,12,Class C,NA,NA,NA,NA,RX,0,2024,NA,NA,FALSE,TRUE
2024-ORCBD-240500,249.98,Class D,NA,NA,NA,NA,RX,0,2024,NA,NA,FALSE,TRUE
2024-ORSUF-240289,0.1,Class A,2024-08-07T22:20:00Z,1.1394444444444445,NA,NA,WF,0,2024,NA,NA,FALSE,TRUE
2024-ORSUF-240134,0.25,Class A,2024-07-09T20:31:00Z,192.55,NA,NA,WF,0,2024,NA,NA,FALSE,TRUE
2024-OR781S-000009,0.01,Class A,NA,NA,NA,NA,WF,0,2024,NA,NA,FALSE,TRUE
2024-ORSUF-240417,0.01,Class A,2024-10-05T17:00:00Z,211.45,NA,NA,WF,0,2024,NA,NA,FALSE,TRUE
2024-ORSUF-240283,0.1,Class A,2024-08-06T01:00:00Z,6.135833333333333,NA,NA,WF,0,2024,NA,NA,FALSE,TRUE
2024-ORSUF-240249,1,Class B,2024-08-02T23:20:00Z,288.2941666666667,NA,NA,WF,0,2024,NA,NA,FALSE,TRUE
2024-ORUPF-240521,8.8,Class B,NA,NA,NA,NA,RX,0,2024,NA,NA,FALSE,TRUE
2024-ORROD-240523,1,Class B,NA,NA,NA,NA,RX,0,2024,NA,NA,FALSE,TRUE
2024-ORROD-240506,90,Class C,NA,NA,NA,NA,RX,0,2024,NA,NA,FALSE,TRUE
2024-ORROD-240513,1,Class B,NA,NA,NA,NA,RX,0,2024,NA,NA,FALSE,TRUE
2024-ORROD-240508,186.99,Class D,NA,NA,NA,NA,RX,0,2024,NA,NA,FALSE,TRUE
2024-ORUPF-240481,39,Class C,NA,NA,NA,NA,RX,0,2024,NA,NA,FALSE,TRUE
2024-ORCBD-240522,70,Class C,NA,NA,NA,NA,RX,0,2024,NA,NA,FALSE,TRUE
2024-ORUPF-240482,17,Class C,NA,NA,NA,NA,RX,0,2024,NA,NA,FALSE,TRUE
2024-ORUPF-240487,11,Class C,NA,NA,NA,NA,RX,0,2024,NA,NA,FALSE,TRUE
2024-OR552S-000053,0.01,Class A,NA,NA,NA,NA,WF,0,2024,NA,NA,FALSE,TRUE
2024-OR711S-037725,0.1,Class A,NA,NA,NA,NA,WF,0,2024,NA,NA,FALSE,TRUE
2024-OR510S-000015,0.1,Class A,NA,NA,NA,NA,WF,0,2024,NA,NA,FALSE,TRUE
2024-OR532S-000008,0.01,Class A,NA,NA,NA,NA,WF,0,2024,NA,NA,FALSE,TRUE
2024-OR731S-000240,2.06,Class B,NA,NA,NA,NA,WF,0,2024,NA,NA,FALSE,TRUE
2024-OR732S-000136,0.01,Class A,NA,NA,NA,NA,WF,0,2024,NA,NA,FALSE,TRUE
2024-OR711S-000167,1,Class B,NA,NA,NA,NA,WF,0,2024,NA,NA,FALSE,TRUE
2024-OR711S-000018,0.01,Class A,NA,NA,NA,NA,WF,0,2024,NA,NA,FALSE,TRUE
2024-OR711S-000162,0.01,Class A,NA,NA,NA,NA,WF,0,2024,NA,NA,FALSE,TRUE
2024-ORPRD-000291,0.1,Class A,2024-07-21T19:10:00Z,617.4833333333333,NA,NA,WF,0,2024,NA,NA,FALSE,TRUE
2024-ORPRD-000466,0.1,Class A,2024-07-21T23:53:00Z,52.242777777777775,NA,NA,WF,0,2024,NA,NA,FALSE,TRUE
2024-ORPRD-000863,0.01,Class A,NA,NA,NA,NA,WF,0,2024,NA,NA,FALSE,TRUE
2024-ORPRD-000999,0.1,Class A,NA,NA,NA,NA,WF,0,2024,NA,NA,FALSE,TRUE
2024-ORPRD-000782,0.1,Class A,2024-09-04T19:56:00Z,45.70666666666666,NA,NA,WF,0,2024,NA,NA,FALSE,TRUE
2024-ORPRD-000771,0.01,Class A,2024-09-02T21:59:00Z,7.570277777777778,NA,NA,WF,0,2024,NA,NA,FALSE,TRUE
2024-ORPRD-000794,0.1,Class A,2024-09-04T20:58:00Z,42.18861111111111,NA,NA,WF,0,2024,NA,NA,FALSE,TRUE
2024-ORPRD-000670,0.1,Class A,NA,NA,NA,NA,WF,0,2024,NA,NA,FALSE,TRUE
2024-OR711S-000260,0.1,Class A,NA,NA,NA,NA,WF,0,2024,NA,NA,FALSE,TRUE
2024-OR731S-000407,6.67,Class B,NA,NA,NA,NA,WF,0,2024,NA,NA,FALSE,TRUE
2024-OR731S-000220,0.01,Class A,NA,NA,NA,NA,WF,0,2024,NA,NA,FALSE,TRUE
2024-OR723S-008925,0.21,Class A,NA,NA,NA,NA,WF,0,2024,NA,NA,FALSE,TRUE
2024-OR723S-012825,0.01,Class A,NA,NA,NA,NA,WF,0,2024,NA,NA,FALSE,TRUE
2024-ORDEF-001075,0.1,Class A,2024-12-15T18:56:00Z,96.20194444444444,NA,NA,WF,0,2024,NA,NA,FALSE,TRUE
2024-OR722S-007125,0.01,Class A,NA,NA,NA,NA,WF,0,2024,NA,NA,FALSE,TRUE
2024-OR553S-000009,0.01,Class A,NA,NA,NA,NA,WF,0,2024,NA,NA,FALSE,TRUE
2024-OR553S-000011,0.01,Class A,NA,NA,NA,NA,WF,0,2024,NA,NA,FALSE,TRUE
2024-ORNOD-781055,0.1,Class A,NA,NA,NA,NA,WF,0,2024,NA,NA,FALSE,TRUE
2024-OR711S-000378,0.03,Class A,NA,NA,NA,NA,WF,0,2024,NA,NA,FALSE,TRUE
2024-OR711S-000171,0.01,Class A,NA,NA,NA,NA,WF,0,2024,NA,NA,FALSE,TRUE
2024-OR712S-000146,0.25,Class A,NA,NA,NA,NA,WF,0,2024,NA,NA,FALSE,TRUE
2024-OR731S-000328,0.1,Class A,NA,NA,NA,NA,WF,0,2024,NA,NA,FALSE,TRUE
2024-OR712S-000404,0.28,Class B,NA,NA,NA,NA,WF,0,2024,NA,NA,FALSE,TRUE
2024-OR552S-000021,0.61,Class B,NA,NA,NA,NA,WF,0,2024,NA,NA,FALSE,TRUE
2024-OR711S-038525,0.5,Class B,NA,NA,NA,NA,WF,0,2024,NA,NA,FALSE,TRUE
2024-OR732S-000287,0.01,Class A,NA,NA,NA,NA,WF,0,2024,NA,NA,FALSE,TRUE
2024-OR552S-000010,0.01,Class A,NA,NA,NA,NA,WF,0,2024,NA,NA,FALSE,TRUE
2024-OR733S-000576,2.34,Class B,NA,NA,NA,NA,WF,0,2024,NA,NA,FALSE,TRUE
2024-OR732S-000286,0.01,Class A,NA,NA,NA,NA,WF,0,2024,NA,NA,FALSE,TRUE
2024-OR532S-000013,0.01,Class A,NA,NA,NA,NA,WF,0,2024,NA,NA,FALSE,TRUE
2024-OR781S-000136,0.01,Class A,NA,NA,NA,NA,WF,0,2024,NA,NA,FALSE,TRUE
2024-OR732S-000187,0.01,Class A,NA,NA,NA,NA,WF,0,2024,NA,NA,FALSE,TRUE
2024-OR552S-000007,0.01,Class A,NA,NA,NA,NA,WF,0,2024,NA,NA,FALSE,TRUE
2024-OR781S-000089,0.1,Class A,NA,NA,NA,NA,WF,0,2024,NA,NA,FALSE,TRUE
2024-OR581S-000107,0.5,Class B,NA,NA,NA,NA,WF,0,2024,NA,NA,FALSE,TRUE
2024-OR531S-531012,0.12,Class A,NA,NA,NA,NA,WF,0,2024,NA,NA,FALSE,TRUE
2024-OR581S-000060,0.01,Class A,NA,NA,NA,NA,WF,0,2024,NA,NA,FALSE,TRUE
2024-OR711S-000248,0.01,Class A,NA,NA,NA,NA,WF,0,2024,NA,NA,FALSE,TRUE
2024-OR781S-000090,0.04,Class A,NA,NA,NA,NA,WF,0,2024,NA,NA,FALSE,TRUE
2024-ORUPF-240509,1,Class B,NA,NA,NA,NA,RX,0,2024,NA,NA,FALSE,TRUE
2024-ORCBD-240524,90,Class C,NA,NA,NA,NA,RX,0,2024,NA,NA,FALSE,TRUE
2024-OR953S-024254,1,Class B,2024-09-07T20:00:00Z,102.6325,NA,NA,WF,0,2024,NA,NA,FALSE,TRUE
2024-OR953S-024258,0.06,Class A,2024-09-08T20:00:00Z,119.75611111111112,NA,NA,WF,0,2024,NA,NA,FALSE,TRUE
2024-OR953S-024260,1.24,Class B,2024-09-05T20:00:00Z,46.95111111111111,NA,NA,WF,0,2024,NA,NA,FALSE,TRUE
2024-OR953S-024251,15.87,Class C,2024-09-10T20:00:00Z,184.3388888888889,NA,NA,WF,0,2024,NA,NA,FALSE,TRUE
2024-ORDEF-000981,0.1,Class A,2024-09-28T18:13:00Z,13.577222222222222,NA,NA,WF,0,2024,NA,NA,FALSE,TRUE
2024-OR711S-711-291-25,1.5,Class B,NA,NA,NA,NA,WF,0,2024,NA,NA,FALSE,TRUE
2024-OR731S-000196,0.01,Class A,NA,NA,NA,NA,WF,0,2024,NA,NA,FALSE,TRUE
2024-OR731S-000070,0.01,Class A,NA,NA,NA,NA,WF,0,2024,NA,NA,FALSE,TRUE
2024-OR781S-000008,0.01,Class A,NA,NA,NA,NA,WF,0,2024,NA,NA,FALSE,TRUE
2024-OR732S-000148,0.01,Class A,NA,NA,NA,NA,WF,0,2024,NA,NA,FALSE,TRUE
2024-OR732S-000492,0.01,Class A,NA,NA,NA,NA,WF,0,2024,NA,NA,FALSE,TRUE
2024-OR781S-000085,0.01,Class A,NA,NA,NA,NA,WF,0,2024,NA,NA,FALSE,TRUE
2024-OR721S-009425,0.57,Class B,NA,NA,NA,NA,WF,0,2024,NA,NA,FALSE,TRUE
2024-OR712S-000582,0.13,Class A,NA,NA,NA,NA,WF,0,2024,NA,NA,FALSE,TRUE
2024-OR551S-000005,0.01,Class A,NA,NA,NA,NA,WF,0,2024,NA,NA,FALSE,TRUE
2024-OR771S-000092,0.1,Class A,NA,NA,NA,NA,WF,0,2024,NA,NA,FALSE,TRUE
2024-OR723S-010525,0.01,Class A,NA,NA,NA,NA,WF,0,2024,NA,NA,FALSE,TRUE
2024-OR712S-000219,0.11,Class A,NA,NA,NA,NA,WF,0,2024,NA,NA,FALSE,TRUE
2024-OR712S-000222,0.01,Class A,NA,NA,NA,NA,WF,0,2024,NA,NA,FALSE,TRUE
2024-OR712S-000221,0.01,Class A,NA,NA,NA,NA,WF,0,2024,NA,NA,FALSE,TRUE
2024-OR712S-000223,0.01,Class A,NA,NA,NA,NA,WF,0,2024,NA,NA,FALSE,TRUE
2024-OR712S-000228,0.01,Class A,NA,NA,NA,NA,WF,0,2024,NA,NA,FALSE,TRUE
2024-OR711S-000343,0.1,Class A,NA,NA,NA,NA,WF,0,2024,NA,NA,FALSE,TRUE
2024-OR733S-000410,0.1,Class A,NA,NA,NA,NA,WF,0,2024,NA,NA,FALSE,TRUE
2024-OR732S-000140,0.01,Class A,NA,NA,NA,NA,WF,0,2024,NA,NA,FALSE,TRUE
2024-OR771S-000059,0.01,Class A,NA,NA,NA,NA,WF,0,2024,NA,NA,FALSE,TRUE
2024-OR711S-000353,0.1,Class A,NA,NA,NA,NA,WF,0,2024,NA,NA,FALSE,TRUE
2024-OR712S-000528,0.45,Class B,NA,NA,NA,NA,WF,0,2024,NA,NA,FALSE,TRUE
2024-OR781S-000078,0.03,Class A,NA,NA,NA,NA,WF,0,2024,NA,NA,FALSE,TRUE
2024-OR712S-000080,0.28,Class B,NA,NA,NA,NA,WF,0,2024,NA,NA,FALSE,TRUE
2024-OR711S-000363,0.82,Class B,NA,NA,NA,NA,WF,0,2024,NA,NA,FALSE,TRUE
2024-OR711S-035225,0.01,Class A,NA,NA,NA,NA,WF,0,2024,NA,NA,FALSE,TRUE
2024-OR712S-000210,0,Class A,NA,NA,NA,NA,WF,0,2024,NA,NA,FALSE,TRUE
2024-OR712S-000211,0.01,Class A,NA,NA,NA,NA,WF,0,2024,NA,NA,FALSE,TRUE
2024-OR712S-000510,0.01,Class A,NA,NA,NA,NA,WF,0,2024,NA,NA,FALSE,TRUE
2024-OR712S-000012,0.01,Class A,NA,NA,NA,NA,WF,0,2024,NA,NA,FALSE,TRUE
2024-ORNOD-781054,0.1,Class A,NA,NA,NA,NA,WF,0,2024,NA,NA,FALSE,TRUE
2024-OR731S-000380,1.01,Class B,NA,NA,NA,NA,WF,0,2024,NA,NA,FALSE,TRUE
2024-OR551S-000026,0.5,Class B,NA,NA,NA,NA,WF,0,2024,NA,NA,FALSE,TRUE
2024-OR732S-000185,0.1,Class A,NA,NA,NA,NA,WF,0,2024,NA,NA,FALSE,TRUE
2024-OR551S-000009,0.01,Class A,NA,NA,NA,NA,WF,0,2024,NA,NA,FALSE,TRUE
2024-OR711S-000032,0.01,Class A,NA,NA,NA,NA,WF,0,2024,NA,NA,FALSE,TRUE
2024-OR723S-012025,0.01,Class A,NA,NA,NA,NA,WF,0,2024,NA,NA,FALSE,TRUE
2024-OR552S-000011,0.01,Class A,NA,NA,NA,NA,WF,0,2024,NA,NA,FALSE,TRUE
2024-OR721S-007925,0.63,Class B,NA,NA,NA,NA,WF,0,2024,NA,NA,FALSE,TRUE
2024-OR712S-000276,3.62,Class B,NA,NA,NA,NA,WF,0,2024,NA,NA,FALSE,TRUE
2024-OR520S-000062,0.01,Class A,NA,NA,NA,NA,WF,0,2024,NA,NA,FALSE,TRUE
2024-OR781S-000060,0.21,Class A,NA,NA,NA,NA,WF,0,2024,NA,NA,FALSE,TRUE
2024-OR733S-000242,0.01,Class A,NA,NA,NA,NA,WF,0,2024,NA,NA,FALSE,TRUE
2024-OR711S-038225,0.01,Class A,NA,NA,NA,NA,WF,0,2024,NA,NA,FALSE,TRUE
2024-OR582S-000010,0.76,Class B,NA,NA,NA,NA,WF,0,2024,NA,NA,FALSE,TRUE
2024-OR711S-000311,1,Class B,NA,NA,NA,NA,WF,0,2024,NA,NA,FALSE,TRUE
2024-OR781S-000130,0.11,Class A,NA,NA,NA,NA,WF,0,2024,NA,NA,FALSE,TRUE
2024-OR721S-000625,0.01,Class A,NA,NA,NA,NA,WF,0,2024,NA,NA,FALSE,TRUE
2024-OR721S-001325,0.1,Class A,NA,NA,NA,NA,WF,0,2024,NA,NA,FALSE,TRUE
2024-OR552S-000008,0.01,Class A,NA,NA,NA,NA,WF,0,2024,NA,NA,FALSE,TRUE
2024-OR711S-000294,1.61,Class B,NA,NA,NA,NA,WF,0,2024,NA,NA,FALSE,TRUE
2024-OR711S-000150,4.13,Class B,NA,NA,NA,NA,WF,0,2024,NA,NA,FALSE,TRUE
2024-OR731S-000183,0.38,Class B,NA,NA,NA,NA,WF,0,2024,NA,NA,FALSE,TRUE
2024-OR732S-000245,0.01,Class A,NA,NA,NA,NA,WF,0,2024,NA,NA,FALSE,TRUE
2024-OR551S-000033,0.17,Class A,NA,NA,NA,NA,WF,0,2024,NA,NA,FALSE,TRUE
2024-OR551S-000041,0.01,Class A,NA,NA,NA,NA,WF,0,2024,NA,NA,FALSE,TRUE
2024-OR553S-000018,0.1,Class A,NA,NA,NA,NA,WF,0,2024,NA,NA,FALSE,TRUE
2024-OR712S-000247,1.01,Class B,NA,NA,NA,NA,WF,0,2024,NA,NA,FALSE,TRUE
2024-OR712S-000397,0.01,Class A,NA,NA,NA,NA,WF,0,2024,NA,NA,FALSE,TRUE
2024-OR731S-000404,0.1,Class A,NA,NA,NA,NA,WF,0,2024,NA,NA,FALSE,TRUE
2024-OR712S-000468,0.02,Class A,NA,NA,NA,NA,WF,0,2024,NA,NA,FALSE,TRUE
2024-OR731S-000567,0.25,Class A,NA,NA,NA,NA,WF,0,2024,NA,NA,FALSE,TRUE
2024-OR712S-000441,0.1,Class A,NA,NA,NA,NA,WF,0,2024,NA,NA,FALSE,TRUE
2024-OR781S-000143,2.92,Class B,NA,NA,NA,NA,WF,0,2024,NA,NA,FALSE,TRUE
2024-OR781S-000141,0.01,Class A,NA,NA,NA,NA,WF,0,2024,NA,NA,FALSE,TRUE
2024-OR772S-000030,0.1,Class A,NA,NA,NA,NA,WF,0,2024,NA,NA,FALSE,TRUE
2024-OR712S-000549,0.01,Class A,NA,NA,NA,NA,WF,0,2024,NA,NA,FALSE,TRUE
2024-OR712S-000176,0.01,Class A,NA,NA,NA,NA,WF,0,2024,NA,NA,FALSE,TRUE
2024-OR711S-000026,0.01,Class A,NA,NA,NA,NA,WF,0,2024,NA,NA,FALSE,TRUE
2024-OR712S-000450,0.01,Class A,NA,NA,NA,NA,WF,0,2024,NA,NA,FALSE,TRUE
2024-OR733S-000337,0.01,Class A,NA,NA,NA,NA,WF,0,2024,NA,NA,FALSE,TRUE
2024-OR551S-000001,0.01,Class A,NA,NA,NA,NA,WF,0,2024,NA,NA,FALSE,TRUE
2024-OR712S-712-522-24,0.01,Class A,NA,NA,NA,NA,WF,0,2024,NA,NA,FALSE,TRUE
2024-OR581S-000082,0,Class A,NA,NA,NA,NA,WF,0,2024,NA,NA,FALSE,TRUE
2024-OR721S-020924,0.01,Class A,NA,NA,NA,NA,WF,0,2024,NA,NA,FALSE,TRUE
2024-OR731S-000372,0.01,Class A,NA,NA,NA,NA,WF,0,2024,NA,NA,FALSE,TRUE
2024-OR771S-000049,0.1,Class A,NA,NA,NA,NA,WF,0,2024,NA,NA,FALSE,TRUE
2024-OR711S-000379,0.01,Class A,NA,NA,NA,NA,WF,0,2024,NA,NA,FALSE,TRUE
2024-OR712S-054725,0.55,Class B,NA,NA,NA,NA,WF,0,2024,NA,NA,FALSE,TRUE
2024-OR772S-000040,0.01,Class A,NA,NA,NA,NA,WF,0,2024,NA,NA,FALSE,TRUE
2024-OR721S-009225,0.01,Class A,NA,NA,NA,NA,WF,0,2024,NA,NA,FALSE,TRUE
2024-OR721S-011725,0.01,Class A,NA,NA,NA,NA,WF,0,2024,NA,NA,FALSE,TRUE
2024-OR733S-000037,0.1,Class A,NA,NA,NA,NA,WF,0,2024,NA,NA,FALSE,TRUE
2024-OR721S-008625,0.01,Class A,NA,NA,NA,NA,WF,0,2024,NA,NA,FALSE,TRUE
2024-OR712S-000451,0.01,Class A,NA,NA,NA,NA,WF,0,2024,NA,NA,FALSE,TRUE
2024-OR712S-000612,19.7,Class C,NA,NA,NA,NA,WF,0,2024,NA,NA,FALSE,TRUE
2024-OR721S-023024,0.01,Class A,NA,NA,NA,NA,WF,0,2024,NA,NA,FALSE,TRUE
2024-OR712S-000019,0.09,Class A,NA,NA,NA,NA,WF,0,2024,NA,NA,FALSE,TRUE
2024-OR772S-000037,0.01,Class A,NA,NA,NA,NA,WF,0,2024,NA,NA,FALSE,TRUE
2024-OR721S-005325,0.01,Class A,NA,NA,NA,NA,WF,0,2024,NA,NA,FALSE,TRUE
2024-OR712S-000007,0.12,Class A,NA,NA,NA,NA,WF,0,2024,NA,NA,FALSE,TRUE
2024-OR712S-000557,0.25,Class A,NA,NA,NA,NA,WF,0,2024,NA,NA,FALSE,TRUE
2024-OR733S-000190,0.1,Class A,NA,NA,NA,NA,WF,0,2024,NA,NA,FALSE,TRUE
2024-OR532S-000006,0.15,Class A,NA,NA,NA,NA,WF,0,2024,NA,NA,FALSE,TRUE
2024-OR552S-000017,0.01,Class A,NA,NA,NA,NA,WF,0,2024,NA,NA,FALSE,TRUE
2024-OR712S-000270,0.01,Class A,NA,NA,NA,NA,WF,0,2024,NA,NA,FALSE,TRUE
2024-OR711S-000324,0.15,Class A,NA,NA,NA,NA,WF,0,2024,NA,NA,FALSE,TRUE
2024-OR712S-000035,0.02,Class A,NA,NA,NA,NA,WF,0,2024,NA,NA,FALSE,TRUE
2024-OR732S-000277,0.01,Class A,NA,NA,NA,NA,WF,0,2024,NA,NA,FALSE,TRUE
2024-OR731S-000181,9.52,Class B,NA,NA,NA,NA,WF,0,2024,NA,NA,FALSE,TRUE
2024-OR712S-71252624,0.01,Class A,NA,NA,NA,NA,WF,0,2024,NA,NA,FALSE,TRUE
2024-OR781S-000044,0.01,Class A,NA,NA,NA,NA,WF,0,2024,NA,NA,FALSE,TRUE
2024-OR712S-000526,0.01,Class A,NA,NA,NA,NA,WF,0,2024,NA,NA,FALSE,TRUE
2024-OR553S-000022,0.01,Class A,NA,NA,NA,NA,WF,0,2024,NA,NA,FALSE,TRUE
2024-OR712S-000425,0.01,Class A,NA,NA,NA,NA,WF,0,2024,NA,NA,FALSE,TRUE
2024-OR771S-000082,0.01,Class A,NA,NA,NA,NA,WF,0,2024,NA,NA,FALSE,TRUE
2024-OR771S-000013,0.01,Class A,NA,NA,NA,NA,WF,0,2024,NA,NA,FALSE,TRUE
2024-OR781S-000088,0.01,Class A,NA,NA,NA,NA,WF,0,2024,NA,NA,FALSE,TRUE
2024-OR553S-000025,0.01,Class A,NA,NA,NA,NA,WF,0,2024,NA,NA,FALSE,TRUE
2024-OR772S-000045,0.01,Class A,NA,NA,NA,NA,WF,0,2024,NA,NA,FALSE,TRUE
2024-OR582S-000041,0,Class A,NA,NA,NA,NA,WF,0,2024,NA,NA,FALSE,TRUE
2024-OR712S-000074,0,Class A,NA,NA,NA,NA,WF,0,2024,NA,NA,FALSE,TRUE
2024-OR711S-000338,0.01,Class A,NA,NA,NA,NA,WF,0,2024,NA,NA,FALSE,TRUE
2024-OR581S-000051,12.24,Class C,NA,NA,NA,NA,WF,0,2024,NA,NA,FALSE,TRUE
2024-OR712S-000034,0.03,Class A,NA,NA,NA,NA,WF,0,2024,NA,NA,FALSE,TRUE
2024-OR732S-000375,0.1,Class A,NA,NA,NA,NA,WF,0,2024,NA,NA,FALSE,TRUE
2024-OR731S-000260,0.01,Class A,NA,NA,NA,NA,WF,0,2024,NA,NA,FALSE,TRUE
2024-OR781S-000109,0.03,Class A,NA,NA,NA,NA,WF,0,2024,NA,NA,FALSE,TRUE
2024-ORDEF-000859,0.1,Class A,NA,NA,NA,NA,WF,0,2024,NA,NA,FALSE,TRUE
2024-ORDEF-000889,0.1,Class A,NA,NA,NA,NA,WF,0,2024,NA,NA,FALSE,TRUE
2024-ORDEF-000928,0.1,Class A,NA,NA,NA,NA,WF,0,2024,NA,NA,FALSE,TRUE
2024-ORDEF-000838,0.1,Class A,NA,NA,NA,NA,WF,0,2024,NA,NA,FALSE,TRUE
2024-ORDEF-000884,0.1,Class A,NA,NA,NA,NA,WF,0,2024,NA,NA,FALSE,TRUE
2024-ORCGF-000532,0,Class A,2024-07-11T14:32:00Z,1.4375,NA,NA,WF,0,2024,NA,NA,FALSE,TRUE
2024-OR732S-000563,0.01,Class A,NA,NA,NA,NA,WF,0,2024,NA,NA,FALSE,TRUE
2024-OR551S-000002,0.01,Class A,NA,NA,NA,NA,WF,0,2024,NA,NA,FALSE,TRUE
2024-OR520S-000017,0.03,Class A,NA,NA,NA,NA,WF,0,2024,NA,NA,FALSE,TRUE
2024-OR781S-000091,0.01,Class A,NA,NA,NA,NA,WF,0,2024,NA,NA,FALSE,TRUE
2024-OR771S-000030,5.7,Class B,NA,NA,NA,NA,WF,0,2024,NA,NA,FALSE,TRUE
2024-OR723S-007325,0.03,Class A,NA,NA,NA,NA,WF,0,2024,NA,NA,FALSE,TRUE
2024-OR733S-000349,0.01,Class A,NA,NA,NA,NA,WF,0,2024,NA,NA,FALSE,TRUE
2024-OR553S-000021,0.01,Class A,NA,NA,NA,NA,WF,0,2024,NA,NA,FALSE,TRUE
2024-OR721S-011325,0.04,Class A,NA,NA,NA,NA,WF,0,2024,NA,NA,FALSE,TRUE
2024-OR771S-000096,4,Class B,NA,NA,NA,NA,WF,0,2024,NA,NA,FALSE,TRUE
2024-OR582S-000003,0.04,Class A,NA,NA,NA,NA,WF,0,2024,NA,NA,FALSE,TRUE
2024-OR781S-000073,0.05,Class A,NA,NA,NA,NA,WF,0,2024,NA,NA,FALSE,TRUE
2024-OR712S-002743,0.01,Class A,NA,NA,NA,NA,WF,0,2024,NA,NA,FALSE,TRUE
2024-OR712S-055425,0.01,Class A,NA,NA,NA,NA,WF,0,2024,NA,NA,FALSE,TRUE
2024-OR711S-000206,0.05,Class A,NA,NA,NA,NA,WF,0,2024,NA,NA,FALSE,TRUE
2024-OR712S-000293,0.05,Class A,NA,NA,NA,NA,WF,0,2024,NA,NA,FALSE,TRUE
2024-OR712S-000294,0.05,Class A,NA,NA,NA,NA,WF,0,2024,NA,NA,FALSE,TRUE
2024-OROCF-000757,0.1,Class A,2024-12-17T21:30:00Z,2559.0525,NA,NA,WF,0,2024,NA,NA,FALSE,TRUE
2024-OR781S-000025,0.01,Class A,NA,NA,NA,NA,WF,0,2024,NA,NA,FALSE,TRUE
2024-OR711S-000089,0.01,Class A,NA,NA,NA,NA,WF,0,2024,NA,NA,FALSE,TRUE
2024-OR711S-000249,0.01,Class A,NA,NA,NA,NA,WF,0,2024,NA,NA,FALSE,TRUE
2024-OR712S-000509,0.01,Class A,NA,NA,NA,NA,WF,0,2024,NA,NA,FALSE,TRUE
2024-OR711S-040025,0.01,Class A,NA,NA,NA,NA,WF,0,2024,NA,NA,FALSE,TRUE
2024-OR552S-000003,0.01,Class A,NA,NA,NA,NA,WF,0,2024,NA,NA,FALSE,TRUE
2024-OR711S-035325,0.01,Class A,NA,NA,NA,NA,WF,0,2024,NA,NA,FALSE,TRUE
2024-OR731S-000224,0.01,Class A,NA,NA,NA,NA,WF,0,2024,NA,NA,FALSE,TRUE
2024-OR771S-000077,0.01,Class A,NA,NA,NA,NA,WF,0,2024,NA,NA,FALSE,TRUE
2024-OR712S-000597,0.08,Class A,NA,NA,NA,NA,WF,0,2024,NA,NA,FALSE,TRUE
2024-OR553S-000031,0.01,Class A,NA,NA,NA,NA,WF,0,2024,NA,NA,FALSE,TRUE
2024-OR733S-000303,0.01,Class A,NA,NA,NA,NA,WF,0,2024,NA,NA,FALSE,TRUE
2024-OR732S-000411,0.01,Class A,NA,NA,NA,NA,WF,0,2024,NA,NA,FALSE,TRUE
2024-OR731S-000027,1.01,Class B,NA,NA,NA,NA,WF,0,2024,NA,NA,FALSE,TRUE
2024-OR712S-000265,0.01,Class A,NA,NA,NA,NA,WF,0,2024,NA,NA,FALSE,TRUE
2024-OR781S-000195,2.01,Class B,NA,NA,NA,NA,WF,0,2024,NA,NA,FALSE,TRUE
2024-OR733S-000335,0.01,Class A,NA,NA,NA,NA,WF,0,2024,NA,NA,FALSE,TRUE
2024-OR723S-000525,0.01,Class A,NA,NA,NA,NA,WF,0,2024,NA,NA,FALSE,TRUE
2024-OR721S-022924,0.01,Class A,NA,NA,NA,NA,WF,0,2024,NA,NA,FALSE,TRUE
2024-OR781S-000121,0.01,Class A,NA,NA,NA,NA,WF,0,2024,NA,NA,FALSE,TRUE
2024-OR712S-000339,0.01,Class A,NA,NA,NA,NA,WF,0,2024,NA,NA,FALSE,TRUE
2024-OR553S-000010,0.01,Class A,NA,NA,NA,NA,WF,0,2024,NA,NA,FALSE,TRUE
2024-OR721S-022824,0.01,Class A,NA,NA,NA,NA,WF,0,2024,NA,NA,FALSE,TRUE
2024-OR732S-000284,0.01,Class A,NA,NA,NA,NA,WF,0,2024,NA,NA,FALSE,TRUE
2024-OR721S-022224,0.01,Class A,NA,NA,NA,NA,WF,0,2024,NA,NA,FALSE,TRUE
2024-OR723S-002125,0.05,Class A,NA,NA,NA,NA,WF,0,2024,NA,NA,FALSE,TRUE
2024-OR781S-000125,0.08,Class A,NA,NA,NA,NA,WF,0,2024,NA,NA,FALSE,TRUE
2024-OR551S-000013,0.1,Class A,NA,NA,NA,NA,WF,0,2024,NA,NA,FALSE,TRUE
2024-OR731S-0000109,0.1,Class A,NA,NA,NA,NA,WF,0,2024,NA,NA,FALSE,TRUE
2024-OR781S-000052,0.1,Class A,NA,NA,NA,NA,WF,0,2024,NA,NA,FALSE,TRUE
2024-OR711S-000049,0.1,Class A,NA,NA,NA,NA,WF,0,2024,NA,NA,FALSE,TRUE
2024-OR711S-000046,0.07,Class A,NA,NA,NA,NA,WF,0,2024,NA,NA,FALSE,TRUE
2024-OR712S-000224,0.07,Class A,NA,NA,NA,NA,WF,0,2024,NA,NA,FALSE,TRUE
2024-OR781S-000030,0.1,Class A,NA,NA,NA,NA,WF,0,2024,NA,NA,FALSE,TRUE
2024-OR712S-000137,0.01,Class A,NA,NA,NA,NA,WF,0,2024,NA,NA,FALSE,TRUE
2024-OR781S-000204,0.1,Class A,NA,NA,NA,NA,WF,0,2024,NA,NA,FALSE,TRUE
2024-OR711S-000366,0.1,Class A,NA,NA,NA,NA,WF,0,2024,NA,NA,FALSE,TRUE
2024-OR712S-000513,0.1,Class A,NA,NA,NA,NA,WF,0,2024,NA,NA,FALSE,TRUE
2024-OR711S-000398,0.1,Class A,NA,NA,NA,NA,WF,0,2024,NA,NA,FALSE,TRUE
2024-OR732S-000139,0.01,Class A,NA,NA,NA,NA,WF,0,2024,NA,NA,FALSE,TRUE
2024-OR772S-000031,0.01,Class A,NA,NA,NA,NA,WF,0,2024,NA,NA,FALSE,TRUE
2024-OR771S-000042,2.62,Class B,NA,NA,NA,NA,WF,0,2024,NA,NA,FALSE,TRUE
2024-OR531S-000037,0.1,Class A,NA,NA,NA,NA,WF,0,2024,NA,NA,FALSE,TRUE
2024-OR733S-000412,0.1,Class A,NA,NA,NA,NA,WF,0,2024,NA,NA,FALSE,TRUE
2024-OR711S-000327,0.1,Class A,NA,NA,NA,NA,WF,0,2024,NA,NA,FALSE,TRUE
2024-OR711S-000051,0.11,Class A,NA,NA,NA,NA,WF,0,2024,NA,NA,FALSE,TRUE
2024-OR712S-000225,0.1,Class A,NA,NA,NA,NA,WF,0,2024,NA,NA,FALSE,TRUE
2024-OR711S-000290,0.1,Class A,NA,NA,NA,NA,WF,0,2024,NA,NA,FALSE,TRUE
2024-OR531S-531016,1,Class B,NA,NA,NA,NA,WF,0,2024,NA,NA,FALSE,TRUE
2024-OR532S-000014,0.05,Class A,NA,NA,NA,NA,WF,0,2024,NA,NA,FALSE,TRUE
2024-OR712S-000306,2.33,Class B,NA,NA,NA,NA,WF,0,2024,NA,NA,FALSE,TRUE
2024-OR712S-000280,1.82,Class B,NA,NA,NA,NA,WF,0,2024,NA,NA,FALSE,TRUE
2024-OR772S-000046,0.1,Class A,NA,NA,NA,NA,WF,0,2024,NA,NA,FALSE,TRUE
2024-OR711S-000079,2,Class B,NA,NA,NA,NA,WF,0,2024,NA,NA,FALSE,TRUE
2024-OR772S-000018,0.1,Class A,NA,NA,NA,NA,WF,0,2024,NA,NA,FALSE,TRUE
2024-OR731S-000374,0.1,Class A,NA,NA,NA,NA,WF,0,2024,NA,NA,FALSE,TRUE
2024-OR711S-000191,1.5,Class B,NA,NA,NA,NA,WF,0,2024,NA,NA,FALSE,TRUE
2024-OR712S-000643,0.14,Class A,NA,NA,NA,NA,WF,0,2024,NA,NA,FALSE,TRUE
2024-OR551S-000016,0.1,Class A,NA,NA,NA,NA,WF,0,2024,NA,NA,FALSE,TRUE
2024-OR553S-000008,0.1,Class A,NA,NA,NA,NA,WF,0,2024,NA,NA,FALSE,TRUE
2024-OR733S-000051,1.34,Class B,NA,NA,NA,NA,WF,0,2024,NA,NA,FALSE,TRUE
2024-OR552S-000026,0.1,Class A,NA,NA,NA,NA,WF,0,2024,NA,NA,FALSE,TRUE
2024-OR731S-000024,1.25,Class B,NA,NA,NA,NA,WF,0,2024,NA,NA,FALSE,TRUE
2024-OR772S-000055,0.25,Class A,NA,NA,NA,NA,WF,0,2024,NA,NA,FALSE,TRUE
2024-OR732S-000055,0.5,Class B,NA,NA,NA,NA,WF,0,2024,NA,NA,FALSE,TRUE
2024-OR711S-711-345-24,0.06,Class A,NA,NA,NA,NA,WF,0,2024,NA,NA,FALSE,TRUE
2024-OR731S-000143,0.97,Class B,NA,NA,NA,NA,WF,0,2024,NA,NA,FALSE,TRUE
2024-OR510S-000013,0.1,Class A,NA,NA,NA,NA,WF,0,2024,NA,NA,FALSE,TRUE
2024-OR711S-036825,1,Class B,NA,NA,NA,NA,WF,0,2024,NA,NA,FALSE,TRUE
2024-OR711S-036425,0.1,Class A,NA,NA,NA,NA,WF,0,2024,NA,NA,FALSE,TRUE
2024-OR711S-000347,1,Class B,NA,NA,NA,NA,WF,0,2024,NA,NA,FALSE,TRUE
2024-OR732S-000383,1,Class B,NA,NA,NA,NA,WF,0,2024,NA,NA,FALSE,TRUE
2024-OR731S-000602,0.55,Class B,NA,NA,NA,NA,WF,0,2024,NA,NA,FALSE,TRUE
2024-OR781S-000011,0.33,Class B,NA,NA,NA,NA,WF,0,2024,NA,NA,FALSE,TRUE
2024-OR712S-000417,0.1,Class A,NA,NA,NA,NA,WF,0,2024,NA,NA,FALSE,TRUE
2024-OR771S-000017,2,Class B,NA,NA,NA,NA,WF,0,2024,NA,NA,FALSE,TRUE
2024-OR781S-000010,0.13,Class A,NA,NA,NA,NA,WF,0,2024,NA,NA,FALSE,TRUE
2024-OR721S-010825,0.33,Class B,NA,NA,NA,NA,WF,0,2024,NA,NA,FALSE,TRUE
2024-OR722S-011225,0.31,Class B,NA,NA,NA,NA,WF,0,2024,NA,NA,FALSE,TRUE
2024-OR712S-000343,0.89,Class B,NA,NA,NA,NA,WF,0,2024,NA,NA,FALSE,TRUE
2024-OR552S-000039,0.57,Class B,NA,NA,NA,NA,WF,0,2024,NA,NA,FALSE,TRUE
2024-OR711S-000188,0.25,Class A,NA,NA,NA,NA,WF,0,2024,NA,NA,FALSE,TRUE
2024-OR731S-000044,0.01,Class A,NA,NA,NA,NA,WF,0,2024,NA,NA,FALSE,TRUE
2024-OR551S-000017,0.2,Class A,NA,NA,NA,NA,WF,0,2024,NA,NA,FALSE,TRUE
2024-OR711S-000385,0.5,Class B,NA,NA,NA,NA,WF,0,2024,NA,NA,FALSE,TRUE
2024-OR712S-000489,0.5,Class B,NA,NA,NA,NA,WF,0,2024,NA,NA,FALSE,TRUE
2024-OR711S-000115,0.5,Class B,NA,NA,NA,NA,WF,0,2024,NA,NA,FALSE,TRUE
2024-OR712S-000196,0.23,Class A,NA,NA,NA,NA,WF,0,2024,NA,NA,FALSE,TRUE
2024-OR712S-000169,0.01,Class A,NA,NA,NA,NA,WF,0,2024,NA,NA,FALSE,TRUE
2024-OR731S-000394,0.1,Class A,NA,NA,NA,NA,WF,0,2024,NA,NA,FALSE,TRUE
2024-OR732S-000485,0.25,Class A,NA,NA,NA,NA,WF,0,2024,NA,NA,FALSE,TRUE
2024-OR712S-000366,1.1,Class B,NA,NA,NA,NA,WF,0,2024,NA,NA,FALSE,TRUE
2024-OR733S-000226,0.01,Class A,NA,NA,NA,NA,WF,0,2024,NA,NA,FALSE,TRUE
2024-OR733S-000573,0.25,Class A,NA,NA,NA,NA,WF,0,2024,NA,NA,FALSE,TRUE
2024-OR552S-000014,0.5,Class B,NA,NA,NA,NA,WF,0,2024,NA,NA,FALSE,TRUE
2024-OR731S-000599,0.1,Class A,NA,NA,NA,NA,WF,0,2024,NA,NA,FALSE,TRUE
2024-OR712S-000043,0.1,Class A,NA,NA,NA,NA,WF,0,2024,NA,NA,FALSE,TRUE
2024-OR531S-531013,0.25,Class A,NA,NA,NA,NA,WF,0,2024,NA,NA,FALSE,TRUE
2024-OR723S-006725,0.25,Class A,NA,NA,NA,NA,WF,0,2024,NA,NA,FALSE,TRUE
2024-OR711S-000326,7,Class B,NA,NA,NA,NA,WF,0,2024,NA,NA,FALSE,TRUE
2024-OR553S-000005,2.5,Class B,NA,NA,NA,NA,WF,0,2024,NA,NA,FALSE,TRUE
2024-OR771S-007225,0.01,Class A,NA,NA,NA,NA,WF,0,2024,NA,NA,FALSE,TRUE
2024-OR771S-006425,0.01,Class A,NA,NA,NA,NA,WF,0,2024,NA,NA,FALSE,TRUE
2024-OR581S-000081,0.5,Class B,NA,NA,NA,NA,WF,0,2024,NA,NA,FALSE,TRUE
2024-OR732S-000405,0.1,Class A,NA,NA,NA,NA,WF,0,2024,NA,NA,FALSE,TRUE
2024-OR731S-000253,0.01,Class A,NA,NA,NA,NA,WF,0,2024,NA,NA,FALSE,TRUE
2024-OR510S-0000026,0.1,Class A,NA,NA,NA,NA,WF,0,2024,NA,NA,FALSE,TRUE
2024-OR553S-000028,0.5,Class B,NA,NA,NA,NA,WF,0,2024,NA,NA,FALSE,TRUE
2024-OR712S-051324,0.13,Class A,NA,NA,NA,NA,WF,0,2024,NA,NA,FALSE,TRUE
2024-OR553S-000027,0.83,Class B,NA,NA,NA,NA,WF,0,2024,NA,NA,FALSE,TRUE
2024-OR771S-007425,0.14,Class A,NA,NA,NA,NA,WF,0,2024,NA,NA,FALSE,TRUE
2024-ORPRD-000482,0.1,Class A,2024-08-04T02:55:00Z,314.23333333333335,NA,NA,WF,0,2024,NA,NA,FALSE,TRUE
2024-ORPRD-000976,0.1,Class A,NA,NA,NA,NA,WF,0,2024,NA,NA,FALSE,TRUE
2024-OR732S-000107,3.23,Class B,NA,NA,NA,NA,WF,0,2024,NA,NA,FALSE,TRUE
2024-OR712S-052324,0.21,Class A,NA,NA,NA,NA,WF,0,2024,NA,NA,FALSE,TRUE
2024-OR551S-000007,1.6,Class B,NA,NA,NA,NA,WF,0,2024,NA,NA,FALSE,TRUE
2024-OR531S-531006,1,Class B,NA,NA,NA,NA,WF,0,2024,NA,NA,FALSE,TRUE
2024-OR581S-581002,1.2,Class B,NA,NA,NA,NA,WF,0,2024,NA,NA,FALSE,TRUE
2024-OR771S-000024,1,Class B,NA,NA,NA,NA,WF,0,2024,NA,NA,FALSE,TRUE
2024-OR732S-000076,0.25,Class A,NA,NA,NA,NA,WF,0,2024,NA,NA,FALSE,TRUE
2024-OR712S-000653,0.12,Class A,NA,NA,NA,NA,WF,0,2024,NA,NA,FALSE,TRUE
2024-OR510S-000003,0.01,Class A,NA,NA,NA,NA,WF,0,2024,NA,NA,FALSE,TRUE
2024-ORNOD-781102,0.02,Class A,NA,NA,NA,NA,WF,0,2024,NA,NA,FALSE,TRUE
2024-ORVAD-240006,1,Class B,NA,NA,NA,NA,RX,0,2024,NA,NA,FALSE,TRUE
2024-OR510S-000018,2.5,Class B,NA,NA,NA,NA,WF,0,2024,NA,NA,FALSE,TRUE
2024-OR582S-000023,0.2,Class A,NA,NA,NA,NA,WF,0,2024,NA,NA,FALSE,TRUE
2024-OR721S-010325,231.78,Class D,NA,NA,NA,NA,WF,0,2024,NA,NA,FALSE,TRUE
2024-OR733S-000206,9.23,Class B,NA,NA,NA,NA,WF,0,2024,NA,NA,FALSE,TRUE
2024-OR955S-000274,0.07,Class A,2024-07-05T22:12:00Z,334.7266666666667,NA,NA,WF,0,2024,NA,NA,FALSE,TRUE
2024-OR712S-000471,0.1,Class A,NA,NA,NA,NA,WF,0,2024,NA,NA,FALSE,TRUE
2024-ORMED-000041,0.01,Class A,NA,NA,NA,NA,WF,0,2024,NA,NA,FALSE,TRUE
2024-OR711S-000192,3,Class B,NA,NA,NA,NA,WF,0,2024,NA,NA,FALSE,TRUE
2024-OR711S-000383,74.66,Class C,NA,NA,NA,NA,WF,0,2024,NA,NA,FALSE,TRUE
2024-ORMED-009014,8.5,Class B,NA,NA,NA,NA,WF,0,2024,NA,NA,FALSE,TRUE
2024-ORPRD-000455,0.1,Class A,2024-08-11T18:45:00Z,579.6355555555556,NA,NA,WF,0,2024,NA,NA,FALSE,TRUE
2024-ORPRD-001013,0.1,Class A,2024-10-12T17:50:00Z,13.734444444444444,NA,NA,WF,0,2024,NA,NA,FALSE,TRUE
2024-ORDEF-000531,0.1,Class A,NA,NA,NA,NA,WF,0,2024,NA,NA,FALSE,TRUE
2024-OR953S-000598,100.96,Class D,2024-10-02T23:55:00Z,1414.3663888888889,NA,NA,WF,0,2024,NA,NA,FALSE,TRUE
2024-OR953S-000612,98.97,Class C,2024-10-02T23:55:00Z,1405.9666666666667,NA,NA,WF,0,2024,NA,NA,FALSE,TRUE
2024-OR953S-000921,2.43,Class B,2024-09-22T19:02:00Z,308.8666666666667,NA,NA,WF,0,2024,NA,NA,FALSE,TRUE
2024-OR951S-000804,0.01,Class A,2024-09-16T19:59:00Z,316.68333333333334,NA,NA,WF,0,2024,NA,NA,FALSE,TRUE
2024-ORVAD-240173,0.1,Class A,2024-12-02T19:00:00Z,3140.7672222222222,NA,NA,WF,0,2024,NA,NA,FALSE,TRUE
2024-OR953S-000515,0.35,Class B,2024-08-11T17:50:00Z,469.5711111111111,NA,NA,WF,0,2024,NA,NA,FALSE,TRUE
2024-OR951S-000322,0.01,Class A,2024-07-13T20:04:00Z,265.26972222222224,NA,NA,WF,0,2024,NA,NA,FALSE,TRUE
2024-ORWIF-240183,0.5,Class B,2024-07-21T18:50:00Z,113.4825,NA,NA,WF,0,2024,NA,NA,FALSE,TRUE
2024-ORWIF-240278,0.25,Class A,2024-08-13T19:15:00Z,236.35,NA,NA,WF,0,2024,NA,NA,FALSE,TRUE
2024-ORWIF-240218,0.1,Class A,2024-08-06T17:15:00Z,476.06916666666666,NA,NA,WF,0,2024,NA,NA,FALSE,TRUE
2024-ORWIF-240306,0.1,Class A,2024-08-22T19:00:00Z,97.34305555555557,NA,NA,WF,0,2024,NA,NA,FALSE,TRUE
2024-ORWIF-240142,0.5,Class B,2025-01-08T00:17:00Z,4465.766666666666,NA,NA,WF,0,2024,NA,NA,FALSE,TRUE
2024-OR953S-024249,0.1,Class A,2024-09-21T21:48:00Z,456.3288888888889,NA,NA,WF,0,2024,NA,NA,FALSE,TRUE
2024-OR953S-024240,0.1,Class A,2024-09-21T21:36:00Z,462.01666666666665,NA,NA,WF,0,2024,NA,NA,FALSE,TRUE
2024-OR953S-024247,0.1,Class A,2024-09-21T20:19:00Z,456.15527777777777,NA,NA,WF,0,2024,NA,NA,FALSE,TRUE
2024-OR952S-024110,0.1,Class A,2024-07-18T00:34:00Z,4.960555555555556,NA,NA,WF,0,2024,NA,NA,FALSE,TRUE
2024-ORRSF-000361,0.1,Class A,2024-12-12T17:00:00Z,233.63611111111112,NA,NA,WF,0,2024,NA,NA,FALSE,TRUE
2024-OR974S-000336,68.92,Class C,NA,NA,NA,NA,WF,0,2024,NA,NA,FALSE,TRUE
2024-OR974S-000343,59.01,Class C,NA,NA,NA,NA,WF,0,2024,NA,NA,FALSE,TRUE
2024-OR974S-000356,18.18,Class C,2024-08-13T19:00:00Z,432.6166666666667,NA,NA,WF,0,2024,NA,NA,FALSE,TRUE
2024-OR974S-000359,282.79,Class D,NA,NA,NA,NA,WF,0,2024,NA,NA,FALSE,TRUE
2024-OR974S-000426,0.1,Class A,NA,NA,NA,NA,WF,0,2024,NA,NA,FALSE,TRUE
2024-OR974S-000451,15,Class C,NA,NA,NA,NA,WF,0,2024,NA,NA,FALSE,TRUE
2024-OR974S-000590,0.1,Class A,2024-08-24T02:48:00Z,2.087222222222222,NA,NA,WF,0,2024,NA,NA,FALSE,TRUE
2024-OR953S-000824,13.92,Class C,2024-12-31T20:00:00Z,2829.7,NA,NA,WF,0,2024,NA,NA,FALSE,TRUE
2024-OR952S-024217,0.25,Class A,2024-08-27T18:33:00Z,89.50277777777778,NA,NA,WF,0,2024,NA,NA,FALSE,TRUE
2024-OR955S-000118,0.1,Class A,2024-05-21T17:40:00Z,213.67944444444444,NA,NA,WF,0,2024,NA,NA,FALSE,TRUE
2024-OR955S-000236,0.1,Class A,2024-06-14T21:05:00Z,0.9,NA,NA,WF,0,2024,NA,NA,FALSE,TRUE
2024-OR955S-000376,0.1,Class A,2024-07-31T21:37:00Z,527.0383333333333,NA,NA,WF,0,2024,NA,NA,FALSE,TRUE
2024-ORDEF-000920,0.1,Class A,NA,NA,NA,NA,WF,0,2024,NA,NA,FALSE,TRUE
2024-ORDEF-000912,0.1,Class A,NA,NA,NA,NA,WF,0,2024,NA,NA,FALSE,TRUE
2024-ORDEF-000902,0.1,Class A,NA,NA,NA,NA,WF,0,2024,NA,NA,FALSE,TRUE
2024-ORDEF-000875,0.1,Class A,2024-12-17T21:35:00Z,2429.8516666666665,NA,NA,WF,0,2024,NA,NA,FALSE,TRUE
2024-ORDEF-000890,0.03,Class A,2024-12-17T21:40:00Z,2426.579166666667,NA,NA,WF,0,2024,NA,NA,FALSE,TRUE
2024-ORCGF-000217,0.1,Class A,2024-06-20T20:50:00Z,558.2477777777777,NA,NA,WF,0,2024,NA,NA,FALSE,TRUE
2024-ORDEF-001025,0.1,Class A,2024-10-19T21:38:00Z,76.56666666666666,NA,NA,WF,0,2024,NA,NA,FALSE,TRUE
2024-ORDEF-000836,0.1,Class A,NA,NA,NA,NA,WF,0,2024,NA,NA,FALSE,TRUE
2024-ORDEF-000841,0.1,Class A,NA,NA,NA,NA,WF,0,2024,NA,NA,FALSE,TRUE
2024-ORDEF-000837,0.1,Class A,NA,NA,NA,NA,WF,0,2024,NA,NA,FALSE,TRUE
2024-OR953S-024122,20021.28,Class G,2024-12-12T21:15:00Z,3455.345,NA,NA,WF,0,2024,NA,NA,FALSE,TRUE
2024-OR951S-000471,219.1,Class D,NA,NA,NA,NA,WF,0,2024,NA,NA,FALSE,TRUE
2024-ORNOD-771076,0.01,Class A,NA,NA,NA,NA,WF,0,2024,NA,NA,FALSE,TRUE
2024-ORNOD-771040,0.01,Class A,NA,NA,NA,NA,WF,0,2024,NA,NA,FALSE,TRUE
2024-OR972S-000645,0.1,Class A,NA,NA,NA,NA,WF,0,2024,NA,NA,FALSE,TRUE
2024-ORNOD-771071,0.14,Class A,NA,NA,NA,NA,WF,0,2024,NA,NA,FALSE,TRUE
2024-ORNOD-000009,1.41,Class B,NA,NA,NA,NA,WF,0,2024,NA,NA,FALSE,TRUE
2024-OR955S-000192,0.1,Class A,2024-06-07T17:02:00Z,22.09861111111111,NA,NA,WF,0,2024,NA,NA,FALSE,TRUE
2024-OR955S-000769,0.1,Class A,2024-09-04T18:00:00Z,52.166666666666664,NA,NA,WF,0,2024,NA,NA,FALSE,TRUE
2024-ORNOD-771073,0.12,Class A,NA,NA,NA,NA,WF,0,2024,NA,NA,FALSE,TRUE
2024-OR953S-024081,0.01,Class A,NA,NA,NA,NA,WF,0,2024,NA,NA,FALSE,TRUE
2024-ORPRD-000227,1,Class B,2024-06-17T21:31:00Z,116.88138888888888,NA,NA,WF,0,2024,NA,NA,FALSE,TRUE
2023-ORPENN-000097,368.59,Class E,NA,NA,Type 4 Incident,4,WF,0,2023,NA,NA,FALSE,TRUE
2023-OR973S-000120,486.93,Class E,NA,NA,Type 4 Incident,4,WF,0,2023,NA,NA,FALSE,TRUE
2024-OR732S-000362,249.98,Class D,2024-10-31T19:00:00Z,1338.7833333333333,NA,NA,WF,0,2024,NA,NA,FALSE,TRUE
2024-OR954S-000514,18272.05,Class G,2024-08-31T19:00:00Z,1271.4666666666667,NA,NA,WF,0,2024,NA,NA,FALSE,TRUE
2024-OR953S-024274,23871.79,Class G,NA,NA,NA,NA,WF,0,2024,NA,NA,FALSE,TRUE
2024-ORUPF-240489,7,Class B,NA,NA,NA,NA,RX,0,2024,NA,NA,FALSE,TRUE
2024-OR581S-000015,0.1,Class A,NA,NA,NA,NA,WF,0,2024,NA,NA,FALSE,TRUE
2024-ORMED-711418,0.5,Class B,NA,NA,NA,NA,WF,0,2024,NA,NA,FALSE,TRUE
2024-ORMED-000169,0.25,Class A,NA,NA,NA,NA,WF,0,2024,NA,NA,FALSE,TRUE
2024-OR732S-000376,0.11,Class A,NA,NA,NA,NA,WF,0,2024,NA,NA,FALSE,TRUE
2024-ORMED-732436,0.1,Class A,NA,NA,NA,NA,WF,0,2024,NA,NA,FALSE,TRUE
2024-ORWIF-240368,0.25,Class A,2024-09-10T20:00:00Z,89.21,NA,NA,WF,0,2024,NA,NA,FALSE,TRUE
2024-ORCGF-001400,402.66,Class E,2024-11-22T16:48:00Z,881.9286111111111,NA,NA,WF,0,2024,NA,NA,FALSE,TRUE
2024-ORDEF-000438,2993.4,Class F,NA,NA,NA,NA,WF,0,2024,NA,NA,FALSE,TRUE
2024-ORCGF-000967,0.1,Class A,2024-08-20T22:34:00Z,47.18194444444445,NA,NA,WF,0,2024,NA,NA,FALSE,TRUE
2025-ORDEF-000037,0.1,Class A,2025-01-27T23:40:00Z,49.31611111111111,NA,NA,WF,0,2025,NA,NA,FALSE,TRUE
2024-ORMAF-002494,1,Class B,NA,NA,NA,NA,RX,0,2024,NA,NA,FALSE,TRUE
2024-ORMHF-001500,0.1,Class A,2024-11-26T19:15:00Z,314.41833333333335,NA,NA,WF,0,2024,NA,NA,FALSE,TRUE
2025-ORMHF-000022,0.1,Class A,2025-01-21T16:15:00Z,8.683333333333334,NA,NA,WF,0,2025,NA,NA,FALSE,TRUE
2024-ORMAF-002571,0.1,Class A,2024-12-03T17:30:00Z,2438.5666666666666,NA,NA,WF,0,2024,NA,NA,FALSE,TRUE
2025-ORCBD-250030,60,Class C,NA,NA,NA,NA,RX,0,2025,NA,NA,FALSE,TRUE
2024-ORBIC-002419,1,Class B,NA,NA,NA,NA,RX,0,2024,NA,NA,FALSE,TRUE
2024-ORMAF-002432,1,Class B,NA,NA,NA,NA,RX,0,2024,NA,NA,FALSE,TRUE
2025-ORCBD-250035,5,Class B,NA,NA,NA,NA,RX,0,2025,NA,NA,FALSE,TRUE
2024-ORUPF-240465,5,Class B,NA,NA,NA,NA,RX,0,2024,NA,NA,FALSE,TRUE
2024-ORROD-240474,50,Class C,NA,NA,NA,NA,RX,0,2024,NA,NA,FALSE,TRUE
2024-ORROD-240484,1,Class B,NA,NA,NA,NA,RX,0,2024,NA,NA,FALSE,TRUE
2024-ORMAF-024129,30.31,Class C,2024-08-12T19:17:00Z,503.4113888888889,NA,NA,WF,0,2024,NA,NA,FALSE,TRUE
2024-ORMAF-024132,287.16,Class D,2024-10-16T15:30:00Z,2058.9333333333334,NA,NA,WF,0,2024,NA,NA,FALSE,TRUE
2024-ORUPF-240490,6,Class B,NA,NA,NA,NA,RX,0,2024,NA,NA,FALSE,TRUE
2024-ORMAF-002534,0.1,Class A,2024-12-03T17:30:00Z,3162.248055555556,NA,NA,WF,0,2024,NA,NA,FALSE,TRUE
2024-ORMAF-002543,0.1,Class A,2024-12-03T17:30:00Z,3155.551111111111,NA,NA,WF,0,2024,NA,NA,FALSE,TRUE
2024-ORMAF-002542,1,Class B,2024-12-03T17:30:00Z,3155.574722222222,NA,NA,WF,0,2024,NA,NA,FALSE,TRUE
2024-ORPRD-000262,0.1,Class A,2025-02-07T22:45:00Z,5614.383333333333,NA,NA,WF,0,2024,NA,NA,FALSE,TRUE
2024-ORPRD-000572,0.1,Class A,2025-02-07T22:45:00Z,4584.85,NA,NA,WF,0,2024,NA,NA,FALSE,TRUE
2024-OR982S-240264,22,Class C,2024-12-02T19:30:00Z,2878.8269444444445,NA,NA,WF,0,2024,NA,NA,FALSE,TRUE
2025-ORCBD-250042,2,Class B,NA,NA,NA,NA,RX,0,2025,NA,NA,FALSE,TRUE
2025-ORCBD-250044,1,Class B,NA,NA,NA,NA,RX,0,2025,NA,NA,FALSE,TRUE
2025-ORCBD-250045,1,Class B,NA,NA,NA,NA,RX,0,2025,NA,NA,FALSE,TRUE
2021-ORMED-000478,0.1,Class A,2021-10-26T17:02:00Z,297.6166666666667,NA,NA,WF,0,2021,NA,NA,FALSE,TRUE
2022-ORWIF-220406,0.1,Class A,2022-09-23T16:48:00Z,45.17166666666667,NA,NA,WF,0,2022,NA,NA,FALSE,TRUE
2020-ORPRD-000320,0.1,Class A,2020-07-02T16:23:00Z,46.583333333333336,NA,NA,WF,0,2020,NA,NA,FALSE,TRUE
2020-OR955S-000881,0.1,Class A,2020-09-12T18:50:00Z,72.47722222222222,NA,NA,WF,0,2020,NA,NA,FALSE,TRUE
2021-OR952S-021053,0.1,Class A,2021-06-02T17:15:00Z,570.2166666666667,NA,NA,WF,0,2021,NA,NA,FALSE,TRUE
2021-ORMED-000243,0.1,Class A,NA,NA,NA,NA,WF,0,2021,NA,NA,FALSE,TRUE
2022-ORDEF-000594,0.1,Class A,2022-08-13T23:35:00Z,101.54944444444445,NA,NA,WF,0,2022,NA,NA,FALSE,TRUE
2022-ORMED-000213,0.1,Class A,2022-08-23T18:32:00Z,246,NA,NA,WF,0,2022,NA,NA,FALSE,TRUE
2021-ORLAD-210196,0.1,Class A,2021-06-09T20:21:00Z,122.98333333333332,NA,NA,WF,0,2021,NA,NA,FALSE,TRUE
2022-ORWIF-220260,0.1,Class A,2022-08-12T03:12:00Z,32.15694444444444,NA,NA,WF,0,2022,NA,NA,FALSE,TRUE
2022-ORFWF-220342,0.1,Class A,2022-09-06T23:24:00Z,73.51666666666667,NA,NA,WF,0,2022,NA,NA,FALSE,TRUE
2022-ORRSF-000312,0.1,Class A,2022-09-11T18:39:00Z,77.65,NA,NA,WF,0,2022,NA,NA,FALSE,TRUE
2020-ORPRD-000734,0.1,Class A,2020-09-01T20:05:00Z,330.35,NA,NA,WF,0,2020,NA,NA,FALSE,TRUE
2020-ORREDN-000646,0.5,Class B,NA,NA,NA,NA,WF,0,2020,NA,NA,FALSE,TRUE
2022-ORFWF-220143,0.91,Class B,2022-07-08T19:29:00Z,459.5,NA,NA,WF,0,2022,NA,NA,FALSE,TRUE
2022-ORDEF-000269,0.2,Class A,2022-06-30T21:44:00Z,120.1,NA,NA,WF,0,2022,NA,NA,FALSE,TRUE
2022-ORFWF-220285,0.4,Class B,2022-08-13T19:15:00Z,93.9263888888889,NA,NA,WF,0,2022,NA,NA,FALSE,TRUE
2022-ORMAF-022210,0.1,Class A,2022-08-24T01:40:00Z,28.39,NA,NA,WF,0,2022,NA,NA,FALSE,TRUE
2022-ORDEF-000403,0.25,Class A,2022-07-25T21:38:00Z,75.5,NA,NA,WF,0,2022,NA,NA,FALSE,TRUE
2022-ORFWF-220246,0.1,Class A,2022-08-07T18:16:00Z,70.205,NA,NA,WF,0,2022,NA,NA,FALSE,TRUE
2022-ORRSF-000367,0.1,Class A,2022-10-14T19:17:00Z,116.7,NA,NA,WF,0,2022,NA,NA,FALSE,TRUE
2021-OR952S-021074,0.1,Class A,2021-06-16T18:48:00Z,211.57694444444445,NA,NA,WF,0,2021,NA,NA,FALSE,TRUE
2021-ORCBD-000259,0.1,Class A,2021-07-04T17:00:00Z,2.5,NA,NA,WF,0,2021,NA,NA,FALSE,TRUE
2021-ORROD-000485,0.1,Class A,2021-08-06T18:00:00Z,20.433333333333337,NA,NA,WF,0,2021,NA,NA,FALSE,TRUE
2022-ORDEF-000660,0.1,Class A,2022-08-12T19:40:00Z,67.92527777777778,NA,NA,WF,0,2022,NA,NA,FALSE,TRUE
2022-ORWIF-220278,0.25,Class A,2022-08-14T18:16:00Z,45.66388888888889,NA,NA,WF,0,2022,NA,NA,FALSE,TRUE
2022-ORMED-000263,0.32,Class B,2022-08-31T00:00:00Z,312,NA,NA,WF,0,2022,NA,NA,FALSE,TRUE
2022-ORMAF-022196,1,Class B,2022-08-26T21:23:00Z,123.82138888888888,NA,NA,WF,0,2022,NA,NA,FALSE,TRUE
2022-ORWWF-000369,1,Class B,NA,NA,NA,NA,WF,0,2022,NA,NA,FALSE,TRUE
2022-ORUMF-000392,0.1,Class A,2022-08-30T00:05:00Z,28.558055555555555,NA,NA,WF,0,2022,NA,NA,FALSE,TRUE
2021-OR955S-000067,0.1,Class A,2021-04-16T17:54:00Z,140.85,NA,NA,WF,0,2021,NA,NA,FALSE,TRUE
2020-ORMED-000107,0.1,Class A,2020-06-20T19:00:00Z,204.16666666666663,NA,NA,WF,0,2020,NA,NA,FALSE,TRUE
2022-ORPRD-000609,0.1,Class A,2022-08-15T19:50:00Z,144.38333333333333,NA,NA,WF,0,2022,NA,NA,FALSE,TRUE
2022-ORDEF-000324,0.1,Class A,2022-07-04T18:45:00Z,1.6666666666666667,NA,NA,WF,0,2022,NA,NA,FALSE,TRUE
2022-CAKNF-007777,0.25,Class A,2022-09-13T23:00:00Z,150.7938888888889,NA,NA,WF,0,2022,NA,NA,FALSE,TRUE
2021-OR991S-000409,1,Class B,NA,NA,NA,NA,WF,0,2021,NA,NA,FALSE,TRUE
2022-ORMED-000178,0.1,Class A,2022-08-18T00:00:00Z,310.25,NA,NA,WF,0,2022,NA,NA,FALSE,TRUE
2022-ORMAF-022245,0.5,Class B,2022-09-13T19:48:00Z,122.43055555555556,NA,NA,WF,0,2022,NA,NA,FALSE,TRUE
2022-ORVAD-000183,0.1,Class A,2022-09-29T18:00:00Z,377.53333333333336,NA,NA,WF,0,2022,NA,NA,FALSE,TRUE
2022-ORUPF-000222,0.1,Class A,2022-07-23T16:30:00Z,1.7166666666666666,NA,NA,WF,0,2022,NA,NA,FALSE,TRUE
2022-ORDEF-000505,0.3,Class B,2022-08-02T17:30:00Z,23.076944444444443,NA,NA,WF,0,2022,NA,NA,FALSE,TRUE
2022-ORPRD-000540,1,Class B,2022-08-15T21:40:00Z,306.96666666666664,NA,NA,WF,0,2022,NA,NA,FALSE,TRUE
2022-ORWIF-220417,0.1,Class A,2022-09-24T23:13:00Z,1.0058333333333334,NA,NA,WF,0,2022,NA,NA,FALSE,TRUE
2022-ORWWF-000138,0.1,Class A,2022-07-15T21:03:00Z,50.305,NA,NA,WF,0,2022,NA,NA,FALSE,TRUE
2022-ORMAF-022239,0.1,Class A,2022-09-09T18:29:00Z,39.59972222222222,NA,NA,WF,0,2022,NA,NA,FALSE,TRUE
2020-ORCLON-000224,0.1,Class A,NA,NA,NA,NA,WF,0,2020,NA,NA,FALSE,TRUE
2021-ORPRD-000691,0.1,Class A,2021-09-05T21:52:00Z,907.1,NA,NA,WF,0,2021,NA,NA,FALSE,TRUE
2022-ORDEF-000143,0.1,Class A,2022-05-18T20:40:00Z,70.33333333333333,NA,NA,WF,0,2022,NA,NA,FALSE,TRUE
2022-ORMAF-022155,0.1,Class A,2022-08-08T20:40:00Z,0.16666666666666666,NA,NA,WF,0,2022,NA,NA,FALSE,TRUE
2022-ORDEF-000792,0.1,Class A,2022-08-30T19:03:00Z,193.75,NA,NA,WF,0,2022,NA,NA,FALSE,TRUE
2022-ORWIF-220271,0.1,Class A,2022-08-13T16:39:00Z,46.09583333333333,NA,NA,WF,0,2022,NA,NA,FALSE,TRUE
2022-ORBUD-002360,0.1,Class A,2022-09-18T20:00:00Z,118.5,NA,NA,WF,0,2022,NA,NA,FALSE,TRUE
2022-ORMHF-001291,0.1,Class A,2022-10-03T17:36:00Z,24.216666666666665,NA,NA,WF,0,2022,NA,NA,FALSE,TRUE
2022-ORPRD-000992,0.1,Class A,2022-10-13T00:58:00Z,1.3333333333333333,NA,NA,WF,0,2022,NA,NA,FALSE,TRUE
2020-ORCRRN-000801,0.1,Class A,NA,NA,NA,NA,WF,0,2020,NA,NA,FALSE,TRUE
2021-ORVAD-000217,0.1,Class A,2021-08-16T16:01:00Z,10.683333333333334,NA,NA,WF,0,2021,NA,NA,FALSE,TRUE
2022-ORWIF-220168,0.25,Class A,2022-08-02T19:32:00Z,65.68611111111112,NA,NA,WF,0,2022,NA,NA,FALSE,TRUE
2021-ORCBD-000158,0.1,Class A,2021-05-13T17:00:00Z,2,NA,NA,WF,0,2021,NA,NA,FALSE,TRUE
2022-ORPRD-000057,0.3,Class B,2022-02-25T21:43:00Z,144.78333333333333,NA,NA,WF,0,2022,NA,NA,FALSE,TRUE
2022-ORUMF-000461,0.1,Class A,2022-09-14T18:34:00Z,2.4280555555555554,NA,NA,WF,0,2022,NA,NA,FALSE,TRUE
2020-ORLAD-200230,0.1,Class A,2020-08-02T20:14:00Z,159.88333333333333,NA,NA,WF,0,2020,NA,NA,FALSE,TRUE
2021-ORROD-000114,0.1,Class A,2021-06-10T19:00:00Z,758,NA,NA,WF,0,2021,NA,NA,FALSE,TRUE
2022-ORRSF-000385,0.1,Class A,2022-10-26T17:08:00Z,27.833333333333332,NA,NA,WF,0,2022,NA,NA,FALSE,TRUE
2022-ORMAF-022331,0.1,Class A,2022-11-03T22:00:00Z,30.066666666666663,NA,NA,WF,0,2022,NA,NA,FALSE,TRUE
2021-ORROD-000169,0.1,Class A,2021-07-16T01:00:00Z,1001,NA,NA,WF,0,2021,NA,NA,FALSE,TRUE
2021-ORMED-000191,0.1,Class A,2021-07-08T19:30:00Z,317.5,NA,NA,WF,0,2021,NA,NA,FALSE,TRUE
2022-ORWIF-220295,0.1,Class A,2022-08-18T16:06:00Z,43.52166666666667,NA,NA,WF,0,2022,NA,NA,FALSE,TRUE
2022-ORWIF-220325,0.2,Class A,2022-08-27T19:42:00Z,113.72416666666666,NA,NA,WF,0,2022,NA,NA,FALSE,TRUE
2022-ORMED-000390,0.1,Class A,2022-11-08T00:00:00Z,320.9166666666667,NA,NA,WF,0,2022,NA,NA,FALSE,TRUE
2021-ORMED-000278,0.1,Class A,2021-08-01T19:44:00Z,66.98333333333333,NA,NA,WF,0,2021,NA,NA,FALSE,TRUE
2022-ORPRD-000132,0.1,Class A,2022-05-07T21:28:00Z,3.283333333333333,NA,NA,WF,0,2022,NA,NA,FALSE,TRUE
2022-ORDEF-000555,0.1,Class A,2022-08-04T03:50:00Z,3.3333333333333335,NA,NA,WF,0,2022,NA,NA,FALSE,TRUE
2022-ORWWF-000324,0.25,Class A,NA,NA,NA,NA,WF,0,2022,NA,NA,FALSE,TRUE
2022-ORUPF-000386,0.1,Class A,2022-10-22T19:00:00Z,818,NA,NA,WF,0,2022,NA,NA,FALSE,TRUE
2022-ORWWF-000539,0.1,Class A,2022-10-27T16:57:00Z,315.05,NA,NA,WF,0,2022,NA,NA,FALSE,TRUE
2022-OR981S-220401,0.1,Class A,2022-11-03T16:30:00Z,426.1166666666667,NA,NA,WF,0,2022,NA,NA,FALSE,TRUE
2022-ORFWF-220110,0.1,Class A,2022-04-18T19:11:00Z,336.2661111111111,NA,NA,WF,0,2022,NA,NA,FALSE,TRUE
2022-ORWWF-000140,0.1,Class A,NA,NA,NA,NA,WF,0,2022,NA,NA,FALSE,TRUE
2022-ORWIF-220225,0.2,Class A,2022-08-13T17:53:00Z,96.38472222222222,NA,NA,WF,0,2022,NA,NA,FALSE,TRUE
2022-ORMHF-000985,0.1,Class A,2022-08-28T00:18:00Z,1.8833333333333333,NA,NA,WF,0,2022,NA,NA,FALSE,TRUE
2022-ORDEF-000496,0.25,Class A,2022-08-03T16:04:00Z,60.72555555555556,NA,NA,WF,0,2022,NA,NA,FALSE,TRUE
2020-ORPRD-001050,0.2,Class A,2020-12-31T23:13:00Z,1.6,NA,NA,WF,0,2020,NA,NA,FALSE,TRUE
2021-ORMED-000354,0.3,Class B,2021-08-07T20:00:00Z,213,NA,NA,WF,0,2021,NA,NA,FALSE,TRUE
2022-ORUPF-000244,0.5,Class B,2022-08-08T23:54:00Z,190.46722222222223,NA,NA,WF,0,2022,NA,NA,FALSE,TRUE
2022-OROCF-000678,0.1,Class A,2022-08-14T19:15:00Z,112.04027777777776,NA,NA,WF,0,2022,NA,NA,FALSE,TRUE
2022-ORRSF-000238,0.1,Class A,2022-08-19T23:32:00Z,24.703611111111112,NA,NA,WF,0,2022,NA,NA,FALSE,TRUE
2022-ORDEF-000950,0.1,Class A,2022-10-03T20:51:00Z,148.95,NA,NA,WF,0,2022,NA,NA,FALSE,TRUE
2022-ORLAPN-000987,0.1,Class A,NA,NA,NA,NA,WF,0,2022,NA,NA,FALSE,TRUE
2022-ORDEF-000521,0.1,Class A,2022-08-05T21:05:00Z,103.07555555555555,NA,NA,WF,0,2022,NA,NA,FALSE,TRUE
2022-ORPRD-000671,0.1,Class A,2022-08-13T19:20:00Z,89.46666666666667,NA,NA,WF,0,2022,NA,NA,FALSE,TRUE
2022-ORDEF-000790,0.1,Class A,2022-08-22T21:49:00Z,23.395,NA,NA,WF,0,2022,NA,NA,FALSE,TRUE
2022-ORPRD-000982,0.1,Class A,2022-10-13T19:53:00Z,75.01666666666667,NA,NA,WF,0,2022,NA,NA,FALSE,TRUE
2021-ORPRD-000070,0.1,Class A,NA,NA,NA,NA,WF,0,2021,NA,NA,FALSE,TRUE
2020-OR955S-000779,0.1,Class A,2020-09-24T22:29:00Z,747.1333333333333,NA,NA,WF,0,2020,NA,NA,FALSE,TRUE
2021-ORMED-000126,0.3,Class B,NA,NA,NA,NA,WF,0,2021,NA,NA,FALSE,TRUE
2022-ORMAF-022107,0.1,Class A,2022-07-16T19:43:00Z,68.10833333333333,NA,NA,WF,0,2022,NA,NA,FALSE,TRUE
2022-ORUMF-000271,0.1,Class A,2022-08-23T18:35:00Z,68.26333333333334,NA,NA,WF,0,2022,NA,NA,FALSE,TRUE
2021-ORPRD-000732,0.1,Class A,2021-09-05T21:54:00Z,814.7833333333333,NA,NA,WF,0,2021,NA,NA,FALSE,TRUE
2022-ORWIF-220266,0.25,Class A,2022-08-13T16:51:00Z,67.30388888888889,NA,NA,WF,0,2022,NA,NA,FALSE,TRUE
2022-ORPRD-000730,0.1,Class A,2022-08-16T23:35:00Z,76.28333333333333,NA,NA,WF,0,2022,NA,NA,FALSE,TRUE
2021-ORLAD-210250,0.1,Class A,2021-07-03T19:25:00Z,239.86666666666667,NA,NA,WF,0,2021,NA,NA,FALSE,TRUE
2022-ORMAF-002240,0.1,Class A,2022-05-29T16:06:00Z,68.11666666666666,NA,NA,WF,0,2022,NA,NA,FALSE,TRUE
2022-ORMAF-022203,0.1,Class A,2022-08-24T21:40:00Z,55.80638888888889,NA,NA,WF,0,2022,NA,NA,FALSE,TRUE
2021-OR951S-000701,0.1,Class A,2021-08-07T21:02:00Z,196.85805555555555,NA,NA,WF,0,2021,NA,NA,FALSE,TRUE
2021-ORNOD-210150,0.1,Class A,2021-06-19T21:00:00Z,168,NA,NA,WF,0,2021,NA,NA,FALSE,TRUE
2022-OROCF-000328,0.1,Class A,2022-07-05T23:50:00Z,28.316111111111113,NA,NA,WF,0,2022,NA,NA,FALSE,TRUE
2022-OR981S-220212,0.1,Class A,2022-08-05T22:22:00Z,97.13333333333334,NA,NA,WF,0,2022,NA,NA,FALSE,TRUE
2022-ORDEF-000588,0.1,Class A,2022-08-12T19:58:00Z,74.29722222222222,NA,NA,WF,0,2022,NA,NA,FALSE,TRUE
2022-ORSUF-220160,0.1,Class A,2022-07-28T22:00:00Z,49.45,NA,NA,WF,0,2022,NA,NA,FALSE,TRUE
2022-ORMED-000146,1,Class B,2022-08-25T19:47:00Z,580.6666666666666,NA,NA,WF,0,2022,NA,NA,FALSE,TRUE
2022-ORUPF-000284,0.1,Class A,2022-08-06T04:30:00Z,1.0833333333333333,NA,NA,WF,0,2022,NA,NA,FALSE,TRUE
2022-ORDEF-000669,0.1,Class A,2022-08-11T22:32:00Z,45.19138888888889,NA,NA,WF,0,2022,NA,NA,FALSE,TRUE
2022-ORCLON-000649,0.1,Class A,NA,NA,NA,NA,WF,0,2022,NA,NA,FALSE,TRUE
2022-ORDEF-000756,9.25,Class B,2022-11-03T17:37:00Z,1913.4563888888888,NA,NA,WF,0,2022,NA,NA,FALSE,TRUE
2020-ORPRD-000656,0.1,Class A,2020-08-27T23:12:00Z,265.755,NA,NA,WF,0,2020,NA,NA,FALSE,TRUE
2020-ORCLP-200240,0.25,Class A,2020-07-30T21:06:00Z,70.01666666666667,NA,NA,WF,0,2020,NA,NA,FALSE,TRUE
2022-OROCF-000484,0.1,Class A,2022-08-13T21:30:00Z,308.2986111111111,NA,NA,WF,0,2022,NA,NA,FALSE,TRUE
2022-ORDEF-000620,0.1,Class A,2022-08-10T18:33:00Z,22.1,NA,NA,WF,0,2022,NA,NA,FALSE,TRUE
2020-ORMED-000067,0.1,Class A,2020-05-14T00:00:00Z,340.5,NA,NA,WF,0,2020,NA,NA,FALSE,TRUE
2021-ORDLS-002193,0.1,Class A,2021-07-02T04:39:00Z,2.65,NA,NA,WF,0,2021,NA,NA,FALSE,TRUE
2022-ORPRD-001025,0.1,Class A,2022-10-27T21:50:00Z,1.2166666666666666,NA,NA,WF,0,2022,NA,NA,FALSE,TRUE
2020-ORMED-000205,0.1,Class A,2020-08-03T00:00:00Z,309.8288888888889,NA,NA,WF,0,2020,NA,NA,FALSE,TRUE
2022-ORPRD-000707,0.1,Class A,2022-08-14T21:30:00Z,93.42027777777778,NA,NA,WF,0,2022,NA,NA,FALSE,TRUE
2022-ORWIF-220309,0.25,Class A,2022-08-21T15:04:00Z,87.03694444444444,NA,NA,WF,0,2022,NA,NA,FALSE,TRUE
2022-ORWWF-000322,0.25,Class A,2022-08-25T19:39:00Z,74.225,NA,NA,WF,0,2022,NA,NA,FALSE,TRUE
2022-ORWWF-000465,0.1,Class A,2022-09-16T19:13:00Z,49.131388888888885,NA,NA,WF,0,2022,NA,NA,FALSE,TRUE
2022-ORMAF-022278,0.1,Class A,2022-09-18T18:45:00Z,47.602222222222224,NA,NA,WF,0,2022,NA,NA,FALSE,TRUE
2022-ORWIF-220228,0.1,Class A,2022-08-11T02:54:00Z,33.23694444444445,NA,NA,WF,0,2022,NA,NA,FALSE,TRUE
2022-ORWIF-220194,0.1,Class A,2022-08-31T21:05:00Z,715.8411111111111,NA,NA,WF,0,2022,NA,NA,FALSE,TRUE
2021-ORMED-000477,0.1,Class A,2021-10-26T21:42:00Z,309.7,NA,NA,WF,0,2021,NA,NA,FALSE,TRUE
2022-ORPRD-000301,0.2,Class A,2022-07-05T21:37:00Z,68.2,NA,NA,WF,0,2022,NA,NA,FALSE,TRUE
2022-ORRSF-000288,0.1,Class A,2022-09-01T19:16:00Z,72.85,NA,NA,WF,0,2022,NA,NA,FALSE,TRUE
2020-ORPRD-000094,0.1,Class A,2020-04-26T19:28:00Z,1.7833333333333334,NA,NA,WF,0,2020,NA,NA,FALSE,TRUE
2020-ORPRD-000508,0.1,Class A,2020-07-30T19:40:00Z,37.63333333333333,NA,NA,WF,0,2020,NA,NA,FALSE,TRUE
2022-ORDEF-000123,0.1,Class A,2022-05-06T21:40:00Z,66.58333333333333,NA,NA,WF,0,2022,NA,NA,FALSE,TRUE
2022-ORDEF-000327,0.2,Class A,2022-07-09T19:44:00Z,120.39666666666666,NA,NA,WF,0,2022,NA,NA,FALSE,TRUE
2022-ORMAF-022271,0.1,Class A,2022-09-24T18:04:00Z,215.60666666666663,NA,NA,WF,0,2022,NA,NA,FALSE,TRUE
2021-ORVAD-000125,0.1,Class A,2021-08-20T16:40:00Z,1077.85,NA,NA,WF,0,2021,NA,NA,FALSE,TRUE
2022-ORVAD-000136,6,Class B,2022-09-15T18:00:00Z,786.7833333333333,NA,NA,WF,0,2022,NA,NA,FALSE,TRUE
2022-OR955S-000074,0.1,Class A,2022-04-11T15:58:00Z,377.65,NA,NA,WF,0,2022,NA,NA,FALSE,TRUE
2021-ORLAD-210220,5,Class B,NA,NA,NA,NA,WF,0,2021,NA,NA,FALSE,TRUE
2021-ORCLP-210346,0.1,Class A,2021-07-28T21:34:00Z,52.2,NA,NA,WF,0,2021,NA,NA,FALSE,TRUE
2022-ORPRD-000512,0.1,Class A,NA,NA,NA,NA,WF,0,2022,NA,NA,FALSE,TRUE
2022-ORFWF-220227,0.1,Class A,2022-08-06T20:10:00Z,97.15722222222222,NA,NA,WF,0,2022,NA,NA,FALSE,TRUE
2022-ORSUF-220337,0.1,Class A,2022-08-28T02:00:00Z,4.466666666666667,NA,NA,WF,0,2022,NA,NA,FALSE,TRUE
2021-ORPRD-000273,0.1,Class A,2021-07-06T00:50:00Z,766.9833333333333,NA,NA,WF,0,2021,NA,NA,FALSE,TRUE
2021-OR954S-000319,0.1,Class A,2021-06-19T21:20:00Z,102.96111111111112,NA,NA,WF,0,2021,NA,NA,FALSE,TRUE
2021-ORPRD-000477,0.1,Class A,2021-07-06T16:48:00Z,117.76666666666668,NA,NA,WF,0,2021,NA,NA,FALSE,TRUE
2021-ORMED-000540,0.1,Class A,2022-01-04T00:00:00Z,984.9166666666666,NA,NA,WF,0,2021,NA,NA,FALSE,TRUE
2022-OROCF-000287,0.1,Class A,2022-07-05T19:38:00Z,69.65,NA,NA,WF,0,2022,NA,NA,FALSE,TRUE
2022-ORRSF-000108,0.1,Class A,2022-07-25T20:57:00Z,46.233333333333334,NA,NA,WF,0,2022,NA,NA,FALSE,TRUE
2022-ORMED-000167,0.1,Class A,2022-08-17T02:00:00Z,345.35,NA,NA,WF,0,2022,NA,NA,FALSE,TRUE
2022-ORRSF-000362,0.33,Class B,2022-10-09T17:05:00Z,144.73333333333332,NA,NA,WF,0,2022,NA,NA,FALSE,TRUE
2020-OR951S-000112,0.1,Class A,2020-06-11T19:08:00Z,908.8741666666666,NA,NA,WF,0,2020,NA,NA,FALSE,TRUE
2021-ORMED-000338,0.1,Class A,2021-08-06T21:45:00Z,96.75,NA,NA,WF,0,2021,NA,NA,FALSE,TRUE
2021-OR954S-000770,0.1,Class A,2021-08-06T23:49:00Z,25.11111111111111,NA,NA,WF,0,2021,NA,NA,FALSE,TRUE
2021-ORCLP-210459,0.1,Class A,2021-09-12T19:40:00Z,1.2,NA,NA,WF,0,2021,NA,NA,FALSE,TRUE
2022-OR955S-000203,0.1,Class A,2022-06-21T18:34:00Z,430.5763888888889,NA,NA,WF,0,2022,NA,NA,FALSE,TRUE
2022-ORFWF-220202,0.1,Class A,2022-08-06T20:53:00Z,127.05333333333331,NA,NA,WF,0,2022,NA,NA,FALSE,TRUE
2022-ORMAF-022189,0.1,Class A,2022-08-22T17:40:00Z,42.58694444444444,NA,NA,WF,0,2022,NA,NA,FALSE,TRUE
2022-ORFWF-220402,0.1,Class A,2022-10-26T22:29:00Z,193.68333333333337,NA,NA,WF,0,2022,NA,NA,FALSE,TRUE
2021-ORMED-000047,0.1,Class A,2021-05-01T01:00:00Z,485,NA,NA,WF,0,2021,NA,NA,FALSE,TRUE
2020-ORMED-000057,0.1,Class A,2020-04-13T17:56:00Z,311.1,NA,NA,WF,0,2020,NA,NA,FALSE,TRUE
2022-OR955S-000097,0.1,Class A,NA,NA,NA,NA,WF,0,2022,NA,NA,FALSE,TRUE
2022-ORFWF-220125,0.1,Class A,2022-05-25T21:10:00Z,26.133333333333333,NA,NA,WF,0,2022,NA,NA,FALSE,TRUE
2022-ORFWF-220220,0.2,Class A,2022-08-10T18:29:00Z,192.7386111111111,NA,NA,WF,0,2022,NA,NA,FALSE,TRUE
2022-ORMHF-001041,0.1,Class A,2022-09-03T01:35:00Z,6.116666666666666,NA,NA,WF,0,2022,NA,NA,FALSE,TRUE
2021-OR981S-210286,0.11,Class A,2021-07-01T20:04:00Z,94.33583333333333,NA,NA,WF,0,2021,NA,NA,FALSE,TRUE
2022-OROCF-000365,0.5,Class B,2022-07-15T22:31:00Z,46.6,NA,NA,WF,0,2022,NA,NA,FALSE,TRUE
2022-ORWIF-220175,0.1,Class A,2022-08-29T19:00:00Z,690.4825,NA,NA,WF,0,2022,NA,NA,FALSE,TRUE
2022-ORMAF-022195,0.1,Class A,2022-08-23T20:55:00Z,51.709722222222226,NA,NA,WF,0,2022,NA,NA,FALSE,TRUE
2022-ORRSF-000092,0.46,Class B,2022-07-28T17:28:00Z,503.78333333333336,NA,NA,WF,0,2022,NA,NA,FALSE,TRUE
2022-ORJEFN-000453,0.1,Class A,NA,NA,NA,NA,WF,0,2022,NA,NA,FALSE,TRUE
2022-ORDEF-000600,0.1,Class A,2022-08-11T18:46:00Z,48.29277777777778,NA,NA,WF,0,2022,NA,NA,FALSE,TRUE
2022-ORMHF-000851,0.1,Class A,2022-09-05T22:19:00Z,482.01666666666665,NA,NA,WF,0,2022,NA,NA,FALSE,TRUE
2020-OR954S-000797,0.1,Class A,2020-09-04T23:08:00Z,71.41666666666667,NA,NA,WF,0,2020,NA,NA,FALSE,TRUE
2022-ORCGF-000879,0.25,Class A,NA,NA,NA,NA,WF,0,2022,NA,NA,FALSE,TRUE
2021-ORPRD-000146,0.1,Class A,2021-05-05T21:07:00Z,28.333333333333332,NA,NA,WF,0,2021,NA,NA,FALSE,TRUE
2021-ORVAD-050646,0.1,Class A,NA,NA,NA,NA,WF,0,2021,NA,NA,FALSE,TRUE
2022-ORWIF-220187,0.1,Class A,2022-08-31T21:05:00Z,718.1041666666666,NA,NA,WF,0,2022,NA,NA,FALSE,TRUE
2021-ORCBD-000151,0.1,Class A,NA,NA,NA,NA,WF,0,2021,NA,NA,FALSE,TRUE
2021-ORROD-000478,0.5,Class B,2021-09-08T23:20:00Z,910.1833333333332,NA,NA,WF,0,2021,NA,NA,FALSE,TRUE
2021-ORLAD-210402,0.1,Class A,2021-08-12T22:02:00Z,164.56666666666666,NA,NA,WF,0,2021,NA,NA,FALSE,TRUE
2022-ORCRRN-000391,2,Class B,NA,NA,NA,NA,WF,0,2022,NA,NA,FALSE,TRUE
2022-ORMHF-000646,0.1,Class A,2022-08-01T22:49:00Z,0.65,NA,NA,WF,0,2022,NA,NA,FALSE,TRUE
2022-ORMAF-022197,0.1,Class A,2022-08-22T20:15:00Z,24.575,NA,NA,WF,0,2022,NA,NA,FALSE,TRUE
2021-ORPRD-000016,0.1,Class A,2021-01-20T15:05:00Z,166.9,NA,NA,WF,0,2021,NA,NA,FALSE,TRUE
2021-ORMED-000065,0.1,Class A,2021-05-20T22:00:00Z,432.1666666666667,NA,NA,WF,0,2021,NA,NA,FALSE,TRUE
2021-ORMED-000240,0.3,Class B,2021-07-29T19:12:00Z,307.98333333333335,NA,NA,WF,0,2021,NA,NA,FALSE,TRUE
2021-OR981S-210416,0.1,Class A,NA,NA,NA,NA,WF,0,2021,NA,NA,FALSE,TRUE
2022-ORDEF-000386,0.1,Class A,2022-07-17T22:44:00Z,0.9833333333333332,NA,NA,WF,0,2022,NA,NA,FALSE,TRUE
2022-ORWIF-220165,0.1,Class A,2022-08-02T21:18:00Z,69.66666666666667,NA,NA,WF,0,2022,NA,NA,FALSE,TRUE
2022-ORWWF-000396,0.3,Class B,NA,NA,NA,NA,WF,0,2022,NA,NA,FALSE,TRUE
2020-ORMED-000140,0.1,Class A,2020-07-09T23:24:00Z,290.56666666666666,NA,NA,WF,0,2020,NA,NA,FALSE,TRUE
2020-ORCLP-200215,0.1,Class A,2020-07-24T19:17:00Z,17.016666666666666,NA,NA,WF,0,2020,NA,NA,FALSE,TRUE
2022-ORDEF-000347,0.1,Class A,2022-07-09T23:05:00Z,0.13333333333333333,NA,NA,WF,0,2022,NA,NA,FALSE,TRUE
2022-ORLAD-220249,2.5,Class B,2022-08-14T23:30:00Z,238.26666666666668,NA,NA,WF,0,2022,NA,NA,FALSE,TRUE
2022-ORPRD-000353,0.47,Class B,2022-07-21T19:22:00Z,238.26666666666668,NA,NA,WF,0,2022,NA,NA,FALSE,TRUE
2022-ORMED-000257,1,Class B,2022-09-09T17:00:00Z,543,NA,NA,WF,0,2022,NA,NA,FALSE,TRUE
2022-ORMED-000275,0.1,Class A,2022-09-03T17:27:00Z,304.6666666666667,NA,NA,WF,0,2022,NA,NA,FALSE,TRUE
2022-ORBUD-002384,0.1,Class A,2022-11-15T19:00:00Z,363.5,NA,NA,WF,0,2022,NA,NA,FALSE,TRUE
2022-ORLAD-220319,1,Class B,2022-08-22T21:29:00Z,113.66666666666669,NA,NA,WF,0,2022,NA,NA,FALSE,TRUE
2020-ORLAD-200366,0.1,Class A,2020-09-06T21:36:00Z,294.68333333333334,NA,NA,WF,0,2020,NA,NA,FALSE,TRUE
2021-OR991S-000149,0.1,Class A,NA,NA,NA,NA,WF,0,2021,NA,NA,FALSE,TRUE
2021-ORLAD-210255,0.1,Class A,2021-06-27T20:26:00Z,93.71666666666668,NA,NA,WF,0,2021,NA,NA,FALSE,TRUE
2022-ORDEF-000260,0.1,Class A,2022-06-23T22:20:00Z,21.466666666666665,NA,NA,WF,0,2022,NA,NA,FALSE,TRUE
2022-OR981S-220198,0.1,Class A,2022-08-14T19:25:00Z,327.86027777777775,NA,NA,WF,0,2022,NA,NA,FALSE,TRUE
2022-ORFWF-220207,0.2,Class A,2022-08-03T21:14:00Z,51.140277777777776,NA,NA,WF,0,2022,NA,NA,FALSE,TRUE
2022-OROCF-000731,0.1,Class A,2022-08-19T00:17:00Z,124.29416666666668,NA,NA,WF,0,2022,NA,NA,FALSE,TRUE
2021-ORROD-000073,0.1,Class A,NA,NA,NA,NA,WF,0,2021,NA,NA,FALSE,TRUE
2022-ORLAD-220167,0.1,Class A,2022-07-05T21:25:00Z,1.6833333333333331,NA,NA,WF,0,2022,NA,NA,FALSE,TRUE
2022-ORPRD-000095,0.1,Class A,2022-04-18T22:00:00Z,3.1,NA,NA,WF,0,2022,NA,NA,FALSE,TRUE
2021-ORPRD-001088,0.1,Class A,2021-12-14T21:36:00Z,231.05,NA,NA,WF,0,2021,NA,NA,FALSE,TRUE
2022-ORWIF-220177,0.2,Class A,2022-08-03T18:19:00Z,64.27944444444445,NA,NA,WF,0,2022,NA,NA,FALSE,TRUE
2022-ORMED-000297,0.1,Class A,2022-08-31T00:00:00Z,312,NA,NA,WF,0,2022,NA,NA,FALSE,TRUE
2022-ORDEF-000822,0.25,Class A,2022-09-05T19:15:00Z,93.08333333333331,NA,NA,WF,0,2022,NA,NA,FALSE,TRUE
2022-ORUMF-000517,0.1,Class A,NA,NA,NA,NA,WF,0,2022,NA,NA,FALSE,TRUE
2022-ORUMF-000540,1,Class B,NA,NA,NA,NA,RX,0,2022,NA,NA,FALSE,TRUE
2021-ORNOD-210098,0.2,Class A,2021-05-03T19:30:00Z,1.65,NA,NA,WF,0,2021,NA,NA,FALSE,TRUE
2021-ORPRD-000494,5.7,Class B,2021-07-08T00:47:00Z,122.7,NA,NA,WF,0,2021,NA,NA,FALSE,TRUE
2021-OR981S-210369,0.1,Class A,2021-08-03T19:29:00Z,112.44333333333331,NA,NA,WF,0,2021,NA,NA,FALSE,TRUE
2021-OR955S-000983,0.1,Class A,2021-09-28T20:44:00Z,168.1363888888889,NA,NA,WF,0,2021,NA,NA,FALSE,TRUE
2022-ORDEF-000667,0.1,Class A,2022-08-11T20:54:00Z,44.22527777777778,NA,NA,WF,0,2022,NA,NA,FALSE,TRUE
2022-ORWIF-220347,0.5,Class B,2022-08-31T20:45:00Z,46.46138888888889,NA,NA,WF,0,2022,NA,NA,FALSE,TRUE
2022-ORDEF-000284,0.1,Class A,2022-07-03T19:05:00Z,24.783333333333335,NA,NA,WF,0,2022,NA,NA,FALSE,TRUE
2022-ORMAF-022325,0.1,Class A,2022-11-01T17:38:00Z,100.53333333333332,NA,NA,WF,0,2022,NA,NA,FALSE,TRUE
2021-ORMED-000334,0.1,Class A,2021-08-04T19:55:00Z,68.91666666666667,NA,NA,WF,0,2021,NA,NA,FALSE,TRUE
2021-ORMED-000361,0.1,Class A,2021-10-23T19:00:00Z,251.98333333333332,NA,NA,WF,0,2021,NA,NA,FALSE,TRUE
2022-ORDEF-000140,0.1,Class A,2022-05-12T23:56:00Z,1.25,NA,NA,WF,0,2022,NA,NA,FALSE,TRUE
2022-OROCF-000234,0.1,Class A,2022-06-13T23:13:00Z,5.666666666666667,NA,NA,WF,0,2022,NA,NA,FALSE,TRUE
2022-ORPRD-000304,0.1,Class A,2022-07-08T20:03:00Z,137.41666666666666,NA,NA,WF,0,2022,NA,NA,FALSE,TRUE
2022-ORLAD-220275,0.1,Class A,NA,NA,NA,NA,WF,0,2022,NA,NA,FALSE,TRUE
2022-ORMAF-022266,4,Class B,2022-10-24T18:17:00Z,957.0672222222222,NA,NA,WF,0,2022,NA,NA,FALSE,TRUE
2022-ORUMF-000507,0.1,Class A,2022-09-26T21:01:00Z,66.93333333333334,NA,NA,WF,0,2022,NA,NA,FALSE,TRUE
2020-ORLAD-200350,0.3,Class B,2020-08-21T19:37:00Z,94.98333333333332,NA,NA,WF,0,2020,NA,NA,FALSE,TRUE
2021-OR951S-000354,0.52,Class B,2021-06-28T17:38:00Z,159.01666666666668,NA,NA,WF,0,2021,NA,NA,FALSE,TRUE
2022-ORRSF-000153,0.2,Class A,2022-08-04T15:55:00Z,48.035,NA,NA,WF,0,2022,NA,NA,FALSE,TRUE
2021-ORMED-000280,0.1,Class A,2021-08-01T19:44:00Z,64.66666666666667,NA,NA,WF,0,2021,NA,NA,FALSE,TRUE
2022-ORLAD-220294,0.1,Class A,2022-08-10T19:02:00Z,18.083333333333332,NA,NA,WF,0,2022,NA,NA,FALSE,TRUE
2022-ORMED-000295,0.1,Class A,2022-08-31T00:00:00Z,312,NA,NA,WF,0,2022,NA,NA,FALSE,TRUE
2022-ORDEF-001004,0.1,Class A,2022-10-18T19:54:00Z,24.298055555555557,NA,NA,WF,0,2022,NA,NA,FALSE,TRUE
2021-ORNOD-210525,0.1,Class A,2021-09-26T21:40:00Z,0.03333333333333333,NA,NA,WF,0,2021,NA,NA,FALSE,TRUE
2022-ORWWF-000125,0.2,Class A,2022-07-14T21:12:11Z,31.264722222222225,NA,NA,WF,0,2022,NA,NA,FALSE,TRUE
2021-ORROD-000487,0.25,Class A,2021-09-08T23:30:00Z,822,NA,NA,WF,0,2021,NA,NA,FALSE,TRUE
2022-ORPRD-000625,0.1,Class A,2022-08-12T01:30:00Z,52.81666666666667,NA,NA,WF,0,2022,NA,NA,FALSE,TRUE
2021-ORMED-000079,0.3,Class B,2021-05-25T22:00:00Z,319.75,NA,NA,WF,0,2021,NA,NA,FALSE,TRUE
2022-OROCF-000311,0.6,Class B,2022-07-04T18:43:00Z,25.316111111111113,NA,NA,WF,0,2022,NA,NA,FALSE,TRUE
2022-OR955S-000526,0.12,Class A,NA,NA,NA,NA,WF,0,2022,NA,NA,FALSE,TRUE
2022-ORCLP-220320,0.1,Class A,2022-08-20T18:43:00Z,43.266666666666666,NA,NA,WF,0,2022,NA,NA,FALSE,TRUE
2020-OR981S-200180,1,Class B,2020-07-21T19:21:00Z,218.15,NA,NA,WF,0,2020,NA,NA,FALSE,TRUE
2022-ORUMF-000317,0.1,Class A,2022-08-26T20:32:00Z,100.14805555555556,NA,NA,WF,0,2022,NA,NA,FALSE,TRUE
2022-ORDEF-000973,0.1,Class A,2022-10-10T20:08:00Z,101.06666666666666,NA,NA,WF,0,2022,NA,NA,FALSE,TRUE
2022-ORPRD-000331,0.1,Class A,2022-07-05T20:00:00Z,22.266666666666666,NA,NA,WF,0,2022,NA,NA,FALSE,TRUE
2022-ORJEFN-000471,0.25,Class A,NA,NA,NA,NA,WF,0,2022,NA,NA,FALSE,TRUE
2022-ORUMF-000511,0.1,Class A,2022-09-27T18:49:00Z,22.233333333333334,NA,NA,WF,0,2022,NA,NA,FALSE,TRUE
2022-ORRSF-000371,0.1,Class A,NA,NA,NA,NA,WF,0,2022,NA,NA,FALSE,TRUE
2020-OR955S-000704,0.1,Class A,2020-08-25T19:25:00Z,193.9611111111111,NA,NA,WF,0,2020,NA,NA,FALSE,TRUE
2020-ORPRD-001043,0.1,Class A,2020-12-17T21:04:00Z,71.73333333333333,NA,NA,WF,0,2020,NA,NA,FALSE,TRUE
2021-ORMED-000242,0.1,Class A,2021-07-29T19:12:00Z,318.18333333333334,NA,NA,WF,0,2021,NA,NA,FALSE,TRUE
2022-ORMHF-000787,0.5,Class B,2022-08-14T15:37:00Z,70.71722222222222,NA,NA,WF,0,2022,NA,NA,FALSE,TRUE
2022-ORWIF-220339,0.3,Class B,2022-08-31T16:57:00Z,80.4,NA,NA,WF,0,2022,NA,NA,FALSE,TRUE
2022-ORDEF-000175,0.1,Class A,2022-05-30T22:47:00Z,25.9,NA,NA,WF,0,2022,NA,NA,FALSE,TRUE
2022-ORVAD-000106,1,Class B,2022-09-01T20:00:00Z,802.0333333333333,NA,NA,WF,0,2022,NA,NA,FALSE,TRUE
2022-ORLAD-220299,0.1,Class A,2022-08-14T23:23:00Z,101.73333333333332,NA,NA,WF,0,2022,NA,NA,FALSE,TRUE
2020-OR981S-200356,0.1,Class A,2020-08-24T20:45:00Z,123.88333333333334,NA,NA,WF,0,2020,NA,NA,FALSE,TRUE
2021-ORMED-000123,0.1,Class A,2021-06-29T16:00:00Z,542,NA,NA,WF,0,2021,NA,NA,FALSE,TRUE
2022-ORWIF-220242,0.1,Class A,2022-08-31T21:05:00Z,528.4063888888888,NA,NA,WF,0,2022,NA,NA,FALSE,TRUE
2020-OR955S-000866,0.25,Class A,2020-09-24T22:30:00Z,407.3333333333333,NA,NA,WF,0,2020,NA,NA,FALSE,TRUE
2020-ORDLS-000419,2,Class B,2020-07-18T21:05:00Z,47.3,NA,NA,WF,0,2020,NA,NA,FALSE,TRUE
2021-ORCBD-000152,0.1,Class A,NA,NA,NA,NA,WF,0,2021,NA,NA,FALSE,TRUE
2022-ORMHF-000325,0.1,Class A,2022-07-12T23:17:00Z,427.1166666666667,NA,NA,WF,0,2022,NA,NA,FALSE,TRUE
2022-ORPRD-000646,0.1,Class A,NA,NA,NA,NA,WF,0,2022,NA,NA,FALSE,TRUE
2022-ORRSF-000273,0.1,Class A,2022-09-01T19:30:00Z,237.9744444444445,NA,NA,WF,0,2022,NA,NA,FALSE,TRUE
2021-ORVAD-000073,0.1,Class A,2021-07-01T18:00:00Z,310.03333333333336,NA,NA,WF,0,2021,NA,NA,FALSE,TRUE
2021-ORCBD-000263,0.1,Class A,2021-07-05T01:00:00Z,10.5,NA,NA,WF,0,2021,NA,NA,FALSE,TRUE
2022-OR981S-220148,0.1,Class A,NA,NA,NA,NA,WF,0,2022,NA,NA,FALSE,TRUE
2022-ORRSF-000145,0.1,Class A,2022-08-09T22:48:00Z,176.48916666666668,NA,NA,WF,0,2022,NA,NA,FALSE,TRUE
2020-ORREDN-000475,2,Class B,NA,NA,NA,NA,WF,0,2020,NA,NA,FALSE,TRUE
2021-ORBENN-000840,0.49,Class B,2021-08-20T19:24:00Z,144.05,NA,NA,WF,0,2021,NA,NA,FALSE,TRUE
2022-OR982S-220112,1.5,Class B,2022-04-21T16:35:00Z,329.75,NA,NA,WF,0,2022,NA,NA,FALSE,TRUE
2022-ORUMF-000221,0.1,Class A,2022-08-12T00:01:00Z,25.835277777777776,NA,NA,WF,0,2022,NA,NA,FALSE,TRUE
2022-ORWWF-000515,0.1,Class A,2022-10-03T22:00:00Z,103.42805555555556,NA,NA,WF,0,2022,NA,NA,FALSE,TRUE
2022-ORFWF-220236,0.1,Class A,2022-08-06T17:55:00Z,89.69027777777778,NA,NA,WF,0,2022,NA,NA,FALSE,TRUE
2022-ORPRD-000611,0.1,Class A,2022-08-13T21:08:00Z,97.43333333333334,NA,NA,WF,0,2022,NA,NA,FALSE,TRUE
2022-ORVAD-000142,0.1,Class A,2022-09-21T18:00:00Z,822.4166666666666,NA,NA,WF,0,2022,NA,NA,FALSE,TRUE
2021-OR981S-210172,0.1,Class A,NA,NA,NA,NA,WF,0,2021,NA,NA,FALSE,TRUE
2021-ORVAD-000079,3,Class B,2021-08-20T16:30:00Z,1438.6166666666666,NA,NA,WF,0,2021,NA,NA,FALSE,TRUE
2021-ORMED-000336,1.5,Class B,NA,NA,NA,NA,WF,0,2021,NA,NA,FALSE,TRUE
2022-ORDEF-000550,0.1,Class A,2022-08-03T22:57:00Z,0.4166666666666667,NA,NA,WF,0,2022,NA,NA,FALSE,TRUE
2020-OR955S-000099,0.1,Class A,2020-06-04T22:17:00Z,891.2508333333334,NA,NA,WF,0,2020,NA,NA,FALSE,TRUE
2021-OR981S-210175,0.1,Class A,2021-06-05T17:31:00Z,188.96666666666667,NA,NA,WF,0,2021,NA,NA,FALSE,TRUE
2022-ORDEF-000323,0.1,Class A,2022-07-04T19:36:00Z,2.533333333333333,NA,NA,WF,0,2022,NA,NA,FALSE,TRUE
2022-ORDEF-000495,0.1,Class A,2022-08-02T19:17:00Z,39.96222222222222,NA,NA,WF,0,2022,NA,NA,FALSE,TRUE
2022-ORUPF-000298,0.1,Class A,2022-08-14T18:10:00Z,25.46388888888889,NA,NA,WF,0,2022,NA,NA,FALSE,TRUE
2022-ORMHF-001076,0.1,Class A,2022-09-05T18:52:00Z,23.266666666666666,NA,NA,WF,0,2022,NA,NA,FALSE,TRUE
2020-OR952S-020251,1.6,Class B,2020-08-22T21:22:00Z,87.4025,NA,NA,WF,0,2020,NA,NA,FALSE,TRUE
2022-ORDEF-000468,0.1,Class A,NA,NA,NA,NA,WF,0,2022,NA,NA,FALSE,TRUE
2022-ORCGF-000812,1,Class B,2022-08-16T00:49:00Z,55.37888888888889,NA,NA,WF,0,2022,NA,NA,FALSE,TRUE
2022-ORWWF-000346,0.1,Class A,2022-08-27T21:37:00Z,102.735,NA,NA,WF,0,2022,NA,NA,FALSE,TRUE
2020-ORNOD-200279,0.1,Class A,2020-08-17T22:30:00Z,98.43333333333334,NA,NA,WF,0,2020,NA,NA,FALSE,TRUE
2021-ORNOD-210126,0.8,Class B,2021-05-24T18:00:00Z,49,NA,NA,WF,0,2021,NA,NA,FALSE,TRUE
2021-ORLAD-210249,0.1,Class A,2021-07-03T00:30:00Z,237.96666666666667,NA,NA,WF,0,2021,NA,NA,FALSE,TRUE
2022-ORMED-000073,0.1,Class A,2022-07-03T19:48:00Z,297.26666666666665,NA,NA,WF,0,2022,NA,NA,FALSE,TRUE
2022-ORFWF-220228,0.1,Class A,2022-08-05T19:30:00Z,72.23472222222222,NA,NA,WF,0,2022,NA,NA,FALSE,TRUE
2020-ORCFRN-000619,0.1,Class A,NA,NA,NA,NA,WF,0,2020,NA,NA,FALSE,TRUE
2021-ORMED-000093,0.1,Class A,2021-05-30T20:29:00Z,327.73333333333335,NA,NA,WF,0,2021,NA,NA,FALSE,TRUE
2021-ORMED-000286,0.1,Class A,2021-08-16T06:12:00Z,341.3833333333333,NA,NA,WF,0,2021,NA,NA,FALSE,TRUE
2022-ORWWF-000333,0.25,Class A,NA,NA,NA,NA,WF,0,2022,NA,NA,FALSE,TRUE
2021-ORMED-000464,0.1,Class A,2021-09-30T15:00:00Z,99.25,NA,NA,WF,0,2021,NA,NA,FALSE,TRUE
2022-OR981S-220166,0.1,Class A,NA,NA,NA,NA,WF,0,2022,NA,NA,FALSE,TRUE
2022-ORRSF-000118,1.4,Class B,2022-08-03T17:45:00Z,161.87083333333334,NA,NA,WF,0,2022,NA,NA,FALSE,TRUE
2020-ORCLP-200237,0.1,Class A,2020-07-28T18:18:00Z,20.666666666666668,NA,NA,WF,0,2020,NA,NA,FALSE,TRUE
2020-ORPRD-000124,0.27,Class B,2020-05-19T21:10:00Z,216.21666666666667,NA,NA,WF,0,2020,NA,NA,FALSE,TRUE
2020-ORMED-000078,0.1,Class A,2020-06-04T00:00:00Z,393,NA,NA,WF,0,2020,NA,NA,FALSE,TRUE
2021-ORLAD-210274,0.1,Class A,2021-06-27T23:51:00Z,68.15,NA,NA,WF,0,2021,NA,NA,FALSE,TRUE
2022-OR954S-000589,1.34,Class B,NA,NA,NA,NA,WF,0,2022,NA,NA,FALSE,TRUE
2022-ORCGF-000376,0.1,Class A,2022-06-30T23:05:00Z,1.084722222222222,NA,NA,WF,0,2022,NA,NA,FALSE,TRUE
2022-ORRSF-000306,0.1,Class A,2022-09-13T23:15:00Z,152.22416666666666,NA,NA,WF,0,2022,NA,NA,FALSE,TRUE
2022-ORVAD-000178,1,Class B,2022-09-30T18:00:00Z,541.75,NA,NA,WF,0,2022,NA,NA,FALSE,TRUE
2022-ORMED-000391,0.1,Class A,2022-11-10T20:30:00Z,315,NA,NA,WF,0,2022,NA,NA,FALSE,TRUE
2020-ORPRD-000743,0.25,Class A,2020-08-31T20:37:00Z,288.78333333333336,NA,NA,WF,0,2020,NA,NA,FALSE,TRUE
2021-ORCBD-000544,0.33,Class B,2021-09-04T17:00:00Z,90.75,NA,NA,WF,0,2021,NA,NA,FALSE,TRUE
2022-ORLAD-220218,0.25,Class A,2022-08-12T18:40:00Z,244.51666666666668,NA,NA,WF,0,2022,NA,NA,FALSE,TRUE
2022-ORWIF-220243,0.1,Class A,2022-08-31T21:05:00Z,528.3872222222222,NA,NA,WF,0,2022,NA,NA,FALSE,TRUE
2022-OR981S-220315,0.5,Class B,2022-08-20T19:55:00Z,90.63333333333334,NA,NA,WF,0,2022,NA,NA,FALSE,TRUE
2022-ORDEF-000869,0.1,Class A,2022-09-11T18:35:00Z,99.4,NA,NA,WF,0,2022,NA,NA,FALSE,TRUE
2021-OR955S-000561,0.1,Class A,2021-07-12T16:55:00Z,14.654722222222222,NA,NA,WF,0,2021,NA,NA,FALSE,TRUE
2022-ORFWF-220235,0.1,Class A,2022-08-10T19:34:00Z,188.2225,NA,NA,WF,0,2022,NA,NA,FALSE,TRUE
2022-ORUMF-000500,0.5,Class B,2022-09-29T19:38:00Z,260.83916666666664,NA,NA,WF,0,2022,NA,NA,FALSE,TRUE
2022-ORUPF-000258,0.5,Class B,2022-10-22T19:00:00Z,1948.7833333333333,NA,NA,WF,0,2022,NA,NA,FALSE,TRUE
2022-ORMHF-000829,0.1,Class A,2022-08-14T22:50:00Z,0.5,NA,NA,WF,0,2022,NA,NA,FALSE,TRUE
2022-ORRSF-000260,0.1,Class A,2022-08-21T00:51:00Z,0.3,NA,NA,WF,0,2022,NA,NA,FALSE,TRUE
2022-ORMAF-002370,0.1,Class A,2022-10-01T19:08:00Z,192.4825,NA,NA,WF,0,2022,NA,NA,FALSE,TRUE
2021-OR952S-002231,0.1,Class A,2021-07-31T21:51:00Z,20.4,NA,NA,WF,0,2021,NA,NA,FALSE,TRUE
2022-ORLAD-220163,0.25,Class A,2022-07-06T22:32:00Z,72.66666666666667,NA,NA,WF,0,2022,NA,NA,FALSE,TRUE
2022-ORMAF-022240,1.2,Class B,2022-09-13T19:45:00Z,136.71194444444444,NA,NA,WF,0,2022,NA,NA,FALSE,TRUE
2022-ORPRD-000898,0.1,Class A,2022-09-11T18:43:00Z,23.183333333333337,NA,NA,WF,0,2022,NA,NA,FALSE,TRUE
2022-ORDEF-000957,0.1,Class A,2022-09-30T18:42:00Z,1.5666666666666669,NA,NA,WF,0,2022,NA,NA,FALSE,TRUE
2020-OR981S-200119,0.1,Class A,2020-06-09T21:28:00Z,985.0005555555556,NA,NA,WF,0,2020,NA,NA,FALSE,TRUE
2020-ORLAD-200434,0.25,Class A,NA,NA,NA,NA,WF,0,2020,NA,NA,FALSE,TRUE
2022-ORUPF-000310,0.1,Class A,2022-08-23T19:25:00Z,140.62722222222223,NA,NA,WF,0,2022,NA,NA,FALSE,TRUE
2022-ORWWF-000534,0.1,Class A,2022-10-17T19:00:00Z,186.83333333333337,NA,NA,WF,0,2022,NA,NA,FALSE,TRUE
2022-ORUMF-000560,0.1,Class A,NA,NA,NA,NA,WF,0,2022,NA,NA,FALSE,TRUE
2021-ORPRD-000944,0.1,Class A,2021-09-12T21:03:00Z,45.3,NA,NA,WF,0,2021,NA,NA,FALSE,TRUE
2022-ORRFPN-002297,0.1,Class A,NA,NA,NA,NA,WF,0,2022,NA,NA,FALSE,TRUE
2022-ORUPF-000367,0.5,Class B,2022-09-13T22:12:00Z,149.56972222222225,NA,NA,WF,0,2022,NA,NA,FALSE,TRUE
2022-ORWIF-220446,0.1,Class A,2022-10-15T23:14:00Z,7.204166666666667,NA,NA,WF,0,2022,NA,NA,FALSE,TRUE
2020-OR955S-000113,0.1,Class A,2020-05-05T20:42:00Z,19.784166666666668,NA,NA,WF,0,2020,NA,NA,FALSE,TRUE
2022-ORUPF-000237,0.25,Class A,2022-08-07T21:24:00Z,185.75027777777777,NA,NA,WF,0,2022,NA,NA,FALSE,TRUE
2021-ORPRD-000174,0.1,Class A,2021-05-16T19:55:00Z,2.1166666666666667,NA,NA,WF,0,2021,NA,NA,FALSE,TRUE
2022-ORDEF-000709,0.1,Class A,2022-08-12T21:04:00Z,43.4825,NA,NA,WF,0,2022,NA,NA,FALSE,TRUE
2021-ORLAD-210312,0.1,Class A,2021-07-06T22:09:00Z,70.4,NA,NA,WF,0,2021,NA,NA,FALSE,TRUE
2022-ORJEFN-000318,9.1,Class B,NA,NA,NA,NA,WF,0,2022,NA,NA,FALSE,TRUE
2022-ORWIF-220203,4,Class B,2022-08-15T17:10:00Z,282.18333333333334,NA,NA,WF,0,2022,NA,NA,FALSE,TRUE
2021-OR951S-000069,0.5,Class B,2021-04-20T15:42:00Z,211.415,NA,NA,WF,0,2021,NA,NA,FALSE,TRUE
2022-OR954S-000627,0.1,Class A,2022-08-07T20:21:00Z,185.0236111111111,NA,NA,WF,0,2022,NA,NA,FALSE,TRUE
2022-ORUPF-000282,0.1,Class A,2022-08-22T18:35:00Z,409.5936111111111,NA,NA,WF,0,2022,NA,NA,FALSE,TRUE
2021-ORMED-000255,0.1,Class A,2021-08-01T02:00:00Z,251.75,NA,NA,WF,0,2021,NA,NA,FALSE,TRUE
2021-ORMED-000330,0.1,Class A,2021-08-04T18:34:00Z,46.53333333333333,NA,NA,WF,0,2021,NA,NA,FALSE,TRUE
2022-OR954S-000684,1,Class B,NA,NA,NA,NA,WF,0,2022,NA,NA,FALSE,TRUE
2022-ORPRD-000628,0.1,Class A,2022-11-29T17:56:00Z,2685.1666666666665,NA,NA,WF,0,2022,NA,NA,FALSE,TRUE
2020-ORPRD-001007,0.1,Class A,2020-10-27T17:01:00Z,2.3333333333333335,NA,NA,WF,0,2020,NA,NA,FALSE,TRUE
2022-OR954S-000560,6.22,Class B,NA,NA,NA,NA,WF,0,2022,NA,NA,FALSE,TRUE
2022-ORFWF-220208,0.25,Class A,2022-08-09T16:59:00Z,190.63666666666663,NA,NA,WF,0,2022,NA,NA,FALSE,TRUE
2022-ORPRD-000535,0.5,Class B,2022-08-14T21:48:00Z,285.3666666666667,NA,NA,WF,0,2022,NA,NA,FALSE,TRUE
2022-ORLAD-220278,0.1,Class A,2022-10-01T21:30:00Z,1274.1666666666667,NA,NA,WF,0,2022,NA,NA,FALSE,TRUE
2022-ORMAF-022188,0.1,Class A,2022-08-22T20:21:00Z,46.00805555555556,NA,NA,WF,0,2022,NA,NA,FALSE,TRUE
2021-ORROD-000524,0.1,Class A,2021-09-14T23:45:00Z,489.51666666666665,NA,NA,WF,0,2021,NA,NA,FALSE,TRUE
2022-OR955S-000339,0.31,Class B,2022-07-15T20:40:00Z,192.85305555555556,NA,NA,WF,0,2022,NA,NA,FALSE,TRUE
2022-ORJEFN-000473,1.41,Class B,NA,NA,NA,NA,WF,0,2022,NA,NA,FALSE,TRUE
2022-ORBUD-002344,0.1,Class A,2022-09-11T18:50:00Z,113.48333333333332,NA,NA,WF,0,2022,NA,NA,FALSE,TRUE
2022-ORDEF-000928,0.1,Class A,2022-09-21T20:37:00Z,50.71,NA,NA,WF,0,2022,NA,NA,FALSE,TRUE
2021-ORVAD-000177,1,Class B,2021-08-20T16:43:00Z,473.8,NA,NA,WF,0,2021,NA,NA,FALSE,TRUE
2022-ORMAF-002368,0.1,Class A,2022-09-25T21:20:00Z,94.8,NA,NA,WF,0,2022,NA,NA,FALSE,TRUE
2020-ORBUD-002024,0.1,Class A,2020-06-29T18:09:00Z,432.4,NA,NA,WF,0,2020,NA,NA,FALSE,TRUE
2021-ORLAD-210222,0.1,Class A,2021-07-03T19:26:00Z,281.65,NA,NA,WF,0,2021,NA,NA,FALSE,TRUE
2021-OR981S-210403,0.1,Class A,2021-08-12T18:19:00Z,157.45166666666665,NA,NA,WF,0,2021,NA,NA,FALSE,TRUE
2022-ORPRD-000638,0.1,Class A,2022-08-12T21:15:00Z,71.96666666666667,NA,NA,WF,0,2022,NA,NA,FALSE,TRUE
2021-ORCBD-000156,0.1,Class A,2021-05-07T17:00:00Z,2,NA,NA,WF,0,2021,NA,NA,FALSE,TRUE
2021-ORPRD-000764,0.5,Class B,2021-08-07T21:34:00Z,48.46666666666667,NA,NA,WF,0,2021,NA,NA,FALSE,TRUE
2021-ORCBD-000499,0.1,Class A,NA,NA,NA,NA,WF,0,2021,NA,NA,FALSE,TRUE
2022-ORUMF-000211,0.1,Class A,NA,NA,NA,NA,WF,0,2022,NA,NA,FALSE,TRUE
2020-ORPRD-000223,0.1,Class A,2020-06-13T20:03:00Z,42.92,NA,NA,WF,0,2020,NA,NA,FALSE,TRUE
2020-ORPRD-000660,0.1,Class A,2020-08-23T00:39:00Z,146.75,NA,NA,WF,0,2020,NA,NA,FALSE,TRUE
2021-OR981S-210113,0.1,Class A,2021-04-17T18:34:00Z,457.33,NA,NA,WF,0,2021,NA,NA,FALSE,TRUE
2020-OR955S-000177,0.1,Class A,2020-07-02T19:00:00Z,788.1183333333333,NA,NA,WF,0,2020,NA,NA,FALSE,TRUE
2021-ORMED-000303,3.5,Class B,NA,NA,NA,NA,WF,0,2021,NA,NA,FALSE,TRUE
2022-ORCGF-000736,0.1,Class A,NA,NA,NA,NA,WF,0,2022,NA,NA,FALSE,TRUE
2022-ORWIF-220283,0.25,Class A,2022-08-15T15:48:00Z,48.20472222222222,NA,NA,WF,0,2022,NA,NA,FALSE,TRUE
2022-ORSUF-220328,0.1,Class A,2022-08-24T00:41:00Z,3.5166666666666666,NA,NA,WF,0,2022,NA,NA,FALSE,TRUE
2021-ORBUD-002119,0.1,Class A,2021-05-03T18:05:00Z,0.5833333333333334,NA,NA,WF,0,2021,NA,NA,FALSE,TRUE
2022-ORVAD-000044,0.1,Class A,2022-07-01T18:00:00Z,859.9333333333333,NA,NA,WF,0,2022,NA,NA,FALSE,TRUE
2022-ORSUF-220161,0.01,Class A,2022-07-30T00:38:00Z,6.1,NA,NA,WF,0,2022,NA,NA,FALSE,TRUE
2022-ORLAD-220304,0.1,Class A,2022-08-14T21:39:00Z,94.11666666666666,NA,NA,WF,0,2022,NA,NA,FALSE,TRUE
2022-ORWWF-000247,0.1,Class A,2022-08-18T21:13:00Z,141.25722222222225,NA,NA,WF,0,2022,NA,NA,FALSE,TRUE
2021-ORLAD-210170,0.1,Class A,2021-05-24T21:14:00Z,49.45,NA,NA,WF,0,2021,NA,NA,FALSE,TRUE
2022-ORRSF-000082,0.1,Class A,2022-07-10T18:59:00Z,184.9630555555555,NA,NA,WF,0,2022,NA,NA,FALSE,TRUE
2022-ORPRD-000629,0.1,Class A,2022-08-12T21:42:00Z,72.89777777777778,NA,NA,WF,0,2022,NA,NA,FALSE,TRUE
2020-ORMED-000097,0.1,Class A,2020-06-06T22:00:00Z,75.86666666666666,NA,NA,WF,0,2020,NA,NA,FALSE,TRUE
2022-OR955S-000157,0.1,Class A,2022-05-18T21:41:00Z,2.3308333333333335,NA,NA,WF,0,2022,NA,NA,FALSE,TRUE
2022-ORUMF-000316,0.1,Class A,2022-08-24T19:00:00Z,50.65444444444445,NA,NA,WF,0,2022,NA,NA,FALSE,TRUE
2022-ORMED-000370,0.1,Class A,2022-10-21T19:00:00Z,314.5833333333333,NA,NA,WF,0,2022,NA,NA,FALSE,TRUE
2020-ORNOD-200273,0.3,Class B,2020-08-16T01:00:00Z,95.7,NA,NA,WF,0,2020,NA,NA,FALSE,TRUE
2020-ORNOD-200496,0.2,Class A,2020-09-22T01:00:00Z,22.25,NA,NA,WF,0,2020,NA,NA,FALSE,TRUE
2020-ORNOD-200487,0.1,Class A,NA,NA,NA,NA,WF,0,2020,NA,NA,FALSE,TRUE
2022-ORPRD-000360,0.75,Class B,2022-07-14T00:11:00Z,23.383333333333333,NA,NA,WF,0,2022,NA,NA,FALSE,TRUE
2022-ORVAD-000115,0.1,Class A,2022-09-01T18:00:00Z,716.3,NA,NA,WF,0,2022,NA,NA,FALSE,TRUE
2022-OROCF-000618,0.1,Class A,2022-08-11T22:41:00Z,50.35777777777778,NA,NA,WF,0,2022,NA,NA,FALSE,TRUE
2022-ORWIF-220363,0.1,Class A,2022-09-06T20:49:00Z,68.8625,NA,NA,WF,0,2022,NA,NA,FALSE,TRUE
2022-ORRSF-000317,0.1,Class A,2022-09-13T17:32:00Z,98.25,NA,NA,WF,0,2022,NA,NA,FALSE,TRUE
2022-ORNOD-220220,0.1,Class A,NA,NA,NA,NA,WF,0,2022,NA,NA,FALSE,TRUE
2020-ORLAD-200214,2.3,Class B,NA,NA,NA,NA,WF,0,2020,NA,NA,FALSE,TRUE
2022-ORMAF-022102,3,Class B,2022-07-21T20:35:00Z,201.2511111111111,NA,NA,WF,0,2022,NA,NA,FALSE,TRUE
2022-ORFWF-220243,0.71,Class B,2022-08-09T17:29:00Z,138.82833333333335,NA,NA,WF,0,2022,NA,NA,FALSE,TRUE
2022-ORUPF-000334,0.2,Class A,2022-08-22T19:58:00Z,91.01916666666666,NA,NA,WF,0,2022,NA,NA,FALSE,TRUE
2022-ORWWF-000344,0.1,Class A,2022-08-27T20:44:00Z,103.40944444444445,NA,NA,WF,0,2022,NA,NA,FALSE,TRUE
2021-ORROD-000039,0.1,Class A,NA,NA,NA,NA,WF,0,2021,NA,NA,FALSE,TRUE
2022-ORDEF-000184,0.25,Class A,2022-06-03T19:00:00Z,92.15,NA,NA,WF,0,2022,NA,NA,FALSE,TRUE
2022-OR981S-220149,0.1,Class A,2022-06-26T19:04:00Z,18.833333333333332,NA,NA,WF,0,2022,NA,NA,FALSE,TRUE
2022-ORRSF-000119,0.25,Class A,2022-07-30T16:58:00Z,65.01694444444445,NA,NA,WF,0,2022,NA,NA,FALSE,TRUE
2022-ORFWF-220244,0.16,Class A,2022-08-08T00:10:00Z,96.71833333333332,NA,NA,WF,0,2022,NA,NA,FALSE,TRUE
2022-ORWIF-220252,0.1,Class A,2022-08-12T19:20:00Z,66.34277777777778,NA,NA,WF,0,2022,NA,NA,FALSE,TRUE
2022-ORWWF-000351,0.1,Class A,2022-09-19T16:33:00Z,646.2666666666667,Type 1 Incident,1,WF,0,2022,NA,NA,FALSE,TRUE
2022-ORMAF-022264,0.25,Class A,2022-09-25T21:08:00Z,264.97194444444443,NA,NA,WF,0,2022,NA,NA,FALSE,TRUE
2022-ORNOD-220157,0.1,Class A,2022-07-27T13:46:00Z,0.7666666666666667,NA,NA,WF,0,2022,NA,NA,FALSE,TRUE
2022-ORRSF-000378,0.1,Class A,2022-10-24T17:43:00Z,147.9,NA,NA,WF,0,2022,NA,NA,FALSE,TRUE
2020-ORCLP-200325,0.1,Class A,2020-08-15T15:58:00Z,38.983333333333334,NA,NA,WF,0,2020,NA,NA,FALSE,TRUE
2021-ORPRD-000385,0.1,Class A,2021-06-29T00:28:00Z,95.23333333333332,NA,NA,WF,0,2021,NA,NA,FALSE,TRUE
2021-ORCBD-000260,0.1,Class A,2021-07-04T16:30:00Z,4.5,NA,NA,WF,0,2021,NA,NA,FALSE,TRUE
2022-ORWIF-220188,0.5,Class B,2022-08-31T21:05:00Z,716.7522222222223,NA,NA,WF,0,2022,NA,NA,FALSE,TRUE
2022-ORUMF-000242,0.1,Class A,NA,NA,NA,NA,WF,0,2022,NA,NA,FALSE,TRUE
2022-ORWIF-220246,0.1,Class A,2022-08-31T21:05:00Z,527.3066666666666,NA,NA,WF,0,2022,NA,NA,FALSE,TRUE
2022-ORWWF-000378,0.1,Class A,2022-08-26T17:30:00Z,23.10472222222222,NA,NA,WF,0,2022,NA,NA,FALSE,TRUE
2022-ORWIF-220400,0.1,Class A,2022-09-23T19:56:00Z,87.40916666666666,NA,NA,WF,0,2022,NA,NA,FALSE,TRUE
2020-OR971S-001054,0.1,Class A,2020-09-03T19:18:00Z,18.119722222222222,NA,NA,WF,0,2020,NA,NA,FALSE,TRUE
2022-ORPRD-000305,0.1,Class A,2022-07-08T20:15:00Z,136.9,NA,NA,WF,0,2022,NA,NA,FALSE,TRUE
2022-ORWWF-000480,0.5,Class B,2022-09-17T19:45:00Z,65.24916666666667,NA,NA,WF,0,2022,NA,NA,FALSE,TRUE
2020-ORNOD-200518,0.1,Class A,2020-10-08T19:00:00Z,71.95,NA,NA,WF,0,2020,NA,NA,FALSE,TRUE
2020-ORMED-000079,0.1,Class A,2020-05-24T00:00:00Z,319,NA,NA,WF,0,2020,NA,NA,FALSE,TRUE
2020-ORJEFN-000213,0.5,Class B,NA,NA,NA,NA,WF,0,2020,NA,NA,FALSE,TRUE
2021-OR952S-021212,0.85,Class B,2021-07-12T21:48:00Z,93.64861111111112,NA,NA,WF,0,2021,NA,NA,FALSE,TRUE
2022-ORDEF-000648,0.1,Class A,2022-08-13T02:49:00Z,77.0411111111111,NA,NA,WF,0,2022,NA,NA,FALSE,TRUE
2022-ORFWF-220288,0.1,Class A,2022-08-13T17:00:00Z,89.63361111111111,NA,NA,WF,0,2022,NA,NA,FALSE,TRUE
2022-ORMAF-022241,2.93,Class B,2022-09-17T18:16:00Z,230.36805555555551,NA,NA,WF,0,2022,NA,NA,FALSE,TRUE
2021-ORPRD-000740,0.1,Class A,2021-09-05T21:54:00Z,812.5333333333333,NA,NA,WF,0,2021,NA,NA,FALSE,TRUE
2022-ORFWF-220264,0.1,Class A,2022-08-15T21:00:00Z,166.94833333333332,NA,NA,WF,0,2022,NA,NA,FALSE,TRUE
2022-ORDEF-000182,0.1,Class A,2022-05-30T21:45:00Z,1.75,NA,NA,WF,0,2022,NA,NA,FALSE,TRUE
2022-ORMAF-022146,0.1,Class A,2022-08-07T22:40:00Z,76.1288888888889,NA,NA,WF,0,2022,NA,NA,FALSE,TRUE
2022-ORPRD-000675,0.1,Class A,2022-10-26T17:14:00Z,1862.5833333333333,NA,NA,WF,0,2022,NA,NA,FALSE,TRUE
2022-ORWIF-220235,0.1,Class A,2022-08-19T17:34:00Z,238.35611111111112,NA,NA,WF,0,2022,NA,NA,FALSE,TRUE
2022-ORNOD-220384,0.1,Class A,2022-09-11T21:14:00Z,4.116666666666666,NA,NA,WF,0,2022,NA,NA,FALSE,TRUE
2020-OR955S-000028,7.5,Class B,NA,NA,NA,NA,WF,0,2020,NA,NA,FALSE,TRUE
2021-ORLAD-210397,0.1,Class A,2021-08-15T19:13:00Z,235.35,NA,NA,WF,0,2021,NA,NA,FALSE,TRUE
2022-ORCGF-000714,0.1,Class A,2022-08-09T01:02:00Z,48.03916666666667,NA,NA,WF,0,2022,NA,NA,FALSE,TRUE
2022-ORMAF-022187,0.1,Class A,2022-08-22T16:54:00Z,42.8425,NA,NA,WF,0,2022,NA,NA,FALSE,TRUE
2022-ORWIF-220245,0.25,Class A,2022-08-12T22:47:00Z,73.10027777777778,NA,NA,WF,0,2022,NA,NA,FALSE,TRUE
2022-ORWIF-220404,0.25,Class A,2022-10-05T23:52:00Z,344.31138888888887,NA,NA,WF,0,2022,NA,NA,FALSE,TRUE
2021-OR981S-210340,2.7,Class B,NA,NA,NA,NA,WF,0,2021,NA,NA,FALSE,TRUE
2021-ORMED-000353,0.3,Class B,2021-08-05T20:00:00Z,69,NA,NA,WF,0,2021,NA,NA,FALSE,TRUE
2022-ORLAD-220251,0.1,Class A,2022-08-14T21:45:00Z,232.3,NA,NA,WF,0,2022,NA,NA,FALSE,TRUE
2022-ORWIF-220364,0.1,Class A,2022-11-02T20:15:00Z,1421.2077777777777,NA,NA,WF,0,2022,NA,NA,FALSE,TRUE
2021-ORCLP-210347,0.3,Class B,2021-07-29T16:05:00Z,70.55,NA,NA,WF,0,2021,NA,NA,FALSE,TRUE
2021-ORMED-000281,0.1,Class A,2021-08-01T20:00:00Z,64.83333333333333,NA,NA,WF,0,2021,NA,NA,FALSE,TRUE
2022-OROCF-000239,0.1,Class A,2022-06-15T18:44:00Z,3.8152777777777778,NA,NA,WF,0,2022,NA,NA,FALSE,TRUE
2022-ORDEF-000590,0.1,Class A,2022-08-11T20:55:00Z,51.14416666666666,NA,NA,WF,0,2022,NA,NA,FALSE,TRUE
2022-ORWIF-220226,0.1,Class A,2022-08-31T21:05:00Z,531.5511111111111,NA,NA,WF,0,2022,NA,NA,FALSE,TRUE
2021-ORLAD-210192,0.1,Class A,2021-06-05T20:11:00Z,64.16666666666667,NA,NA,WF,0,2021,NA,NA,FALSE,TRUE
2022-ORDEF-000710,0.25,Class A,2022-08-15T23:01:00Z,117.10138888888888,NA,NA,WF,0,2022,NA,NA,FALSE,TRUE
2020-OR955S-000627,0.1,Class A,2020-08-12T02:17:00Z,0.08305555555555555,NA,NA,WF,0,2020,NA,NA,FALSE,TRUE
2022-ORPRD-000060,0.1,Class A,2022-05-24T15:59:00Z,2038.3333333333333,NA,NA,WF,0,2022,NA,NA,FALSE,TRUE
2022-ORWIF-220334,0.1,Class A,2022-11-02T20:15:00Z,1645.6833333333334,NA,NA,WF,0,2022,NA,NA,FALSE,TRUE
2022-ORMAF-002385,0.1,Class A,2022-11-15T19:00:00Z,337.6166666666667,NA,NA,WF,0,2022,NA,NA,FALSE,TRUE
2020-ORCLP-200328,0.1,Class A,2020-08-15T15:53:00Z,22.083333333333332,NA,NA,WF,0,2020,NA,NA,FALSE,TRUE
2022-ORFWF-220161,0.1,Class A,2022-07-08T21:11:00Z,125.28333333333332,NA,NA,WF,0,2022,NA,NA,FALSE,TRUE
2022-ORRSF-000217,0.1,Class A,2022-08-23T18:55:00Z,122.33083333333332,NA,NA,WF,0,2022,NA,NA,FALSE,TRUE
2022-ORRSF-000301,0.1,Class A,2022-09-06T18:30:00Z,73.4,NA,NA,WF,0,2022,NA,NA,FALSE,TRUE
2022-OROCF-000969,0.25,Class A,2022-10-17T20:30:00Z,288.8,NA,NA,WF,0,2022,NA,NA,FALSE,TRUE
2022-ORWWF-000188,0.7,Class B,2022-08-25T19:00:00Z,593.7069444444444,NA,NA,WF,0,2022,NA,NA,FALSE,TRUE
2022-ORUPF-000261,0.1,Class A,2022-08-08T19:31:00Z,147.3141666666667,NA,NA,WF,0,2022,NA,NA,FALSE,TRUE
2022-ORPRD-000622,0.1,Class A,2022-08-10T20:07:00Z,23.533333333333335,NA,NA,WF,0,2022,NA,NA,FALSE,TRUE
2022-ORDEF-001011,0.1,Class A,2022-10-25T17:43:00Z,94.18333333333334,NA,NA,WF,0,2022,NA,NA,FALSE,TRUE
2022-OROCF-000293,0.1,Class A,NA,NA,NA,NA,WF,0,2022,NA,NA,FALSE,TRUE
2022-ORUMF-000342,0.89,Class B,2022-08-26T00:06:00Z,72.82527777777777,NA,NA,WF,0,2022,NA,NA,FALSE,TRUE
2020-ORCLP-200241,0.25,Class A,2020-07-30T21:07:00Z,70.01666666666667,NA,NA,WF,0,2020,NA,NA,FALSE,TRUE
2022-ORCLP-220210,0.75,Class B,2022-08-03T22:00:00Z,51.5,NA,NA,WF,0,2022,NA,NA,FALSE,TRUE
2022-ORWIF-220241,0.1,Class A,2022-08-31T21:05:00Z,528.4194444444445,NA,NA,WF,0,2022,NA,NA,FALSE,TRUE
2022-OR981S-220355,0.1,Class A,2022-09-14T20:39:00Z,168.10305555555556,NA,NA,WF,0,2022,NA,NA,FALSE,TRUE
2022-ORMAF-022274,0.25,Class A,2022-09-18T17:47:00Z,67.65305555555555,NA,NA,WF,0,2022,NA,NA,FALSE,TRUE
2022-ORMAF-022292,0.25,Class A,2022-09-24T02:27:00Z,30.92944444444445,NA,NA,WF,0,2022,NA,NA,FALSE,TRUE
2022-OROCF-000947,0.1,Class A,2022-09-26T16:05:00Z,1.2,NA,NA,WF,0,2022,NA,NA,FALSE,TRUE
2021-ORROD-000470,0.5,Class B,2021-08-20T19:00:00Z,449,NA,NA,WF,0,2021,NA,NA,FALSE,TRUE
2022-ORDEF-000382,0.1,Class A,2022-07-16T23:45:00Z,0.55,NA,NA,WF,0,2022,NA,NA,FALSE,TRUE
2022-ORPRD-000703,0.1,Class A,2022-08-16T22:55:00Z,145.05,NA,NA,WF,0,2022,NA,NA,FALSE,TRUE
2022-ORDEF-000463,0.1,Class A,2022-07-30T16:25:00Z,1.6333333333333333,NA,NA,WF,0,2022,NA,NA,FALSE,TRUE
2022-ORMAF-002302,0.1,Class A,2022-08-03T20:04:00Z,28.21527777777778,NA,NA,WF,0,2022,NA,NA,FALSE,TRUE
2022-ORDEF-000536,0.1,Class A,2022-08-23T15:26:00Z,494.5366666666667,NA,NA,WF,0,2022,NA,NA,FALSE,TRUE
2020-OR955S-000643,0.1,Class A,2020-08-25T22:38:00Z,243.26666666666668,NA,NA,WF,0,2020,NA,NA,FALSE,TRUE
2021-ORROD-000106,1.5,Class B,2021-06-10T18:00:00Z,733,NA,NA,WF,0,2021,NA,NA,FALSE,TRUE
2022-ORFWF-220200,1.16,Class B,2022-08-10T17:21:00Z,228.73444444444445,NA,NA,WF,0,2022,NA,NA,FALSE,TRUE
2020-ORNOD-200139,0.1,Class A,NA,NA,NA,NA,WF,0,2020,NA,NA,FALSE,TRUE
2022-ORDEF-000285,0.1,Class A,2022-07-02T21:21:00Z,1.0166666666666666,NA,NA,WF,0,2022,NA,NA,FALSE,TRUE
2022-ORDEF-000580,0.1,Class A,2022-08-22T23:42:00Z,318.715,NA,NA,WF,0,2022,NA,NA,FALSE,TRUE
2022-ORDEF-000610,0.1,Class A,2022-08-11T01:16:00Z,29.753611111111113,NA,NA,WF,0,2022,NA,NA,FALSE,TRUE
2021-ORCBD-000159,0.1,Class A,NA,NA,NA,NA,WF,0,2021,NA,NA,FALSE,TRUE
2021-ORPRD-000396,0.1,Class A,2021-06-26T17:36:00Z,1.2166666666666666,NA,NA,WF,0,2021,NA,NA,FALSE,TRUE
2022-ORDEF-000348,0.1,Class A,2022-07-11T20:26:00Z,29.45,NA,NA,WF,0,2022,NA,NA,FALSE,TRUE
2022-ORSUF-220181,0.1,Class A,2022-08-02T18:08:00Z,23.5725,NA,NA,WF,0,2022,NA,NA,FALSE,TRUE
2022-ORMAF-002362,0.1,Class A,2022-09-17T22:30:00Z,32.382777777777775,NA,NA,WF,0,2022,NA,NA,FALSE,TRUE
2021-ORMED-000359,0.1,Class A,NA,NA,NA,NA,WF,0,2021,NA,NA,FALSE,TRUE
2022-OR955S-000069,0.25,Class A,2022-04-11T15:58:00Z,449.6,NA,NA,WF,0,2022,NA,NA,FALSE,TRUE
2022-ORDEF-000127,0.1,Class A,2022-05-05T19:00:00Z,22.883333333333333,NA,NA,WF,0,2022,NA,NA,FALSE,TRUE
2022-ORWIF-220195,0.5,Class B,2022-08-31T21:05:00Z,715.65,NA,NA,WF,0,2022,NA,NA,FALSE,TRUE
2022-ORMED-000218,0.5,Class B,2022-08-31T21:00:00Z,332.48333333333335,NA,NA,WF,0,2022,NA,NA,FALSE,TRUE
2022-ORRSF-000224,0.25,Class A,2022-08-21T03:59:02Z,74.85055555555556,NA,NA,WF,0,2022,NA,NA,FALSE,TRUE
2022-ORFWF-220376,0.1,Class A,2022-09-23T22:10:00Z,140.68694444444444,NA,NA,WF,0,2022,NA,NA,FALSE,TRUE
2020-ORBENN-000824,0.1,Class A,2020-09-01T18:35:00Z,0.2833333333333333,NA,NA,WF,0,2020,NA,NA,FALSE,TRUE
2021-ORPRD-000721,0.1,Class A,2021-08-27T17:53:00Z,597.4166666666666,NA,NA,WF,0,2021,NA,NA,FALSE,TRUE
2022-ORDEF-000288,0.1,Class A,2022-07-05T18:04:00Z,67.81722222222223,NA,NA,WF,0,2022,NA,NA,FALSE,TRUE
2022-ORMED-000323,0.1,Class A,2022-09-22T00:00:00Z,343.43333333333334,NA,NA,WF,0,2022,NA,NA,FALSE,TRUE
2020-ORLAD-200229,0.1,Class A,2020-08-03T20:11:00Z,185.43333333333337,NA,NA,WF,0,2020,NA,NA,FALSE,TRUE
2021-ORCLP-210351,1.9,Class B,2021-09-14T18:20:00Z,1194.0166666666669,NA,NA,WF,0,2021,NA,NA,FALSE,TRUE
2022-ORUMF-022222,0.1,Class A,2022-08-30T21:18:00Z,49.833333333333336,NA,NA,WF,0,2022,NA,NA,FALSE,TRUE
2021-ORMED-000097,0.1,Class A,2021-05-25T15:00:00Z,62,NA,NA,WF,0,2021,NA,NA,FALSE,TRUE
2022-ORUPF-000246,0.25,Class A,2022-08-07T19:12:00Z,161.32444444444445,NA,NA,WF,0,2022,NA,NA,FALSE,TRUE
2022-OR981S-220301,8.4,Class B,2022-08-28T23:29:00Z,433.5,NA,NA,WF,0,2022,NA,NA,FALSE,TRUE
2022-ORFWF-220383,0.16,Class A,2022-09-25T22:04:00Z,144.0641666666667,NA,NA,WF,0,2022,NA,NA,FALSE,TRUE
2022-ORDEF-000980,0.1,Class A,2022-10-17T20:59:00Z,194.45,NA,NA,WF,0,2022,NA,NA,FALSE,TRUE
2020-ORPRD-000117,0.1,Class A,2020-05-09T19:50:00Z,72.55,NA,NA,WF,0,2020,NA,NA,FALSE,TRUE
2021-ORPRD-000268,0.1,Class A,2021-07-05T22:35:00Z,769.4166666666666,NA,NA,WF,0,2021,NA,NA,FALSE,TRUE
2021-OR982S-210442,0.1,Class A,2021-09-06T21:35:00Z,73.8,NA,NA,WF,0,2021,NA,NA,FALSE,TRUE
2021-ORROD-000559,0.1,Class A,2021-09-11T00:00:00Z,726.8666666666667,NA,NA,WF,0,2021,NA,NA,FALSE,TRUE
2022-ORPRD-000309,0.1,Class A,2022-07-08T21:20:00Z,125.33333333333331,NA,NA,WF,0,2022,NA,NA,FALSE,TRUE
2022-ORUMF-000506,0.47,Class B,2022-11-08T23:27:00Z,1103.293888888889,NA,NA,WF,0,2022,NA,NA,FALSE,TRUE
2022-ORDEF-001010,0.1,Class A,2022-10-31T21:11:00Z,260.96666666666664,NA,NA,WF,0,2022,NA,NA,FALSE,TRUE
2020-ORJEFN-000445,0.1,Class A,NA,NA,NA,NA,WF,0,2020,NA,NA,FALSE,TRUE
2022-ORWWF-000274,0.25,Class A,2022-08-30T23:00:00Z,239.77,NA,NA,WF,0,2022,NA,NA,FALSE,TRUE
2022-ORPRD-000968,0.1,Class A,NA,NA,NA,NA,WF,0,2022,NA,NA,FALSE,TRUE
2020-ORLAD-200388,0.1,Class A,2020-09-20T18:59:00Z,549.0833333333334,NA,NA,WF,0,2020,NA,NA,FALSE,TRUE
2021-ORDS2N-000620,0.1,Class A,NA,NA,NA,NA,WF,0,2021,NA,NA,FALSE,TRUE
2021-ORNOD-210204,0.2,Class A,2021-07-03T18:00:00Z,3.5,NA,NA,WF,0,2021,NA,NA,FALSE,TRUE
2021-ORROD-000041,0.1,Class A,NA,NA,NA,NA,WF,0,2021,NA,NA,FALSE,TRUE
2022-ORPRD-000169,0.1,Class A,2022-06-02T17:40:00Z,209.83333333333337,NA,NA,WF,0,2022,NA,NA,FALSE,TRUE
2022-ORMHF-000619,0.1,Class A,2022-07-30T19:35:00Z,1.0833333333333333,NA,NA,WF,0,2022,NA,NA,FALSE,TRUE
2022-ORMHF-000996,0.1,Class A,2022-08-31T23:51:00Z,75.75,NA,NA,WF,0,2022,NA,NA,FALSE,TRUE
2020-OR951S-000493,4,Class B,2020-08-06T22:40:00Z,236.93333333333337,NA,NA,WF,0,2020,NA,NA,FALSE,TRUE
2020-ORBENN-000102,0.1,Class A,NA,NA,NA,NA,WF,0,2020,NA,NA,FALSE,TRUE
2021-ORROD-000136,0.1,Class A,2021-07-01T19:00:00Z,914.2,NA,NA,WF,0,2021,NA,NA,FALSE,TRUE
2022-ORMHF-000792,0.1,Class A,2022-08-11T22:40:00Z,2.5166666666666666,NA,NA,WF,0,2022,NA,NA,FALSE,TRUE
2022-ORSUF-220333,0.1,Class A,2022-08-25T23:05:00Z,4.683333333333334,NA,NA,WF,0,2022,NA,NA,FALSE,TRUE
2020-ORLAD-200296,0.1,Class A,2020-08-29T00:02:00Z,528.4333333333333,NA,NA,WF,0,2020,NA,NA,FALSE,TRUE
2022-ORDEF-000243,0.1,Class A,2022-06-17T17:15:00Z,2.1666666666666665,NA,NA,WF,0,2022,NA,NA,FALSE,TRUE
2022-ORFWF-220314,0.1,Class A,2022-08-18T22:08:00Z,46.325833333333335,NA,NA,WF,0,2022,NA,NA,FALSE,TRUE
2021-OR955S-000699,0.1,Class A,2021-08-05T19:58:00Z,148.76694444444445,NA,NA,WF,0,2021,NA,NA,FALSE,TRUE
2022-ORMED-000074,0.1,Class A,2022-06-20T22:56:00Z,240.93333333333337,NA,NA,WF,0,2022,NA,NA,FALSE,TRUE
2022-ORDEF-000383,0.1,Class A,2022-07-17T23:11:00Z,5,NA,NA,WF,0,2022,NA,NA,FALSE,TRUE
2022-ORRSF-000216,0.25,Class A,2022-08-23T20:46:00Z,124.68472222222222,NA,NA,WF,0,2022,NA,NA,FALSE,TRUE
2022-ORMAF-022263,0.1,Class A,2022-09-19T21:12:00Z,121.08,NA,NA,WF,0,2022,NA,NA,FALSE,TRUE
2022-ORDEF-000996,0.1,Class A,2022-10-15T23:46:00Z,2.2333333333333334,NA,NA,WF,0,2022,NA,NA,FALSE,TRUE
2020-ORMED-000228,0.1,Class A,2020-08-07T19:00:00Z,280.3666666666667,NA,NA,WF,0,2020,NA,NA,FALSE,TRUE
2022-ORDEF-000257,0.1,Class A,2022-06-25T19:07:00Z,80.48333333333333,NA,NA,WF,0,2022,NA,NA,FALSE,TRUE
2022-OR991S-000692,0.1,Class A,2022-08-12T17:56:00Z,48.53666666666667,NA,NA,WF,0,2022,NA,NA,FALSE,TRUE
2022-ORRSF-000361,7.36,Class B,2022-10-10T19:28:00Z,171.13333333333333,NA,NA,WF,0,2022,NA,NA,FALSE,TRUE
2020-OR973S-000099,2,Class B,2020-04-10T07:00:00Z,32.18333333333333,NA,NA,WF,0,2020,NA,NA,FALSE,TRUE
2020-ORMED-000295,0.1,Class A,2020-08-21T17:00:00Z,250,NA,NA,WF,0,2020,NA,NA,FALSE,TRUE
2020-OR952S-020227,0.1,Class A,2020-08-23T18:23:00Z,145.96555555555557,NA,NA,WF,0,2020,NA,NA,FALSE,TRUE
2020-ORPRD-000428,1,Class B,NA,NA,NA,NA,WF,0,2020,NA,NA,FALSE,TRUE
2020-ORBUD-002139,0.1,Class A,2020-09-10T21:00:00Z,314.1333333333333,NA,NA,WF,0,2020,NA,NA,FALSE,TRUE
2022-ORWIF-220229,0.1,Class A,2022-08-11T20:19:00Z,50.53694444444445,NA,NA,WF,0,2022,NA,NA,FALSE,TRUE
2022-ORRSF-000363,0.1,Class A,2022-10-06T17:50:00Z,68.95,NA,NA,WF,0,2022,NA,NA,FALSE,TRUE
2022-ORWWF-000537,0.1,Class A,NA,NA,NA,NA,WF,0,2022,NA,NA,FALSE,TRUE
2021-ORPRD-000260,0.1,Class A,2021-07-05T21:52:00Z,774.9833333333333,NA,NA,WF,0,2021,NA,NA,FALSE,TRUE
2022-ORRSF-000085,0.1,Class A,2022-07-05T01:00:00Z,29.16861111111111,NA,NA,WF,0,2022,NA,NA,FALSE,TRUE
2022-OR951S-000330,0.1,Class A,2022-07-11T19:18:00Z,165.86833333333334,NA,NA,WF,0,2022,NA,NA,FALSE,TRUE
2022-ORCGF-000462,0.1,Class A,2022-07-12T20:12:00Z,17.35,NA,NA,WF,0,2022,NA,NA,FALSE,TRUE
2022-ORWIF-220231,1,Class B,2022-08-15T15:28:00Z,141.195,NA,NA,WF,0,2022,NA,NA,FALSE,TRUE
2022-ORCLP-220337,0.1,Class A,2022-09-24T16:52:00Z,617.05,NA,NA,WF,0,2022,NA,NA,FALSE,TRUE
2021-ORVAD-000117,1,Class B,2021-08-01T06:00:00Z,676.3666666666667,NA,NA,WF,0,2021,NA,NA,FALSE,TRUE
2021-ORLAD-210400,0.1,Class A,2021-08-10T22:30:00Z,117.16666666666669,NA,NA,WF,0,2021,NA,NA,FALSE,TRUE
2021-ORVAD-000198,8.5,Class B,2021-08-20T16:40:00Z,334.71666666666664,NA,NA,WF,0,2021,NA,NA,FALSE,TRUE
2022-ORUMF-022055,0.1,Class A,2022-05-19T16:30:00Z,73.48333333333333,NA,NA,WF,0,2022,NA,NA,FALSE,TRUE
2022-ORMED-000174,0.1,Class A,2022-08-16T02:00:00Z,321.78333333333336,NA,NA,WF,0,2022,NA,NA,FALSE,TRUE
2022-ORDEF-000915,0.1,Class A,2022-09-20T18:45:00Z,164.45,NA,NA,WF,0,2022,NA,NA,FALSE,TRUE
2022-ORUPF-000388,0.1,Class A,2022-09-26T00:07:00Z,150.05194444444444,NA,NA,WF,0,2022,NA,NA,FALSE,TRUE
2022-ORMED-000392,0.1,Class A,2022-11-11T22:00:00Z,315.56666666666666,NA,NA,WF,0,2022,NA,NA,FALSE,TRUE
2021-OR955S-000138,0.1,Class A,NA,NA,NA,NA,WF,0,2021,NA,NA,FALSE,TRUE
2021-ORLAD-210244,0.1,Class A,2021-06-25T21:39:00Z,73.45,NA,NA,WF,0,2021,NA,NA,FALSE,TRUE
2021-ORMED-000390,0.5,Class B,NA,NA,NA,NA,WF,0,2021,NA,NA,FALSE,TRUE
2022-ORUPF-000245,0.1,Class A,2022-08-01T19:07:00Z,17.44527777777778,NA,NA,WF,0,2022,NA,NA,FALSE,TRUE
2022-ORPRD-000530,0.25,Class A,2022-08-11T18:15:00Z,212.95,NA,NA,WF,0,2022,NA,NA,FALSE,TRUE
2021-ORLAD-210372,0.82,Class B,2021-08-14T21:13:00Z,377.4,NA,NA,WF,0,2021,NA,NA,FALSE,TRUE
2021-ORMED-000346,0.1,Class A,2021-08-04T20:00:00Z,69,NA,NA,WF,0,2021,NA,NA,FALSE,TRUE
2022-ORWWF-000460,0.1,Class A,2022-09-16T22:02:00Z,54.004444444444445,NA,NA,WF,0,2022,NA,NA,FALSE,TRUE
2022-ORRSF-000208,0.75,Class B,2022-08-21T16:00:00Z,86.04472222222222,NA,NA,WF,0,2022,NA,NA,FALSE,TRUE
2022-OR971S-000347,1.25,Class B,2022-09-06T20:10:00Z,341.1225,NA,NA,WF,0,2022,NA,NA,FALSE,TRUE
2021-ORBUD-002269,0.1,Class A,2021-09-15T18:34:00Z,24.266666666666666,NA,NA,WF,0,2021,NA,NA,FALSE,TRUE
2022-ORBENN-000059,0.1,Class A,NA,NA,NA,NA,WF,0,2022,NA,NA,FALSE,TRUE
2022-ORMED-000258,0.1,Class A,2022-08-31T00:00:00Z,312,NA,NA,WF,0,2022,NA,NA,FALSE,TRUE
2020-OR991S-000133,0.1,Class A,NA,NA,NA,NA,WF,0,2020,NA,NA,FALSE,TRUE
2021-ORBENN-000239,0.1,Class A,NA,NA,NA,NA,WF,0,2021,NA,NA,FALSE,TRUE
2022-OR972S-000215,0.1,Class A,2022-08-16T17:47:00Z,160.91722222222222,NA,NA,WF,0,2022,NA,NA,FALSE,TRUE
2022-ORPRD-000761,2,Class B,2022-08-25T18:11:00Z,194.88333333333333,NA,NA,WF,0,2022,NA,NA,FALSE,TRUE
2022-ORWWF-000356,0.1,Class A,2022-08-27T20:25:00Z,91.98972222222224,NA,NA,WF,0,2022,NA,NA,FALSE,TRUE
2020-ORPRD-001044,0.1,Class A,NA,NA,NA,NA,WF,0,2020,NA,NA,FALSE,TRUE
2021-OR981S-210143,6,Class B,2021-05-31T17:48:00Z,764.2666666666667,NA,NA,WF,0,2021,NA,NA,FALSE,TRUE
2021-ORLAD-210256,0.1,Class A,NA,NA,NA,NA,WF,0,2021,NA,NA,FALSE,TRUE
2021-OR955S-000421,0.1,Class A,2021-07-07T19:54:00Z,191.9725,NA,NA,WF,0,2021,NA,NA,FALSE,TRUE
2021-OR955S-000523,0.1,Class A,2021-07-08T23:45:00Z,74.81666666666666,NA,NA,WF,0,2021,NA,NA,FALSE,TRUE
2021-ORBUD-002260,0.1,Class A,2021-09-06T18:06:00Z,1.1333333333333333,NA,NA,WF,0,2021,NA,NA,FALSE,TRUE
2022-ORCGF-000574,0.1,Class A,2022-07-27T01:10:00Z,28.298055555555557,NA,NA,WF,0,2022,NA,NA,FALSE,TRUE
2022-ORDEF-000631,0.1,Class A,2022-08-11T20:55:00Z,47.97611111111111,NA,NA,WF,0,2022,NA,NA,FALSE,TRUE
2022-ORDEF-000711,0.25,Class A,2022-08-14T21:35:00Z,91.54527777777778,NA,NA,WF,0,2022,NA,NA,FALSE,TRUE
2020-ORMED-000202,0.1,Class A,2020-08-03T00:00:00Z,309.8333333333333,NA,NA,WF,0,2020,NA,NA,FALSE,TRUE
2021-ORVAD-000080,4,Class B,2021-08-01T18:00:00Z,956.7833333333332,NA,NA,WF,0,2021,NA,NA,FALSE,TRUE
2021-OR972S-000951,2.1,Class B,2021-08-20T00:12:00Z,337.8258333333333,NA,NA,WF,0,2021,NA,NA,FALSE,TRUE
2022-ORUPF-000267,0.1,Class A,2022-08-03T20:04:00Z,25.47111111111111,NA,NA,WF,0,2022,NA,NA,FALSE,TRUE
2022-ORWIF-220394,0.1,Class A,2022-09-18T19:52:00Z,4.368888888888889,NA,NA,WF,0,2022,NA,NA,FALSE,TRUE
2022-ORMAF-002335,1.25,Class B,2022-09-11T20:45:00Z,527.8791666666667,NA,NA,WF,0,2022,NA,NA,FALSE,TRUE
2022-ORUPF-000362,0.1,Class A,2022-09-13T19:35:00Z,148.89555555555555,NA,NA,WF,0,2022,NA,NA,FALSE,TRUE
2020-OR954S-000333,0.25,Class A,NA,NA,NA,NA,WF,0,2020,NA,NA,FALSE,TRUE
2020-OR551S-200433,2,Class B,NA,NA,NA,NA,WF,0,2020,NA,NA,FALSE,TRUE
2020-OR981S-200113,0.1,Class A,NA,NA,NA,NA,WF,0,2020,NA,NA,FALSE,TRUE
2021-ORCFRN-000351,0.1,Class A,2021-06-22T21:12:00Z,18.783333333333335,NA,NA,WF,0,2021,NA,NA,FALSE,TRUE
2022-OR991S-000167,0.1,Class A,NA,NA,NA,NA,WF,0,2022,NA,NA,FALSE,TRUE
2022-ORDEF-000291,0.1,Class A,2022-07-08T21:10:00Z,142.06055555555557,NA,NA,WF,0,2022,NA,NA,FALSE,TRUE
2022-ORDEF-000482,0.1,Class A,2022-08-03T18:24:00Z,66.88916666666667,NA,NA,WF,0,2022,NA,NA,FALSE,TRUE
2022-ORMED-000168,0.1,Class A,2022-08-16T02:00:00Z,312.6,NA,NA,WF,0,2022,NA,NA,FALSE,TRUE
2022-OROCF-000721,0.1,Class A,2022-08-25T20:09:00Z,331.20416666666665,NA,NA,WF,0,2022,NA,NA,FALSE,TRUE
2022-OROCF-000873,0.1,Class A,2022-09-13T21:45:00Z,144.53527777777776,NA,NA,WF,0,2022,NA,NA,FALSE,TRUE
2020-OR981S-200110,0.1,Class A,NA,NA,NA,NA,WF,0,2020,NA,NA,FALSE,TRUE
2022-ORPRD-000319,0.1,Class A,2022-07-04T18:45:00Z,15,NA,NA,WF,0,2022,NA,NA,FALSE,TRUE
2022-ORRSF-000219,0.1,Class A,2022-08-21T15:26:00Z,70.2275,NA,NA,WF,0,2022,NA,NA,FALSE,TRUE
2022-ORMAF-022190,0.1,Class A,2022-08-24T19:48:00Z,92.51333333333334,NA,NA,WF,0,2022,NA,NA,FALSE,TRUE
2020-ORMED-000220,0.3,Class B,NA,NA,NA,NA,WF,0,2020,NA,NA,FALSE,TRUE
2021-ORPRD-000935,0.1,Class A,2021-09-11T16:31:00Z,94.58333333333331,NA,NA,WF,0,2021,NA,NA,FALSE,TRUE
2022-ORMAF-022225,0.1,Class A,2022-08-29T18:33:00Z,0.01666666666666666,NA,NA,WF,0,2022,NA,NA,FALSE,TRUE
2022-ORREDN-000409,0.1,Class A,NA,NA,NA,NA,WF,0,2022,NA,NA,FALSE,TRUE
2022-ORWIF-220297,0.1,Class A,2022-08-17T15:49:00Z,13.82611111111111,NA,NA,WF,0,2022,NA,NA,FALSE,TRUE
2021-ORCLON-000769,0.1,Class A,2021-08-11T19:05:00Z,139.2,NA,NA,WF,0,2021,NA,NA,FALSE,TRUE
2021-ORMED-000469,0.1,Class A,2021-10-16T22:02:00Z,312.78333333333336,NA,NA,WF,0,2021,NA,NA,FALSE,TRUE
2022-ORMAF-002237,0.1,Class A,2022-06-20T21:00:00Z,676.5,NA,NA,WF,0,2022,NA,NA,FALSE,TRUE
2022-ORWIF-220099,0.1,Class A,2022-06-22T18:07:00Z,88.19777777777777,NA,NA,WF,0,2022,NA,NA,FALSE,TRUE
2022-ORMHF-000341,0.1,Class A,2022-06-29T15:34:00Z,68.78333333333333,NA,NA,WF,0,2022,NA,NA,FALSE,TRUE
2021-ORMED-000078,0.1,Class A,2021-05-25T19:00:00Z,312,NA,NA,WF,0,2021,NA,NA,FALSE,TRUE
2021-ORLAD-210260,0.1,Class A,2021-07-03T20:18:00Z,231.93333333333337,NA,NA,WF,0,2021,NA,NA,FALSE,TRUE
2021-ORPRD-000462,0.1,Class A,2021-07-07T23:16:00Z,162.6,NA,NA,WF,0,2021,NA,NA,FALSE,TRUE
2021-ORCLP-210310,0.1,Class A,NA,NA,NA,NA,WF,0,2021,NA,NA,FALSE,TRUE
2021-ORLAD-210311,0.1,Class A,2021-07-06T21:23:00Z,72.23333333333333,NA,NA,WF,0,2021,NA,NA,FALSE,TRUE
2022-ORPRD-000652,0.1,Class A,NA,NA,NA,NA,WF,0,2022,NA,NA,FALSE,TRUE
2022-ORRSF-000192,0.1,Class A,2022-08-15T17:45:00Z,130.08333333333334,NA,NA,WF,0,2022,NA,NA,FALSE,TRUE
2022-OROCF-000679,0.1,Class A,2022-08-11T20:47:00Z,41.16861111111111,NA,NA,WF,0,2022,NA,NA,FALSE,TRUE
2021-ORLAPN-000222,0.2,Class A,2021-06-02T22:23:00Z,72.68333333333334,NA,NA,WF,0,2021,NA,NA,FALSE,TRUE
2022-ORWWF-000156,0.1,Class A,2022-07-20T19:15:00Z,0.3333333333333333,NA,NA,WF,0,2022,NA,NA,FALSE,TRUE
2022-ORMAF-022147,0.2,Class A,2022-08-06T20:57:00Z,47.49305555555556,NA,NA,WF,0,2022,NA,NA,FALSE,TRUE
2022-ORDEF-000934,0.1,Class A,2022-09-22T18:38:00Z,23.670833333333334,NA,NA,WF,0,2022,NA,NA,FALSE,TRUE
2020-ORLAD-200416,0.1,Class A,2020-09-17T22:55:00Z,55.583333333333336,NA,NA,WF,0,2020,NA,NA,FALSE,TRUE
2020-ORRFPN-000955,0.5,Class B,NA,NA,NA,NA,WF,0,2020,NA,NA,FALSE,TRUE
2022-ORRSF-000117,0.25,Class A,2022-08-04T22:53:00Z,194.55,NA,NA,WF,0,2022,NA,NA,FALSE,TRUE
2022-ORPRD-000513,0.1,Class A,2022-08-03T18:07:19Z,41.655277777777776,NA,NA,WF,0,2022,NA,NA,FALSE,TRUE
2022-ORUPF-000317,1,Class B,2022-08-26T21:34:00Z,213.04888888888888,NA,NA,WF,0,2022,NA,NA,FALSE,TRUE
2021-ORPRD-000681,0.1,Class A,2021-07-31T22:30:00Z,45.78333333333333,NA,NA,WF,0,2021,NA,NA,FALSE,TRUE
2022-ORWWF-000102,0.2,Class A,2022-07-06T00:36:00Z,29.808611111111112,NA,NA,WF,0,2022,NA,NA,FALSE,TRUE
2022-ORWWF-000124,0.1,Class A,2022-07-14T00:59:00Z,20.77694444444445,NA,NA,WF,0,2022,NA,NA,FALSE,TRUE
2022-ORMHF-001090,0.1,Class A,2022-09-05T20:59:00Z,0.23333333333333336,NA,NA,WF,0,2022,NA,NA,FALSE,TRUE
2022-ORWWF-000438,0.1,Class A,2022-09-13T18:52:00Z,119.29833333333332,NA,NA,WF,0,2022,NA,NA,FALSE,TRUE
2022-ORDEF-000050,0.25,Class A,2022-02-16T23:52:00Z,171.61666666666667,NA,NA,WF,0,2022,NA,NA,FALSE,TRUE
2022-ORDEF-000735,0.1,Class A,2022-08-14T21:45:00Z,23.199166666666667,NA,NA,WF,0,2022,NA,NA,FALSE,TRUE
2020-ORMED-000087,0.1,Class A,2020-06-13T00:12:00Z,315.2,NA,NA,WF,0,2020,NA,NA,FALSE,TRUE
2021-OR981S-210126,0.63,Class B,2021-04-21T14:04:00Z,182.13333333333333,NA,NA,WF,0,2021,NA,NA,FALSE,TRUE
2022-ORMED-000111,0.1,Class A,2022-08-07T23:01:00Z,314.31666666666666,NA,NA,WF,0,2022,NA,NA,FALSE,TRUE
2022-OROCF-000490,0.1,Class A,2022-08-03T20:35:00Z,65.49916666666667,NA,NA,WF,0,2022,NA,NA,FALSE,TRUE
2022-ORWWF-000288,0.1,Class A,2022-08-24T20:33:00Z,76.19527777777778,NA,NA,WF,0,2022,NA,NA,FALSE,TRUE
2020-OR954S-000243,0.1,Class A,2020-07-17T19:49:00Z,571.9333333333333,NA,NA,WF,0,2020,NA,NA,FALSE,TRUE
2021-ORNOD-210068,0.1,Class A,2021-04-03T23:07:00Z,0.7,NA,NA,WF,0,2021,NA,NA,FALSE,TRUE
2022-ORCLP-220312,0.2,Class A,2022-11-07T16:00:00Z,1992.8,NA,NA,WF,0,2022,NA,NA,FALSE,TRUE
2022-ORNOD-220359,0.1,Class A,2022-09-03T02:00:00Z,3.5,NA,NA,WF,0,2022,NA,NA,FALSE,TRUE
2022-ORRSF-000338,0.1,Class A,NA,NA,NA,NA,WF,0,2022,NA,NA,FALSE,TRUE
2021-ORPRD-000332,0.1,Class A,2021-06-23T21:01:00Z,79.88333333333334,NA,NA,WF,0,2021,NA,NA,FALSE,TRUE
2022-ORWIF-220101,0.1,Class A,2022-06-27T21:48:00Z,147.75,NA,NA,WF,0,2022,NA,NA,FALSE,TRUE
2022-ORPRD-000516,0.1,Class A,2022-08-02T17:05:00Z,16.533333333333335,NA,NA,WF,0,2022,NA,NA,FALSE,TRUE
2022-ORUPF-000374,0.75,Class B,2022-09-13T21:52:00Z,121.07777777777778,NA,NA,WF,0,2022,NA,NA,FALSE,TRUE
2021-OR981S-210270,1.4,Class B,2021-07-02T21:22:00Z,188.92638888888888,NA,NA,WF,0,2021,NA,NA,FALSE,TRUE
2021-ORPRD-000468,0.1,Class A,2021-07-05T23:39:00Z,105.95,NA,NA,WF,0,2021,NA,NA,FALSE,TRUE
2022-ORMED-000253,0.2,Class A,2022-08-31T00:00:00Z,312,NA,NA,WF,0,2022,NA,NA,FALSE,TRUE
2020-OR955S-000578,0.1,Class A,2020-08-09T23:00:00Z,91.4775,NA,NA,WF,0,2020,NA,NA,FALSE,TRUE
2021-OR981S-210178,0.1,Class A,2021-06-04T18:48:00Z,132.2,NA,NA,WF,0,2021,NA,NA,FALSE,TRUE
2022-ORMAF-002278,0.1,Class A,2022-07-19T21:07:00Z,74.3,NA,NA,WF,0,2022,NA,NA,FALSE,TRUE
2022-ORWIF-220401,0.25,Class A,2022-11-02T20:15:00Z,1033.1663888888888,NA,NA,WF,0,2022,NA,NA,FALSE,TRUE
2020-ORCLP-200262,0.1,Class A,2020-07-28T16:30:00Z,25,NA,NA,WF,0,2020,NA,NA,FALSE,TRUE
2020-ORLAD-200449,0.1,Class A,2020-11-30T23:12:00Z,318.78333333333336,NA,NA,WF,0,2020,NA,NA,FALSE,TRUE
2021-ORMED-000351,0.1,Class A,2021-08-04T19:00:00Z,62.666666666666664,NA,NA,WF,0,2021,NA,NA,FALSE,TRUE
2022-ORPRD-000122,0.1,Class A,2022-05-03T21:55:00Z,1.7,NA,NA,WF,0,2022,NA,NA,FALSE,TRUE
2022-ORPRD-000370,5.5,Class B,2022-08-17T18:09:00Z,816.1,NA,NA,WF,0,2022,NA,NA,FALSE,TRUE
2022-ORUMF-000358,0.1,Class A,2022-08-26T21:25:00Z,52.32083333333333,NA,NA,WF,0,2022,NA,NA,FALSE,TRUE
2022-ORMAF-022280,1,Class B,2022-09-18T17:56:00Z,42.68333333333333,NA,NA,WF,0,2022,NA,NA,FALSE,TRUE
2022-ORDEF-000970,0.1,Class A,2022-10-08T23:56:00Z,75.7,NA,NA,WF,0,2022,NA,NA,FALSE,TRUE
2021-OR955S-000199,0.1,Class A,NA,NA,NA,NA,WF,0,2021,NA,NA,FALSE,TRUE
2021-ORMED-000220,0.8,Class B,NA,NA,NA,NA,WF,0,2021,NA,NA,FALSE,TRUE
2022-ORMHF-000741,0.1,Class A,2022-08-18T19:25:00Z,219.55805555555557,NA,NA,WF,0,2022,NA,NA,FALSE,TRUE
2022-ORWWF-000463,0.1,Class A,2022-09-16T17:00:00Z,47.431666666666665,NA,NA,WF,0,2022,NA,NA,FALSE,TRUE
2022-ORWWF-000548,0.1,Class A,NA,NA,NA,NA,WF,0,2022,NA,NA,FALSE,TRUE
2022-ORUPF-000264,0.1,Class A,2022-08-16T23:12:00Z,341.0258333333333,NA,NA,WF,0,2022,NA,NA,FALSE,TRUE
2022-ORPRD-000661,0.1,Class A,2022-08-18T00:20:00Z,192.6,NA,NA,WF,0,2022,NA,NA,FALSE,TRUE
2022-ORMHF-001122,0.1,Class A,2022-09-08T21:46:00Z,3.4,NA,NA,WF,0,2022,NA,NA,FALSE,TRUE
2022-OR952S-002363,0.1,Class A,2022-09-23T19:21:00Z,165.76666666666668,NA,NA,WF,0,2022,NA,NA,FALSE,TRUE
2020-OR981S-200320,0.1,Class A,NA,NA,NA,NA,WF,0,2020,NA,NA,FALSE,TRUE
2021-ORMED-000080,0.1,Class A,2021-05-25T21:59:00Z,319.98333333333335,NA,NA,WF,0,2021,NA,NA,FALSE,TRUE
2022-ORPRD-000268,0.1,Class A,2022-06-29T20:32:00Z,95.46666666666668,NA,NA,WF,0,2022,NA,NA,FALSE,TRUE
2022-ORPRD-000320,0.1,Class A,2022-07-04T19:00:00Z,14.8,NA,NA,WF,0,2022,NA,NA,FALSE,TRUE
2022-ORWWF-000133,0.1,Class A,2022-07-19T20:44:00Z,149.20805555555555,NA,NA,WF,0,2022,NA,NA,FALSE,TRUE
2022-ORCFRN-000430,1.58,Class B,2022-07-25T23:32:00Z,4.45,NA,NA,WF,0,2022,NA,NA,FALSE,TRUE
2022-ORMHF-001235,0.1,Class A,2022-09-26T20:19:00Z,21.75,NA,NA,WF,0,2022,NA,NA,FALSE,TRUE
2022-ORDEF-000766,0.1,Class A,2022-08-20T20:30:00Z,54.14527777777778,NA,NA,WF,0,2022,NA,NA,FALSE,TRUE
2020-OR991S-000792,0.1,Class A,2020-08-26T16:30:00Z,0.45,NA,NA,WF,0,2020,NA,NA,FALSE,TRUE
2021-ORCLP-210375,0.1,Class A,NA,NA,NA,NA,WF,0,2021,NA,NA,FALSE,TRUE
2021-OR955S-000774,0.2,Class A,2021-08-10T19:40:00Z,114.41722222222222,NA,NA,WF,0,2021,NA,NA,FALSE,TRUE
2021-OR981S-210411,0.5,Class B,2021-08-17T00:05:00Z,198.05,NA,NA,WF,0,2021,NA,NA,FALSE,TRUE
2021-ORROD-000565,1.43,Class B,2021-09-22T00:00:00Z,1223,NA,NA,WF,0,2021,NA,NA,FALSE,TRUE
2022-ORPRD-000673,0.1,Class A,2022-08-16T22:55:00Z,164.46666666666667,NA,NA,WF,0,2022,NA,NA,FALSE,TRUE
2022-ORMHF-000625,0.1,Class A,2022-08-03T22:17:00Z,94.11666666666666,NA,NA,WF,0,2022,NA,NA,FALSE,TRUE
2022-ORNOD-220219,0.1,Class A,2022-08-01T23:10:00Z,6.95,NA,NA,WF,0,2022,NA,NA,FALSE,TRUE
2020-ORPRD-000024,0.25,Class A,2020-02-25T23:15:00Z,48.56666666666667,NA,NA,WF,0,2020,NA,NA,FALSE,TRUE
2021-ORPRD-000536,0.1,Class A,NA,NA,NA,NA,WF,0,2021,NA,NA,FALSE,TRUE
2022-ORWWF-000297,0.1,Class A,2022-08-22T23:15:00Z,10.680277777777778,NA,NA,WF,0,2022,NA,NA,FALSE,TRUE
2022-ORMAF-022229,0.25,Class A,2022-09-05T17:09:00Z,98.95,NA,NA,WF,0,2022,NA,NA,FALSE,TRUE
2022-ORUMF-000563,0.1,Class A,NA,NA,NA,NA,WF,0,2022,NA,NA,FALSE,TRUE
2022-ORMAF-002304,0.1,Class A,2022-08-03T19:28:00Z,27.55666666666667,NA,NA,WF,0,2022,NA,NA,FALSE,TRUE
2022-ORRSF-000155,0.1,Class A,2022-08-05T21:12:00Z,75.18138888888889,NA,NA,WF,0,2022,NA,NA,FALSE,TRUE
2020-ORVAD-000010,0.1,Class A,2020-10-19T18:00:00Z,5773.316666666667,NA,NA,WF,0,2020,NA,NA,FALSE,TRUE
2020-ORMED-000077,0.1,Class A,2020-06-04T00:00:00Z,393,NA,NA,WF,0,2020,NA,NA,FALSE,TRUE
2022-ORPRD-000685,0.1,Class A,2022-08-12T01:05:00Z,34.4,NA,NA,WF,0,2022,NA,NA,FALSE,TRUE
2022-ORRSF-000318,0.1,Class A,2022-09-13T16:44:00Z,97.31666666666666,NA,NA,WF,0,2022,NA,NA,FALSE,TRUE
2021-ORBENN-000368,0.1,Class A,NA,NA,NA,NA,WF,0,2021,NA,NA,FALSE,TRUE
2021-ORROD-000474,0.25,Class A,2021-09-12T00:00:00Z,983,NA,NA,WF,0,2021,NA,NA,FALSE,TRUE
2022-ORDEF-000605,0.1,Class A,2022-08-11T22:03:00Z,51.194722222222225,NA,NA,WF,0,2022,NA,NA,FALSE,TRUE
2020-ORLAD-200354,0.1,Class A,2020-08-28T22:06:00Z,236.81666666666663,NA,NA,WF,0,2020,NA,NA,FALSE,TRUE
2022-ORFWF-220132,0.1,Class A,2022-06-10T21:27:00Z,103.41222222222224,NA,NA,WF,0,2022,NA,NA,FALSE,TRUE
2022-ORRSF-000333,0.2,Class A,2022-09-21T16:01:00Z,124.85,NA,NA,WF,0,2022,NA,NA,FALSE,TRUE
2022-ORPRD-001033,0.1,Class A,2022-11-08T16:34:00Z,191.23333333333332,NA,NA,WF,0,2022,NA,NA,FALSE,TRUE
2020-ORNOD-200554,0.1,Class A,2020-08-01T16:15:00Z,0.25,NA,NA,WF,0,2020,NA,NA,FALSE,TRUE
2021-ORPRD-000556,0.1,Class A,2021-07-12T20:45:00Z,25.916666666666668,NA,NA,WF,0,2021,NA,NA,FALSE,TRUE
2022-ORMED-000087,0.1,Class A,2022-07-16T20:43:00Z,314.8,NA,NA,WF,0,2022,NA,NA,FALSE,TRUE
2022-ORFWF-220205,0.1,Class A,2022-08-09T16:51:00Z,193.19583333333333,NA,NA,WF,0,2022,NA,NA,FALSE,TRUE
2022-ORWIF-220454,0.5,Class B,2022-11-02T19:04:00Z,316.19388888888886,NA,NA,WF,0,2022,NA,NA,FALSE,TRUE
2022-ORDEF-000205,0.1,Class A,2022-06-17T22:02:00Z,318.81666666666666,NA,NA,WF,0,2022,NA,NA,FALSE,TRUE
2022-ORFWF-220169,0.6,Class B,2022-07-11T20:23:00Z,119.75,NA,NA,WF,0,2022,NA,NA,FALSE,TRUE
2022-ORUMF-000312,0.1,Class A,2022-08-23T15:56:00Z,23.8125,NA,NA,WF,0,2022,NA,NA,FALSE,TRUE
2022-ORFWF-220406,0.1,Class A,2022-11-02T18:58:00Z,192.05,NA,NA,WF,0,2022,NA,NA,FALSE,TRUE
2021-ORVAD-050744,2,Class B,2021-10-25T19:09:50Z,2705.713888888889,NA,NA,WF,0,2021,NA,NA,FALSE,TRUE
2022-ORUPF-000224,0.1,Class A,2022-08-28T23:02:00Z,864.0333333333333,NA,NA,WF,0,2022,NA,NA,FALSE,TRUE
2022-ORLAD-220194,4,Class B,2022-08-06T22:35:00Z,146.31666666666666,NA,NA,WF,0,2022,NA,NA,FALSE,TRUE
2022-ORFWF-220226,0.1,Class A,2022-08-04T17:06:00Z,46.598055555555554,NA,NA,WF,0,2022,NA,NA,FALSE,TRUE
2022-ORUPF-000270,0.1,Class A,2022-08-07T20:15:00Z,100.05555555555556,NA,NA,WF,0,2022,NA,NA,FALSE,TRUE
2022-ORDEF-000633,0.1,Class A,2022-08-11T19:30:00Z,46.469166666666666,NA,NA,WF,0,2022,NA,NA,FALSE,TRUE
2022-ORWIF-220302,0.5,Class B,2022-11-02T20:15:00Z,1844.9625,NA,NA,WF,0,2022,NA,NA,FALSE,TRUE
2020-ORPRD-000199,0.1,Class A,2020-06-07T00:38:03Z,1.2675,NA,NA,WF,0,2020,NA,NA,FALSE,TRUE
2021-ORBUD-002200,0.1,Class A,2021-07-13T20:10:00Z,232.1125,NA,NA,WF,0,2021,NA,NA,FALSE,TRUE
2022-ORRSF-000162,0.1,Class A,2022-08-05T00:07:00Z,43.07194444444445,NA,NA,WF,0,2022,NA,NA,FALSE,TRUE
2021-OR981S-210128,0.8,Class B,NA,NA,NA,NA,WF,0,2021,NA,NA,FALSE,TRUE
2021-ORMED-000302,0.1,Class A,2021-08-04T19:00:00Z,67.56666666666666,NA,NA,WF,0,2021,NA,NA,FALSE,TRUE
2022-OROCF-000434,0.1,Class A,2022-07-27T21:20:00Z,28.666666666666668,NA,NA,WF,0,2022,NA,NA,FALSE,TRUE
2020-ORMED-000188,0.1,Class A,2020-07-28T16:00:00Z,304.45,NA,NA,WF,0,2020,NA,NA,FALSE,TRUE
2021-ORPRD-000773,0.1,Class A,2021-08-06T02:22:00Z,1.3666666666666667,NA,NA,WF,0,2021,NA,NA,FALSE,TRUE
2022-ORNOD-220091,1.6,Class B,2022-05-26T01:30:00Z,10.5,NA,NA,WF,0,2022,NA,NA,FALSE,TRUE
2022-ORDEF-000481,0.1,Class A,2022-07-31T22:37:00Z,1.05,NA,NA,WF,0,2022,NA,NA,FALSE,TRUE
2022-ORCLP-220311,0.1,Class A,2022-08-18T17:18:00Z,65.03333333333333,NA,NA,WF,0,2022,NA,NA,FALSE,TRUE
2022-ORLAD-220318,0.1,Class A,2022-08-24T20:23:00Z,160.85,NA,NA,WF,0,2022,NA,NA,FALSE,TRUE
2020-ORMED-000406,0.5,Class B,2020-09-29T17:00:00Z,332.3666666666667,NA,NA,WF,0,2020,NA,NA,FALSE,TRUE
2021-ORCBD-000033,0.1,Class A,NA,NA,NA,NA,WF,0,2021,NA,NA,FALSE,TRUE
2022-ORUPF-000292,0.1,Class A,2022-08-14T16:50:00Z,121.25,NA,NA,WF,0,2022,NA,NA,FALSE,TRUE
2022-ORUPF-000368,0.25,Class A,2022-09-24T23:44:00Z,414.5622222222222,NA,NA,WF,0,2022,NA,NA,FALSE,TRUE
2021-OR952S-021324,0.1,Class A,2021-08-21T22:34:00Z,68.82472222222222,NA,NA,WF,0,2021,NA,NA,FALSE,TRUE
2022-ORRSF-000183,0.31,Class B,2022-08-10T16:56:00Z,69.65944444444445,NA,NA,WF,0,2022,NA,NA,FALSE,TRUE
2022-ORPRD-000630,0.1,Class A,2022-08-11T20:06:00Z,47.25,NA,NA,WF,0,2022,NA,NA,FALSE,TRUE
2021-ORMED-000133,0.1,Class A,2021-06-23T16:38:00Z,305.62388888888887,NA,NA,WF,0,2021,NA,NA,FALSE,TRUE
2021-ORPRD-000015,0.1,Class A,2021-01-12T00:00:00Z,121.01666666666668,NA,NA,WF,0,2021,NA,NA,FALSE,TRUE
2021-ORNOD-210551,0.1,Class A,2021-10-23T22:00:00Z,75.75,NA,NA,WF,0,2021,NA,NA,FALSE,TRUE
2022-ORDEF-000113,0.1,Class A,2022-04-30T16:48:00Z,47.916666666666664,NA,NA,WF,0,2022,NA,NA,FALSE,TRUE
2022-ORPRD-000645,0.1,Class A,2022-08-13T18:32:00Z,92.98333333333332,NA,NA,WF,0,2022,NA,NA,FALSE,TRUE
2022-ORVAD-000177,0.1,Class A,2022-10-01T18:00:00Z,566.5333333333333,NA,NA,WF,0,2022,NA,NA,FALSE,TRUE
2020-ORMED-000288,0.1,Class A,2020-08-19T16:22:00Z,303.26666666666665,NA,NA,WF,0,2020,NA,NA,FALSE,TRUE
2020-ORCLP-200385,0.1,Class A,2020-08-28T19:31:00Z,20.1,NA,NA,WF,0,2020,NA,NA,FALSE,TRUE
2020-ORBENN-000897,0.1,Class A,NA,NA,NA,NA,WF,0,2020,NA,NA,FALSE,TRUE
2021-ORMED-000347,1.4,Class B,NA,NA,NA,NA,WF,0,2021,NA,NA,FALSE,TRUE
2021-ORNOD-210470,0.1,Class A,2021-08-31T19:32:00Z,0.36666666666666664,NA,NA,WF,0,2021,NA,NA,FALSE,TRUE
2022-ORUPF-000279,0.1,Class A,2022-08-08T19:42:00Z,95.26972222222224,NA,NA,WF,0,2022,NA,NA,FALSE,TRUE
2021-ORMED-000052,0.2,Class A,2021-05-03T19:00:00Z,339.8333333333333,NA,NA,WF,0,2021,NA,NA,FALSE,TRUE
2020-OR955S-000326,0.1,Class A,2020-07-01T21:27:00Z,0.3333333333333333,NA,NA,WF,0,2020,NA,NA,FALSE,TRUE
2021-ORCFRN-000436,0.1,Class A,NA,NA,NA,NA,WF,0,2021,NA,NA,FALSE,TRUE
2022-ORUMF-000352,0.1,Class A,NA,NA,NA,NA,WF,0,2022,NA,NA,FALSE,TRUE
2022-ORWIF-220397,0.1,Class A,2022-09-20T20:42:00Z,43.22555555555556,NA,NA,WF,0,2022,NA,NA,FALSE,TRUE
2020-ORLAD-200312,0.1,Class A,2020-10-07T17:00:00Z,1418.6833333333334,NA,NA,WF,0,2020,NA,NA,FALSE,TRUE
2021-ORNOD-210516,0.1,Class A,2021-09-23T04:40:00Z,2.0166666666666666,NA,NA,WF,0,2021,NA,NA,FALSE,TRUE
2021-ORMED-000465,0.1,Class A,2021-10-04T01:00:00Z,82.25,NA,NA,WF,0,2021,NA,NA,FALSE,TRUE
2022-OR981S-220379,0.1,Class A,2022-09-20T20:10:00Z,47.51083333333333,NA,NA,WF,0,2022,NA,NA,FALSE,TRUE
2022-ORRSF-000212,0.25,Class A,2022-08-25T19:38:00Z,173.5975,NA,NA,WF,0,2022,NA,NA,FALSE,TRUE
2022-ORDEF-000914,2.4,Class B,2022-09-19T21:09:00Z,143.5338888888889,NA,NA,WF,0,2022,NA,NA,FALSE,TRUE
2022-ORUMF-022067,0.1,Class A,2022-06-10T20:00:00Z,45.41416666666667,NA,NA,WF,0,2022,NA,NA,FALSE,TRUE
2022-ORRSF-000135,0.1,Class A,2022-08-04T17:23:00Z,94.20027777777776,NA,NA,WF,0,2022,NA,NA,FALSE,TRUE
2022-ORWIF-220251,0.1,Class A,2022-08-10T15:43:00Z,14.76361111111111,NA,NA,WF,0,2022,NA,NA,FALSE,TRUE
2022-ORPRD-000981,0.1,Class A,2022-11-03T17:45:00Z,596.8333333333334,NA,NA,WF,0,2022,NA,NA,FALSE,TRUE
2020-ORMED-000050,0.1,Class A,NA,NA,NA,NA,WF,0,2020,NA,NA,FALSE,TRUE
2020-OR955S-000591,0.1,Class A,2020-08-10T17:30:00Z,94.59333333333332,NA,NA,WF,0,2020,NA,NA,FALSE,TRUE
2021-ORMED-000527,0.1,Class A,2021-11-02T17:30:00Z,68.5,NA,NA,WF,0,2021,NA,NA,FALSE,TRUE
2022-ORRSF-000103,0.1,Class A,2022-07-22T20:57:00Z,70.65,NA,NA,WF,0,2022,NA,NA,FALSE,TRUE
2022-ORMHF-001077,0.1,Class A,2022-09-05T23:46:00Z,27.916666666666668,NA,NA,WF,0,2022,NA,NA,FALSE,TRUE
2020-ORHINN-002094,0.1,Class A,2020-08-09T19:02:00Z,17.9,NA,NA,WF,0,2020,NA,NA,FALSE,TRUE
2021-ORMED-000342,2,Class B,2021-08-06T19:00:00Z,114.38333333333334,NA,NA,WF,0,2021,NA,NA,FALSE,TRUE
2021-ORLAD-210456,0.1,Class A,2021-09-20T19:08:00Z,235.7,NA,NA,WF,0,2021,NA,NA,FALSE,TRUE
2022-ORPRD-000303,0.1,Class A,2022-07-08T21:51:00Z,139.46666666666667,NA,NA,WF,0,2022,NA,NA,FALSE,TRUE
2020-ORBENN-000912,0.1,Class A,NA,NA,NA,NA,WF,0,2020,NA,NA,FALSE,TRUE
2022-ORMED-000321,0.1,Class A,2022-09-21T00:00:00Z,319.8333333333333,NA,NA,WF,0,2022,NA,NA,FALSE,TRUE
2021-ORDS2N-000720,0.1,Class A,NA,NA,NA,NA,WF,0,2021,NA,NA,FALSE,TRUE
2022-ORMAF-022096,1.5,Class B,2022-07-06T20:15:00Z,78.725,NA,NA,WF,0,2022,NA,NA,FALSE,TRUE
2022-ORMED-000114,0.1,Class A,2022-08-07T21:00:00Z,306,NA,NA,WF,0,2022,NA,NA,FALSE,TRUE
2022-ORFWF-220211,0.1,Class A,2022-08-10T17:27:00Z,214.46416666666667,NA,NA,WF,0,2022,NA,NA,FALSE,TRUE
2022-ORMED-000276,0.1,Class A,2022-08-30T23:01:00Z,311.01666666666665,NA,NA,WF,0,2022,NA,NA,FALSE,TRUE
2022-OROCF-000702,0.25,Class A,2022-11-03T18:00:00Z,2036.2641666666664,NA,NA,WF,0,2022,NA,NA,FALSE,TRUE
2022-ORMAF-002361,0.1,Class A,2022-09-17T19:00:00Z,92.00472222222224,NA,NA,WF,0,2022,NA,NA,FALSE,TRUE
2021-OR955S-000090,0.4,Class B,2021-04-22T20:13:00Z,77.43333333333334,NA,NA,WF,0,2021,NA,NA,FALSE,TRUE
2021-ORMED-000341,0.3,Class B,2021-08-06T19:00:00Z,116.81666666666666,NA,NA,WF,0,2021,NA,NA,FALSE,TRUE
2021-ORBUD-002261,0.1,Class A,2021-09-08T16:45:00Z,0.9666666666666668,NA,NA,WF,0,2021,NA,NA,FALSE,TRUE
2022-OR952S-002236,0.75,Class B,NA,NA,NA,NA,WF,0,2022,NA,NA,FALSE,TRUE
2022-ORPRD-000173,0.1,Class A,2022-05-29T15:14:00Z,0.35,NA,NA,WF,0,2022,NA,NA,FALSE,TRUE
2022-OROCF-000872,0.2,Class A,2022-09-13T21:45:00Z,144.73527777777778,NA,NA,WF,0,2022,NA,NA,FALSE,TRUE
2021-ORLAD-210228,0.1,Class A,2021-06-27T22:57:00Z,126.86666666666666,NA,NA,WF,0,2021,NA,NA,FALSE,TRUE
2021-ORPRD-000733,0.1,Class A,2021-08-04T21:20:00Z,45.85,NA,NA,WF,0,2021,NA,NA,FALSE,TRUE
2022-ORDEF-000242,0.1,Class A,2022-06-16T20:45:00Z,24.116666666666667,NA,NA,WF,0,2022,NA,NA,FALSE,TRUE
2022-ORMED-000230,0.1,Class A,2022-09-02T20:30:00Z,365.5,NA,NA,WF,0,2022,NA,NA,FALSE,TRUE
2020-OR952S-020318,0.1,Class A,2020-08-26T23:15:00Z,30.516666666666666,NA,NA,WF,0,2020,NA,NA,FALSE,TRUE
2022-ORBUD-002274,0.3,Class B,2022-07-21T20:49:00Z,192.56666666666663,NA,NA,WF,0,2022,NA,NA,FALSE,TRUE
2022-ORMHF-000721,0.1,Class A,2022-08-07T22:57:00Z,0.5833333333333334,NA,NA,WF,0,2022,NA,NA,FALSE,TRUE
2021-OR951S-000352,0.25,Class A,NA,NA,NA,NA,WF,0,2021,NA,NA,FALSE,TRUE
2022-ORBUD-002252,0.1,Class A,2022-06-20T18:56:00Z,117.45,NA,NA,WF,0,2022,NA,NA,FALSE,TRUE
2022-ORWWF-000375,0.3,Class B,2022-08-28T19:10:00Z,76.1525,NA,NA,WF,0,2022,NA,NA,FALSE,TRUE
2022-ORDEF-000286,0.1,Class A,2022-07-08T23:05:00Z,145.16444444444446,NA,NA,WF,0,2022,NA,NA,FALSE,TRUE
2022-ORPRD-000543,0.1,Class A,2022-08-06T20:08:00Z,88.38333333333334,NA,NA,WF,0,2022,NA,NA,FALSE,TRUE
2022-CAKNF-007780,0.1,Class A,2022-09-09T22:00:00Z,56,NA,NA,WF,0,2022,NA,NA,FALSE,TRUE
2022-ORMHF-001350,0.1,Class A,2022-10-15T18:21:00Z,19.666666666666668,NA,NA,WF,0,2022,NA,NA,FALSE,TRUE
2020-OR982S-200380,2.4,Class B,NA,NA,NA,NA,WF,0,2020,NA,NA,FALSE,TRUE
2021-ORMED-000190,0.1,Class A,2021-07-09T01:40:00Z,329.75,NA,NA,WF,0,2021,NA,NA,FALSE,TRUE
2021-ORLAD-210388,0.3,Class B,2021-08-09T20:26:00Z,145.48333333333332,NA,NA,WF,0,2021,NA,NA,FALSE,TRUE
2022-OR981S-220159,0.1,Class A,NA,NA,NA,NA,WF,0,2022,NA,NA,FALSE,TRUE
2022-ORDEF-000476,0.2,Class A,2022-08-04T22:12:00Z,104.98055555555555,NA,NA,WF,0,2022,NA,NA,FALSE,TRUE
2022-ORMAF-022132,0.1,Class A,2022-08-03T20:30:00Z,31.12388888888889,NA,NA,WF,0,2022,NA,NA,FALSE,TRUE
2022-ORUMF-000300,0.9,Class B,2022-08-26T00:01:00Z,82.77222222222223,NA,NA,WF,0,2022,NA,NA,FALSE,TRUE
2022-ORLAD-220390,0.1,Class A,2022-10-03T18:25:00Z,113.31666666666666,NA,NA,WF,0,2022,NA,NA,FALSE,TRUE
2020-OR955S-000144,0.1,Class A,2020-05-22T21:26:00Z,2.2977777777777777,NA,NA,WF,0,2020,NA,NA,FALSE,TRUE
2022-OR981S-220128,0.1,Class A,2022-06-06T23:00:00Z,261.9166666666667,NA,NA,WF,0,2022,NA,NA,FALSE,TRUE
2022-ORRSF-000342,0.1,Class A,2022-09-22T20:04:00Z,0.825,NA,NA,WF,0,2022,NA,NA,FALSE,TRUE
2022-ORRSF-000418,0.1,Class A,2022-11-16T23:24:00Z,31.733333333333334,NA,NA,WF,0,2022,NA,NA,FALSE,TRUE
2021-ORPRD-000386,0.25,Class A,2021-07-05T22:15:00Z,247.41666666666663,NA,NA,WF,0,2021,NA,NA,FALSE,TRUE
2021-ORMED-000277,0.1,Class A,2021-08-01T19:00:00Z,67.33333333333333,NA,NA,WF,0,2021,NA,NA,FALSE,TRUE
2022-ORUMF-000143,0.1,Class A,2022-07-19T20:54:00Z,139.73916666666668,NA,NA,WF,0,2022,NA,NA,FALSE,TRUE
2022-ORDEF-000429,0.1,Class A,2022-07-29T22:26:00Z,101.65,NA,NA,WF,0,2022,NA,NA,FALSE,TRUE
2022-ORDEF-000477,0.2,Class A,2022-08-08T19:06:00Z,193.58333333333337,NA,NA,WF,0,2022,NA,NA,FALSE,TRUE
2020-ORMED-000221,0.1,Class A,2020-08-07T19:00:00Z,280.3666666666667,NA,NA,WF,0,2020,NA,NA,FALSE,TRUE
2022-ORPRD-000551,0.1,Class A,2022-08-13T22:50:00Z,240.18333333333337,NA,NA,WF,0,2022,NA,NA,FALSE,TRUE
2022-OR955S-000639,0.1,Class A,2022-08-10T18:01:00Z,20.679166666666667,NA,NA,WF,0,2022,NA,NA,FALSE,TRUE
2022-ORMED-000248,0.1,Class A,2022-08-30T23:01:00Z,311.01666666666665,NA,NA,WF,0,2022,NA,NA,FALSE,TRUE
2022-ORMHF-001337,0.1,Class A,2022-10-26T18:20:00Z,342.1333333333333,NA,NA,WF,0,2022,NA,NA,FALSE,TRUE
2021-ORVAD-000157,0.1,Class A,2021-08-20T16:42:00Z,739.5333333333333,NA,NA,WF,0,2021,NA,NA,FALSE,TRUE
2021-ORMED-000352,0.1,Class A,2021-08-08T19:00:00Z,146,NA,NA,WF,0,2021,NA,NA,FALSE,TRUE
2021-ORROD-000342,0.5,Class B,2021-07-28T02:00:00Z,13,NA,NA,WF,0,2021,NA,NA,FALSE,TRUE
2022-ORUPF-000236,0.25,Class A,2022-08-07T20:41:00Z,186.28416666666664,NA,NA,WF,0,2022,NA,NA,FALSE,TRUE
2022-ORWIF-220227,0.2,Class A,2022-08-19T16:55:00Z,239.325,NA,NA,WF,0,2022,NA,NA,FALSE,TRUE
2022-ORWWF-000406,5.4,Class B,2022-10-26T21:07:00Z,1287.05,NA,NA,WF,0,2022,NA,NA,FALSE,TRUE
2022-ORCLP-220386,0.1,Class A,NA,NA,NA,NA,WF,0,2022,NA,NA,FALSE,TRUE
2020-ORRFPN-000453,0.5,Class B,NA,NA,NA,NA,WF,0,2020,NA,NA,FALSE,TRUE
2022-OR981S-220268,2.1,Class B,2022-08-24T00:49:00Z,355.6094444444444,NA,NA,WF,0,2022,NA,NA,FALSE,TRUE
2022-ORDEF-000488,0.6,Class B,2022-08-04T21:26:00Z,90.41527777777776,NA,NA,WF,0,2022,NA,NA,FALSE,TRUE
2022-ORDEF-000592,0.1,Class A,2022-08-12T23:00:00Z,77.12055555555555,NA,NA,WF,0,2022,NA,NA,FALSE,TRUE
2022-ORMAF-022230,4,Class B,2022-09-08T18:17:00Z,168.78333333333333,NA,NA,WF,0,2022,NA,NA,FALSE,TRUE
2020-ORLAD-200372,0.1,Class A,2020-09-05T21:20:00Z,263.98333333333335,NA,NA,WF,0,2020,NA,NA,FALSE,TRUE
2021-OR954S-000679,0.1,Class A,2021-08-09T22:07:00Z,319.85,NA,NA,WF,0,2021,NA,NA,FALSE,TRUE
2021-ORMED-000287,0.1,Class A,NA,NA,NA,NA,WF,0,2021,NA,NA,FALSE,TRUE
2022-ORWIF-220276,0.25,Class A,2022-08-15T21:46:00Z,91.8411111111111,NA,NA,WF,0,2022,NA,NA,FALSE,TRUE
2022-ORRSF-000081,0.1,Class A,2022-07-09T19:02:00Z,171.5,NA,NA,WF,0,2022,NA,NA,FALSE,TRUE
2022-OROCF-000682,0.1,Class A,2022-08-15T21:09:00Z,132.10305555555556,NA,NA,WF,0,2022,NA,NA,FALSE,TRUE
2022-ORUPF-000318,1.64,Class B,2022-08-26T21:30:00Z,212.92388888888888,NA,NA,WF,0,2022,NA,NA,FALSE,TRUE
2022-ORMED-000220,0.25,Class A,2022-08-31T22:00:00Z,331.3333333333333,NA,NA,WF,0,2022,NA,NA,FALSE,TRUE
2022-WASES-020520,0.1,Class A,2022-10-14T18:04:00Z,285.3975,NA,NA,WF,0,2022,NA,NA,FALSE,TRUE
2022-ORMAF-022326,0.1,Class A,2022-11-01T19:46:00Z,99.78333333333332,NA,NA,WF,0,2022,NA,NA,FALSE,TRUE
2021-ORMED-000221,0.1,Class A,NA,NA,NA,NA,WF,0,2021,NA,NA,FALSE,TRUE
2021-ORDLS-000821,0.1,Class A,2021-08-10T17:54:00Z,4.783333333333333,NA,NA,WF,0,2021,NA,NA,FALSE,TRUE
2022-ORMED-000078,0.25,Class A,2022-07-11T15:00:00Z,312.1666666666667,NA,NA,WF,0,2022,NA,NA,FALSE,TRUE
2022-ORMAF-002301,0.1,Class A,NA,NA,NA,NA,WF,0,2022,NA,NA,FALSE,TRUE
2021-ORCBD-000569,0.1,Class A,2021-09-04T19:00:00Z,73.85,NA,NA,WF,0,2021,NA,NA,FALSE,TRUE
2022-ORDEF-000195,0.1,Class A,2022-06-02T23:05:00Z,0.95,NA,NA,WF,0,2022,NA,NA,FALSE,TRUE
2022-ORMAF-002255,0.55,Class B,2022-07-16T20:33:00Z,597.3844444444444,NA,NA,WF,0,2022,NA,NA,FALSE,TRUE
2022-ORCFRN-000460,0.1,Class A,NA,NA,NA,NA,WF,0,2022,NA,NA,FALSE,TRUE
2022-ORWIF-220270,0.1,Class A,2022-08-12T22:05:00Z,29.376666666666665,NA,NA,WF,0,2022,NA,NA,FALSE,TRUE
2022-ORMHF-001080,0.1,Class A,2022-09-05T00:42:00Z,0.11666666666666668,NA,NA,WF,0,2022,NA,NA,FALSE,TRUE
2021-ORPRD-000938,0.1,Class A,NA,NA,NA,NA,WF,0,2021,NA,NA,FALSE,TRUE
2022-ORRSF-000036,0.1,Class A,2022-04-20T17:17:00Z,1.3833333333333333,NA,NA,WF,0,2022,NA,NA,FALSE,TRUE
2020-ORPRD-000753,0.1,Class A,2020-08-29T21:06:00Z,214.65,NA,NA,WF,0,2020,NA,NA,FALSE,TRUE
2020-ORBUD-002109,0.1,Class A,2020-08-22T19:16:00Z,118.23333333333332,NA,NA,WF,0,2020,NA,NA,FALSE,TRUE
2020-OR955S-000269,0.1,Class A,2020-06-25T21:51:00Z,100.04888888888888,NA,NA,WF,0,2020,NA,NA,FALSE,TRUE
2021-ORRFPN-002182,3.15,Class B,NA,NA,NA,NA,WF,0,2021,NA,NA,FALSE,TRUE
2021-ORJEFN-000879,0.1,Class A,2021-08-25T18:19:00Z,1.2833333333333334,NA,NA,WF,0,2021,NA,NA,FALSE,TRUE
2022-ORRSF-000115,0.1,Class A,2022-07-28T18:45:00Z,47.71666666666667,NA,NA,WF,0,2022,NA,NA,FALSE,TRUE
2022-ORDEF-000511,0.1,Class A,2022-08-05T00:32:00Z,72.80972222222222,NA,NA,WF,0,2022,NA,NA,FALSE,TRUE
2022-OROCF-000524,0.1,Class A,2022-08-03T22:35:00Z,30.365833333333335,NA,NA,WF,0,2022,NA,NA,FALSE,TRUE
2022-ORUPF-000379,0.1,Class A,2022-09-17T00:22:00Z,26.2525,NA,NA,WF,0,2022,NA,NA,FALSE,TRUE
2021-OR955S-000075,0.1,Class A,2021-04-16T17:46:00Z,142.15,NA,NA,WF,0,2021,NA,NA,FALSE,TRUE
2022-ORUPF-000253,0.1,Class A,2022-08-07T21:09:00Z,142.95833333333334,NA,NA,WF,0,2022,NA,NA,FALSE,TRUE
2022-ORWIF-220257,0.1,Class A,2022-08-12T15:19:00Z,61.4625,NA,NA,WF,0,2022,NA,NA,FALSE,TRUE
2022-ORDEF-000755,0.1,Class A,2022-08-15T23:52:00Z,0.38333333333333336,NA,NA,WF,0,2022,NA,NA,FALSE,TRUE
2022-ORUPF-000263,0.1,Class A,2022-10-22T19:00:00Z,1945.0708333333337,NA,NA,WF,0,2022,NA,NA,FALSE,TRUE
2022-ORWIF-220255,0.2,Class A,2022-08-15T17:10:00Z,137.66666666666666,NA,NA,WF,0,2022,NA,NA,FALSE,TRUE
2022-ORPRD-000887,2.75,Class B,2022-10-26T17:14:00Z,1148.8166666666666,NA,NA,WF,0,2022,NA,NA,FALSE,TRUE
2021-ORVAD-000027,5,Class B,2021-04-11T18:00:00Z,46.46666666666667,NA,NA,WF,0,2021,NA,NA,FALSE,TRUE
2020-ORPRD-000461,0.45,Class B,2020-08-01T20:35:00Z,216.63333333333333,NA,NA,WF,0,2020,NA,NA,FALSE,TRUE
2021-ORREDN-000175,0.1,Class A,NA,NA,NA,NA,WF,0,2021,NA,NA,FALSE,TRUE
2022-ORRSF-000239,0.1,Class A,2022-08-21T03:59:00Z,73.96666666666667,NA,NA,WF,0,2022,NA,NA,FALSE,TRUE
2022-ORUMF-000348,0.1,Class A,2022-08-24T21:35:00Z,30.51638888888889,NA,NA,WF,0,2022,NA,NA,FALSE,TRUE
2022-ORCLP-220349,0.1,Class A,2022-09-13T20:20:00Z,147.58333333333334,NA,NA,WF,0,2022,NA,NA,FALSE,TRUE
2020-OR982S-200382,2,Class B,2020-09-06T18:52:00Z,248.41666666666663,NA,NA,WF,0,2020,NA,NA,FALSE,TRUE
2021-ORMED-000248,0.3,Class B,2021-08-01T22:00:00Z,336.98333333333335,NA,NA,WF,0,2021,NA,NA,FALSE,TRUE
2021-ORROD-000551,0.1,Class A,2021-08-30T22:00:00Z,724.7333333333333,NA,NA,WF,0,2021,NA,NA,FALSE,TRUE
2022-ORSUF-220288,0.25,Class A,2022-08-28T20:55:00Z,336.3,NA,NA,WF,0,2022,NA,NA,FALSE,TRUE
2021-ORPRD-000661,0.1,Class A,2021-09-05T21:52:00Z,984.5833333333334,NA,NA,WF,0,2021,NA,NA,FALSE,TRUE
2021-ORMED-000337,0.3,Class B,2021-08-15T22:49:00Z,333.23333333333335,NA,NA,WF,0,2021,NA,NA,FALSE,TRUE
2022-ORWIF-220210,0.1,Class A,2022-08-31T21:05:00Z,621.6263888888889,NA,NA,WF,0,2022,NA,NA,FALSE,TRUE
2022-ORDEF-000579,0.3,Class B,2022-08-11T19:18:00Z,51.00416666666667,NA,NA,WF,0,2022,NA,NA,FALSE,TRUE
2022-ORDEF-000599,0.1,Class A,2022-08-11T19:48:00Z,49.33861111111111,NA,NA,WF,0,2022,NA,NA,FALSE,TRUE
2022-ORWWF-000490,0.1,Class A,2022-09-17T02:00:00Z,27.061666666666667,NA,NA,WF,0,2022,NA,NA,FALSE,TRUE
2021-ORPRD-000144,0.1,Class A,2021-07-05T00:49:00Z,1489.7,NA,NA,WF,0,2021,NA,NA,FALSE,TRUE
2022-ORDEF-000493,0.1,Class A,2022-08-02T21:28:00Z,42.16694444444445,NA,NA,WF,0,2022,NA,NA,FALSE,TRUE
2022-ORDEF-000533,0.1,Class A,2022-08-03T22:43:00Z,22.34861111111111,NA,NA,WF,0,2022,NA,NA,FALSE,TRUE
2020-ORLAD-200374,0.1,Class A,2020-09-05T21:20:00Z,263.68333333333334,NA,NA,WF,0,2020,NA,NA,FALSE,TRUE
2021-ORPRD-000429,0.3,Class B,2021-07-05T01:13:00Z,119.28333333333332,NA,NA,WF,0,2021,NA,NA,FALSE,TRUE
2022-ORWWF-000092,0.1,Class A,NA,NA,NA,NA,WF,0,2022,NA,NA,FALSE,TRUE
2022-ORWWF-000067,0.1,Class A,2022-05-26T21:17:00Z,3.533333333333333,NA,NA,WF,0,2022,NA,NA,FALSE,TRUE
2022-ORWWF-000370,0.1,Class A,2022-08-27T20:03:00Z,65.36972222222222,NA,NA,WF,0,2022,NA,NA,FALSE,TRUE
2020-OR955S-000025,0.8,Class B,2020-02-26T20:22:00Z,21.416666666666668,NA,NA,WF,0,2020,NA,NA,FALSE,TRUE
2021-ORLAD-210236,0.1,Class A,2021-06-28T20:52:00Z,146.78333333333333,NA,NA,WF,0,2021,NA,NA,FALSE,TRUE
2022-ORVAD-000093,1,Class B,2022-09-01T18:00:00Z,1097.4833333333331,NA,NA,WF,0,2022,NA,NA,FALSE,TRUE
2020-ORMED-000286,0.3,Class B,NA,NA,NA,NA,WF,0,2020,NA,NA,FALSE,TRUE
2020-ORMED-000229,0.1,Class A,2020-08-09T22:00:00Z,316.3666666666667,NA,NA,WF,0,2020,NA,NA,FALSE,TRUE
2020-ORLAD-200297,0.1,Class A,2020-08-18T15:11:00Z,278.75,NA,NA,WF,0,2020,NA,NA,FALSE,TRUE
2021-ORROD-000204,2,Class B,2021-06-21T18:00:00Z,90.9,NA,NA,WF,0,2021,NA,NA,FALSE,TRUE
2022-ORPRD-000313,0.1,Class A,2022-07-08T22:18:00Z,120.71666666666668,NA,NA,WF,0,2022,NA,NA,FALSE,TRUE
2022-ORFWF-220203,0.1,Class A,2022-08-10T17:45:00Z,219.8463888888889,NA,NA,WF,0,2022,NA,NA,FALSE,TRUE
2021-ORROD-000083,0.1,Class A,NA,NA,NA,NA,WF,0,2021,NA,NA,FALSE,TRUE
2020-ORRFPN-002162,5,Class B,NA,NA,NA,NA,WF,0,2020,NA,NA,FALSE,TRUE
2022-ORMHF-000780,0.5,Class B,NA,NA,NA,NA,WF,0,2022,NA,NA,FALSE,TRUE
2022-ORWWF-000388,0.1,Class A,2022-08-29T21:00:00Z,44.25611111111111,NA,NA,WF,0,2022,NA,NA,FALSE,TRUE
2021-ORMED-000153,0.1,Class A,2021-07-05T18:12:00Z,308.55,NA,NA,WF,0,2021,NA,NA,FALSE,TRUE
2022-ORDEF-000374,0.1,Class A,2022-07-16T17:35:00Z,0.95,NA,NA,WF,0,2022,NA,NA,FALSE,TRUE
2022-ORFWF-220261,0.14,Class A,2022-08-10T22:01:00Z,55.25944444444445,NA,NA,WF,0,2022,NA,NA,FALSE,TRUE
2022-ORDEF-001038,0.1,Class A,2022-11-09T21:10:00Z,4.116666666666666,NA,NA,WF,0,2022,NA,NA,FALSE,TRUE
2021-ORPRD-000348,0.1,Class A,2021-07-04T18:40:00Z,304.56666666666666,NA,NA,WF,0,2021,NA,NA,FALSE,TRUE
2022-ORFWF-220361,2.42,Class B,2022-09-26T17:05:00Z,449.0675,NA,NA,WF,0,2022,NA,NA,FALSE,TRUE
2022-ORUMF-000483,0.1,Class A,2022-09-18T19:08:00Z,74.7625,NA,NA,WF,0,2022,NA,NA,FALSE,TRUE
2020-ORPRD-000699,0.1,Class A,NA,NA,NA,NA,WF,0,2020,NA,NA,FALSE,TRUE
2022-ORWIF-220112,0.1,Class A,2022-06-30T21:00:00Z,24.65,NA,NA,WF,0,2022,NA,NA,FALSE,TRUE
2022-ORVAD-050123,0.1,Class A,NA,NA,NA,NA,WF,0,2022,NA,NA,FALSE,TRUE
2020-ORMED-000401,0.1,Class A,2020-09-21T19:30:00Z,239.95,NA,NA,WF,0,2020,NA,NA,FALSE,TRUE
2020-ORLAD-200367,0.1,Class A,2020-09-06T21:14:00Z,292.03333333333336,NA,NA,WF,0,2020,NA,NA,FALSE,TRUE
2020-OR955S-000222,0.1,Class A,2020-06-17T22:34:00Z,142.92305555555555,NA,NA,WF,0,2020,NA,NA,FALSE,TRUE
2020-ORPRD-000134,0.1,Class A,NA,NA,NA,NA,WF,0,2020,NA,NA,FALSE,TRUE
2021-ORNOD-210095,0.1,Class A,2021-04-30T22:00:00Z,19.75,NA,NA,WF,0,2021,NA,NA,FALSE,TRUE
2022-OR955S-000189,2,Class B,2022-06-13T20:09:00Z,286.65,NA,NA,WF,0,2022,NA,NA,FALSE,TRUE
2022-ORMHF-000835,0.25,Class A,NA,NA,NA,NA,WF,0,2022,NA,NA,FALSE,TRUE
2022-ORWIF-220281,1,Class B,2022-08-14T20:32:00Z,43.441944444444445,NA,NA,WF,0,2022,NA,NA,FALSE,TRUE
2022-ORJEFN-000803,0.1,Class A,NA,NA,NA,NA,WF,0,2022,NA,NA,FALSE,TRUE
2022-ORRSF-000381,0.1,Class A,2022-10-26T17:24:00Z,75.23333333333333,NA,NA,WF,0,2022,NA,NA,FALSE,TRUE
2021-ORPRD-000256,0.1,Class A,2021-07-05T21:25:00Z,785.3,NA,NA,WF,0,2021,NA,NA,FALSE,TRUE
2021-OR951S-000479,0.1,Class A,2021-07-06T20:21:00Z,119.31694444444445,NA,NA,WF,0,2021,NA,NA,FALSE,TRUE
2021-OR991S-001048,0.1,Class A,NA,NA,NA,NA,WF,0,2021,NA,NA,FALSE,TRUE
2022-ORDEF-000729,0.5,Class B,2022-08-16T23:01:00Z,79.69194444444445,NA,NA,WF,0,2022,NA,NA,FALSE,TRUE
2020-ORBENN-000027,0.25,Class A,NA,NA,NA,NA,WF,0,2020,NA,NA,FALSE,TRUE
2021-ORROD-000126,1,Class B,NA,NA,NA,NA,WF,0,2021,NA,NA,FALSE,TRUE
2021-ORCBD-000157,0.1,Class A,NA,NA,NA,NA,WF,0,2021,NA,NA,FALSE,TRUE
2021-ORLAD-210307,0.1,Class A,NA,NA,NA,NA,WF,0,2021,NA,NA,FALSE,TRUE
2021-ORMED-000252,0.1,Class A,2021-08-01T01:38:00Z,251.38333333333333,NA,NA,WF,0,2021,NA,NA,FALSE,TRUE
2022-ORUPF-000249,0.1,Class A,2022-08-09T16:53:00Z,206.7275,NA,NA,WF,0,2022,NA,NA,FALSE,TRUE
2022-ORPRD-000518,0.1,Class A,2022-08-04T20:57:00Z,68.23333333333333,NA,NA,WF,0,2022,NA,NA,FALSE,TRUE
2022-ORRSF-000247,0.1,Class A,2022-08-23T21:32:00Z,90.48694444444445,NA,NA,WF,0,2022,NA,NA,FALSE,TRUE
2021-OR981S-210153,0.81,Class B,2021-05-14T18:25:00Z,40.483333333333334,NA,NA,WF,0,2021,NA,NA,FALSE,TRUE
2021-OR955S-000516,0.1,Class A,2021-07-07T18:32:00Z,64.53333333333333,NA,NA,WF,0,2021,NA,NA,FALSE,TRUE
2022-ORMED-000222,0.25,Class A,2022-08-31T21:00:00Z,330.78333333333336,NA,NA,WF,0,2022,NA,NA,FALSE,TRUE
2020-ORVAD-000171,0.1,Class A,2020-10-30T18:00:00Z,1575.6166666666666,NA,NA,WF,0,2020,NA,NA,FALSE,TRUE
2022-ORCLP-220193,0.1,Class A,2022-11-07T17:00:00Z,2374.95,NA,NA,WF,0,2022,NA,NA,FALSE,TRUE
2022-ORMAF-002299,0.25,Class A,2022-08-03T18:22:00Z,27.973333333333333,NA,NA,WF,0,2022,NA,NA,FALSE,TRUE
2022-ORWIF-220244,0.1,Class A,2022-08-14T19:38:00Z,118.48333333333332,NA,NA,WF,0,2022,NA,NA,FALSE,TRUE
2022-ORMAF-022260,0.1,Class A,2022-09-16T19:16:00Z,50.92055555555555,NA,NA,WF,0,2022,NA,NA,FALSE,TRUE
2021-OR981S-210109,1.5,Class B,2021-04-05T16:42:00Z,184.31666666666663,NA,NA,WF,0,2021,NA,NA,FALSE,TRUE
2021-ORVAD-000140,1,Class B,2021-08-02T18:00:00Z,498.1,NA,NA,WF,0,2021,NA,NA,FALSE,TRUE
2022-ORCLON-000302,0.1,Class A,2022-07-18T16:10:00Z,373.95,NA,NA,WF,0,2022,NA,NA,FALSE,TRUE
2022-ORDEF-000500,0.1,Class A,NA,NA,NA,NA,WF,0,2022,NA,NA,FALSE,TRUE
2022-ORDEF-000616,0.5,Class B,2022-08-14T19:31:00Z,119.40527777777778,NA,NA,WF,0,2022,NA,NA,FALSE,TRUE
2022-ORPRD-000736,0.1,Class A,2022-08-14T21:18:00Z,22.333333333333332,NA,NA,WF,0,2022,NA,NA,FALSE,TRUE
2020-ORBUD-002089,9,Class B,2020-08-10T00:19:00Z,94.15,NA,NA,WF,0,2020,NA,NA,FALSE,TRUE
2020-ORBENN-000363,2,Class B,NA,NA,NA,NA,WF,0,2020,NA,NA,FALSE,TRUE
2021-OR955S-000690,0.1,Class A,2021-08-01T19:15:00Z,65.16277777777778,NA,NA,WF,0,2021,NA,NA,FALSE,TRUE
2022-ORMED-000277,0.25,Class A,2022-08-31T00:00:00Z,312,NA,NA,WF,0,2022,NA,NA,FALSE,TRUE
2022-ORFWF-220354,7.7,Class B,2022-09-27T16:45:00Z,476.26222222222225,NA,NA,WF,0,2022,NA,NA,FALSE,TRUE
2020-OR955S-000514,0.1,Class A,2020-08-12T19:55:00Z,335.3833333333333,NA,NA,WF,0,2020,NA,NA,FALSE,TRUE
2022-ORCLP-220188,1,Class B,2022-07-31T17:02:00Z,86.71666666666667,NA,NA,WF,0,2022,NA,NA,FALSE,TRUE
2022-ORUPF-000243,0.1,Class A,2022-08-09T18:28:00Z,210.2483333333333,NA,NA,WF,0,2022,NA,NA,FALSE,TRUE
2022-ORDEF-000587,0.1,Class A,2022-08-10T23:16:00Z,29.67888888888889,NA,NA,WF,0,2022,NA,NA,FALSE,TRUE
2022-OR954S-000633,0.1,Class A,2022-08-08T00:35:00Z,173.26916666666668,NA,NA,WF,0,2022,NA,NA,FALSE,TRUE
2022-ORUMF-000304,0.1,Class A,2022-08-23T20:03:00Z,30.0875,NA,NA,WF,0,2022,NA,NA,FALSE,TRUE
2020-ORLAD-200358,0.1,Class A,2020-08-28T21:29:00Z,216.68333333333337,NA,NA,WF,0,2020,NA,NA,FALSE,TRUE
2020-OR955S-000571,0.1,Class A,2020-08-08T17:40:00Z,64.11361111111111,NA,NA,WF,0,2020,NA,NA,FALSE,TRUE
2022-ORLAD-220265,0.1,Class A,2022-08-21T18:50:00Z,308.53333333333336,NA,NA,WF,0,2022,NA,NA,FALSE,TRUE
2022-ORDEF-000603,0.1,Class A,2022-08-12T19:46:00Z,72.97416666666666,NA,NA,WF,0,2022,NA,NA,FALSE,TRUE
2022-ORRSF-000246,0.25,Class A,2022-08-24T20:22:00Z,116.41361111111112,NA,NA,WF,0,2022,NA,NA,FALSE,TRUE
2022-ORCGF-001237,0.1,Class A,2022-09-29T18:34:00Z,90.85388888888887,NA,NA,WF,0,2022,NA,NA,FALSE,TRUE
2021-OR981S-210127,0.27,Class B,2021-04-21T14:34:00Z,160.1,NA,NA,WF,0,2021,NA,NA,FALSE,TRUE
2021-OR981S-210317,0.1,Class A,2021-07-11T18:35:00Z,144.29944444444445,NA,NA,WF,0,2021,NA,NA,FALSE,TRUE
2022-ORCGF-000440,0.25,Class A,NA,NA,NA,NA,WF,0,2022,NA,NA,FALSE,TRUE
2022-ORPRD-000706,0.1,Class A,2022-08-15T21:00:00Z,117.21666666666668,NA,NA,WF,0,2022,NA,NA,FALSE,TRUE
2022-ORDEF-000963,2.6,Class B,2022-10-13T21:10:00Z,220.75,NA,NA,WF,0,2022,NA,NA,FALSE,TRUE
2021-ORLAD-210160,0.1,Class A,2021-05-18T20:54:00Z,73.9,NA,NA,WF,0,2021,NA,NA,FALSE,TRUE
2022-ORWIF-220204,0.1,Class A,2022-08-05T19:21:00Z,44.14388888888889,NA,NA,WF,0,2022,NA,NA,FALSE,TRUE
2022-ORRSF-000316,0.1,Class A,2022-09-13T17:06:00Z,98.38333333333334,NA,NA,WF,0,2022,NA,NA,FALSE,TRUE
2021-ORMED-000091,0.1,Class A,2021-05-22T00:00:00Z,81,NA,NA,WF,0,2021,NA,NA,FALSE,TRUE
2021-ORMED-000335,0.1,Class A,NA,NA,NA,NA,WF,0,2021,NA,NA,FALSE,TRUE
2021-ORNOD-210165,0.3,Class B,2021-04-30T23:30:00Z,0.9166666666666666,NA,NA,WF,0,2021,NA,NA,FALSE,TRUE
2022-ORMED-000083,0.25,Class A,2022-07-17T01:00:00Z,337.65,NA,NA,WF,0,2022,NA,NA,FALSE,TRUE
2022-OROCF-000726,0.1,Class A,2022-08-14T20:29:00Z,45.88361111111111,NA,NA,WF,0,2022,NA,NA,FALSE,TRUE
2022-ORWWF-000514,0.1,Class A,2022-10-02T21:02:00Z,78.91583333333334,NA,NA,WF,0,2022,NA,NA,FALSE,TRUE
2022-ORSUF-220448,0.1,Class A,2022-10-17T01:20:00Z,0.26666666666666666,NA,NA,WF,0,2022,NA,NA,FALSE,TRUE
2021-ORROD-000143,0.1,Class A,NA,NA,NA,NA,WF,0,2021,NA,NA,FALSE,TRUE
2021-ORPRD-000272,0.1,Class A,2021-06-14T01:28:00Z,241.83333333333337,NA,NA,WF,0,2021,NA,NA,FALSE,TRUE
2022-ORUPF-000241,0.1,Class A,2022-08-01T23:04:00Z,23.56305555555555,NA,NA,WF,0,2022,NA,NA,FALSE,TRUE
2022-ORWIF-220356,0.28,Class B,2022-11-02T18:12:00Z,1465.7219444444445,NA,NA,WF,0,2022,NA,NA,FALSE,TRUE
2022-ORUPF-000235,3.65,Class B,2022-08-09T18:48:00Z,232.88444444444443,NA,NA,WF,0,2022,NA,NA,FALSE,TRUE
2020-OR981S-200161,5.92,Class B,NA,NA,NA,NA,WF,0,2020,NA,NA,FALSE,TRUE
2022-ORPRD-000133,0.1,Class A,2022-05-09T23:30:00Z,1.7166666666666666,NA,NA,WF,0,2022,NA,NA,FALSE,TRUE
2022-ORWWF-000172,1,Class B,2022-08-06T18:42:00Z,235.6952777777778,NA,NA,WF,0,2022,NA,NA,FALSE,TRUE
2022-ORRSF-000151,0.1,Class A,2022-08-03T18:57:00Z,27.768055555555556,NA,NA,WF,0,2022,NA,NA,FALSE,TRUE
2021-ORLAD-210262,0.25,Class A,2021-08-21T17:02:00Z,1403.5833333333333,NA,NA,WF,0,2021,NA,NA,FALSE,TRUE
2021-OR955S-000580,0.1,Class A,2021-07-17T19:07:00Z,76.96416666666667,NA,NA,WF,0,2021,NA,NA,FALSE,TRUE
2022-ORMED-000194,0.1,Class A,2022-08-20T18:02:00Z,245.25,NA,NA,WF,0,2022,NA,NA,FALSE,TRUE
2022-ORLAD-220323,0.1,Class A,2022-08-29T20:21:00Z,221.26666666666668,NA,NA,WF,0,2022,NA,NA,FALSE,TRUE
2021-OR955S-000120,0.1,Class A,2021-04-27T18:45:00Z,108.28333333333332,NA,NA,WF,0,2021,NA,NA,FALSE,TRUE
2020-ORMED-000064,0.1,Class A,2020-05-08T00:00:00Z,544.95,NA,NA,WF,0,2020,NA,NA,FALSE,TRUE
2021-ORMED-000225,0.3,Class B,2021-07-24T18:48:00Z,379.55,NA,NA,WF,0,2021,NA,NA,FALSE,TRUE
2022-OR981S-220291,0.1,Class A,NA,NA,NA,NA,WF,0,2022,NA,NA,FALSE,TRUE
2022-ORMED-000235,0.1,Class A,2022-09-02T22:00:00Z,364.4,NA,NA,WF,0,2022,NA,NA,FALSE,TRUE
2021-ORPRD-000271,0.1,Class A,2021-06-10T00:00:00Z,144.91666666666666,NA,NA,WF,0,2021,NA,NA,FALSE,TRUE
2022-ORDEF-000725,0.1,Class A,2022-08-19T22:35:00Z,169.24194444444444,NA,NA,WF,0,2022,NA,NA,FALSE,TRUE
2022-ORPRD-000938,0.1,Class A,2022-10-07T20:44:00Z,318,NA,NA,WF,0,2022,NA,NA,FALSE,TRUE
2022-ORMAF-002386,0.1,Class A,2022-11-15T19:00:00Z,336.15,NA,NA,WF,0,2022,NA,NA,FALSE,TRUE
2020-ORPRD-000642,6.5,Class B,2020-09-18T20:20:00Z,818.3666666666667,NA,NA,WF,0,2020,NA,NA,FALSE,TRUE
2022-ORMHF-000562,0.1,Class A,2022-07-23T22:14:00Z,2.1,NA,NA,WF,0,2022,NA,NA,FALSE,TRUE
2022-ORFWF-220377,0.1,Class A,2022-09-18T18:35:00Z,2.391111111111111,NA,NA,WF,0,2022,NA,NA,FALSE,TRUE
2022-ORDEF-001009,0.01,Class A,2022-10-20T19:00:00Z,0.8,NA,NA,WF,0,2022,NA,NA,FALSE,TRUE
2020-ORCLP-200239,0.25,Class A,2020-07-30T19:29:00Z,68.51666666666667,NA,NA,WF,0,2020,NA,NA,FALSE,TRUE
2021-ORNOD-210275,3.98,Class B,2021-07-27T15:30:00Z,17.466666666666665,NA,NA,WF,0,2021,NA,NA,FALSE,TRUE
2022-ORFWF-220187,0.1,Class A,2022-07-30T19:56:00Z,75.85,NA,NA,WF,0,2022,NA,NA,FALSE,TRUE
2022-ORMHF-000726,0.1,Class A,2022-08-08T01:30:00Z,0.23333333333333336,NA,NA,WF,0,2022,NA,NA,FALSE,TRUE
2021-ORNOD-210567,0.1,Class A,2021-11-11T00:00:00Z,0.95,NA,NA,WF,0,2021,NA,NA,FALSE,TRUE
2022-ORDEF-000091,0.1,Class A,2022-04-14T18:00:00Z,123.71666666666668,NA,NA,WF,0,2022,NA,NA,FALSE,TRUE
2022-ORMAF-022148,0.1,Class A,2022-08-06T23:10:00Z,47.815555555555555,NA,NA,WF,0,2022,NA,NA,FALSE,TRUE
2022-ORMAF-022276,0.1,Class A,2022-09-17T23:00:00Z,33.42722222222222,NA,NA,WF,0,2022,NA,NA,FALSE,TRUE
2022-OR952S-022097,0.1,Class A,2022-07-11T17:29:00Z,142.32972222222222,NA,NA,WF,0,2022,NA,NA,FALSE,TRUE
2022-ORWWF-000184,0.1,Class A,2022-08-04T18:44:00Z,90.27055555555556,NA,NA,WF,0,2022,NA,NA,FALSE,TRUE
2022-ORPRD-000759,0.1,Class A,2022-08-23T19:49:00Z,161.7,NA,NA,WF,0,2022,NA,NA,FALSE,TRUE
2022-ORMAF-002366,0.1,Class A,2022-10-01T20:11:00Z,242.0688888888889,NA,NA,WF,0,2022,NA,NA,FALSE,TRUE
2021-ORPRD-000531,0.25,Class A,2021-07-07T01:05:00Z,2.05,NA,NA,WF,0,2021,NA,NA,FALSE,TRUE
2021-ORMED-000241,0.1,Class A,NA,NA,NA,NA,WF,0,2021,NA,NA,FALSE,TRUE
2022-ORRSF-000154,0.1,Class A,2022-08-05T21:38:00Z,76.03666666666666,NA,NA,WF,0,2022,NA,NA,FALSE,TRUE
2022-OR952S-022170,0.1,Class A,2022-08-11T23:05:00Z,32.60472222222222,NA,NA,WF,0,2022,NA,NA,FALSE,TRUE
2022-ORWIF-220193,0.1,Class A,2022-08-31T21:05:00Z,715.9072222222222,NA,NA,WF,0,2022,NA,NA,FALSE,TRUE
2022-ORUMF-000338,0.1,Class A,2022-08-25T17:33:00Z,68.6036111111111,NA,NA,WF,0,2022,NA,NA,FALSE,TRUE
2020-ORPRD-000785,0.25,Class A,2020-09-01T20:01:00Z,166.8,NA,NA,WF,0,2020,NA,NA,FALSE,TRUE
2021-ORMED-000345,0.3,Class B,2021-08-06T19:00:00Z,114.15,NA,NA,WF,0,2021,NA,NA,FALSE,TRUE
2020-OR982S-200333,0.3,Class B,2020-08-21T22:49:00Z,143.05,NA,NA,WF,0,2020,NA,NA,FALSE,TRUE
2021-OR951S-000356,0.25,Class A,2021-06-29T18:30:00Z,183.46666666666667,NA,NA,WF,0,2021,NA,NA,FALSE,TRUE
2021-ORPRD-000333,0.1,Class A,2021-06-23T21:01:00Z,78.05,NA,NA,WF,0,2021,NA,NA,FALSE,TRUE
2022-ORCLP-220195,0.1,Class A,2022-08-20T17:29:00Z,474.05,NA,NA,WF,0,2022,NA,NA,FALSE,TRUE
2022-ORRSF-000307,0.75,Class B,2022-09-16T20:35:00Z,221.17138888888888,NA,NA,WF,0,2022,NA,NA,FALSE,TRUE
2021-ORBENN-000540,0.1,Class A,NA,NA,NA,NA,WF,0,2021,NA,NA,FALSE,TRUE
2021-ORBENN-000968,0.1,Class A,NA,NA,NA,NA,WF,0,2021,NA,NA,FALSE,TRUE
2022-ORLAD-220284,0.1,Class A,2022-08-13T19:20:00Z,94.35,NA,NA,WF,0,2022,NA,NA,FALSE,TRUE
2020-OR955S-000118,0.1,Class A,2020-05-11T17:30:00Z,94.76666666666668,NA,NA,WF,0,2020,NA,NA,FALSE,TRUE
2021-ORJEFN-000318,0.1,Class A,NA,NA,NA,NA,WF,0,2021,NA,NA,FALSE,TRUE
2021-OR955S-000403,0.1,Class A,NA,NA,NA,NA,WF,0,2021,NA,NA,FALSE,TRUE
2022-ORVAD-000028,1.23,Class B,2022-05-20T18:00:00Z,866.7166666666667,NA,NA,WF,0,2022,NA,NA,FALSE,TRUE
2022-ORDEF-000593,0.1,Class A,2022-08-13T00:00:00Z,78.02388888888889,NA,NA,WF,0,2022,NA,NA,FALSE,TRUE
2020-OR955S-000450,0.1,Class A,2020-07-24T23:14:00Z,74.63333333333334,NA,NA,WF,0,2020,NA,NA,FALSE,TRUE
2021-ORJEFN-000341,0.1,Class A,NA,NA,NA,NA,WF,0,2021,NA,NA,FALSE,TRUE
2021-ORJEFN-000748,0.1,Class A,NA,NA,NA,NA,WF,0,2021,NA,NA,FALSE,TRUE
2022-ORUMF-000391,0.1,Class A,2022-08-30T22:00:00Z,53.852222222222224,NA,NA,WF,0,2022,NA,NA,FALSE,TRUE
2022-ORVAD-050453,0.1,Class A,2022-09-16T18:20:00Z,53.36666666666667,NA,NA,WF,0,2022,NA,NA,FALSE,TRUE
2020-OR955S-000856,0.2,Class A,2020-09-09T21:15:00Z,69.16666666666667,NA,NA,WF,0,2020,NA,NA,FALSE,TRUE
2021-ORLAD-210305,0.1,Class A,2021-07-11T20:55:00Z,244.21666666666667,NA,NA,WF,0,2021,NA,NA,FALSE,TRUE
2022-ORVAD-050109,0.1,Class A,2022-07-12T20:30:00Z,162.16666666666666,NA,NA,WF,0,2022,NA,NA,FALSE,TRUE
2022-ORWIF-220129,0.1,Class A,2022-07-10T22:24:00Z,27.233333333333334,NA,NA,WF,0,2022,NA,NA,FALSE,TRUE
2022-ORUMF-000345,0.2,Class A,2022-08-25T18:36:00Z,52.16,NA,NA,WF,0,2022,NA,NA,FALSE,TRUE
2022-ORSUF-220348,0.1,Class A,2022-08-30T22:20:00Z,2.8833333333333333,NA,NA,WF,0,2022,NA,NA,FALSE,TRUE
2022-ORWIF-220385,0.1,Class A,2022-10-05T22:59:00Z,551.1666666666666,NA,NA,WF,0,2022,NA,NA,FALSE,TRUE
2021-WASES-021005,1.5,Class B,2021-08-13T21:23:00Z,167.49166666666667,NA,NA,WF,0,2021,NA,NA,FALSE,TRUE
2021-ORCFRN-000846,0.1,Class A,2021-08-17T02:01:00Z,26.9,NA,NA,WF,0,2021,NA,NA,FALSE,TRUE
2022-ORDEF-000249,0.1,Class A,2022-06-19T01:57:00Z,1.5666666666666669,NA,NA,WF,0,2022,NA,NA,FALSE,TRUE
2022-ORSUF-220366,0.1,Class A,2022-09-05T23:30:00Z,25.866666666666667,NA,NA,WF,0,2022,NA,NA,FALSE,TRUE
2022-ORMED-000383,0.01,Class A,2022-11-05T21:00:00Z,310,NA,NA,WF,0,2022,NA,NA,FALSE,TRUE
2021-ORJEFN-000927,0.1,Class A,NA,NA,NA,NA,WF,0,2021,NA,NA,FALSE,TRUE
2022-ORDEF-000717,0.25,Class A,2022-08-16T21:50:00Z,118.4125,NA,NA,WF,0,2022,NA,NA,FALSE,TRUE
2022-ORFWF-220350,0.1,Class A,2022-09-11T20:54:00Z,99.55722222222222,NA,NA,WF,0,2022,NA,NA,FALSE,TRUE
2020-ORCFRN-000343,0.1,Class A,NA,NA,NA,NA,WF,0,2020,NA,NA,FALSE,TRUE
2021-ORPRD-000615,0.1,Class A,2021-08-13T16:38:00Z,592.1166666666667,NA,NA,WF,0,2021,NA,NA,FALSE,TRUE
2021-ORLAD-210398,0.1,Class A,2021-08-10T22:30:00Z,117.96666666666668,NA,NA,WF,0,2021,NA,NA,FALSE,TRUE
2022-OR955S-000230,0.1,Class A,NA,NA,NA,NA,WF,0,2022,NA,NA,FALSE,TRUE
2020-OR951S-000503,1.5,Class B,2020-08-03T19:37:00Z,140.2,NA,NA,WF,0,2020,NA,NA,FALSE,TRUE
2020-ORLAD-200268,1,Class B,NA,NA,NA,NA,WF,0,2020,NA,NA,FALSE,TRUE
2020-ORPRD-000131,0.1,Class A,2020-05-15T21:20:00Z,49.45,NA,NA,WF,0,2020,NA,NA,FALSE,TRUE
2022-ORMHF-000575,0.1,Class A,2022-07-25T21:49:00Z,0.31666666666666665,NA,NA,WF,0,2022,NA,NA,FALSE,TRUE
2022-ORRSF-000360,0.44,Class B,2022-10-09T16:51:00Z,145.95,NA,NA,WF,0,2022,NA,NA,FALSE,TRUE
2021-ORMED-000349,0.1,Class A,2021-08-04T19:00:00Z,63.75,NA,NA,WF,0,2021,NA,NA,FALSE,TRUE
2021-ORCBD-000100,0.1,Class A,2021-05-04T22:42:00Z,1.95,NA,NA,WF,0,2021,NA,NA,FALSE,TRUE
2022-ORUMF-000120,0.1,Class A,2022-07-12T21:44:00Z,46.86833333333333,NA,NA,WF,0,2022,NA,NA,FALSE,TRUE
2022-ORUPF-000315,0.25,Class A,2022-08-26T21:15:00Z,212.90305555555557,NA,NA,WF,0,2022,NA,NA,FALSE,TRUE
2022-OR981S-220238,0.1,Class A,2022-08-08T19:56:00Z,123.8575,NA,NA,WF,0,2022,NA,NA,FALSE,TRUE
2022-ORRSF-000445,0.1,Class A,2022-12-30T18:51:00Z,2.85,NA,NA,WF,0,2022,NA,NA,FALSE,TRUE
2022-ORWIF-220178,1.5,Class B,2022-09-29T19:00:00Z,1432.2575,NA,NA,WF,0,2022,NA,NA,FALSE,TRUE
2022-OR981S-220327,0.1,Class A,2022-08-23T21:49:00Z,41.11666666666667,NA,NA,WF,0,2022,NA,NA,FALSE,TRUE
2022-ORRSF-000309,0.2,Class A,2022-09-09T18:05:00Z,50.19,NA,NA,WF,0,2022,NA,NA,FALSE,TRUE
2022-ORFWF-220407,0.1,Class A,2022-10-27T21:19:00Z,26.4,NA,NA,WF,0,2022,NA,NA,FALSE,TRUE
2020-OR955S-000626,0.1,Class A,2020-08-12T20:51:00Z,21.429166666666667,NA,NA,WF,0,2020,NA,NA,FALSE,TRUE
2021-ORCLP-210316,0.1,Class A,NA,NA,NA,NA,WF,0,2021,NA,NA,FALSE,TRUE
2021-OR952S-021311,1,Class B,NA,NA,NA,NA,WF,0,2021,NA,NA,FALSE,TRUE
2022-OR955S-000192,0.1,Class A,NA,NA,NA,NA,WF,0,2022,NA,NA,FALSE,TRUE
2022-ORMED-000072,0.1,Class A,2022-07-10T17:50:00Z,709.9666666666667,NA,NA,WF,0,2022,NA,NA,FALSE,TRUE
2022-ORLAD-220192,0.1,Class A,2022-08-03T21:30:00Z,76.6,NA,NA,WF,0,2022,NA,NA,FALSE,TRUE
2022-ORBUD-002320,0.1,Class A,2022-08-08T19:48:00Z,4,NA,NA,WF,0,2022,NA,NA,FALSE,TRUE
2022-ORBENN-000316,0.1,Class A,NA,NA,NA,NA,WF,0,2022,NA,NA,FALSE,TRUE
2022-ORDEF-000342,0.1,Class A,2022-07-09T23:24:00Z,28.4,NA,NA,WF,0,2022,NA,NA,FALSE,TRUE
2022-ORMED-000099,0.1,Class A,NA,NA,NA,NA,WF,0,2022,NA,NA,FALSE,TRUE
2022-ORMED-000231,0.1,Class A,2022-09-01T01:00:00Z,320,NA,NA,WF,0,2022,NA,NA,FALSE,TRUE
2022-ORFWF-220343,2,Class B,2022-09-21T22:15:00Z,431.73333333333335,NA,NA,WF,0,2022,NA,NA,FALSE,TRUE
2020-ORREDN-000442,0.1,Class A,NA,NA,NA,NA,WF,0,2020,NA,NA,FALSE,TRUE
2020-ORBUD-002069,0.1,Class A,2020-08-10T18:54:00Z,188.9,NA,NA,WF,0,2020,NA,NA,FALSE,TRUE
2021-ORNOD-210100,0.1,Class A,2021-04-30T22:00:00Z,0,NA,NA,WF,0,2021,NA,NA,FALSE,TRUE
2022-OR982S-220217,0.1,Class A,NA,NA,NA,NA,WF,0,2022,NA,NA,FALSE,TRUE
2022-ORWIF-220249,1.5,Class B,2022-08-13T22:03:00Z,93.47888888888887,NA,NA,WF,0,2022,NA,NA,FALSE,TRUE
2022-ORDEF-000786,0.1,Class A,NA,NA,NA,NA,WF,0,2022,NA,NA,FALSE,TRUE
2021-ORLAD-210355,0.1,Class A,2021-07-28T20:37:00Z,27.816666666666663,NA,NA,WF,0,2021,NA,NA,FALSE,TRUE
2022-ORBUD-002207,0.1,Class A,2022-03-28T18:55:00Z,75.83333333333333,NA,NA,WF,0,2022,NA,NA,FALSE,TRUE
2022-OROCF-000715,0.3,Class B,2022-08-13T17:39:00Z,43.3,NA,NA,WF,0,2022,NA,NA,FALSE,TRUE
2020-ORBENN-000831,0.1,Class A,NA,NA,NA,NA,WF,0,2020,NA,NA,FALSE,TRUE
2021-ORPRD-000355,0.1,Class A,2021-06-24T01:24:00Z,46.38333333333333,NA,NA,WF,0,2021,NA,NA,FALSE,TRUE
2022-ORWIF-220253,0.1,Class A,2022-08-12T15:50:00Z,62.764722222222225,NA,NA,WF,0,2022,NA,NA,FALSE,TRUE
2022-ORCGF-001396,6,Class B,2022-10-25T21:28:00Z,120.58333333333331,NA,NA,WF,0,2022,NA,NA,FALSE,TRUE
2021-ORLAD-210247,0.1,Class A,2021-06-28T21:24:00Z,142.81666666666666,NA,NA,WF,0,2021,NA,NA,FALSE,TRUE
2021-OR952S-021305,1.09,Class B,2021-08-06T00:53:00Z,48.18333333333333,NA,NA,WF,0,2021,NA,NA,FALSE,TRUE
2021-ORLAD-210407,0.1,Class A,2021-08-12T20:12:00Z,145.55,NA,NA,WF,0,2021,NA,NA,FALSE,TRUE
2022-ORFWF-220347,0.4,Class B,2022-09-11T22:02:00Z,102.31388888888888,NA,NA,WF,0,2022,NA,NA,FALSE,TRUE
2020-ORPRD-000786,0.1,Class A,2020-09-04T21:32:00Z,240.31666666666663,NA,NA,WF,0,2020,NA,NA,FALSE,TRUE
2020-ORLAD-200375,0.1,Class A,2020-09-07T19:28:00Z,308.4,NA,NA,WF,0,2020,NA,NA,FALSE,TRUE
2022-ORMHF-001351,0.1,Class A,2022-10-14T23:56:00Z,0.9,NA,NA,WF,0,2022,NA,NA,FALSE,TRUE
2020-ORPRD-000815,0.1,Class A,2020-08-30T19:19:00Z,11.133333333333333,NA,NA,WF,0,2020,NA,NA,FALSE,TRUE
2020-ORMED-000066,3.2,Class B,2020-05-08T00:00:00Z,477.8,NA,NA,WF,0,2020,NA,NA,FALSE,TRUE
2021-ORCBD-000113,0.1,Class A,2021-06-01T14:36:00Z,511.35,NA,NA,WF,0,2021,NA,NA,FALSE,TRUE
2021-OR954S-001143,0.1,Class A,2021-11-04T20:00:00Z,262.73333333333335,NA,NA,WF,0,2021,NA,NA,FALSE,TRUE
2022-ORMAF-022153,0.1,Class A,2022-08-12T21:37:12Z,147.24305555555554,NA,NA,WF,0,2022,NA,NA,FALSE,TRUE
2022-ORWIF-220209,0.1,Class A,2022-08-06T20:45:00Z,24.805555555555557,NA,NA,WF,0,2022,NA,NA,FALSE,TRUE
2021-ORPRD-000744,0.1,Class A,2021-08-03T17:10:00Z,3.45,NA,NA,WF,0,2021,NA,NA,FALSE,TRUE
2021-ORROD-000116,0.1,Class A,NA,NA,NA,NA,WF,0,2021,NA,NA,FALSE,TRUE
2022-ORPRD-000607,0.1,Class A,2022-08-14T22:00:00Z,122.86666666666666,NA,NA,WF,0,2022,NA,NA,FALSE,TRUE
2022-ORUPF-000291,0.2,Class A,2022-10-22T19:00:00Z,1795.5683333333334,NA,NA,WF,0,2022,NA,NA,FALSE,TRUE
2022-ORMHF-001125,0.1,Class A,2022-09-09T20:06:00Z,21.85,NA,NA,WF,0,2022,NA,NA,FALSE,TRUE
2020-ORVAD-000027,0.5,Class B,2020-11-01T19:00:00Z,4556.816666666667,NA,NA,WF,0.5,2020,NA,NA,FALSE,TRUE
2022-OR981S-220131,0.1,Class A,2022-06-09T02:04:00Z,105.38194444444444,NA,NA,WF,0,2022,NA,NA,FALSE,TRUE
2022-ORDEF-000666,0.1,Class A,2022-08-12T21:25:00Z,68.78333333333333,NA,NA,WF,0,2022,NA,NA,FALSE,TRUE
2022-ORRSF-000269,0.2,Class A,2022-08-23T22:01:00Z,46.575833333333335,NA,NA,WF,0,2022,NA,NA,FALSE,TRUE
2020-ORPRD-000108,0.1,Class A,NA,NA,NA,NA,WF,0,2020,NA,NA,FALSE,TRUE
2020-OR955S-000548,0.1,Class A,2020-08-05T22:13:00Z,24.261111111111113,NA,NA,WF,0,2020,NA,NA,FALSE,TRUE
2021-ORPRD-000263,0.1,Class A,2021-06-03T20:47:00Z,1.6,NA,NA,WF,0,2021,NA,NA,FALSE,TRUE
2021-ORLAD-210404,0.1,Class A,2021-08-12T20:51:00Z,148.58333333333334,NA,NA,WF,0,2021,NA,NA,FALSE,TRUE
2022-ORLAD-220378,0.1,Class A,2022-09-23T23:50:00Z,125.81666666666666,NA,NA,WF,0,2022,NA,NA,FALSE,TRUE
2022-ORDEF-000944,0.1,Class A,2022-09-30T18:00:00Z,139.48333333333332,NA,NA,WF,0,2022,NA,NA,FALSE,TRUE
2020-OR955S-000083,0.1,Class A,2020-06-04T22:17:00Z,1204.2,NA,NA,WF,0,2020,NA,NA,FALSE,TRUE
2020-ORNOD-200094,0.1,Class A,NA,NA,NA,NA,WF,0,2020,NA,NA,FALSE,TRUE
2022-ORDEF-000289,0.1,Class A,2022-07-03T20:40:00Z,22.305833333333332,NA,NA,WF,0,2022,NA,NA,FALSE,TRUE
2022-ORDEF-000489,0.1,Class A,NA,NA,NA,NA,WF,0,2022,NA,NA,FALSE,TRUE
2022-ORUPF-000268,0.1,Class A,2022-08-07T21:36:00Z,121.80472222222222,NA,NA,WF,0,2022,NA,NA,FALSE,TRUE
2022-ORUMF-000332,0.25,Class A,2022-08-24T23:21:00Z,52.29333333333334,NA,NA,WF,0,2022,NA,NA,FALSE,TRUE
2022-ORMED-000322,0.1,Class A,2022-09-21T00:00:00Z,318.1666666666667,NA,NA,WF,0,2022,NA,NA,FALSE,TRUE
2022-ORDEF-000952,0.1,Class A,2022-09-29T19:45:00Z,47.81666666666667,NA,NA,WF,0,2022,NA,NA,FALSE,TRUE
2020-OR981S-200390,0.1,Class A,2020-12-14T21:42:00Z,2564.9333333333334,NA,NA,WF,0,2020,NA,NA,FALSE,TRUE
2022-ORWIF-220330,0.25,Class A,2022-10-27T16:33:00Z,1530.8747222222223,NA,NA,WF,0,2022,NA,NA,FALSE,TRUE
2021-ORMED-000537,0.1,Class A,2021-08-05T20:00:00Z,93,NA,NA,WF,0,2021,NA,NA,FALSE,TRUE
2022-ORFWF-220158,0.3,Class B,2022-07-10T22:02:00Z,190.73666666666668,NA,NA,WF,0,2022,NA,NA,FALSE,TRUE
2022-ORDEF-000636,0.1,Class A,2022-08-11T20:34:00Z,47.37694444444445,NA,NA,WF,0,2022,NA,NA,FALSE,TRUE
2020-ORBENN-000825,0.1,Class A,NA,NA,NA,NA,WF,0,2020,NA,NA,FALSE,TRUE
2021-ORCLP-210360,0.1,Class A,NA,NA,NA,NA,WF,0,2021,NA,NA,FALSE,TRUE
2021-OR955S-000196,0.1,Class A,2021-06-02T21:38:00Z,237.66666666666663,NA,NA,WF,0,2021,NA,NA,FALSE,TRUE
2022-ORUPF-000175,0.25,Class A,2022-07-05T21:40:00Z,197.11833333333337,NA,NA,WF,0,2022,NA,NA,FALSE,TRUE
2022-OR981S-220272,0.11,Class A,2022-08-17T21:08:00Z,195.58333333333337,NA,NA,WF,0,2022,NA,NA,FALSE,TRUE
2022-ORMHF-001160,0.1,Class A,2022-09-11T22:54:00Z,1.2166666666666666,NA,NA,WF,0,2022,NA,NA,FALSE,TRUE
2022-ORFWF-220153,0.1,Class A,2022-07-21T20:47:00Z,507.35,NA,NA,WF,0,2022,NA,NA,FALSE,TRUE
2022-ORPRD-000405,0.1,Class A,2022-07-24T18:50:00Z,48.35,NA,NA,WF,0,2022,NA,NA,FALSE,TRUE
2022-ORUPF-000247,0.1,Class A,2022-08-07T20:37:00Z,162.71138888888888,NA,NA,WF,0,2022,NA,NA,FALSE,TRUE
2022-ORWIF-220365,0.1,Class A,2022-09-04T16:08:00Z,0.8755555555555555,NA,NA,WF,0,2022,NA,NA,FALSE,TRUE
2020-ORRFPN-002133,0.1,Class A,NA,NA,NA,NA,WF,0,2020,NA,NA,FALSE,TRUE
2022-ORDEF-000389,0.1,Class A,2022-07-18T19:06:00Z,0.05,NA,NA,WF,0,2022,NA,NA,FALSE,TRUE
2020-ORVAD-000009,0.1,Class A,2020-10-11T18:00:00Z,5558.966666666666,NA,NA,WF,0,2020,NA,NA,FALSE,TRUE
2022-ORMHF-001262,0.1,Class A,2022-10-01T00:30:00Z,25.516666666666666,NA,NA,WF,0,2022,NA,NA,FALSE,TRUE
2020-ORCLP-200190,0.1,Class A,2020-07-19T21:48:00Z,27.85,NA,NA,WF,0,2020,NA,NA,FALSE,TRUE
2022-ORMAF-002348,0.1,Class A,2022-10-03T22:39:00Z,620.2797222222222,NA,NA,WF,0,2022,NA,NA,FALSE,TRUE
2021-ORLAD-210248,0.1,Class A,2021-06-28T20:30:00Z,140.8,NA,NA,WF,0,2021,NA,NA,FALSE,TRUE
2021-ORCLP-210349,0.2,Class A,2021-07-28T17:22:00Z,45.93333333333333,NA,NA,WF,0,2021,NA,NA,FALSE,TRUE
2022-ORPRD-000183,0.1,Class A,2022-06-02T19:25:00Z,70.68333333333334,NA,NA,WF,0,2022,NA,NA,FALSE,TRUE
2022-ORPRD-000377,0.1,Class A,2022-07-30T21:48:00Z,339.4166666666667,NA,NA,WF,0,2022,NA,NA,FALSE,TRUE
2022-ORMAF-022202,0.1,Class A,2022-08-23T19:05:00Z,29.25138888888889,NA,NA,WF,0,2022,NA,NA,FALSE,TRUE
2022-OROCF-000875,0.1,Class A,2022-09-13T21:45:00Z,144.07111111111112,NA,NA,WF,0,2022,NA,NA,FALSE,TRUE
2022-ORMAF-022253,3.6,Class B,2022-09-15T21:45:00Z,49.461666666666666,NA,NA,WF,0,2022,NA,NA,FALSE,TRUE
2020-ORMED-000472,0.1,Class A,2020-11-15T18:27:00Z,311.45,NA,NA,WF,0,2020,NA,NA,FALSE,TRUE
2021-ORPRD-000878,0.1,Class A,2021-08-25T17:12:00Z,13.833333333333334,NA,NA,WF,0,2021,NA,NA,FALSE,TRUE
2021-ORLAD-210481,0.1,Class A,2021-12-06T23:05:00Z,70.61666666666666,NA,NA,WF,0,2021,NA,NA,FALSE,TRUE
2022-ORDEF-000355,0.2,Class A,2022-07-15T18:24:00Z,89.95,NA,NA,WF,0,2022,NA,NA,FALSE,TRUE
2022-ORDEF-000687,0.1,Class A,2022-08-14T22:20:00Z,102.89805555555556,NA,NA,WF,0,2022,NA,NA,FALSE,TRUE
2021-ORMED-000092,1.5,Class B,NA,NA,NA,NA,WF,0,2021,NA,NA,FALSE,TRUE
2022-ORWIF-220174,0.1,Class A,2022-08-07T01:04:00Z,144.94166666666666,NA,NA,WF,0,2022,NA,NA,FALSE,TRUE
2022-ORDEF-000574,0.5,Class B,2022-08-15T19:35:00Z,150.02916666666667,NA,NA,WF,0,2022,NA,NA,FALSE,TRUE
2022-ORWIF-220284,0.25,Class A,2022-08-13T22:29:00Z,4.525,NA,NA,WF,0,2022,NA,NA,FALSE,TRUE
2020-ORBUD-002136,0.1,Class A,2020-09-04T00:15:00Z,176.75,NA,NA,WF,0,2020,NA,NA,FALSE,TRUE
2021-OR991S-000394,0.1,Class A,NA,NA,NA,NA,WF,0,2021,NA,NA,FALSE,TRUE
2022-ORMAF-002307,0.1,Class A,2022-08-08T20:06:00Z,124.31305555555556,NA,NA,WF,0,2022,NA,NA,FALSE,TRUE
2022-ORWIF-220317,2.5,Class B,2022-09-19T19:39:00Z,766.855,NA,NA,WF,0,2022,NA,NA,FALSE,TRUE
2022-ORDEF-000876,2.27,Class B,2022-09-15T22:41:00Z,192.91333333333333,NA,NA,WF,0,2022,NA,NA,FALSE,TRUE
2022-ORWIF-220419,0.25,Class A,2022-11-02T18:48:00Z,908.6316666666668,NA,NA,WF,0,2022,NA,NA,FALSE,TRUE
2021-OR955S-000828,0.1,Class A,2021-08-30T20:45:00Z,458.5855555555556,NA,NA,WF,0,2021,NA,NA,FALSE,TRUE
2022-ORUMF-000296,3.6,Class B,2022-08-24T18:24:00Z,56.14,NA,NA,WF,0,2022,NA,NA,FALSE,TRUE
2022-ORLAD-220185,0.1,Class A,2022-07-29T20:28:00Z,119.9,NA,NA,WF,0,2022,NA,NA,FALSE,TRUE
2022-ORUPF-000319,0.1,Class A,2022-08-23T18:43:00Z,138.0225,NA,NA,WF,0,2022,NA,NA,FALSE,TRUE
2020-ORMED-000085,0.1,Class A,2020-06-12T18:21:00Z,312.35,NA,NA,WF,0,2020,NA,NA,FALSE,TRUE
2020-ORBUD-002161,2,Class B,2020-11-03T16:00:00Z,1219.2833333333333,NA,NA,WF,0,2020,NA,NA,FALSE,TRUE
2021-OR951S-000692,0.1,Class A,2021-08-01T18:47:00Z,63.62777777777778,NA,NA,WF,0,2021,NA,NA,FALSE,TRUE
2022-ORPRD-000312,0.1,Class A,2022-07-03T18:38:00Z,0.43333333333333335,NA,NA,WF,0,2022,NA,NA,FALSE,TRUE
2022-ORWWF-000098,0.1,Class A,2022-07-05T19:40:00Z,41.80416666666667,NA,NA,WF,0,2022,NA,NA,FALSE,TRUE
2022-ORDEF-000635,0.1,Class A,2022-08-10T18:47:00Z,21.66805555555555,NA,NA,WF,0,2022,NA,NA,FALSE,TRUE
2020-OR955S-000122,0.1,Class A,NA,NA,NA,NA,WF,0,2020,NA,NA,FALSE,TRUE
2020-ORPRD-000710,0.1,Class A,2020-08-19T17:35:00Z,42.233333333333334,NA,NA,WF,0,2020,NA,NA,FALSE,TRUE
2021-ORVAD-000026,0.3,Class B,2021-04-27T21:00:00Z,438.95,NA,NA,WF,0,2021,NA,NA,FALSE,TRUE
2021-ORMED-000344,0.1,Class A,NA,NA,NA,NA,WF,0,2021,NA,NA,FALSE,TRUE
2022-ORPRD-000474,2.5,Class B,2022-08-16T22:46:00Z,404.98333333333335,NA,NA,WF,0,2022,NA,NA,FALSE,TRUE
2022-ORCLP-220204,0.1,Class A,2022-08-06T19:32:00Z,124.8,NA,NA,WF,0,2022,NA,NA,FALSE,TRUE
2022-ORMHF-000833,0.1,Class A,2022-08-15T00:10:00Z,0.4166666666666667,NA,NA,WF,0,2022,NA,NA,FALSE,TRUE
2022-ORRSF-000207,0.25,Class A,2022-08-22T18:13:00Z,112.72916666666669,NA,NA,WF,0,2022,NA,NA,FALSE,TRUE
2022-ORWWF-000399,1,Class B,2022-09-17T18:26:00Z,432.19138888888887,NA,NA,WF,0,2022,NA,NA,FALSE,TRUE
2022-ORWWF-000139,0.1,Class A,2022-07-15T18:30:00Z,47.44138888888889,NA,NA,WF,0,2022,NA,NA,FALSE,TRUE
2022-ORUPF-000280,0.25,Class A,2022-08-10T19:58:00Z,142.6786111111111,NA,NA,WF,0,2022,NA,NA,FALSE,TRUE
2022-ORFWF-220276,0.1,Class A,2022-08-13T21:05:00Z,98.52916666666668,NA,NA,WF,0,2022,NA,NA,FALSE,TRUE
2022-ORWIF-220300,0.1,Class A,2022-08-18T16:38:00Z,20.531666666666663,NA,NA,WF,0,2022,NA,NA,FALSE,TRUE
2022-ORPRD-000851,0.1,Class A,2022-10-13T19:33:00Z,908.9333333333332,NA,NA,WF,0,2022,NA,NA,FALSE,TRUE
2022-ORDEF-000697,0.2,Class A,2022-08-14T20:50:00Z,97.2775,NA,NA,WF,0,2022,NA,NA,FALSE,TRUE
2021-ORVAD-000040,0.1,Class A,2021-04-27T21:30:00Z,432.68333333333334,NA,NA,WF,0,2021,NA,NA,FALSE,TRUE
2020-ORBUD-002053,0.8,Class B,2020-07-25T20:06:00Z,85.13333333333334,NA,NA,WF,0,2020,NA,NA,FALSE,TRUE
2022-ORMAF-022248,0.1,Class A,2022-09-09T23:51:00Z,26.227777777777774,NA,NA,WF,0,2022,NA,NA,FALSE,TRUE
2022-ORMAF-022261,0.1,Class A,2022-09-16T21:30:00Z,51.3675,NA,NA,WF,0,2022,NA,NA,FALSE,TRUE
2020-ORNOD-200138,0.1,Class A,NA,NA,NA,NA,WF,0,2020,NA,NA,FALSE,TRUE
2020-ORMED-000473,0.1,Class A,2020-11-16T21:06:00Z,325.35,NA,NA,WF,0,2020,NA,NA,FALSE,TRUE
2021-ORMED-000256,0.1,Class A,2021-08-01T21:22:00Z,312.78333333333336,NA,NA,WF,0,2021,NA,NA,FALSE,TRUE
2021-ORMED-000358,0.1,Class A,NA,NA,NA,NA,WF,0,2021,NA,NA,FALSE,TRUE
2022-ORUPF-000276,0.1,Class A,2022-08-10T21:41:00Z,164.3852777777778,NA,NA,WF,0,2022,NA,NA,FALSE,TRUE
2020-ORPRD-000426,0.1,Class A,2020-07-22T22:50:00Z,102.41666666666669,NA,NA,WF,0,2020,NA,NA,FALSE,TRUE
2022-ORFWF-220286,0.1,Class A,2022-08-13T19:55:00Z,94.58166666666666,NA,NA,WF,0,2022,NA,NA,FALSE,TRUE
2022-ORMED-000254,5,Class B,2022-09-03T18:00:00Z,405.53333333333336,NA,NA,WF,0,2022,NA,NA,FALSE,TRUE
2022-ORFWF-220408,0.1,Class A,2022-11-03T17:35:00Z,171.1,NA,NA,WF,0,2022,NA,NA,FALSE,TRUE
2020-OR955S-000675,0.1,Class A,2020-08-19T19:20:00Z,68.03333333333333,NA,NA,WF,0,2020,NA,NA,FALSE,TRUE
2021-OR981S-210152,0.1,Class A,NA,NA,NA,NA,WF,0,2021,NA,NA,FALSE,TRUE
2022-ORPRD-000266,0.1,Class A,2022-06-28T23:08:00Z,94.28333333333332,NA,NA,WF,0,2022,NA,NA,FALSE,TRUE
2022-ORMED-000165,0.1,Class A,2022-08-15T01:00:00Z,298.03333333333336,NA,NA,WF,0,2022,NA,NA,FALSE,TRUE
2022-ORWWF-000452,0.1,Class A,2022-09-16T19:20:00Z,64.72472222222223,NA,NA,WF,0,2022,NA,NA,FALSE,TRUE
2022-ORFWF-220375,0.1,Class A,2022-09-21T22:45:00Z,94.95305555555557,NA,NA,WF,0,2022,NA,NA,FALSE,TRUE
2021-ORLAD-210399,0.1,Class A,2021-08-12T23:30:00Z,166.28333333333333,NA,NA,WF,0,2021,NA,NA,FALSE,TRUE
2022-ORMHF-000507,0.1,Class A,2022-07-21T10:29:00Z,83.96666666666667,NA,NA,WF,0,2022,NA,NA,FALSE,TRUE
2022-ORRSF-000223,0.1,Class A,2022-08-22T22:24:00Z,100.80972222222222,NA,NA,WF,0,2022,NA,NA,FALSE,TRUE
2022-ORMAF-022249,2.36,Class B,2022-09-13T22:05:00Z,99.06583333333332,NA,NA,WF,0,2022,NA,NA,FALSE,TRUE
2022-ORMHF-001375,0.1,Class A,2022-10-24T20:13:00Z,168.43333333333334,NA,NA,WF,0,2022,NA,NA,FALSE,TRUE
2021-ORROD-000593,0.1,Class A,2021-10-04T23:00:00Z,0.8166666666666667,NA,NA,WF,0,2021,NA,NA,FALSE,TRUE
2022-ORWSPN-000159,2,Class B,2022-07-04T21:50:00Z,1102,NA,NA,WF,0,2022,NA,NA,FALSE,TRUE
2022-ORRSF-000156,0.1,Class A,2022-08-03T19:41:00Z,25.534166666666668,NA,NA,WF,0,2022,NA,NA,FALSE,TRUE
2022-ORPRD-000824,0.1,Class A,2022-09-04T19:35:00Z,62.3,NA,NA,WF,0,2022,NA,NA,FALSE,TRUE
2020-ORPRD-000566,0.1,Class A,2020-08-09T20:53:00Z,91.71666666666668,NA,NA,WF,0,2020,NA,NA,FALSE,TRUE
2020-ORBUD-002178,0.1,Class A,2020-11-23T23:54:00Z,5.4,NA,NA,WF,0,2020,NA,NA,FALSE,TRUE
2021-ORMED-000115,0.1,Class A,2021-07-16T16:53:00Z,1030.5666666666666,NA,NA,WF,0,2021,NA,NA,FALSE,TRUE
2022-ORSUF-220374,0.1,Class A,2022-09-08T19:10:00Z,49.166666666666664,NA,NA,WF,0,2022,NA,NA,FALSE,TRUE
2022-ORWWF-000569,0.1,Class A,2022-10-31T21:30:00Z,2.5166666666666666,NA,NA,WF,0,2022,NA,NA,FALSE,TRUE
2020-OR955S-000580,0.1,Class A,2020-08-09T23:00:00Z,90.16916666666668,NA,NA,WF,0,2020,NA,NA,FALSE,TRUE
2022-ORDEF-000506,0.3,Class B,NA,NA,NA,NA,WF,0,2022,NA,NA,FALSE,TRUE
2022-ORCLP-220357,0.1,Class A,2022-11-07T16:00:00Z,1458.2166666666667,NA,NA,WF,0,2022,NA,NA,FALSE,TRUE
2020-ORMED-000468,0.1,Class A,NA,NA,NA,NA,WF,0,2020,NA,NA,FALSE,TRUE
2022-ORMED-000280,1.6,Class B,2022-08-31T00:00:00Z,312,NA,NA,WF,0,2022,NA,NA,FALSE,TRUE
2022-ORWWF-000449,0.1,Class A,2022-09-16T18:56:00Z,66.64555555555556,NA,NA,WF,0,2022,NA,NA,FALSE,TRUE
2020-OR955S-000724,0.1,Class A,2020-08-19T23:18:00Z,26.93805555555555,NA,NA,WF,0,2020,NA,NA,FALSE,TRUE
2021-ORLAD-210237,0.1,Class A,2021-06-28T19:42:00Z,145.55,NA,NA,WF,0,2021,NA,NA,FALSE,TRUE
2021-ORMED-000279,1,Class B,2021-08-04T19:00:00Z,136.38333333333333,NA,NA,WF,0,2021,NA,NA,FALSE,TRUE
2022-ORPRD-000076,0.1,Class A,2022-05-23T18:54:00Z,1315.45,NA,NA,WF,0,2022,NA,NA,FALSE,TRUE
2022-ORPRD-000198,0.1,Class A,2022-06-14T20:05:00Z,284.65,NA,NA,WF,0,2022,NA,NA,FALSE,TRUE
2022-ORMAF-022133,1.1,Class B,2022-08-05T20:57:00Z,78.94416666666666,NA,NA,WF,0,2022,NA,NA,FALSE,TRUE
2022-ORFWF-220248,0.1,Class A,2022-08-07T22:01:00Z,70.10305555555556,NA,NA,WF,0,2022,NA,NA,FALSE,TRUE
2022-ORMAF-022194,0.25,Class A,2022-08-24T18:24:00Z,85.68722222222222,NA,NA,WF,0,2022,NA,NA,FALSE,TRUE
2021-ORCLP-210344,0.1,Class A,2021-08-01T19:03:00Z,146.88333333333333,NA,NA,WF,0,2021,NA,NA,FALSE,TRUE
2021-ORLAD-210383,0.1,Class A,NA,NA,NA,NA,WF,0,2021,NA,NA,FALSE,TRUE
2022-ORVAD-000081,0.1,Class A,2022-07-07T15:00:00Z,1.4333333333333331,NA,NA,WF,0,2022,NA,NA,FALSE,TRUE
2021-ORPRD-000358,0.1,Class A,2021-06-22T21:57:00Z,17.7,NA,NA,WF,0,2021,NA,NA,FALSE,TRUE
2021-ORPRD-000693,0.1,Class A,2021-09-05T21:53:00Z,906.1833333333332,NA,NA,WF,0,2021,NA,NA,FALSE,TRUE
2022-ORRSF-000053,0.1,Class A,2022-07-13T20:12:00Z,1035.5,NA,NA,WF,0,2022,NA,NA,FALSE,TRUE
2022-ORMHF-000648,0.1,Class A,2022-08-02T00:04:00Z,0.3,NA,NA,WF,0,2022,NA,NA,FALSE,TRUE
2022-ORUPF-000265,0.1,Class A,2022-08-08T21:13:00Z,146.9961111111111,NA,NA,WF,0,2022,NA,NA,FALSE,TRUE
2022-ORDEF-000597,0.1,Class A,2022-08-12T21:50:00Z,75.51777777777778,NA,NA,WF,0,2022,NA,NA,FALSE,TRUE
2022-ORDEF-000857,1,Class B,2022-09-13T20:08:00Z,187.68333333333337,NA,NA,WF,0,2022,NA,NA,FALSE,TRUE
2022-ORNOD-220301,0.1,Class A,NA,NA,NA,NA,WF,0,2022,NA,NA,FALSE,TRUE
2022-ORWIF-220414,0.1,Class A,2022-09-24T21:05:00Z,2.116111111111111,NA,NA,WF,0,2022,NA,NA,FALSE,TRUE
2022-ORPRD-000213,0.1,Class A,NA,NA,NA,NA,WF,0,2022,NA,NA,FALSE,TRUE
2022-ORDEF-000662,0.1,Class A,2022-08-11T22:04:00Z,46.29444444444445,NA,NA,WF,0,2022,NA,NA,FALSE,TRUE
2022-ORRSF-000379,0.25,Class A,2022-10-24T18:29:00Z,142.03333333333333,NA,NA,WF,0,2022,NA,NA,FALSE,TRUE
2020-OR981S-200191,0.6,Class B,2020-07-22T19:11:00Z,62.96666666666667,NA,NA,WF,0,2020,NA,NA,FALSE,TRUE
2021-OR981S-210159,0.1,Class A,2021-05-31T19:06:00Z,385.56666666666666,NA,NA,WF,0,2021,NA,NA,FALSE,TRUE
2021-ORNOD-210049,0.1,Class A,NA,NA,NA,NA,WF,0,2021,NA,NA,FALSE,TRUE
2020-ORBUD-002083,0.1,Class A,2020-08-10T20:52:00Z,117.55,NA,NA,WF,0,2020,NA,NA,FALSE,TRUE
2022-OR991S-000144,0.25,Class A,NA,NA,NA,NA,WF,0,2022,NA,NA,FALSE,TRUE
2022-ORFWF-220164,0.15,Class A,2022-07-09T21:14:00Z,141.63833333333332,NA,NA,WF,0,2022,NA,NA,FALSE,TRUE
2022-ORRSF-000150,0.1,Class A,2022-08-03T18:56:00Z,27.823333333333338,NA,NA,WF,0,2022,NA,NA,FALSE,TRUE
2022-ORMED-000348,0.1,Class A,2022-10-09T17:00:00Z,313.96666666666664,NA,NA,WF,0,2022,NA,NA,FALSE,TRUE
2022-ORCGF-001336,0.1,Class A,2022-11-16T20:00:00Z,862.9666666666667,NA,NA,WF,0,2022,NA,NA,FALSE,TRUE
2021-ORPRD-000203,0.1,Class A,2021-05-30T21:01:00Z,96.43333333333334,NA,NA,WF,0,2021,NA,NA,FALSE,TRUE
2022-ORWIF-220254,0.1,Class A,2022-08-11T19:43:00Z,42.62611111111111,NA,NA,WF,0,2022,NA,NA,FALSE,TRUE
2022-OROCF-000789,3.06,Class B,2022-09-10T19:15:00Z,477.6333333333333,NA,NA,WF,0,2022,NA,NA,FALSE,TRUE
2022-ORPRD-000368,0.1,Class A,2022-07-15T22:48:00Z,75.93333333333334,NA,NA,WF,0,2022,NA,NA,FALSE,TRUE
2022-ORDEF-000758,0.25,Class A,2022-08-17T19:14:00Z,42.25472222222222,NA,NA,WF,0,2022,NA,NA,FALSE,TRUE
2022-ORSUF-220372,0.2,Class A,2022-09-12T18:45:00Z,147.38333333333333,NA,NA,WF,0,2022,NA,NA,FALSE,TRUE
2020-ORPRD-000502,0.1,Class A,2020-08-25T23:30:00Z,672.2333333333333,NA,NA,WF,0,2020,NA,NA,FALSE,TRUE
2022-ORWIF-220230,0.25,Class A,2022-08-12T03:12:00Z,56.99944444444444,NA,NA,WF,0,2022,NA,NA,FALSE,TRUE
2022-ORUMF-000518,0.1,Class A,NA,NA,NA,NA,WF,0,2022,NA,NA,FALSE,TRUE
2022-ORFWF-220371,0.25,Class A,2022-09-16T21:00:00Z,88.46944444444445,NA,NA,WF,0,2022,NA,NA,FALSE,TRUE
2022-ORMHF-001242,0.1,Class A,2022-09-27T19:28:00Z,16.316666666666666,NA,NA,WF,0,2022,NA,NA,FALSE,TRUE
2022-ORMAF-002382,0.1,Class A,2022-10-24T22:31:00Z,120.43333333333334,NA,NA,WF,0,2022,NA,NA,FALSE,TRUE
2021-ORLAD-210414,0.1,Class A,2021-08-09T23:03:00Z,5.616666666666666,NA,NA,WF,0,2021,NA,NA,FALSE,TRUE
2022-ORRSF-000037,0.1,Class A,NA,NA,NA,NA,WF,0,2022,NA,NA,FALSE,TRUE
2022-OR955S-000188,0.71,Class B,2022-06-08T20:26:00Z,168.71666666666667,NA,NA,WF,0,2022,NA,NA,FALSE,TRUE
2022-ORLAD-220256,0.1,Class A,2022-08-23T20:38:00Z,427.65,NA,NA,WF,0,2022,NA,NA,FALSE,TRUE
2022-ORWIF-220418,4,Class B,2022-10-13T20:14:00Z,431.1,NA,NA,WF,0,2022,NA,NA,FALSE,TRUE
2020-ORNOD-200555,0.1,Class A,2020-08-28T21:00:00Z,1.1666666666666667,NA,NA,WF,0,2020,NA,NA,FALSE,TRUE
2021-ORPRD-000946,0.1,Class A,2021-10-27T21:37:00Z,1106.7,NA,NA,WF,0,2021,NA,NA,FALSE,TRUE
2022-ORNOD-220162,0.1,Class A,2022-07-30T19:00:00Z,6,NA,NA,WF,0,2022,NA,NA,FALSE,TRUE
2021-ORROD-000415,0.3,Class B,NA,NA,NA,NA,WF,0,2021,NA,NA,FALSE,TRUE
2022-ORDEF-000665,0.1,Class A,2022-08-10T02:48:00Z,2.2280555555555557,NA,NA,WF,0,2022,NA,NA,FALSE,TRUE
2022-ORMED-000294,0.1,Class A,2022-08-31T00:00:00Z,312,NA,NA,WF,0,2022,NA,NA,FALSE,TRUE
2022-ORMAF-022257,0.1,Class A,NA,NA,NA,NA,WF,0,2022,NA,NA,FALSE,TRUE
2022-ORWIF-220403,0.1,Class A,2022-09-27T23:05:00Z,167.685,NA,NA,WF,0,2022,NA,NA,FALSE,TRUE
2020-ORMED-000296,0.1,Class A,2020-08-26T00:00:00Z,328.6333333333333,NA,NA,WF,0,2020,NA,NA,FALSE,TRUE
2021-ORLAD-210245,0.1,Class A,2021-07-12T20:37:00Z,479.56666666666666,NA,NA,WF,0,2021,NA,NA,FALSE,TRUE
2021-OR972S-000912,0.1,Class A,2021-08-09T23:20:00Z,136.72722222222222,NA,NA,WF,0,2021,NA,NA,FALSE,TRUE
2022-ORVAD-000192,2,Class B,2022-09-27T18:00:00Z,262.73333333333335,NA,NA,WF,0,2022,NA,NA,FALSE,TRUE
2022-ORRSF-000358,0.25,Class A,2022-10-07T18:48:00Z,117.8463888888889,NA,NA,WF,0,2022,NA,NA,FALSE,TRUE
2020-ORCRRN-000026,5,Class B,NA,NA,NA,NA,WF,0,2020,NA,NA,FALSE,TRUE
2020-ORLAD-200165,0.25,Class A,2020-07-04T21:09:00Z,120.55,NA,NA,WF,0,2020,NA,NA,FALSE,TRUE
2021-ORMED-000350,0.1,Class A,2021-08-05T19:00:00Z,163.33333333333334,NA,NA,WF,0,2021,NA,NA,FALSE,TRUE
2022-ORPRD-000684,0.1,Class A,2022-08-10T20:43:00Z,6.883333333333334,NA,NA,WF,0,2022,NA,NA,FALSE,TRUE
2020-ORMED-000467,0.1,Class A,2020-11-06T22:40:00Z,316.06666666666666,NA,NA,WF,0,2020,NA,NA,FALSE,TRUE
2022-ORWIF-220256,0.1,Class A,2022-08-10T17:27:00Z,15.61,NA,NA,WF,0,2022,NA,NA,FALSE,TRUE
2022-ORRSF-000319,0.1,Class A,2022-09-13T18:38:00Z,99.11666666666666,NA,NA,WF,0,2022,NA,NA,FALSE,TRUE
2021-OR955S-000683,0.1,Class A,2021-08-01T18:23:00Z,65.50833333333334,NA,NA,WF,0,2021,NA,NA,FALSE,TRUE
2022-ORRSF-000058,0.1,Class A,2022-06-06T23:01:00Z,2.033333333333333,NA,NA,WF,0,2022,NA,NA,FALSE,TRUE
2022-ORMHF-000697,0.1,Class A,2022-08-05T21:32:00Z,1.3666666666666667,NA,NA,WF,0,2022,NA,NA,FALSE,TRUE
2022-ORVAD-050299,0.1,Class A,NA,NA,NA,NA,WF,0,2022,NA,NA,FALSE,TRUE
2022-ORDEF-000800,0.1,Class A,2022-09-03T19:45:00Z,220.48333333333332,NA,NA,WF,0,2022,NA,NA,FALSE,TRUE
2022-ORVAD-000179,0.1,Class A,2022-09-30T18:00:00Z,541.3166666666667,NA,NA,WF,0,2022,NA,NA,FALSE,TRUE
2022-ORRSF-000345,0.1,Class A,2022-09-25T19:19:00Z,27.316666666666663,NA,NA,WF,0,2022,NA,NA,FALSE,TRUE
2020-OR981S-200393,0.25,Class A,2020-09-06T22:25:00Z,117.03333333333332,NA,NA,WF,0,2020,NA,NA,FALSE,TRUE
2021-ORCBD-000026,0.1,Class A,2021-12-13T19:00:00Z,2.55,NA,NA,WF,0,2021,NA,NA,FALSE,TRUE
2022-ORMED-000310,0.38,Class B,2022-09-16T18:00:00Z,328.5,NA,NA,WF,0,2022,NA,NA,FALSE,TRUE
2022-ORPRD-000168,0.1,Class A,2022-05-26T16:47:00Z,42.35,NA,NA,WF,0,2022,NA,NA,FALSE,TRUE
2022-ORPRD-000510,0.1,Class A,2022-08-14T22:40:00Z,311.05,NA,NA,WF,0,2022,NA,NA,FALSE,TRUE
2022-ORFWF-220222,0.1,Class A,2022-08-05T22:05:00Z,76.11805555555556,NA,NA,WF,0,2022,NA,NA,FALSE,TRUE
2022-ORMED-000261,0.1,Class A,2022-09-04T18:00:00Z,426.51666666666665,NA,NA,WF,0,2022,NA,NA,FALSE,TRUE
2022-ORUMF-000343,0.1,Class A,2022-08-26T19:28:00Z,91.95111111111112,NA,NA,WF,0,2022,NA,NA,FALSE,TRUE
2020-OR981S-200238,0.1,Class A,2020-08-02T19:56:00Z,141.03861111111112,NA,NA,WF,0,2020,NA,NA,FALSE,TRUE
2021-ORREDN-000995,0.1,Class A,NA,NA,NA,NA,WF,0,2021,NA,NA,FALSE,TRUE
2022-ORMHF-000767,0.1,Class A,2022-08-13T22:41:00Z,79.05277777777778,NA,NA,WF,0,2022,NA,NA,FALSE,TRUE
2022-ORWWF-000340,0.5,Class B,2022-08-27T20:02:00Z,116.93722222222222,NA,NA,WF,0,2022,NA,NA,FALSE,TRUE
2022-ORNOD-220409,0.1,Class A,2022-09-09T17:00:00Z,46.71666666666667,NA,NA,WF,0,2022,NA,NA,FALSE,TRUE
2021-ORCBD-000154,0.1,Class A,2021-05-07T17:00:00Z,2,NA,NA,WF,0,2021,NA,NA,FALSE,TRUE
2022-ORMAF-002253,0.1,Class A,2022-06-20T22:12:00Z,75.7,NA,NA,WF,0,2022,NA,NA,FALSE,TRUE
2022-ORPRD-000739,0.1,Class A,2022-08-17T19:55:00Z,90.75,NA,NA,WF,0,2022,NA,NA,FALSE,TRUE
2022-ORCLP-220369,0.1,Class A,2022-09-13T20:41:00Z,70.05,NA,NA,WF,0,2022,NA,NA,FALSE,TRUE
2020-OR981S-200323,0.13,Class A,2020-09-01T20:34:00Z,453.0833333333333,NA,NA,WF,0,2020,NA,NA,FALSE,TRUE
2022-ORMAF-022032,0.1,Class A,2022-05-25T16:00:00Z,1144.6166666666666,NA,NA,WF,0,2022,NA,NA,FALSE,TRUE
2022-ORDEF-000130,0.1,Class A,2022-05-14T19:57:00Z,171.51666666666668,NA,NA,WF,0,2022,NA,NA,FALSE,TRUE
2022-ORCGF-000655,0.25,Class A,2022-08-05T18:47:00Z,73.61666666666666,NA,NA,WF,0,2022,NA,NA,FALSE,TRUE
2022-ORPRD-000658,2,Class B,2022-08-13T23:47:00Z,96.25,NA,NA,WF,0,2022,NA,NA,FALSE,TRUE
2022-ORPRD-000974,0.1,Class A,NA,NA,NA,NA,WF,0,2022,NA,NA,FALSE,TRUE
2020-ORBUD-002170,0.1,Class A,2020-10-13T20:45:00Z,46.13333333333333,NA,NA,WF,0,2020,NA,NA,FALSE,TRUE
2021-OR955S-000127,0.1,Class A,2021-05-18T15:58:00Z,497.5975,NA,NA,WF,0,2021,NA,NA,FALSE,TRUE
2022-ORMED-000256,0.1,Class A,2022-08-31T00:00:00Z,312,NA,NA,WF,0,2022,NA,NA,FALSE,TRUE
2020-ORRFPN-000613,2,Class B,NA,NA,NA,NA,WF,0,2020,NA,NA,FALSE,TRUE
2020-ORMED-000402,0.1,Class A,NA,NA,NA,NA,WF,0,2020,NA,NA,FALSE,TRUE
2020-ORCLP-200261,0.1,Class A,2020-07-29T16:00:00Z,20.740277777777777,NA,NA,WF,0,2020,NA,NA,FALSE,TRUE
2022-ORPRD-000546,0.2,Class A,2022-08-04T01:30:00Z,5.6,NA,NA,WF,0,2022,NA,NA,FALSE,TRUE
2022-ORMAF-022307,0.1,Class A,2022-10-17T17:05:00Z,212.66666666666663,NA,NA,WF,0,2022,NA,NA,FALSE,TRUE
2022-ORWIF-220465,0.1,Class A,2022-11-09T23:00:00Z,49.65,NA,NA,WF,0,2022,NA,NA,FALSE,TRUE
2020-ORMED-000084,0.1,Class A,2020-06-06T00:00:00Z,342,NA,NA,WF,0,2020,NA,NA,FALSE,TRUE
2022-ORPRD-000621,0.1,Class A,NA,NA,NA,NA,WF,0,2022,NA,NA,FALSE,TRUE
2022-ORUPF-000384,0.1,Class A,2022-09-23T17:33:00Z,123.43555555555557,NA,NA,WF,0,2022,NA,NA,FALSE,TRUE
2020-OR955S-000935,0.1,Class A,2020-09-26T22:51:00Z,4.45,NA,NA,WF,0,2020,NA,NA,FALSE,TRUE
2021-ORPRD-000269,0.1,Class A,2021-06-04T22:35:00Z,24.75,NA,NA,WF,0,2021,NA,NA,FALSE,TRUE
2022-ORDEF-000089,0.1,Class A,2022-04-11T21:45:00Z,96.63333333333334,NA,NA,WF,0,2022,NA,NA,FALSE,TRUE
2022-ORMED-000166,0.1,Class A,2022-08-15T19:00:00Z,314.76666666666665,NA,NA,WF,0,2022,NA,NA,FALSE,TRUE
2022-ORUMF-022286,0.1,Class A,2022-09-19T20:16:00Z,17.448055555555555,NA,NA,WF,0,2022,NA,NA,FALSE,TRUE
2022-ORWWF-000131,0.1,Class A,2022-07-19T23:13:00Z,152.03694444444446,NA,NA,WF,0,2022,NA,NA,FALSE,TRUE
2022-ORMAF-002229,0.1,Class A,2022-05-31T20:50:00Z,645.65,NA,NA,WF,0,2022,NA,NA,FALSE,TRUE
2020-OR981S-200130,0.1,Class A,2020-05-15T20:04:00Z,72.9,NA,NA,WF,0,2020,NA,NA,FALSE,TRUE
2022-ORMAF-022105,0.25,Class A,2022-07-15T01:58:00Z,32.10611111111111,NA,NA,WF,0,2022,NA,NA,FALSE,TRUE
2022-ORDEF-000497,0.5,Class B,2022-08-04T19:30:00Z,85.95361111111112,NA,NA,WF,0,2022,NA,NA,FALSE,TRUE
2022-ORWIF-220259,0.1,Class A,2022-08-12T03:12:00Z,33.4175,NA,NA,WF,0,2022,NA,NA,FALSE,TRUE
2022-ORMHF-000830,0.25,Class A,2022-08-29T22:37:00Z,359.385,NA,NA,WF,0,2022,NA,NA,FALSE,TRUE
2022-ORDEF-000777,0.1,Class A,2022-08-20T17:18:00Z,16.723055555555554,NA,NA,WF,0,2022,NA,NA,FALSE,TRUE
2020-ORVAD-000126,0.1,Class A,2020-11-17T21:37:00Z,2539.116666666667,NA,NA,WF,0,2020,NA,NA,FALSE,TRUE
2022-ORFWF-220232,0.3,Class B,2022-08-10T20:18:00Z,189.99416666666667,NA,NA,WF,0,2022,NA,NA,FALSE,TRUE
2022-ORWWF-000251,0.1,Class A,2022-08-13T23:30:00Z,2.5416666666666665,NA,NA,WF,0,2022,NA,NA,FALSE,TRUE
2021-ORCBD-000258,0.1,Class A,2021-07-04T17:00:00Z,2.5,NA,NA,WF,0,2021,NA,NA,FALSE,TRUE
2022-OROCF-000235,0.1,Class A,2022-06-15T21:38:00Z,29.10944444444445,NA,NA,WF,0,2022,NA,NA,FALSE,TRUE
2022-ORWIF-220190,0.25,Class A,2022-08-31T21:05:00Z,716.5808333333333,NA,NA,WF,0,2022,NA,NA,FALSE,TRUE
2022-ORWIF-220217,0.1,Class A,2022-08-07T22:57:00Z,0.36666666666666664,NA,NA,WF,0,2022,NA,NA,FALSE,TRUE
2022-ORFWF-220302,0.1,Class A,2022-08-13T17:21:00Z,66.60722222222222,NA,NA,WF,0,2022,NA,NA,FALSE,TRUE
2022-ORWIF-220268,0.1,Class A,2022-08-12T16:32:00Z,40.812222222222225,NA,NA,WF,0,2022,NA,NA,FALSE,TRUE
2020-ORCLP-200344,0.1,Class A,2020-08-17T16:03:00Z,22.25,NA,NA,WF,0,2020,NA,NA,FALSE,TRUE
2022-ORFWF-220224,0.1,Class A,2022-08-04T21:59:00Z,51.568333333333335,NA,NA,WF,0,2022,NA,NA,FALSE,TRUE
2022-ORWIF-220224,0.1,Class A,2022-08-10T16:58:00Z,23.933888888888887,NA,NA,WF,0,2022,NA,NA,FALSE,TRUE
2020-ORPRD-000421,0.1,Class A,2020-08-09T21:31:00Z,555.3333333333334,NA,NA,WF,0,2020,NA,NA,FALSE,TRUE
2021-ORREDN-000419,0.1,Class A,NA,NA,NA,NA,WF,0,2021,NA,NA,FALSE,TRUE
2022-ORRSF-000052,0.1,Class A,2022-05-31T23:51:00Z,140.41666666666666,NA,NA,WF,0,2022,NA,NA,FALSE,TRUE
2022-ORUPF-000307,0.1,Class A,2022-10-27T16:00:00Z,1728.3222222222223,NA,NA,WF,0,2022,NA,NA,FALSE,TRUE
2022-ORMAF-022192,0.1,Class A,2022-08-21T18:00:00Z,16.106666666666666,NA,NA,WF,0,2022,NA,NA,FALSE,TRUE
2022-ORRSF-000329,0.1,Class A,NA,NA,NA,NA,WF,0,2022,NA,NA,FALSE,TRUE
2022-ORWIF-220250,0.1,Class A,2022-08-12T03:12:00Z,50.30916666666667,NA,NA,WF,0,2022,NA,NA,FALSE,TRUE
2022-ORWIF-220262,0.1,Class A,2022-11-02T18:12:00Z,2014.4288888888889,NA,NA,WF,0,2022,NA,NA,FALSE,TRUE
2022-ORMHF-000977,0.1,Class A,2022-08-27T17:17:00Z,15.116666666666667,NA,NA,WF,0,2022,NA,NA,FALSE,TRUE
2022-ORNOD-220338,0.47,Class B,2022-08-28T20:52:00Z,20.3,NA,NA,WF,0,2022,NA,NA,FALSE,TRUE
2020-ORLAD-200365,0.1,Class A,2020-09-06T21:00:00Z,294.5,NA,NA,WF,0,2020,NA,NA,FALSE,TRUE
2020-OR972S-000383,0.1,Class A,NA,NA,NA,NA,WF,0,2020,NA,NA,FALSE,TRUE
2020-ORLAD-200446,2,Class B,2020-12-02T21:11:00Z,741.55,NA,NA,WF,0,2020,NA,NA,FALSE,TRUE
2020-ORVAD-060066,0.1,Class A,2020-04-15T16:45:00Z,788.0666666666667,NA,NA,WF,0,2020,NA,NA,FALSE,TRUE
2021-ORPRD-000347,0.1,Class A,2021-06-24T17:31:00Z,63.460277777777776,NA,NA,WF,0,2021,NA,NA,FALSE,TRUE
2022-ORDEF-000087,0.1,Class A,2022-04-13T17:00:00Z,141.63333333333333,NA,NA,WF,0,2022,NA,NA,FALSE,TRUE
2022-ORWIF-220234,0.1,Class A,2022-08-19T21:10:00Z,242.22,NA,NA,WF,0,2022,NA,NA,FALSE,TRUE
2022-ORLAD-220358,0.3,Class B,2022-09-15T18:03:00Z,187.95,NA,NA,WF,0,2022,NA,NA,FALSE,TRUE
2022-ORNOD-220111,0.25,Class A,2022-06-29T17:00:00Z,1.6333333333333333,NA,NA,WF,0,2022,NA,NA,FALSE,TRUE
2020-ORBENN-000292,0.8,Class B,NA,NA,NA,NA,WF,0,2020,NA,NA,FALSE,TRUE
2021-ORLAD-210318,0.1,Class A,NA,NA,NA,NA,WF,0,2021,NA,NA,FALSE,TRUE
2022-OR982S-220141,0.1,Class A,2022-06-15T22:21:00Z,49.295,NA,NA,WF,0,2022,NA,NA,FALSE,TRUE
2022-ORWWF-000294,0.1,Class A,2022-08-27T22:24:00Z,144.29861111111111,NA,NA,WF,0,2022,NA,NA,FALSE,TRUE
2020-OR955S-000251,0.1,Class A,2020-07-25T17:53:00Z,928.5166666666668,NA,NA,WF,0,2020,NA,NA,FALSE,TRUE
2021-ORROD-000187,0.1,Class A,NA,NA,NA,NA,WF,0,2021,NA,NA,FALSE,TRUE
2021-ORLAD-210259,0.25,Class A,2021-07-16T23:58:00Z,549.3666666666667,NA,NA,WF,0,2021,NA,NA,FALSE,TRUE
2021-ORCBD-000227,0.1,Class A,NA,NA,NA,NA,WF,0,2021,NA,NA,FALSE,TRUE
2022-ORDEF-000767,0.1,Class A,2022-08-23T20:15:00Z,125.55888888888887,NA,NA,WF,0,2022,NA,NA,FALSE,TRUE
2022-ORSUF-220353,0.1,Class A,2022-09-02T00:30:00Z,1.5833333333333333,NA,NA,WF,0,2022,NA,NA,FALSE,TRUE
2021-ORCBD-000148,0.1,Class A,NA,NA,NA,NA,WF,0,2021,NA,NA,FALSE,TRUE
2021-ORROD-000475,0.1,Class A,2021-09-08T22:07:00Z,909.2,NA,NA,WF,0,2021,NA,NA,FALSE,TRUE
2022-OROCF-000656,0.25,Class A,2022-08-11T22:30:00Z,47.041666666666664,NA,NA,WF,0,2022,NA,NA,FALSE,TRUE
2021-ORROD-000477,0.1,Class A,2021-09-06T21:00:00Z,860.0333333333333,NA,NA,WF,0,2021,NA,NA,FALSE,TRUE
2021-ORCFRN-000884,0.1,Class A,NA,NA,NA,NA,WF,0,2021,NA,NA,FALSE,TRUE
2021-ORMED-000460,0.1,Class A,2021-07-07T17:00:00Z,73.16666666666667,NA,NA,WF,0,2021,NA,NA,FALSE,TRUE
2022-ORWWF-000404,0.25,Class A,2022-09-17T22:58:00Z,386.26666666666665,NA,NA,WF,0,2022,NA,NA,FALSE,TRUE
2021-ORNOD-210261,0.1,Class A,2021-07-24T22:45:00Z,73.36666666666666,NA,NA,WF,0,2021,NA,NA,FALSE,TRUE
2022-ORMAF-002306,0.1,Class A,2022-08-03T20:05:00Z,26.044166666666666,NA,NA,WF,0,2022,NA,NA,FALSE,TRUE
2020-ORPRD-000100,0.1,Class A,2020-05-01T18:43:00Z,71.53333333333333,NA,NA,WF,0,2020,NA,NA,FALSE,TRUE
2020-OR955S-000110,0.1,Class A,2020-05-04T22:41:00Z,26.25638888888889,NA,NA,WF,0,2020,NA,NA,FALSE,TRUE
2021-ORLAD-210408,0.1,Class A,2021-08-12T20:51:00Z,145.3,NA,NA,WF,0,2021,NA,NA,FALSE,TRUE
2022-ORWWF-000166,0.25,Class A,2022-10-24T15:00:00Z,2221.7019444444445,NA,NA,WF,0,2022,NA,NA,FALSE,TRUE
2022-ORPRD-000995,0.01,Class A,2022-10-16T18:18:00Z,22.75,NA,NA,WF,0,2022,NA,NA,FALSE,TRUE
2020-ORPRD-000225,0.1,Class A,2020-06-15T22:04:00Z,92.18333333333334,NA,NA,WF,0,2020,NA,NA,FALSE,TRUE
2020-ORPRD-000283,0.1,Class A,2020-06-24T19:24:00Z,22.283333333333335,NA,NA,WF,0,2020,NA,NA,FALSE,TRUE
2022-ORWIF-220304,0.25,Class A,2022-08-21T01:10:00Z,73.75555555555556,NA,NA,WF,0,2022,NA,NA,FALSE,TRUE
2022-OR981S-220332,0.14,Class A,2022-08-31T20:29:00Z,163.75,NA,NA,WF,0,2022,NA,NA,FALSE,TRUE
2022-ORWIF-220263,0.5,Class B,2022-09-01T23:27:00Z,531.5758333333333,NA,NA,WF,0,2022,NA,NA,FALSE,TRUE
2022-ORUMF-000505,0.1,Class A,2022-09-24T21:20:00Z,28.62388888888889,NA,NA,WF,0,2022,NA,NA,FALSE,TRUE
2020-ORPRD-000162,0.1,Class A,2020-07-04T16:30:00Z,867.15,NA,NA,WF,0,2020,NA,NA,FALSE,TRUE
2021-OR955S-000715,0.1,Class A,NA,NA,NA,NA,WF,0,2021,NA,NA,FALSE,TRUE
2022-ORWWF-000107,0.1,Class A,2022-07-20T22:01:00Z,362.9458333333333,NA,NA,WF,0,2022,NA,NA,FALSE,TRUE
2022-ORDEF-000575,0.4,Class B,2022-08-15T18:30:00Z,148.93333333333334,NA,NA,WF,0,2022,NA,NA,FALSE,TRUE
2020-ORPRD-000530,0.1,Class A,2020-08-08T21:07:00Z,168.13333333333333,NA,NA,WF,0,2020,NA,NA,FALSE,TRUE
2022-ORFWF-220263,0.1,Class A,2022-08-09T19:32:00Z,22.586944444444445,NA,NA,WF,0,2022,NA,NA,FALSE,TRUE
2022-ORWWF-000459,0.1,Class A,2022-09-16T19:01:00Z,51.841388888888886,NA,NA,WF,0,2022,NA,NA,FALSE,TRUE
2022-ORNOD-220285,0.1,Class A,NA,NA,NA,NA,WF,0,2022,NA,NA,FALSE,TRUE
2021-ORROD-000535,0.75,Class B,2021-07-28T02:17:00Z,24.033333333333335,NA,NA,WF,0,2021,NA,NA,FALSE,TRUE
2021-ORPRD-000947,0.1,Class A,2021-09-12T19:30:00Z,23.466666666666665,NA,NA,WF,0,2021,NA,NA,FALSE,TRUE
2022-ORLAD-220308,0.1,Class A,2022-10-11T17:25:00Z,1455.45,NA,NA,WF,0,2022,NA,NA,FALSE,TRUE
2022-ORCLP-220330,0.1,Class A,2022-09-02T19:15:00Z,214.8,NA,NA,WF,0,2022,NA,NA,FALSE,TRUE
2022-ORDEF-001050,0.1,Class A,2022-12-15T19:10:00Z,195.4,NA,NA,WF,0,2022,NA,NA,FALSE,TRUE
2021-ORLAD-210263,0.1,Class A,NA,NA,NA,NA,WF,0,2021,NA,NA,FALSE,TRUE
2022-OR981S-220109,0.25,Class A,2022-04-06T23:30:00Z,101.63333333333334,NA,NA,WF,0,2022,NA,NA,FALSE,TRUE
2022-ORPRD-000651,0.1,Class A,NA,NA,NA,NA,WF,0,2022,NA,NA,FALSE,TRUE
2022-ORWWF-000492,0.1,Class A,2022-09-17T21:43:00Z,27.814166666666665,NA,NA,WF,0,2022,NA,NA,FALSE,TRUE
2020-ORREDN-001014,0.1,Class A,NA,NA,NA,NA,WF,0,2020,NA,NA,FALSE,TRUE
2021-ORCBD-000153,0.1,Class A,NA,NA,NA,NA,WF,0,2021,NA,NA,FALSE,TRUE
2022-ORRSF-000369,0.25,Class A,NA,NA,NA,NA,WF,0,2022,NA,NA,FALSE,TRUE
2020-ORPRD-001024,0.1,Class A,NA,NA,NA,NA,WF,0,2020,NA,NA,FALSE,TRUE
2022-ORCLP-220237,0.1,Class A,2022-08-06T23:36:00Z,94.96666666666668,NA,NA,WF,0,2022,NA,NA,FALSE,TRUE
2022-ORWIF-220192,0.5,Class B,2022-11-02T20:15:00Z,2227.096111111111,NA,NA,WF,0,2022,NA,NA,FALSE,TRUE
2022-ORMAF-022141,0.1,Class A,2022-08-03T19:14:00Z,3.533333333333333,NA,NA,WF,0,2022,NA,NA,FALSE,TRUE
2022-ORPRD-000681,0.1,Class A,NA,NA,NA,NA,WF,0,2022,NA,NA,FALSE,TRUE
2020-ORMED-000052,0.1,Class A,2020-03-25T00:00:00Z,319.3333333333333,NA,NA,WF,0,2020,NA,NA,FALSE,TRUE
2022-ORDEF-000210,0.1,Class A,2022-06-05T22:30:00Z,1.9333333333333331,NA,NA,WF,0,2022,NA,NA,FALSE,TRUE
2022-ORWWF-000161,0.25,Class A,2022-07-26T22:52:00Z,77.92583333333333,NA,NA,WF,0,2022,NA,NA,FALSE,TRUE
2022-ORPRD-000650,0.1,Class A,2022-08-11T21:00:00Z,46.93333333333333,NA,NA,WF,0,2022,NA,NA,FALSE,TRUE
2021-ORLAD-210205,0.1,Class A,2021-07-09T22:44:00Z,653.85,NA,NA,WF,0,2021,NA,NA,FALSE,TRUE
2022-ORLAD-220292,0.1,Class A,2022-08-13T20:49:00Z,92.53333333333332,NA,NA,WF,0,2022,NA,NA,FALSE,TRUE
2022-ORFWF-220372,0.1,Class A,2022-09-16T21:30:00Z,87.81416666666667,NA,NA,WF,0,2022,NA,NA,FALSE,TRUE
2022-ORWWF-000327,0.25,Class A,2022-09-19T22:30:00Z,676.1644444444445,NA,NA,WF,0,2022,NA,NA,FALSE,TRUE
2022-ORPRD-000946,0.1,Class A,NA,NA,NA,NA,WF,0,2022,NA,NA,FALSE,TRUE
2021-ORMED-000316,0.3,Class B,2021-08-05T20:00:00Z,93.26666666666668,NA,NA,WF,0,2021,NA,NA,FALSE,TRUE
2022-OROCF-000329,0.1,Class A,2022-07-04T21:30:00Z,1.35,NA,NA,WF,0,2022,NA,NA,FALSE,TRUE
2022-ORRSF-000325,0.1,Class A,2022-09-13T18:18:00Z,88.78333333333333,NA,NA,WF,0,2022,NA,NA,FALSE,TRUE
2020-ORPRD-000075,0.1,Class A,NA,NA,NA,NA,WF,0,2020,NA,NA,FALSE,TRUE
2022-ORMHF-000217,0.1,Class A,2022-06-04T22:10:00Z,3.25,NA,NA,WF,0,2022,NA,NA,FALSE,TRUE
2022-OR954S-000422,0.1,Class A,2022-07-10T23:59:00Z,92.48333333333332,NA,NA,WF,0,2022,NA,NA,FALSE,TRUE
2020-ORVAD-000208,2,Class B,2020-09-23T19:24:00Z,97.21666666666668,NA,NA,WF,0,2020,NA,NA,FALSE,TRUE
2021-ORLAD-210298,0.1,Class A,2021-07-04T22:43:00Z,93.85,NA,NA,WF,0,2021,NA,NA,FALSE,TRUE
2021-ORROD-000531,4.4,Class B,2021-08-20T19:00:00Z,694,NA,NA,WF,0,2021,NA,NA,FALSE,TRUE
2022-ORPRD-000596,0.1,Class A,2022-08-12T20:55:00Z,74.78333333333333,NA,NA,WF,0,2022,NA,NA,FALSE,TRUE
2022-ORUPF-000385,0.25,Class A,2022-10-22T19:00:00Z,818.4177777777778,NA,NA,WF,0,2022,NA,NA,FALSE,TRUE
2022-ORPRD-001026,0.2,Class A,2022-10-28T22:48:00Z,10.433333333333334,NA,NA,WF,0,2022,NA,NA,FALSE,TRUE
2020-ORPRD-000589,0.1,Class A,2020-08-10T18:25:00Z,98.11666666666666,NA,NA,WF,0,2020,NA,NA,FALSE,TRUE
2021-OR981S-210120,0.1,Class A,NA,NA,NA,NA,WF,0,2021,NA,NA,FALSE,TRUE
2022-ORPRD-000522,0.1,Class A,2022-08-14T20:58:00Z,306.1333333333333,NA,NA,WF,0,2022,NA,NA,FALSE,TRUE
2022-OR954S-000745,0.1,Class A,2022-08-13T22:57:00Z,100.13,NA,NA,WF,0,2022,NA,NA,FALSE,TRUE
2022-ORLAD-220362,0.1,Class A,2022-09-11T21:56:00Z,93.7,NA,NA,WF,0,2022,NA,NA,FALSE,TRUE
2022-ORPRD-000889,0.23,Class A,2022-09-10T20:56:00Z,44.63333333333333,NA,NA,WF,0,2022,NA,NA,FALSE,TRUE
2022-ORFWF-220277,0.1,Class A,2022-08-14T20:33:00Z,121.2575,NA,NA,WF,0,2022,NA,NA,FALSE,TRUE
2021-ORCBD-000155,0.1,Class A,NA,NA,NA,NA,WF,0,2021,NA,NA,FALSE,TRUE
2022-ORMAF-002260,0.1,Class A,2022-07-16T22:08:00Z,457.7886111111111,NA,NA,WF,0,2022,NA,NA,FALSE,TRUE
2025-OR955S-000044,0.25,Class A,2025-02-18T21:26:00Z,457.85,NA,NA,WF,0,2025,NA,NA,FALSE,TRUE
2024-OR953S-000766,26817.94,Class G,2024-12-31T20:00:00Z,2888.633333333333,NA,NA,WF,0,2024,NA,NA,FALSE,TRUE
2025-ORUPF-250051,6.99,Class B,NA,NA,NA,NA,RX,0,2025,NA,NA,FALSE,TRUE
2025-ORDEF-000050,0.1,Class A,2025-03-11T20:58:00Z,168.82666666666665,NA,NA,WF,0,2025,NA,NA,FALSE,TRUE
2024-ORPRD-000031,0.1,Class A,2025-02-07T22:45:00Z,8646.451944444445,NA,NA,WF,0,2024,NA,NA,FALSE,TRUE
2024-ORPRD-000691,0.1,Class A,2025-02-07T22:45:00Z,4060.969722222222,NA,NA,WF,0,2024,NA,NA,FALSE,TRUE
2024-ORPRD-000821,0.1,Class A,2025-02-07T22:45:00Z,3749.9666666666662,NA,NA,WF,0,2024,NA,NA,FALSE,TRUE
2024-ORPRD-001015,0.1,Class A,2025-02-07T22:45:00Z,2832.7702777777777,NA,NA,WF,0,2024,NA,NA,FALSE,TRUE
2025-ORDEF-000051,0,Class A,2025-03-11T22:11:00Z,124.2,NA,NA,WF,0,2025,NA,NA,FALSE,TRUE
2024-ORMHF-000808,17.68,Class C,2025-03-17T19:30:00Z,5379.266666666666,NA,NA,WF,0,2024,NA,NA,FALSE,TRUE
2024-ORMHF-000818,701.89,Class E,2025-03-17T19:30:00Z,5373.515,NA,NA,WF,0,2024,NA,NA,FALSE,TRUE
2025-CASKU-001949,0.25,Class A,NA,NA,NA,NA,WF,0,2025,NA,NA,FALSE,TRUE
2025-OR955S-000052,0.13,Class A,2025-03-18T21:32:00Z,214.25722222222225,NA,NA,WF,0,2025,NA,NA,FALSE,TRUE
2024-OR711S-000005,0.97,Class B,NA,NA,NA,NA,WF,0,2024,NA,NA,FALSE,TRUE
2024-OROCF-000778,1,Class B,2024-12-02T22:19:00Z,2185.4827777777778,NA,NA,WF,0,2024,NA,NA,FALSE,TRUE
2025-ORDEF-000067,0.1,Class A,2025-04-14T18:23:00Z,93.90805555555556,NA,NA,WF,0,2025,NA,NA,FALSE,TRUE
2024-ORMHF-001274,1,Class B,NA,NA,NA,NA,RX,0,2024,NA,NA,FALSE,TRUE
2025-OR772S-000068,0,Class A,NA,NA,NA,NA,WF,0,2025,NA,NA,FALSE,TRUE
2025-OR771S-000116,0,Class A,NA,NA,NA,NA,WF,0,2025,NA,NA,FALSE,TRUE
2025-ORMHF-000014,2,Class B,NA,NA,NA,NA,RX,0,2025,NA,NA,FALSE,TRUE
2025-ORMHF-000015,310.96,Class E,NA,NA,NA,NA,RX,0,2025,NA,NA,FALSE,TRUE
2025-OR532S-000021,0,Class A,NA,NA,NA,NA,WF,0,2025,NA,NA,FALSE,TRUE
2025-ORMHF-000016,170,Class D,NA,NA,NA,NA,RX,0,2025,NA,NA,FALSE,TRUE
2025-ORPRD-000106,0.1,Class A,2025-05-08T21:48:00Z,120.18527777777778,NA,NA,WF,0,2025,NA,NA,FALSE,TRUE
2025-OR955S-000068,0.3,Class B,2025-05-09T16:50:00Z,685.2661111111111,NA,NA,WF,0,2025,NA,NA,FALSE,TRUE
2025-ORDEF-000123,0.1,Class A,2025-05-10T17:30:00Z,20.20638888888889,NA,NA,WF,0,2025,NA,NA,FALSE,TRUE
2025-ORDEF-000110,0.1,Class A,2025-05-10T17:17:00Z,88.74027777777778,NA,NA,WF,0,2025,NA,NA,FALSE,TRUE
2025-OR991S-000124,0.1,Class A,NA,NA,NA,NA,WF,0,2025,NA,NA,FALSE,TRUE
2025-OR711S-043025,0.5,Class B,NA,NA,NA,NA,WF,0,2025,NA,NA,FALSE,TRUE
2025-ORPRD-000101,2.7,Class B,2025-05-12T16:43:00Z,236.54555555555555,NA,NA,WF,0,2025,NA,NA,FALSE,TRUE
2024-ORMAF-024147,0.1,Class A,2024-12-31T20:00:00Z,3814.5575,NA,NA,WF,0,2024,NA,NA,FALSE,TRUE
2024-ORMHF-001448,69,Class C,NA,NA,NA,NA,RX,0,2024,NA,NA,FALSE,TRUE
2024-ORMHF-001449,1,Class B,NA,NA,NA,NA,RX,0,2024,NA,NA,FALSE,TRUE
2024-ORMHF-001451,57,Class C,NA,NA,NA,NA,RX,0,2024,NA,NA,FALSE,TRUE
2024-ORMHF-001453,2,Class B,NA,NA,NA,NA,RX,0,2024,NA,NA,FALSE,TRUE
2024-ORMHF-001457,60,Class C,NA,NA,NA,NA,RX,0,2024,NA,NA,FALSE,TRUE
2024-ORMHF-001458,16,Class C,NA,NA,NA,NA,RX,0,2024,NA,NA,FALSE,TRUE
2024-ORMHF-001459,83,Class C,NA,NA,NA,NA,RX,0,2024,NA,NA,FALSE,TRUE
2024-ORMHF-001461,120,Class D,NA,NA,NA,NA,RX,0,2024,NA,NA,FALSE,TRUE
2024-ORMHF-001462,62,Class C,NA,NA,NA,NA,RX,0,2024,NA,NA,FALSE,TRUE
2024-ORMHF-001471,2,Class B,NA,NA,NA,NA,RX,0,2024,NA,NA,FALSE,TRUE
2024-OR954S-001475,15,Class C,NA,NA,NA,NA,RX,0,2024,NA,NA,FALSE,TRUE
2024-ORMHF-001487,35,Class C,2025-05-05T19:48:00Z,4345.181111111111,NA,NA,RX,0,2024,NA,NA,FALSE,TRUE
2024-ORMHF-001492,22,Class C,NA,NA,NA,NA,RX,0,2024,NA,NA,FALSE,TRUE
2024-ORMHF-001502,9,Class B,NA,NA,NA,NA,RX,0,2024,NA,NA,FALSE,TRUE
2024-ORMHF-001503,25,Class C,NA,NA,NA,NA,RX,0,2024,NA,NA,FALSE,TRUE
2024-ORMHF-001506,75,Class C,NA,NA,NA,NA,RX,0,2024,NA,NA,FALSE,TRUE
2024-ORMHF-001515,23,Class C,NA,NA,NA,NA,RX,0,2024,NA,NA,FALSE,TRUE
2024-ORMHF-001526,0.5,Class B,NA,NA,NA,NA,RX,0,2024,NA,NA,FALSE,TRUE
2024-ORMHF-001528,0.5,Class B,NA,NA,NA,NA,RX,0,2024,NA,NA,FALSE,TRUE
2024-ORUPF-240512,26,Class C,NA,NA,NA,NA,RX,0,2024,NA,NA,FALSE,TRUE
2024-ORMHF-001540,23,Class C,NA,NA,NA,NA,RX,0,2024,NA,NA,FALSE,TRUE
2024-ORMHF-001541,2,Class B,NA,NA,NA,NA,RX,0,2024,NA,NA,FALSE,TRUE
2024-ORMHF-001545,34,Class C,NA,NA,NA,NA,RX,0,2024,NA,NA,FALSE,TRUE
2024-ORCBD-240525,19,Class C,NA,NA,NA,NA,RX,0,2024,NA,NA,FALSE,TRUE
2023-ORWIF-230266,31589.2,Class G,NA,NA,Type 2 Incident,2,WF,0,2023,NA,NA,FALSE,TRUE
2024-ORMHF-001450,2,Class B,2025-05-15T21:50:00Z,4778.511666666666,NA,NA,RX,0,2024,NA,NA,FALSE,TRUE
2025-ORPRD-000137,0.1,Class A,2025-05-18T18:01:00Z,44.57361111111111,NA,NA,WF,0,2025,NA,NA,FALSE,TRUE
2020-ORWIF-200317,0.1,Class A,2020-08-18T00:57:00Z,0.08194444444444444,NA,NA,WF,0,2020,NA,NA,FALSE,TRUE
2020-ORWIF-200130,0.1,Class A,2020-07-02T20:42:00Z,0.13333333333333333,NA,NA,WF,0,2020,NA,NA,FALSE,TRUE
2020-ORWIF-200498,0.1,Class A,2020-10-09T18:20:00Z,428.6636111111111,NA,NA,WF,0,2020,NA,NA,FALSE,TRUE
2020-OROCF-001012,0.1,Class A,2020-11-13T23:53:00Z,365.03333333333336,NA,NA,WF,0,2020,NA,NA,FALSE,TRUE
2020-ORWWF-001156,0.1,Class A,2020-11-12T18:04:00Z,1438.4333333333334,NA,NA,WF,0,2020,NA,NA,FALSE,TRUE
2020-ORUMF-001255,0.1,Class A,2020-10-14T21:13:00Z,430.3358333333333,NA,NA,WF,0,2020,NA,NA,FALSE,TRUE
2020-ORDEF-000267,0.1,Class A,2020-06-21T17:21:00Z,2.8666666666666667,NA,NA,WF,0,2020,NA,NA,FALSE,TRUE
2020-ORMHF-000448,0.1,Class A,2020-07-26T23:33:00Z,0.7,NA,NA,WF,0,2020,NA,NA,FALSE,TRUE
2020-ORDEF-000132,0.1,Class A,2020-05-21T19:55:00Z,191.41666666666663,NA,NA,WF,0,2020,NA,NA,FALSE,TRUE
2020-ORMHF-000521,0.1,Class A,2020-08-02T23:28:00Z,0.18333333333333332,NA,NA,WF,0,2020,NA,NA,FALSE,TRUE
2020-ORUMF-000630,0.1,Class A,2020-08-08T21:00:00Z,68.22027777777778,NA,NA,WF,0,2020,NA,NA,FALSE,TRUE
2020-ORMAF-020306,0.5,Class B,2020-08-22T18:19:00Z,44.15111111111111,NA,NA,WF,0,2020,NA,NA,FALSE,TRUE
2020-ORDEF-000032,0.1,Class A,2020-03-09T17:44:00Z,1.3833333333333333,NA,NA,WF,0,2020,NA,NA,FALSE,TRUE
2020-ORWWF-000847,0.1,Class A,2020-08-20T19:02:00Z,27.823888888888888,NA,NA,WF,0,2020,NA,NA,FALSE,TRUE
2020-ORMAF-020313,1.3,Class B,2020-08-27T19:47:00Z,74.92388888888888,NA,NA,WF,0,2020,NA,NA,FALSE,TRUE
2020-OROCF-001016,0.1,Class A,2020-10-30T17:37:00Z,2.8666666666666667,NA,NA,WF,0,2020,NA,NA,FALSE,TRUE
2020-ORWWF-000171,0.1,Class A,2020-05-29T19:39:00Z,71.36666666666666,NA,NA,WF,0,2020,NA,NA,FALSE,TRUE
2020-OR952S-020247,0.1,Class A,2020-08-23T19:05:00Z,115.4,NA,NA,WF,0,2020,NA,NA,FALSE,TRUE
2020-ORDEF-000121,0.1,Class A,2020-05-08T19:21:00Z,0.7166666666666667,NA,NA,WF,0,2020,NA,NA,FALSE,TRUE
2020-ORDEF-000201,0.1,Class A,2020-06-10T19:29:00Z,70.15,NA,NA,WF,0,2020,NA,NA,FALSE,TRUE
2020-ORWIF-200264,0.3,Class B,2020-08-12T19:42:00Z,45.9,NA,NA,WF,0,2020,NA,NA,FALSE,TRUE
2020-ORUMF-000673,0.5,Class B,NA,NA,NA,NA,WF,0,2020,NA,NA,FALSE,TRUE
2020-ORMHF-000580,0.1,Class A,2020-08-12T22:50:00Z,77.81666666666666,NA,NA,WF,0,2020,NA,NA,FALSE,TRUE
2020-ORFWF-200111,4.26,Class B,2020-05-04T21:56:00Z,431.4166666666667,NA,NA,WF,0,2020,NA,NA,FALSE,TRUE
2020-ORUMF-000877,0.1,Class A,NA,NA,NA,NA,WF,0,2020,NA,NA,FALSE,TRUE
2020-ORUMF-000831,0.1,Class A,2020-08-27T16:19:00Z,194.79472222222225,NA,NA,WF,0,2020,NA,NA,FALSE,TRUE
2020-ORDEF-000247,0.1,Class A,2020-06-15T20:40:00Z,0.35,NA,NA,WF,0,2020,NA,NA,FALSE,TRUE
2020-ORWWF-000842,0.11,Class A,2020-08-22T22:02:00Z,79.23916666666666,NA,NA,WF,0,2020,NA,NA,FALSE,TRUE
2020-ORFWF-200398,2.09,Class B,2020-09-26T22:39:00Z,536.4166666666666,NA,NA,WF,0,2020,NA,NA,FALSE,TRUE
2020-ORWIF-200238,0.1,Class A,2020-08-02T22:45:00Z,0.95,NA,NA,WF,0,2020,NA,NA,FALSE,TRUE
2020-ORMAF-020172,0.1,Class A,2020-08-07T23:46:00Z,46.47638888888889,NA,NA,WF,0,2020,NA,NA,FALSE,TRUE
2020-ORMHF-000600,0.1,Class A,2020-08-10T22:35:00Z,0.2,NA,NA,WF,0,2020,NA,NA,FALSE,TRUE
2020-ORMAF-020273,1.5,Class B,2020-08-23T20:40:00Z,98.73333333333332,NA,NA,WF,0,2020,NA,NA,FALSE,TRUE
2020-ORDEF-000462,0.1,Class A,2020-07-24T02:27:00Z,1.2666666666666666,NA,NA,WF,0,2020,NA,NA,FALSE,TRUE
2020-ORWIF-200372,0.1,Class A,2020-08-29T17:28:00Z,0.06972222222222223,NA,NA,WF,0,2020,NA,NA,FALSE,TRUE
2020-ORUMF-000643,0.1,Class A,NA,NA,NA,NA,WF,0,2020,NA,NA,FALSE,TRUE
2020-ORWIF-200071,0.1,Class A,NA,NA,NA,NA,WF,0,2020,NA,NA,FALSE,TRUE
2020-ORMAF-020349,0.1,Class A,2020-10-05T15:00:00Z,384.5466666666667,NA,NA,WF,0,2020,NA,NA,FALSE,TRUE
2020-ORMAF-020181,0.1,Class A,2020-08-07T19:53:00Z,41.33027777777778,NA,NA,WF,0,2020,NA,NA,FALSE,TRUE
2020-ORMAF-020350,0.1,Class A,2020-09-20T20:02:00Z,26.3725,NA,NA,WF,0,2020,NA,NA,FALSE,TRUE
2020-ORMAF-020132,0.1,Class A,2020-08-07T19:31:00Z,44.82833333333333,NA,NA,WF,0,2020,NA,NA,FALSE,TRUE
2020-ORUMF-020226,0.1,Class A,2020-08-23T19:10:00Z,161.47944444444445,NA,NA,WF,0,2020,NA,NA,FALSE,TRUE
2020-ORMAF-020085,0.1,Class A,2020-07-16T19:54:00Z,26.65,NA,NA,WF,0,2020,NA,NA,FALSE,TRUE
2020-ORMHF-000761,0.1,Class A,2020-08-31T18:45:00Z,49.333333333333336,NA,NA,WF,0,2020,NA,NA,FALSE,TRUE
2020-OR972S-000961,0.6,Class B,2020-08-30T18:15:00Z,170.7761111111111,NA,NA,WF,0,2020,NA,NA,FALSE,TRUE
2020-ORWWF-000836,0.1,Class A,2020-08-21T15:55:00Z,49.69138888888889,NA,NA,WF,0,2020,NA,NA,FALSE,TRUE
2020-ORMHF-000589,0.1,Class A,2020-08-24T21:51:00Z,358.78333333333336,NA,NA,WF,0,2020,NA,NA,FALSE,TRUE
2020-ORUMF-000874,0.1,Class A,NA,NA,NA,NA,WF,0,2020,NA,NA,FALSE,TRUE
2020-ORRSF-000393,1,Class B,2020-09-15T19:55:00Z,142.16666666666666,NA,NA,WF,0,2020,NA,NA,FALSE,TRUE
2020-ORWIF-200379,0.1,Class A,NA,NA,NA,NA,WF,0,2020,NA,NA,FALSE,TRUE
2020-ORWIF-200251,0.1,Class A,2020-08-10T19:15:00Z,45.23388888888889,NA,NA,WF,0,2020,NA,NA,FALSE,TRUE
2020-ORWWF-000624,0.3,Class B,2020-08-09T19:54:00Z,95.60888888888888,NA,NA,WF,0,2020,NA,NA,FALSE,TRUE
2020-ORMAF-020107,0.5,Class B,2020-07-31T21:56:00Z,47.00527777777778,NA,NA,WF,0,2020,NA,NA,FALSE,TRUE
2020-ORWIF-200109,0.1,Class A,NA,NA,NA,NA,WF,0,2020,NA,NA,FALSE,TRUE
2020-ORMAF-020146,0.1,Class A,2020-08-07T21:12:00Z,45.41888888888889,NA,NA,WF,0,2020,NA,NA,FALSE,TRUE
2021-ORDEF-000042,1.3,Class B,2021-04-01T19:15:00Z,92.03333333333332,NA,NA,WF,0,2021,NA,NA,FALSE,TRUE
2020-ORDEF-000434,0.1,Class A,2020-07-19T20:10:00Z,0.8166666666666667,NA,NA,WF,0,2020,NA,NA,FALSE,TRUE
2020-OROCF-000373,0.1,Class A,2020-07-10T21:47:00Z,78.55416666666666,NA,NA,WF,0,2020,NA,NA,FALSE,TRUE
2020-ORRSF-000160,0.1,Class A,2020-07-09T23:52:00Z,97.88333333333334,NA,NA,WF,NA,2020,NA,NA,FALSE,TRUE
2020-ORFWF-200403,0.1,Class A,2020-09-23T16:23:00Z,375.78333333333336,NA,NA,WF,0,2020,NA,NA,FALSE,TRUE
2020-ORFWF-200397,0.1,Class A,2020-09-06T20:16:00Z,68.56666666666666,NA,NA,WF,0,2020,NA,NA,FALSE,TRUE
2020-ORSUF-200420,0.1,Class A,2020-09-07T18:50:00Z,0.4,NA,NA,WF,0,2020,NA,NA,FALSE,TRUE
2020-ORFWF-200269,0.1,Class A,2020-08-03T18:58:00Z,24.75,NA,NA,WF,0,2020,NA,NA,FALSE,TRUE
2020-OROCF-000694,0.15,Class A,2020-08-27T19:10:00Z,254.89833333333337,NA,NA,WF,0,2020,NA,NA,FALSE,TRUE
2020-ORDEF-000549,0.1,Class A,2020-08-04T23:59:00Z,0.13333333333333333,NA,NA,WF,0,2020,NA,NA,FALSE,TRUE
2020-ORMAF-020079,0.25,Class A,2020-07-08T23:52:00Z,25.933888888888887,NA,NA,WF,0,2020,NA,NA,FALSE,TRUE
2020-ORMAF-020346,0.1,Class A,2020-09-21T08:54:00Z,61.85,NA,NA,WF,0,2020,NA,NA,FALSE,TRUE
2020-ORWWF-000990,0.1,Class A,2020-08-30T23:47:00Z,100.21833333333332,NA,NA,WF,0,2020,NA,NA,FALSE,TRUE
2020-ORDEF-000874,8.2,Class B,2020-09-29T19:59:00Z,513.4666666666667,NA,NA,WF,0,2020,NA,NA,FALSE,TRUE
2020-ORUMF-000726,0.75,Class B,2020-08-13T23:41:00Z,52.22027777777778,NA,NA,WF,0,2020,NA,NA,FALSE,TRUE
2020-ORDEF-000290,0.1,Class A,NA,NA,NA,NA,WF,0,2020,NA,NA,FALSE,TRUE
2020-ORWWF-001022,0.5,Class B,2020-09-03T22:20:00Z,122.415,NA,NA,WF,0,2020,NA,NA,FALSE,TRUE
2020-ORMHF-000588,0.1,Class A,2020-08-10T22:16:00Z,24,NA,NA,WF,0,2020,NA,NA,FALSE,TRUE
2020-ORDEF-000778,0.1,Class A,2020-08-24T00:24:00Z,0.06666666666666667,NA,NA,WF,0,2020,NA,NA,FALSE,TRUE
2020-ORDEF-000325,0.1,Class A,2020-07-01T20:50:00Z,0.5166666666666667,NA,NA,WF,0,2020,NA,NA,FALSE,TRUE
2020-ORMHF-000526,0.1,Class A,2020-08-09T22:51:00Z,145.35,NA,NA,WF,0,2020,NA,NA,FALSE,TRUE
2020-OROCF-000617,0.1,Class A,2020-08-25T20:01:00Z,372.45,NA,NA,WF,0,2020,NA,NA,FALSE,TRUE
2020-ORMAF-002123,0.1,Class A,2020-08-21T20:43:00Z,52.75694444444444,NA,NA,WF,0,2020,NA,NA,FALSE,TRUE
2020-ORWIF-200242,0.5,Class B,NA,NA,NA,NA,WF,0,2020,NA,NA,FALSE,TRUE
2020-ORMHF-000408,0.1,Class A,2020-07-20T00:18:00Z,0.75,NA,NA,WF,0,2020,NA,NA,FALSE,TRUE
2020-ORDEF-000715,3.5,Class B,2020-08-25T21:30:00Z,189.6625,NA,NA,WF,0,2020,NA,NA,FALSE,TRUE
2020-ORDEF-000065,0.1,Class A,NA,NA,NA,NA,WF,0,2020,NA,NA,FALSE,TRUE
2020-ORUMF-000675,0.1,Class A,2020-08-10T22:01:00Z,85.34805555555556,NA,NA,WF,0,2020,NA,NA,FALSE,TRUE
2020-ORDEF-000264,0.1,Class A,2020-06-21T18:00:00Z,24.283333333333335,NA,NA,WF,0,2020,NA,NA,FALSE,TRUE
2020-ORDEF-000141,0.1,Class A,2020-05-18T18:02:00Z,1.6333333333333333,NA,NA,WF,0,2020,NA,NA,FALSE,TRUE
2020-ORWWF-000556,0.1,Class A,2020-07-30T19:04:00Z,16.212222222222223,NA,NA,WF,0,2020,NA,NA,FALSE,TRUE
2020-ORDEF-000273,0.1,Class A,2020-06-21T21:08:00Z,0.3,NA,NA,WF,0,2020,NA,NA,FALSE,TRUE
2020-ORMHF-000564,0.1,Class A,2020-08-21T23:30:00Z,338.8333333333333,NA,NA,WF,0,2020,NA,NA,FALSE,TRUE
2020-ORDEF-000916,0.1,Class A,2020-09-17T19:30:00Z,0.4166666666666667,NA,NA,WF,0,2020,NA,NA,FALSE,TRUE
2020-ORWIF-200067,0.1,Class A,NA,NA,NA,NA,WF,0,2020,NA,NA,FALSE,TRUE
2020-ORMAF-020191,0.1,Class A,2020-08-07T20:25:00Z,25.962777777777777,NA,NA,WF,0,2020,NA,NA,FALSE,TRUE
2020-ORCGF-000104,0.1,Class A,2020-05-11T20:59:00Z,71.15,NA,NA,WF,0,2020,NA,NA,FALSE,TRUE
2020-ORRSF-000339,0.1,Class A,NA,NA,NA,NA,WF,0,2020,NA,NA,FALSE,TRUE
2021-ORDEF-000026,1,Class B,2021-03-06T00:22:00Z,1.65,NA,NA,WF,NA,2021,NA,NA,FALSE,TRUE
2020-ORDEF-000720,0.1,Class A,2020-08-22T19:52:00Z,113.1325,NA,NA,WF,0,2020,NA,NA,FALSE,TRUE
2020-ORFWF-200160,0.1,Class A,2020-07-03T19:43:00Z,173.08333333333334,NA,NA,WF,0,2020,NA,NA,FALSE,TRUE
2020-ORWIF-200174,0.1,Class A,2020-07-20T21:51:11Z,0.4363888888888889,NA,NA,WF,0,2020,NA,NA,FALSE,TRUE
2020-OR955S-001026,0.5,Class B,NA,NA,NA,NA,WF,0,2020,NA,NA,FALSE,TRUE
2020-ORDEF-000317,0.1,Class A,2020-07-02T20:36:00Z,70.4,NA,NA,WF,0,2020,NA,NA,FALSE,TRUE
2020-ORRSF-000182,0.1,Class A,2020-07-16T17:56:00Z,26.266666666666666,NA,NA,WF,0,2020,NA,NA,FALSE,TRUE
2020-ORWIF-200387,0.1,Class A,2020-09-01T23:20:00Z,47.20583333333333,NA,NA,WF,0,2020,NA,NA,FALSE,TRUE
2020-ORMHF-000582,0.1,Class A,2020-08-09T21:25:00Z,2.6,NA,NA,WF,0,2020,NA,NA,FALSE,TRUE
2020-ORUMF-000880,1.2,Class B,NA,NA,NA,NA,WF,0,2020,NA,NA,FALSE,TRUE
2020-ORUMF-000991,0.2,Class A,2020-08-29T20:00:00Z,69.90805555555555,NA,NA,WF,0,2020,NA,NA,FALSE,TRUE
2020-ORFWF-200250,0.1,Class A,2020-08-01T22:59:00Z,114.29777777777778,NA,NA,WF,0,2020,NA,NA,FALSE,TRUE
2020-ORDEF-000577,0.1,Class A,2020-08-08T14:56:00Z,59.57805555555556,NA,NA,WF,0,2020,NA,NA,FALSE,TRUE
2020-ORDEF-000185,0.1,Class A,2020-06-03T19:54:00Z,67.93333333333334,NA,NA,WF,0,2020,NA,NA,FALSE,TRUE
2020-ORUMF-000941,0.2,Class A,2020-08-29T21:50:00Z,194.77666666666667,NA,NA,WF,0,2020,NA,NA,FALSE,TRUE
2020-ORRSF-000156,0.1,Class A,2020-07-08T20:18:00Z,94.58333333333331,NA,NA,WF,0,2020,NA,NA,FALSE,TRUE
2020-ORUMF-020240,0.1,Class A,2020-08-23T22:05:00Z,139.65222222222224,NA,NA,WF,0,2020,NA,NA,FALSE,TRUE
2020-ORRSF-000137,0.1,Class A,2020-07-04T19:25:00Z,97.76666666666668,NA,NA,WF,0,2020,NA,NA,FALSE,TRUE
2020-ORMHF-000609,0.1,Class A,2020-08-14T23:46:00Z,74.45,NA,NA,WF,0,2020,NA,NA,FALSE,TRUE
2020-OROCF-000559,0.1,Class A,2020-08-10T16:02:00Z,112.12,NA,NA,WF,0,2020,NA,NA,FALSE,TRUE
2020-ORDEF-000151,0.1,Class A,2020-05-25T01:01:00Z,1.3333333333333333,NA,NA,WF,0,2020,NA,NA,FALSE,TRUE
2020-ORSUF-200356,0.1,Class A,2020-08-26T21:34:00Z,29.35,NA,NA,WF,0,2020,NA,NA,FALSE,TRUE
2020-ORDEF-000708,0.1,Class A,2020-08-20T19:25:00Z,69.79333333333334,NA,NA,WF,0,2020,NA,NA,FALSE,TRUE
2020-ORDEF-000793,0.1,Class A,2020-08-27T21:33:00Z,28.97222222222222,NA,NA,WF,0,2020,NA,NA,FALSE,TRUE
2020-ORDEF-000164,0.1,Class A,2020-06-01T21:51:00Z,80.4036111111111,NA,NA,WF,0,2020,NA,NA,FALSE,TRUE
2020-ORMAF-002019,0.1,Class A,2020-05-31T18:30:00Z,44.51611111111111,NA,NA,WF,0,2020,NA,NA,FALSE,TRUE
2020-ORUMF-000682,0.1,Class A,NA,NA,NA,NA,WF,0,2020,NA,NA,FALSE,TRUE
2020-OROCF-000090,5.3,Class B,NA,NA,NA,NA,WF,0,2020,NA,NA,FALSE,TRUE
2020-ORDEF-000463,0.1,Class A,2020-07-24T16:33:00Z,8.816666666666666,NA,NA,WF,0,2020,NA,NA,FALSE,TRUE
2020-ORDEF-000367,0.1,Class A,2020-07-06T21:22:00Z,1.5333333333333334,NA,NA,WF,0,2020,NA,NA,FALSE,TRUE
2020-ORUMF-000834,0.1,Class A,2020-08-25T23:16:00Z,153.33444444444444,NA,NA,WF,0,2020,NA,NA,FALSE,TRUE
2020-ORMHF-000736,0.1,Class A,2020-08-25T23:00:00Z,3.8833333333333337,NA,NA,WF,0,2020,NA,NA,FALSE,TRUE
2020-ORMHF-000651,0.1,Class A,2020-09-27T00:00:00Z,1008.3166666666668,NA,NA,WF,0,2020,NA,NA,FALSE,TRUE
2020-ORDEF-000066,0.1,Class A,2020-04-28T21:17:00Z,533.5166666666667,NA,NA,WF,0,2020,NA,NA,FALSE,TRUE
2020-ORMAF-020037,0.1,Class A,2020-04-29T19:34:00Z,25.7,NA,NA,WF,0,2020,NA,NA,FALSE,TRUE
2020-ORUPF-000314,0.1,Class A,2020-08-13T22:20:00Z,140.9,NA,NA,WF,0,2020,NA,NA,FALSE,TRUE
2021-ORWIF-210076,0.1,Class A,2021-07-12T00:30:00Z,2025.1833333333336,NA,NA,WF,0,2021,NA,NA,FALSE,TRUE
2020-ORUMF-000833,1.4,Class B,2020-10-06T00:00:00Z,1138.2258333333334,NA,NA,WF,0,2020,NA,NA,FALSE,TRUE
2020-ORDEF-000673,0.1,Class A,2020-08-22T22:30:00Z,143.2863888888889,NA,NA,WF,0,2020,NA,NA,FALSE,TRUE
2021-OROCF-000060,0.1,Class A,2021-04-12T17:30:00Z,120.26666666666668,NA,NA,WF,0,2021,NA,NA,FALSE,TRUE
2020-ORDEF-000138,0.1,Class A,2020-05-19T22:19:00Z,52.4,NA,NA,WF,0,2020,NA,NA,FALSE,TRUE
2020-ORMAF-020182,0.1,Class A,2020-08-09T20:00:00Z,89.39944444444444,NA,NA,WF,0,2020,NA,NA,FALSE,TRUE
2020-ORFWF-200337,0.1,Class A,2020-08-19T15:52:00Z,87.25833333333334,NA,NA,WF,0,2020,NA,NA,FALSE,TRUE
2020-OROCF-000862,0.1,Class A,2020-09-07T21:01:00Z,2.283333333333333,NA,NA,WF,0,2020,NA,NA,FALSE,TRUE
2020-ORMHF-000913,0.1,Class A,2020-09-26T17:20:00Z,187.7130555555555,NA,NA,WF,0,2020,NA,NA,FALSE,TRUE
2020-ORDEF-000169,0.1,Class A,2020-06-03T00:44:00Z,101.28138888888888,NA,NA,WF,0,2020,NA,NA,FALSE,TRUE
2020-ORMHF-000382,0.1,Class A,2020-07-19T00:38:00Z,6.766666666666667,NA,NA,WF,0,2020,NA,NA,FALSE,TRUE
2020-OROCF-000348,0.1,Class A,2020-07-11T18:10:00Z,164.56666666666666,NA,NA,WF,0,2020,NA,NA,FALSE,TRUE
2020-ORMAF-020164,0.3,Class B,2020-08-08T21:08:00Z,68.59916666666666,NA,NA,WF,0,2020,NA,NA,FALSE,TRUE
2020-ORMHF-000356,0.1,Class A,2020-07-27T20:20:00Z,357.0833333333333,NA,NA,WF,0,2020,NA,NA,FALSE,TRUE
2020-OROCF-000808,0.1,Class A,2020-09-18T20:21:00Z,485.1166666666667,NA,NA,WF,0,2020,NA,NA,FALSE,TRUE
2020-ORUMF-000907,0.2,Class A,2020-08-25T17:40:00Z,138.22472222222223,NA,NA,WF,0,2020,NA,NA,FALSE,TRUE
2020-ORFWF-200243,0.2,Class A,2020-07-29T20:29:00Z,45.04527777777778,NA,NA,WF,0,2020,NA,NA,FALSE,TRUE
2020-ORFWF-200370,0.1,Class A,2020-08-28T17:08:00Z,70.57888888888888,NA,NA,WF,0,2020,NA,NA,FALSE,TRUE
2020-ORDEF-000638,0.1,Class A,2020-08-14T21:26:00Z,1.65,NA,NA,WF,0,2020,NA,NA,FALSE,TRUE
2020-OROCF-000597,0.1,Class A,2020-08-10T15:17:00Z,86.6,NA,NA,WF,0,2020,NA,NA,FALSE,TRUE
2020-ORUMF-020195,0.1,Class A,2020-08-08T21:56:00Z,50.18138888888889,NA,NA,WF,0,2020,NA,NA,FALSE,TRUE
2020-ORWWF-001051,0.1,Class A,2020-09-02T23:52:00Z,7.55,NA,NA,WF,0,2020,NA,NA,FALSE,TRUE
2020-ORWIF-200406,0.1,Class A,2020-09-07T19:45:00Z,45.95,NA,NA,WF,0,2020,NA,NA,FALSE,TRUE
2020-ORSUF-200323,0.1,Class A,2020-08-18T21:10:00Z,0.03333333333333333,NA,NA,WF,0,2020,NA,NA,FALSE,TRUE
2020-ORMHF-000726,0.1,Class A,2020-08-23T23:57:00Z,0.08333333333333333,NA,NA,WF,0,2020,NA,NA,FALSE,TRUE
2020-ORDEF-000993,0.2,Class A,2020-10-26T19:00:00Z,164.8,NA,NA,WF,0,2020,NA,NA,FALSE,TRUE
2020-ORWWF-001011,0.5,Class B,2020-09-04T20:26:00Z,170.9358333333333,NA,NA,WF,0,2020,NA,NA,FALSE,TRUE
2020-ORFWF-200194,0.1,Class A,NA,NA,NA,NA,WF,0,2020,NA,NA,FALSE,TRUE
2020-ORWIF-200060,0.1,Class A,NA,NA,NA,NA,WF,0,2020,NA,NA,FALSE,TRUE
2020-ORDEF-000107,0.1,Class A,2020-05-01T21:42:00Z,2.55,NA,NA,WF,0,2020,NA,NA,FALSE,TRUE
2020-ORUMF-000870,0.1,Class A,2020-08-29T18:49:00Z,241.47083333333333,NA,NA,WF,0,2020,NA,NA,FALSE,TRUE
2020-ORWWF-000845,0.1,Class A,2020-08-22T20:33:00Z,77.4588888888889,NA,NA,WF,0,2020,NA,NA,FALSE,TRUE
2020-ORDEF-000481,0.1,Class A,2020-07-27T01:08:00Z,1.2833333333333334,NA,NA,WF,0,2020,NA,NA,FALSE,TRUE
2020-ORDEF-000796,0.1,Class A,2020-09-01T22:18:00Z,143.66666666666666,NA,NA,WF,0,2020,NA,NA,FALSE,TRUE
2020-ORWIF-200374,0.1,Class A,2020-10-01T22:00:00Z,795.2375,NA,NA,WF,0,2020,NA,NA,FALSE,TRUE
2020-ORWIF-200490,0.1,Class A,NA,NA,NA,NA,WF,0,2020,NA,NA,FALSE,TRUE
2020-ORDEF-000346,0.1,Class A,2020-07-08T18:41:00Z,94.03333333333332,NA,NA,WF,0,2020,NA,NA,FALSE,TRUE
2020-ORWWF-000634,0.1,Class A,NA,NA,NA,NA,WF,0,2020,NA,NA,FALSE,TRUE
2020-ORDEF-000820,0.1,Class A,2020-08-30T23:59:00Z,2.35,NA,NA,WF,0,2020,NA,NA,FALSE,TRUE
2020-ORMAF-020286,0.25,Class A,2020-08-22T19:00:00Z,70.61194444444445,NA,NA,WF,0,2020,NA,NA,FALSE,TRUE
2020-ORDEF-000368,0.1,Class A,2020-07-06T21:48:00Z,0.23333333333333336,NA,NA,WF,0,2020,NA,NA,FALSE,TRUE
2020-ORDEF-000469,0.3,Class B,2020-08-03T01:58:00Z,215.58333333333337,NA,NA,WF,0,2020,NA,NA,FALSE,TRUE
2020-ORUMF-000626,0.75,Class B,NA,NA,NA,NA,WF,0,2020,NA,NA,FALSE,TRUE
2020-ORDEF-000119,0.1,Class A,2020-05-07T20:18:00Z,1.1666666666666667,NA,NA,WF,0,2020,NA,NA,FALSE,TRUE
2020-ORUMF-020067,0.1,Class A,2020-06-19T00:00:00Z,25.33361111111111,NA,NA,WF,NA,2020,NA,NA,FALSE,TRUE
2020-ORDEF-000271,0.1,Class A,2020-06-22T20:55:00Z,24.833333333333332,NA,NA,WF,0,2020,NA,NA,FALSE,TRUE
2020-ORDEF-000995,0.1,Class A,2020-10-22T19:59:00Z,44.03333333333333,NA,NA,WF,0,2020,NA,NA,FALSE,TRUE
2020-ORMHF-000320,0.1,Class A,2020-07-06T23:32:00Z,0.55,NA,NA,WF,0,2020,NA,NA,FALSE,TRUE
2020-ORDEF-000240,0.1,Class A,2020-06-14T22:55:00Z,0.95,NA,NA,WF,0,2020,NA,NA,FALSE,TRUE
2020-ORDEF-000509,0.1,Class A,2020-07-29T17:09:00Z,3.4858333333333333,NA,NA,WF,0,2020,NA,NA,FALSE,TRUE
2020-ORMAF-020248,0.25,Class A,2020-08-22T01:10:00Z,68.53916666666667,NA,NA,WF,0,2020,NA,NA,FALSE,TRUE
2020-ORMHF-000312,0.1,Class A,2020-07-06T00:59:00Z,0.5,NA,NA,WF,0,2020,NA,NA,FALSE,TRUE
2020-ORDEF-000379,0.1,Class A,2020-07-08T22:06:00Z,0.48333333333333334,NA,NA,WF,0,2020,NA,NA,FALSE,TRUE
2020-ORDEF-000040,0.1,Class A,2020-03-27T18:28:00Z,119.43333333333334,NA,NA,WF,0,2020,NA,NA,FALSE,TRUE
2020-ORMAF-020353,0.25,Class A,2020-09-28T21:24:00Z,191.9391666666667,NA,NA,WF,0,2020,NA,NA,FALSE,TRUE
2020-ORDEF-000332,0.1,Class A,2020-07-02T23:52:00Z,0.3,NA,NA,WF,0,2020,NA,NA,FALSE,TRUE
2020-ORMAF-020330,0.1,Class A,2020-09-18T19:12:00Z,451.1166666666667,NA,NA,WF,0,2020,NA,NA,FALSE,TRUE
2020-ORWIF-200361,0.1,Class A,2020-10-01T21:16:00Z,867.3675,NA,NA,WF,0,2020,NA,NA,FALSE,TRUE
2020-ORDEF-000574,0.1,Class A,2020-08-07T20:34:00Z,42.367222222222225,NA,NA,WF,0,2020,NA,NA,FALSE,TRUE
2020-ORDEF-000485,0.1,Class A,2020-07-27T19:12:00Z,0.21666666666666667,NA,NA,WF,0,2020,NA,NA,FALSE,TRUE
2020-ORFWF-200425,0.1,Class A,2020-09-20T17:34:00Z,1.6777777777777778,NA,NA,WF,0,2020,NA,NA,FALSE,TRUE
2020-ORDEF-000206,0.1,Class A,2020-06-10T21:00:00Z,52.65,NA,NA,WF,0,2020,NA,NA,FALSE,TRUE
2020-ORDEF-000802,0.1,Class A,2020-08-29T18:22:00Z,21.683333333333337,NA,NA,WF,0,2020,NA,NA,FALSE,TRUE
2021-ORFWF-210117,0.18,Class A,2021-04-13T23:32:00Z,294.1333333333333,NA,NA,WF,0,2021,NA,NA,FALSE,TRUE
2020-OROCF-000435,0.1,Class A,2020-07-22T20:09:00Z,71.83333333333333,NA,NA,WF,0,2020,NA,NA,FALSE,TRUE
2020-ORDEF-000126,0.25,Class A,2020-05-18T21:54:00Z,174.755,NA,NA,WF,0,2020,NA,NA,FALSE,TRUE
2020-ORDEF-000444,1.8,Class B,2020-07-31T19:24:00Z,264.4166666666667,NA,NA,WF,0,2020,NA,NA,FALSE,TRUE
2020-ORRSF-000344,0.1,Class A,NA,NA,NA,NA,WF,0,2020,NA,NA,FALSE,TRUE
2020-ORMHF-000449,0.1,Class A,2020-08-07T20:56:00Z,285.81666666666666,NA,NA,WF,0,2020,NA,NA,FALSE,TRUE
2020-ORMAF-020216,1,Class B,2020-08-24T00:37:00Z,193.96583333333336,NA,NA,WF,0,2020,NA,NA,FALSE,TRUE
2020-ORFWF-200213,0.12,Class A,2020-07-29T21:44:00Z,144.9586111111111,NA,NA,WF,0,2020,NA,NA,FALSE,TRUE
2020-ORDEF-000203,0.1,Class A,2020-06-08T01:28:00Z,1.1,NA,NA,WF,0,2020,NA,NA,FALSE,TRUE
2020-ORDEF-000336,0.1,Class A,2020-07-03T23:42:00Z,2.1666666666666665,NA,NA,WF,0,2020,NA,NA,FALSE,TRUE
2020-ORSUF-200509,0.1,Class A,2020-10-04T21:00:00Z,124.08333333333331,NA,NA,WF,0,2020,NA,NA,FALSE,TRUE
2020-ORDEF-000620,0.1,Class A,2020-08-11T21:30:00Z,23.766666666666666,NA,NA,WF,0,2020,NA,NA,FALSE,TRUE
2020-ORWIF-200351,0.1,Class A,2020-08-23T22:24:00Z,0.38333333333333336,NA,NA,WF,0,2020,NA,NA,FALSE,TRUE
2020-ORDEF-000328,1.8,Class B,2020-07-07T21:46:00Z,142.15,NA,NA,WF,0,2020,NA,NA,FALSE,TRUE
2020-ORDEF-000564,0.1,Class A,2020-08-07T17:46:00Z,41.19638888888889,NA,NA,WF,0,2020,NA,NA,FALSE,TRUE
2020-ORDEF-000799,0.1,Class A,2020-08-27T20:01:00Z,0.31666666666666665,NA,NA,WF,0,2020,NA,NA,FALSE,TRUE
2020-ORWWF-000968,0.3,Class B,2020-09-02T19:57:00Z,237.5641666666667,NA,NA,WF,0,2020,NA,NA,FALSE,TRUE
2020-ORDEF-000745,0.1,Class A,2020-08-21T02:48:00Z,29.85361111111111,NA,NA,WF,0,2020,NA,NA,FALSE,TRUE
2020-ORUMF-000925,0.1,Class A,NA,NA,NA,NA,WF,0,2020,NA,NA,FALSE,TRUE
2020-ORUPF-000234,0.1,Class A,2020-07-26T20:14:00Z,90.81666666666666,NA,NA,WF,0,2020,NA,NA,FALSE,TRUE
2020-ORMHF-000808,0.1,Class A,2020-09-03T19:00:00Z,0.35,NA,NA,WF,0,2020,NA,NA,FALSE,TRUE
2020-ORMHF-000357,0.1,Class A,2020-07-12T23:55:00Z,0.23333333333333336,NA,NA,WF,0,2020,NA,NA,FALSE,TRUE
2020-ORMHF-000533,0.1,Class A,2020-08-09T20:15:00Z,120.81666666666666,NA,NA,WF,0,2020,NA,NA,FALSE,TRUE
2020-ORDEF-000510,0.1,Class A,2020-07-29T17:36:00Z,0.23333333333333336,NA,NA,WF,0,2020,NA,NA,FALSE,TRUE
2020-ORWWF-000930,0.1,Class A,2020-08-23T21:14:00Z,69.40944444444445,NA,NA,WF,0,2020,NA,NA,FALSE,TRUE
2020-ORWIF-200197,0.2,Class A,2020-08-01T21:27:00Z,120.01805555555556,NA,NA,WF,0,2020,NA,NA,FALSE,TRUE
2020-ORDEF-000311,0.1,Class A,2020-06-29T00:30:00Z,1.15,NA,NA,WF,0,2020,NA,NA,FALSE,TRUE
2021-OROCF-000040,0.1,Class A,2021-03-31T19:49:00Z,90.4,NA,NA,WF,0,2021,NA,NA,FALSE,TRUE
2020-ORMHF-000467,0.1,Class A,2020-07-29T23:32:00Z,48.68333333333333,NA,NA,WF,0,2020,NA,NA,FALSE,TRUE
2020-ORWIF-200231,0.1,Class A,2020-08-04T20:11:00Z,70.31666666666666,NA,NA,WF,0,2020,NA,NA,FALSE,TRUE
2020-ORSUF-200481,0.1,Class A,2020-09-16T00:45:00Z,0.85,NA,NA,WF,0,2020,NA,NA,FALSE,TRUE
2020-ORMAF-020124,0.1,Class A,2020-08-05T19:33:00Z,24.331666666666667,NA,NA,WF,0,2020,NA,NA,FALSE,TRUE
2020-ORDEF-000073,0.1,Class A,2020-04-11T19:13:00Z,1.5666666666666669,NA,NA,WF,0,2020,NA,NA,FALSE,TRUE
2020-ORRSF-000392,0.1,Class A,2020-09-09T22:17:00Z,1.6666666666666667,NA,NA,WF,0,2020,NA,NA,FALSE,TRUE
2020-ORUMF-000683,0.1,Class A,2020-08-09T17:00:00Z,45.04944444444445,NA,NA,WF,0,2020,NA,NA,FALSE,TRUE
2020-ORWIF-200375,0.1,Class A,2020-10-01T21:55:00Z,794.1494444444445,NA,NA,WF,0,2020,NA,NA,FALSE,TRUE
2020-ORDEF-000653,0.1,Class A,2020-08-17T18:15:00Z,23.654444444444444,NA,NA,WF,0,2020,NA,NA,FALSE,TRUE
2021-ORDEF-000085,0.1,Class A,2021-04-17T16:30:00Z,1.7833333333333334,NA,NA,WF,0,2021,NA,NA,FALSE,TRUE
2020-ORDEF-000089,0.1,Class A,2020-04-18T19:53:00Z,0.31666666666666665,NA,NA,WF,0,2020,NA,NA,FALSE,TRUE
2020-ORMHF-000914,0.1,Class A,2020-10-20T21:08:00Z,765.1441666666667,NA,NA,WF,0,2020,NA,NA,FALSE,TRUE
2020-ORWIF-200218,0.3,Class B,2020-08-04T22:12:00Z,147.97027777777777,NA,NA,WF,0,2020,NA,NA,FALSE,TRUE
2020-ORWWF-001409,0.25,Class A,2020-11-02T17:30:00Z,115.58416666666666,NA,NA,WF,0,2020,NA,NA,FALSE,TRUE
2020-ORWIF-200095,0.1,Class A,2020-12-01T20:00:00Z,4396.733333333334,NA,NA,WF,0,2020,NA,NA,FALSE,TRUE
2020-ORWWF-000637,0.25,Class A,2020-08-07T22:21:00Z,43.40472222222222,NA,NA,WF,0,2020,NA,NA,FALSE,TRUE
2020-ORUMF-000605,3.45,Class B,2020-08-14T18:58:00Z,288.38305555555553,NA,NA,WF,0,2020,NA,NA,FALSE,TRUE
2020-ORDEF-001006,0.1,Class A,2020-10-27T00:52:00Z,1.8333333333333333,NA,NA,WF,0,2020,NA,NA,FALSE,TRUE
2020-ORMAF-020193,0.1,Class A,2020-08-07T19:07:00Z,23.680833333333332,NA,NA,WF,0,2020,NA,NA,FALSE,TRUE
2020-ORDEF-000176,0.26,Class B,2020-06-05T19:41:00Z,141.44166666666666,NA,NA,WF,0,2020,NA,NA,FALSE,TRUE
2020-OROCF-000316,0.1,Class A,2020-06-29T19:25:02Z,0.3338888888888889,NA,NA,WF,0,2020,NA,NA,FALSE,TRUE
2020-ORUMF-000852,8,Class B,NA,NA,NA,NA,WF,0,2020,NA,NA,FALSE,TRUE
2020-ORUPF-000297,0.75,Class B,2020-08-14T20:00:00Z,241.39166666666668,NA,NA,WF,0,2020,NA,NA,FALSE,TRUE
2020-ORDEF-000259,0.1,Class A,NA,NA,NA,NA,WF,0,2020,NA,NA,FALSE,TRUE
2021-ORDEF-000023,0.1,Class A,2021-02-17T23:00:00Z,4.533333333333333,NA,NA,WF,0,2021,NA,NA,FALSE,TRUE
2020-ORWWF-001196,0.1,Class A,2020-09-18T22:40:00Z,4.974722222222222,NA,NA,WF,0,2020,NA,NA,FALSE,TRUE
2020-ORDEF-000706,0.1,Class A,2020-08-19T16:00:00Z,42.53,NA,NA,WF,0,2020,NA,NA,FALSE,TRUE
2020-ORWWF-001198,0.3,Class B,2020-10-01T19:00:00Z,297.33944444444444,NA,NA,WF,0,2020,NA,NA,FALSE,TRUE
2020-ORWIF-200306,0.1,Class A,2020-08-17T20:09:00Z,22.75805555555555,NA,NA,WF,0,2020,NA,NA,FALSE,TRUE
2020-ORWIF-200410,0.1,Class A,2020-09-06T19:55:00Z,2.258888888888889,NA,NA,WF,0,2020,NA,NA,FALSE,TRUE
2020-ORDEF-000582,0.1,Class A,2020-08-08T21:48:00Z,56.76027777777778,NA,NA,WF,0,2020,NA,NA,FALSE,TRUE
2020-ORMHF-000529,0.1,Class A,2020-08-09T22:27:00Z,144.23333333333332,NA,NA,WF,0,2020,NA,NA,FALSE,TRUE
2020-ORDEF-000516,0.1,Class A,2020-07-31T18:38:00Z,44.81194444444444,NA,NA,WF,0,2020,NA,NA,FALSE,TRUE
2020-ORDEF-000690,0.1,Class A,2020-08-19T16:02:00Z,62.585,NA,NA,WF,0,2020,NA,NA,FALSE,TRUE
2020-ORMAF-020192,0.1,Class A,2020-08-08T04:59:00Z,33.5975,NA,NA,WF,0,2020,NA,NA,FALSE,TRUE
2020-ORWWF-000982,0.25,Class A,2020-08-29T19:36:00Z,89.50194444444445,NA,NA,WF,0,2020,NA,NA,FALSE,TRUE
2020-ORRSF-000176,0.1,Class A,NA,NA,NA,NA,WF,0,2020,NA,NA,FALSE,TRUE
2020-ORUPF-000281,0.1,Class A,2020-08-02T16:19:00Z,64.54666666666667,NA,NA,WF,0,2020,NA,NA,FALSE,TRUE
2020-ORDEF-000568,0.1,Class A,2020-08-09T23:28:00Z,94.03055555555557,NA,NA,WF,0,2020,NA,NA,FALSE,TRUE
2020-ORDEF-000669,0.1,Class A,2020-08-17T22:48:00Z,23.733333333333334,NA,NA,WF,0,2020,NA,NA,FALSE,TRUE
2020-OROCF-000074,0.1,Class A,NA,NA,NA,NA,WF,0,2020,NA,NA,FALSE,TRUE
2020-ORMHF-000846,0.7,Class B,2020-10-19T20:00:00Z,1014.3833333333332,NA,NA,WF,0,2020,NA,NA,FALSE,TRUE
2020-ORMHF-000530,0.1,Class A,2020-08-03T01:05:00Z,0.4166666666666667,NA,NA,WF,0,2020,NA,NA,FALSE,TRUE
2020-ORMHF-000583,0.1,Class A,2020-08-12T22:15:00Z,75.15,NA,NA,WF,0,2020,NA,NA,FALSE,TRUE
2020-ORMAF-020148,0.3,Class B,2020-08-08T17:32:00Z,65.5875,NA,NA,WF,0,2020,NA,NA,FALSE,TRUE
2020-ORUMF-020109,0.1,Class A,2020-07-31T18:35:00Z,40.715,NA,NA,WF,0,2020,NA,NA,FALSE,TRUE
2020-ORFWF-200329,0.28,Class B,2020-08-18T22:54:00Z,84.95,NA,NA,WF,0,2020,NA,NA,FALSE,TRUE
2020-ORUMF-000932,0.1,Class A,NA,NA,NA,NA,WF,0,2020,NA,NA,FALSE,TRUE
2020-ORUMF-000627,0.1,Class A,NA,NA,NA,NA,WF,0,2020,NA,NA,FALSE,TRUE
2020-ORFWF-000100,0.1,Class A,2020-02-13T23:10:00Z,0.15,NA,NA,WF,0,2020,NA,NA,FALSE,TRUE
2020-ORDEF-000506,0.1,Class A,2020-07-31T17:17:00Z,62.30444444444444,NA,NA,WF,0,2020,NA,NA,FALSE,TRUE
2020-ORMAF-020275,0.1,Class A,2020-08-20T16:50:00Z,22.595277777777778,NA,NA,WF,0,2020,NA,NA,FALSE,TRUE
2020-ORUMF-000858,0.1,Class A,2020-08-24T01:40:00Z,105.53666666666666,NA,NA,WF,0,2020,NA,NA,FALSE,TRUE
2020-ORDEF-000545,0.1,Class A,2020-08-05T00:38:00Z,7.9,NA,NA,WF,0,2020,NA,NA,FALSE,TRUE
2020-ORWWF-000807,0.5,Class B,NA,NA,NA,NA,WF,0,2020,NA,NA,FALSE,TRUE
2020-ORMHF-000536,0.1,Class A,2020-08-04T21:21:00Z,0.23333333333333336,NA,NA,WF,0,2020,NA,NA,FALSE,TRUE
2020-ORUMF-001112,0.26,Class B,2020-12-10T23:16:00Z,2241.54,NA,NA,WF,0,2020,NA,NA,FALSE,TRUE
2020-ORMHF-000581,0.1,Class A,2020-08-09T20:01:00Z,2.5833333333333335,NA,NA,WF,0,2020,NA,NA,FALSE,TRUE
2020-ORDEF-000170,0.1,Class A,2020-06-03T22:13:00Z,122.56388888888888,NA,NA,WF,0,2020,NA,NA,FALSE,TRUE
2020-ORDEF-000576,0.1,Class A,2020-08-10T23:30:00Z,116.82694444444444,NA,NA,WF,0,2020,NA,NA,FALSE,TRUE
2020-ORWIF-200348,0.1,Class A,NA,NA,NA,NA,WF,0,2020,NA,NA,FALSE,TRUE
2020-ORDEF-000575,0.1,Class A,2020-08-09T21:30:00Z,91.01444444444444,NA,NA,WF,0,2020,NA,NA,FALSE,TRUE
2020-ORRSF-000218,0.3,Class B,2020-07-31T22:51:00Z,104.3,NA,NA,WF,0,2020,NA,NA,FALSE,TRUE
2020-ORWWF-001003,0.6,Class B,2020-09-02T00:42:00Z,122.5075,NA,NA,WF,0,2020,NA,NA,FALSE,TRUE
2020-ORMAF-002117,0.1,Class A,2020-08-22T18:04:00Z,86.93305555555555,NA,NA,WF,0,2020,NA,NA,FALSE,TRUE
2020-ORMHF-000482,0.1,Class A,2020-08-03T20:25:00Z,140.31666666666666,NA,NA,WF,0,2020,NA,NA,FALSE,TRUE
2020-ORDEF-000826,0.1,Class A,2020-09-04T19:23:00Z,66.26138888888889,NA,NA,WF,0,2020,NA,NA,FALSE,TRUE
2020-ORUMF-000716,0.1,Class A,2020-08-15T22:20:00Z,120.14611111111113,NA,NA,WF,0,2020,NA,NA,FALSE,TRUE
2020-ORDEF-000676,0.1,Class A,2020-08-19T14:21:00Z,62.899166666666666,NA,NA,WF,0,2020,NA,NA,FALSE,TRUE
2020-ORDEF-000114,0.1,Class A,2020-05-05T18:00:00Z,0.8,NA,NA,WF,0,2020,NA,NA,FALSE,TRUE
2020-ORWWF-000663,0.1,Class A,2020-08-09T18:09:00Z,66.44277777777778,NA,NA,WF,0,2020,NA,NA,FALSE,TRUE
2021-ORWIF-210059,0.1,Class A,2021-03-15T19:00:00Z,143.8036111111111,NA,NA,WF,0,2021,NA,NA,FALSE,TRUE
2021-ORDEF-000044,0.1,Class A,2021-04-03T18:55:00Z,114.85,NA,NA,WF,0,2021,NA,NA,FALSE,TRUE
2020-OROCF-000451,0.1,Class A,NA,NA,NA,NA,WF,0,2020,NA,NA,FALSE,TRUE
2020-ORMHF-000528,0.1,Class A,2020-08-03T22:09:00Z,0.15,NA,NA,WF,0,2020,NA,NA,FALSE,TRUE
2021-ORDEF-000019,0.1,Class A,2021-01-29T00:10:00Z,5.283333333333333,NA,NA,WF,0,2021,NA,NA,FALSE,TRUE
2020-ORSUF-200329,0.1,Class A,2020-08-19T22:00:00Z,0.00805555555555555,NA,NA,WF,0,2020,NA,NA,FALSE,TRUE
2020-ORMAF-002130,4.7,Class B,2020-09-01T22:02:00Z,312.08694444444444,NA,NA,WF,0,2020,NA,NA,FALSE,TRUE
2020-ORWWF-000599,0.8,Class B,2020-08-04T19:35:00Z,69.80722222222222,NA,NA,WF,0,2020,NA,NA,FALSE,TRUE
2020-ORMHF-000667,0.1,Class A,2020-08-16T22:07:00Z,0.03333333333333333,NA,NA,WF,0,2020,NA,NA,FALSE,TRUE
2020-ORWIF-200111,0.1,Class A,2020-06-24T19:59:00Z,98.23333333333332,NA,NA,WF,0,2020,NA,NA,FALSE,TRUE
2020-ORWIF-200363,0.1,Class A,2020-08-27T22:12:00Z,26.233333333333334,NA,NA,WF,0,2020,NA,NA,FALSE,TRUE
2020-ORRSF-000127,0.1,Class A,2020-06-24T19:44:00Z,46.1375,NA,NA,WF,0,2020,NA,NA,FALSE,TRUE
2020-ORWWF-001134,0.1,Class A,2020-09-10T20:59:00Z,0.03333333333333333,NA,NA,WF,0,2020,NA,NA,FALSE,TRUE
2020-ORRSF-000208,0.1,Class A,2020-08-06T00:35:00Z,341.81666666666666,NA,NA,WF,0,2020,NA,NA,FALSE,TRUE
2020-ORFWF-200287,0.1,Class A,2020-08-08T20:55:00Z,50.367222222222225,NA,NA,WF,0,2020,NA,NA,FALSE,TRUE
2020-ORDEF-000624,1.25,Class B,2020-08-17T18:24:00Z,141.4,NA,NA,WF,0,2020,NA,NA,FALSE,TRUE
2020-ORDEF-000527,0.1,Class A,2020-08-03T19:37:00Z,62.06666666666667,NA,NA,WF,0,2020,NA,NA,FALSE,TRUE
2020-ORDEF-000689,0.1,Class A,2020-08-19T19:12:00Z,66.09083333333334,NA,NA,WF,0,2020,NA,NA,FALSE,TRUE
2020-ORUMF-000904,0.1,Class A,NA,NA,NA,NA,WF,0,2020,NA,NA,FALSE,TRUE
2020-ORMAF-020160,0.1,Class A,2020-08-06T19:56:00Z,19.525,NA,NA,WF,0,2020,NA,NA,FALSE,TRUE
2020-ORDEF-000142,0.1,Class A,2020-05-20T23:36:00Z,0.55,NA,NA,WF,0,2020,NA,NA,FALSE,TRUE
2020-ORRSF-000377,0.14,Class A,2020-09-08T20:38:00Z,51.983333333333334,NA,NA,WF,0,2020,NA,NA,FALSE,TRUE
2020-ORMAF-020154,0.1,Class A,2020-08-07T17:10:00Z,41.05583333333333,NA,NA,WF,0,2020,NA,NA,FALSE,TRUE
2020-ORFWF-200157,0.1,Class A,2020-06-22T23:16:00Z,54.88333333333333,NA,NA,WF,0,2020,NA,NA,FALSE,TRUE
2020-ORDEF-000173,0.1,Class A,2020-06-03T16:47:00Z,92.08833333333334,NA,NA,WF,0,2020,NA,NA,FALSE,TRUE
2020-ORWWF-000924,0.3,Class B,2020-08-23T01:24:00Z,53.10166666666667,NA,NA,WF,0,2020,NA,NA,FALSE,TRUE
2020-ORFWF-200132,0.1,Class A,2020-05-22T19:29:00Z,202.66666666666663,NA,NA,WF,0,2020,NA,NA,FALSE,TRUE
2020-ORDEF-000342,0.1,Class A,2020-07-07T21:25:00Z,74.33333333333333,NA,NA,WF,0,2020,NA,NA,FALSE,TRUE
2020-ORUMF-000830,0.1,Class A,2020-09-03T22:51:00Z,369.6147222222222,NA,NA,WF,0,2020,NA,NA,FALSE,TRUE
2020-ORDEF-000586,0.1,Class A,2020-08-09T23:45:00Z,80.22944444444444,NA,NA,WF,0,2020,NA,NA,FALSE,TRUE
2021-ORDEF-000051,0.25,Class A,2021-04-06T19:59:00Z,111.11666666666666,NA,NA,WF,0,2021,NA,NA,FALSE,TRUE
2020-ORWWF-000666,0.1,Class A,2020-08-08T22:06:00Z,52.1,NA,NA,WF,0,2020,NA,NA,FALSE,TRUE
2020-ORSUF-200480,0.2,Class A,2020-09-17T17:00:00Z,44.46666666666667,NA,NA,WF,0,2020,NA,NA,FALSE,TRUE
2021-ORDEF-000045,0.1,Class A,2021-04-04T19:10:00Z,75.11666666666666,NA,NA,WF,0,2021,NA,NA,FALSE,TRUE
2020-ORWWF-000853,0.1,Class A,2020-08-22T00:18:00Z,56.2725,NA,NA,WF,0,2020,NA,NA,FALSE,TRUE
2020-ORDEF-000443,0.1,Class A,2020-07-20T20:36:00Z,2.45,NA,NA,WF,0,2020,NA,NA,FALSE,TRUE
2020-ORMAF-020261,0.1,Class A,2020-08-20T18:25:00Z,25.59888888888889,NA,NA,WF,0,2020,NA,NA,FALSE,TRUE
2020-ORUMF-020277,0.1,Class A,2020-08-24T18:36:00Z,119.89027777777778,NA,NA,WF,0,2020,NA,NA,FALSE,TRUE
2020-ORWIF-200255,0.1,Class A,2020-08-09T20:19:00Z,0.21666666666666667,NA,NA,WF,0,2020,NA,NA,FALSE,TRUE
2020-ORRSF-000158,0.1,Class A,2020-07-11T22:55:00Z,153.4,NA,NA,WF,0,2020,NA,NA,FALSE,TRUE
2020-ORUPF-000273,0.1,Class A,2020-07-31T17:38:00Z,49.024166666666666,NA,NA,WF,0,2020,NA,NA,FALSE,TRUE
2020-ORFWF-200299,0.1,Class A,2020-08-08T18:46:00Z,41.345,NA,NA,WF,0,2020,NA,NA,FALSE,TRUE
2020-ORUMF-000861,0.1,Class A,2020-08-25T00:09:00Z,127.925,NA,NA,WF,0,2020,NA,NA,FALSE,TRUE
2020-ORMAF-020241,0.5,Class B,2020-08-22T20:42:00Z,98.90333333333334,NA,NA,WF,0,2020,NA,NA,FALSE,TRUE
2020-ORMHF-000724,0.1,Class A,2020-08-23T22:49:00Z,2.3333333333333335,NA,NA,WF,0,2020,NA,NA,FALSE,TRUE
2020-ORWWF-001082,0.2,Class A,2020-09-09T22:11:00Z,98.61666666666666,NA,NA,WF,0,2020,NA,NA,FALSE,TRUE
2020-ORMAF-020284,0.1,Class A,2020-08-21T15:56:00Z,44.23722222222222,NA,NA,WF,0,2020,NA,NA,FALSE,TRUE
2020-ORMAF-020035,0.1,Class A,2020-04-22T17:40:00Z,74.06666666666666,NA,NA,WF,0,2020,NA,NA,FALSE,TRUE
2020-ORWIF-200232,0.1,Class A,2020-08-02T00:12:00Z,0.6833333333333333,NA,NA,WF,0,2020,NA,NA,FALSE,TRUE
2020-ORUPF-000260,0.1,Class A,2020-07-31T00:05:00Z,54.285555555555554,NA,NA,WF,0,2020,NA,NA,FALSE,TRUE
2020-ORMHF-000052,0.1,Class A,2020-03-16T19:47:00Z,25.2,NA,NA,WF,0,2020,NA,NA,FALSE,TRUE
2020-OROCF-000168,0.1,Class A,2020-05-31T23:25:00Z,54.07111111111111,NA,NA,WF,0,2020,NA,NA,FALSE,TRUE
2020-ORMHF-000405,0.1,Class A,2020-07-19T22:16:00Z,0.43333333333333335,NA,NA,WF,0,2020,NA,NA,FALSE,TRUE
2020-ORWWF-001126,0.1,Class A,2020-09-10T20:59:00Z,19.6925,NA,NA,WF,0,2020,NA,NA,FALSE,TRUE
2020-ORUMF-000863,0.1,Class A,NA,NA,NA,NA,WF,0,2020,NA,NA,FALSE,TRUE
2020-ORWIF-200381,0.1,Class A,2020-10-01T22:31:00Z,788.3727777777777,NA,NA,WF,0,2020,NA,NA,FALSE,TRUE
2020-ORMAF-002148,0.1,Class A,2020-11-03T23:37:00Z,1376.0833333333333,NA,NA,WF,0,2020,NA,NA,FALSE,TRUE
2020-ORWWF-000684,0.1,Class A,2020-08-09T20:08:00Z,47.757777777777775,NA,NA,WF,0,2020,NA,NA,FALSE,TRUE
2020-ORDEF-000593,0.1,Class A,2020-08-07T15:19:00Z,19.073888888888888,NA,NA,WF,0,2020,NA,NA,FALSE,TRUE
2020-ORDEF-000621,0.1,Class A,2020-08-12T20:46:00Z,46.145833333333336,NA,NA,WF,0,2020,NA,NA,FALSE,TRUE
2020-ORFWF-200206,0.1,Class A,NA,NA,NA,NA,WF,0,2020,NA,NA,FALSE,TRUE
2020-ORWIF-200392,0.1,Class A,2020-09-01T20:15:00Z,20.733333333333334,NA,NA,WF,0,2020,NA,NA,FALSE,TRUE
2020-ORDEF-000166,0.1,Class A,2020-05-30T19:09:00Z,29.063333333333333,NA,NA,WF,0,2020,NA,NA,FALSE,TRUE
2020-ORMHF-000451,0.1,Class A,2020-07-27T20:20:00Z,20.8,NA,NA,WF,0,2020,NA,NA,FALSE,TRUE
2020-ORDEF-000139,0.1,Class A,2020-05-20T18:33:00Z,70.85,NA,NA,WF,0,2020,NA,NA,FALSE,TRUE
2020-OROCF-000143,0.1,Class A,2020-05-24T15:34:00Z,86,NA,NA,WF,0,2020,NA,NA,FALSE,TRUE
2020-ORWIF-200176,0.1,Class A,2020-07-24T19:58:00Z,46.65,NA,NA,WF,0,2020,NA,NA,FALSE,TRUE
2020-ORWWF-000696,0.1,Class A,2020-08-09T18:15:00Z,21.908333333333335,NA,NA,WF,0,2020,NA,NA,FALSE,TRUE
2020-ORWIF-200202,1.5,Class B,2020-08-08T22:34:00Z,288.48333333333335,NA,NA,WF,0,2020,NA,NA,FALSE,TRUE
2020-ORDEF-000218,0.55,Class B,2020-06-15T22:15:00Z,101.02388888888888,NA,NA,WF,0,2020,NA,NA,FALSE,TRUE
2020-ORMAF-020134,0.1,Class A,2020-08-07T22:09:00Z,47.05833333333333,NA,NA,WF,0,2020,NA,NA,FALSE,TRUE
2020-ORDEF-000234,0.1,Class A,2020-06-13T00:52:00Z,1.55,NA,NA,WF,0,2020,NA,NA,FALSE,TRUE
2020-ORWWF-000797,2.1,Class B,NA,NA,NA,NA,WF,0,2020,NA,NA,FALSE,TRUE
2021-ORMHF-000143,0.1,Class A,2021-04-19T18:00:00Z,16.083333333333332,NA,NA,WF,0,2021,NA,NA,FALSE,TRUE
2020-ORMAF-020324,0.1,Class A,2020-08-26T20:22:00Z,20.031666666666663,NA,NA,WF,0,2020,NA,NA,FALSE,TRUE
2020-ORMHF-000518,0.1,Class A,2020-08-07T19:34:00Z,121.33333333333331,NA,NA,WF,0,2020,NA,NA,FALSE,TRUE
2020-ORWIF-200257,0.1,Class A,2020-08-09T22:05:00Z,1.3,NA,NA,WF,0,2020,NA,NA,FALSE,TRUE
2020-ORMAF-020323,0.3,Class B,2020-08-29T20:26:00Z,92.41888888888889,NA,NA,WF,0,2020,NA,NA,FALSE,TRUE
2020-ORRSF-000103,0.1,Class A,2020-06-04T23:38:00Z,0.06666666666666667,NA,NA,WF,0,2020,NA,NA,FALSE,TRUE
2020-ORMAF-020290,0.1,Class A,2020-08-22T00:15:00Z,50.27472222222222,NA,NA,WF,0,2020,NA,NA,FALSE,TRUE
2020-ORUMF-000896,24.1462,Class C,NA,NA,NA,NA,WF,NA,2020,NA,NA,FALSE,TRUE
2020-ORRSF-000346,0.1,Class A,2020-09-05T21:48:00Z,190.56666666666663,NA,NA,WF,0,2020,NA,NA,FALSE,TRUE
2020-ORFWF-000102,0.1,Class A,2020-03-17T22:15:00Z,285.46666666666664,NA,NA,WF,0,2020,NA,NA,FALSE,TRUE
2020-ORDEF-000349,0.1,Class A,2020-07-04T23:13:00Z,0.8166666666666667,NA,NA,WF,0,2020,NA,NA,FALSE,TRUE
2020-ORWIF-200408,0.1,Class A,2020-09-07T21:25:00Z,28.783333333333335,NA,NA,WF,0,2020,NA,NA,FALSE,TRUE
2020-ORFWF-200164,0.1,Class A,2020-06-28T23:19:00Z,1.3333333333333333,NA,NA,WF,0,2020,NA,NA,FALSE,TRUE
2020-ORDEF-000865,0.1,Class A,2020-09-08T01:57:00Z,3.1666666666666665,NA,NA,WF,0,2020,NA,NA,FALSE,TRUE
2020-ORDEF-000788,0.1,Class A,2020-08-26T00:24:00Z,0.9166666666666666,NA,NA,WF,0,2020,NA,NA,FALSE,TRUE
2020-ORMHF-000763,0.1,Class A,2020-08-30T01:05:00Z,4.166666666666667,NA,NA,WF,0,2020,NA,NA,FALSE,TRUE
2020-ORWWF-000657,0.1,Class A,2020-08-07T22:55:00Z,30.760833333333338,NA,NA,WF,0,2020,NA,NA,FALSE,TRUE
2020-ORDEF-000487,0.1,Class A,2020-07-29T18:54:00Z,46.168055555555554,NA,NA,WF,0,2020,NA,NA,FALSE,TRUE
2020-ORFWF-200336,0.26,Class B,2020-08-19T17:06:00Z,88.67166666666667,NA,NA,WF,0,2020,NA,NA,FALSE,TRUE
2020-ORMAF-020165,0.1,Class A,2020-08-06T21:13:00Z,20.50583333333333,NA,NA,WF,0,2020,NA,NA,FALSE,TRUE
2020-ORUMF-020077,0.1,Class A,2020-07-08T22:09:00Z,28.797777777777775,NA,NA,WF,0,2020,NA,NA,FALSE,TRUE
2020-ORMHF-000832,0.1,Class A,2020-09-06T22:15:00Z,2.716666666666667,NA,NA,WF,0,2020,NA,NA,FALSE,TRUE
2021-ORMHF-000108,0.2,Class A,2021-03-30T18:00:00Z,43.1,NA,NA,WF,0,2021,NA,NA,FALSE,TRUE
2020-ORFWF-200451,0.1,Class A,2021-02-05T19:34:00Z,1031.9833333333331,NA,NA,WF,0,2020,NA,NA,FALSE,TRUE
2020-ORDEF-001041,0.1,Class A,2020-12-08T21:34:00Z,28.166666666666668,NA,NA,WF,0,2020,NA,NA,FALSE,TRUE
2020-ORMAF-020308,0.1,Class A,2020-08-22T17:19:00Z,40.51305555555555,NA,NA,WF,0,2020,NA,NA,FALSE,TRUE
2021-ORMAF-021034,0.1,Class A,2021-04-05T20:46:00Z,5.633333333333334,NA,NA,WF,0,2021,NA,NA,FALSE,TRUE
2020-ORWIF-200301,0.1,Class A,2020-08-16T20:10:00Z,0.24027777777777776,NA,NA,WF,0,2020,NA,NA,FALSE,TRUE
2020-ORRSF-000466,0.1,Class A,2020-10-23T20:10:00Z,0.18333333333333332,NA,NA,WF,0,2020,NA,NA,FALSE,TRUE
2020-ORWIF-200069,0.1,Class A,2020-04-20T20:27:00Z,4.25,NA,NA,WF,0,2020,NA,NA,FALSE,TRUE
2020-ORMHF-000407,0.1,Class A,2020-07-19T23:44:00Z,0.4,NA,NA,WF,0,2020,NA,NA,FALSE,TRUE
2020-ORDEF-000498,0.1,Class A,2020-07-28T18:49:00Z,0.65,NA,NA,WF,0,2020,NA,NA,FALSE,TRUE
2020-ORSUF-200135,0.1,Class A,2020-07-05T18:40:00Z,23.25,NA,NA,WF,0,2020,NA,NA,FALSE,TRUE
2020-ORDEF-000489,0.1,Class A,2020-07-28T22:44:00Z,23.816666666666663,NA,NA,WF,0,2020,NA,NA,FALSE,TRUE
2020-ORMHF-000203,0.1,Class A,2020-06-14T15:52:00Z,15.466666666666669,NA,NA,WF,0,2020,NA,NA,FALSE,TRUE
2020-ORDEF-000200,0.1,Class A,2020-06-08T20:56:00Z,24.483333333333334,NA,NA,WF,0,2020,NA,NA,FALSE,TRUE
2020-ORFWF-200387,0.1,Class A,2020-08-29T21:38:00Z,25.5,NA,NA,WF,0,2020,NA,NA,FALSE,TRUE
2020-ORWWF-000633,0.1,Class A,2020-08-23T23:51:00Z,430.2241666666667,NA,NA,WF,0,2020,NA,NA,FALSE,TRUE
2020-ORRSF-000378,0.1,Class A,NA,NA,NA,NA,WF,0,2020,NA,NA,FALSE,TRUE
2020-ORWWF-000632,0.25,Class A,2020-08-10T18:48:00Z,113.66055555555556,NA,NA,WF,0,2020,NA,NA,FALSE,TRUE
2020-ORUMF-000659,0.25,Class A,2020-08-09T15:50:00Z,68.9636111111111,NA,NA,WF,0,2020,NA,NA,FALSE,TRUE
2020-OROCF-000260,0.1,Class A,NA,NA,NA,NA,WF,0,2020,NA,NA,FALSE,TRUE
2020-ORMHF-000311,0.1,Class A,2020-07-12T21:24:00Z,165.66666666666666,NA,NA,WF,0,2020,NA,NA,FALSE,TRUE
2020-ORMAF-002124,0.1,Class A,2020-09-01T18:23:00Z,313.18944444444446,NA,NA,WF,0,2020,NA,NA,FALSE,TRUE
2020-OROCF-000220,0.1,Class A,NA,NA,NA,NA,WF,0,2020,NA,NA,FALSE,TRUE
2020-ORWWF-000788,0.1,Class A,NA,NA,NA,NA,WF,0,2020,NA,NA,FALSE,TRUE
2020-OROCF-000093,0.1,Class A,2020-04-22T01:45:00Z,2.6333333333333333,NA,NA,WF,0,2020,NA,NA,FALSE,TRUE
2020-ORWIF-200371,0.1,Class A,2020-10-01T20:16:00Z,795.2569444444445,NA,NA,WF,0,2020,NA,NA,FALSE,TRUE
2020-ORDEF-000727,0.1,Class A,2020-08-20T17:08:00Z,41.75277777777778,NA,NA,WF,0,2020,NA,NA,FALSE,TRUE
2020-ORMAF-002121,0.1,Class A,2020-08-25T22:27:00Z,151.05527777777775,NA,NA,WF,0,2020,NA,NA,FALSE,TRUE
2020-ORMAF-020167,0.2,Class A,2020-08-08T18:01:00Z,64.9075,NA,NA,WF,0,2020,NA,NA,FALSE,TRUE
2020-ORDEF-000632,0.1,Class A,2020-08-14T19:12:00Z,27.2,NA,NA,WF,0,2020,NA,NA,FALSE,TRUE
2020-ORDEF-000682,0.1,Class A,2020-08-19T18:30:00Z,66.55194444444444,NA,NA,WF,0,2020,NA,NA,FALSE,TRUE
2020-ORDEF-001039,0.1,Class A,2020-12-07T19:08:00Z,166.6,NA,NA,WF,0,2020,NA,NA,FALSE,TRUE
2020-ORWIF-200366,0.1,Class A,NA,NA,NA,NA,WF,0,2020,NA,NA,FALSE,TRUE
2020-ORMAF-020271,0.1,Class A,2020-08-21T07:00:00Z,37.08583333333333,NA,NA,WF,0,2020,NA,NA,FALSE,TRUE
2020-ORDEF-000722,0.25,Class A,2020-08-22T22:30:00Z,115.17888888888888,NA,NA,WF,0,2020,NA,NA,FALSE,TRUE
2020-ORWWF-000906,0.1,Class A,2020-08-21T19:55:00Z,44.526944444444446,NA,NA,WF,0,2020,NA,NA,FALSE,TRUE
2020-ORMHF-000612,0.1,Class A,2020-08-24T21:51:00Z,309.46666666666664,NA,NA,WF,0,2020,NA,NA,FALSE,TRUE
2020-ORMHF-000664,0.1,Class A,2020-08-16T21:06:00Z,0.5166666666666667,NA,NA,WF,0,2020,NA,NA,FALSE,TRUE
2020-ORDEF-000299,0.1,Class A,2020-06-28T19:33:00Z,20.116666666666667,NA,NA,WF,0,2020,NA,NA,FALSE,TRUE
2020-ORFWF-200332,0.1,Class A,2020-08-19T17:22:00Z,89.70777777777778,NA,NA,WF,0,2020,NA,NA,FALSE,TRUE
2020-ORMHF-000511,0.1,Class A,2020-08-05T21:24:00Z,93.91666666666669,NA,NA,WF,0,2020,NA,NA,FALSE,TRUE
2020-ORDEF-001045,0.1,Class A,NA,NA,NA,NA,WF,0,2020,NA,NA,FALSE,TRUE
2020-ORMAF-002131,0.5,Class B,2020-09-02T23:27:00Z,291.36277777777775,NA,NA,WF,0,2020,NA,NA,FALSE,TRUE
2020-ORDEF-000957,0.1,Class A,2020-10-06T21:42:00Z,70.48333333333333,NA,NA,WF,0,2020,NA,NA,FALSE,TRUE
2020-ORDEF-000696,0.1,Class A,2020-08-19T16:01:00Z,59.65972222222222,NA,NA,WF,0,2020,NA,NA,FALSE,TRUE
2020-ORWIF-200223,0.1,Class A,2020-07-30T22:00:00Z,2.6333333333333333,NA,NA,WF,0,2020,NA,NA,FALSE,TRUE
2020-ORMHF-000481,0.1,Class A,2020-07-29T00:15:00Z,1.35,NA,NA,WF,0,2020,NA,NA,FALSE,TRUE
2020-ORFWF-200338,0.25,Class A,2020-08-19T16:20:20Z,86.24472222222222,NA,NA,WF,0,2020,NA,NA,FALSE,TRUE
2020-ORWIF-200145,4,Class B,2020-07-22T22:36:00Z,288.55,NA,NA,WF,0,2020,NA,NA,FALSE,TRUE
2020-ORWIF-200364,0.25,Class A,2020-09-04T19:06:00Z,190.85,NA,NA,WF,0,2020,NA,NA,FALSE,TRUE
2020-ORSUF-200133,0.1,Class A,2020-07-07T19:10:00Z,95.73333333333332,NA,NA,WF,0,2020,NA,NA,FALSE,TRUE
2020-ORRSF-000166,0.1,Class A,NA,NA,NA,NA,WF,0,2020,NA,NA,FALSE,TRUE
2020-ORDEF-000930,0.1,Class A,2020-09-27T20:27:00Z,94.66666666666669,NA,NA,WF,0,2020,NA,NA,FALSE,TRUE
2020-ORMHF-000805,0.1,Class A,2020-09-03T18:12:00Z,15.533333333333331,NA,NA,WF,0,2020,NA,NA,FALSE,TRUE
2020-ORUMF-020256,0.1,Class A,2020-08-24T17:30:00Z,123.53583333333331,NA,NA,WF,0,2020,NA,NA,FALSE,TRUE
2020-ORMHF-000704,0.1,Class A,2020-09-02T00:04:00Z,303.6,NA,NA,WF,0,2020,NA,NA,FALSE,TRUE
2020-ORDEF-000583,0.1,Class A,2020-08-08T18:38:00Z,52.06666666666667,NA,NA,WF,0,2020,NA,NA,FALSE,TRUE
2020-ORRSF-000309,0.1,Class A,NA,NA,NA,NA,WF,0,2020,NA,NA,FALSE,TRUE
2020-ORRSF-000102,0.1,Class A,2020-06-05T21:00:00Z,23.55,NA,NA,WF,0,2020,NA,NA,FALSE,TRUE
2020-ORDEF-000399,0.1,Class A,2020-07-15T22:34:00Z,71.08333333333333,NA,NA,WF,0,2020,NA,NA,FALSE,TRUE
2020-ORWIF-200342,0.1,Class A,NA,NA,NA,NA,WF,0,2020,NA,NA,FALSE,TRUE
2020-ORWWF-000544,0.1,Class A,2020-08-03T18:30:00Z,122.32,NA,NA,WF,0,2020,NA,NA,FALSE,TRUE
2020-ORDEF-000864,0.1,Class A,2020-09-07T22:39:00Z,1.0833333333333333,NA,NA,WF,0,2020,NA,NA,FALSE,TRUE
2020-ORMAF-020157,0.1,Class A,2020-08-08T18:31:00Z,66.345,NA,NA,WF,0,2020,NA,NA,FALSE,TRUE
2020-ORMHF-000414,0.1,Class A,2020-07-20T22:37:00Z,0.4166666666666667,NA,NA,WF,0,2020,NA,NA,FALSE,TRUE
2020-OROCF-000352,0.1,Class A,2020-07-06T20:54:00Z,45.28333333333333,NA,NA,WF,0,2020,NA,NA,FALSE,TRUE
2020-ORRSF-000302,0.1,Class A,2020-08-16T18:20:00Z,0.21666666666666667,NA,NA,WF,0,2020,NA,NA,FALSE,TRUE
2020-ORDEF-000457,0.1,Class A,2020-07-22T22:57:00Z,0.55,NA,NA,WF,0,2020,NA,NA,FALSE,TRUE
2020-ORWIF-200208,0.5,Class B,2020-08-09T00:05:00Z,287.0833333333333,NA,NA,WF,0,2020,NA,NA,FALSE,TRUE
2020-ORUMF-000943,0.25,Class A,NA,NA,NA,NA,WF,0,2020,NA,NA,FALSE,TRUE
2020-OROCF-000236,0.1,Class A,2020-07-10T21:09:00Z,649.7169444444445,NA,NA,WF,0,2020,NA,NA,FALSE,TRUE
2020-ORDEF-000262,0.1,Class A,2020-06-20T20:58:00Z,26.133333333333333,NA,NA,WF,0,2020,NA,NA,FALSE,TRUE
2020-ORMAF-020130,0.1,Class A,2020-08-08T19:07:00Z,69.04861111111111,NA,NA,WF,0,2020,NA,NA,FALSE,TRUE
2020-ORDEF-000484,0.1,Class A,2020-07-27T18:37:00Z,1.3166666666666669,NA,NA,WF,0,2020,NA,NA,FALSE,TRUE
2020-ORMAF-020243,0.25,Class A,2020-08-20T19:05:00Z,46.27194444444444,NA,NA,WF,0,2020,NA,NA,FALSE,TRUE
2020-ORWIF-200309,0.1,Class A,NA,NA,NA,NA,WF,0,2020,NA,NA,FALSE,TRUE
2020-ORDEF-000960,0.1,Class A,2020-10-06T16:00:00Z,24.7,NA,NA,WF,0,2020,NA,NA,FALSE,TRUE
2021-ORFWF-210012,2238.96,Class F,NA,NA,NA,NA,RX,0,2021,NA,NA,FALSE,TRUE
2020-OR955S-000920,0.1,Class A,2020-10-22T22:33:00Z,792.0625,NA,NA,WF,0,2020,NA,NA,FALSE,TRUE
2020-ORMHF-000444,0.1,Class A,2020-08-09T23:51:00Z,339.1,NA,NA,WF,0,2020,NA,NA,FALSE,TRUE
2020-ORMAF-020206,0.1,Class A,2020-08-07T23:55:00Z,1.55,NA,NA,WF,0,2020,NA,NA,FALSE,TRUE
2020-ORDEF-000687,0.1,Class A,2020-08-19T17:28:00Z,64.65083333333334,NA,NA,WF,0,2020,NA,NA,FALSE,TRUE
2020-ORMHF-000573,0.1,Class A,2020-08-09T20:18:00Z,20.95,NA,NA,WF,0,2020,NA,NA,FALSE,TRUE
2020-ORWIF-200077,0.1,Class A,2020-05-31T19:00:00Z,483.3333333333333,NA,NA,WF,0,2020,NA,NA,FALSE,TRUE
2020-ORDEF-000035,0.1,Class A,2020-03-12T17:10:00Z,1.9166666666666667,NA,NA,WF,0,2020,NA,NA,FALSE,TRUE
2020-ORFWF-200368,0.1,Class A,2020-08-29T20:45:00Z,98.65777777777778,NA,NA,WF,0,2020,NA,NA,FALSE,TRUE
2020-ORWIF-200334,0.1,Class A,2020-08-20T19:03:00Z,0.35,NA,NA,WF,0,2020,NA,NA,FALSE,TRUE
2020-ORWWF-001410,9.9,Class B,2020-11-03T20:00:00Z,140.27944444444444,NA,NA,WF,0,2020,NA,NA,FALSE,TRUE
2020-OROCF-000339,0.1,Class A,NA,NA,NA,NA,WF,0,2020,NA,NA,FALSE,TRUE
2020-ORWWF-001031,0.1,Class A,2020-08-31T21:57:00Z,22.003611111111113,NA,NA,WF,0,2020,NA,NA,FALSE,TRUE
2020-ORDEF-000607,0.1,Class A,2020-08-08T23:16:00Z,3.4833333333333334,NA,NA,WF,0,2020,NA,NA,FALSE,TRUE
2020-ORMHF-000585,0.1,Class A,2020-08-09T21:19:00Z,0.6666666666666666,NA,NA,WF,0,2020,NA,NA,FALSE,TRUE
2020-ORDEF-000161,0.1,Class A,2020-05-28T21:44:00Z,0.36666666666666664,NA,NA,WF,0,2020,NA,NA,FALSE,TRUE
2021-ORDEF-000020,0.1,Class A,2021-01-28T23:06:00Z,0.25,NA,NA,WF,0,2021,NA,NA,FALSE,TRUE
2020-ORFWF-200353,0.1,Class A,2020-08-19T22:35:00Z,26.752777777777776,NA,NA,WF,0,2020,NA,NA,FALSE,TRUE
2020-ORRSF-000196,0.1,Class A,NA,NA,NA,NA,WF,0,2020,NA,NA,FALSE,TRUE
2020-ORUMF-000549,0.1,Class A,2020-07-31T16:50:00Z,45.375,NA,NA,WF,0,2020,NA,NA,FALSE,TRUE
2021-ORMHF-000144,0.1,Class A,2021-04-19T23:31:00Z,0.75,NA,NA,WF,0,2021,NA,NA,FALSE,TRUE
2020-ORUPF-000211,0.3,Class B,2020-07-24T19:36:00Z,212.75,NA,NA,WF,0,2020,NA,NA,FALSE,TRUE
2020-ORMHF-000631,0.1,Class A,2020-08-13T23:53:00Z,0.2,NA,NA,WF,0,2020,NA,NA,FALSE,TRUE
2021-ORDEF-000059,0.55,Class B,2021-04-10T18:00:00Z,89.33333333333333,NA,NA,WF,0,2021,NA,NA,FALSE,TRUE
2020-ORMHF-000668,0.1,Class A,2020-08-16T22:26:00Z,0.3,NA,NA,WF,0,2020,NA,NA,FALSE,TRUE
2020-ORDEF-000852,0.1,Class A,2020-09-06T19:00:00Z,0.95,NA,NA,WF,0,2020,NA,NA,FALSE,TRUE
2020-ORMAF-020305,0.1,Class A,2020-08-22T18:18:00Z,44.17166666666667,NA,NA,WF,0,2020,NA,NA,FALSE,TRUE
2020-ORMAF-020112,0.1,Class A,2020-07-31T21:05:00Z,41.41,NA,NA,WF,0,2020,NA,NA,FALSE,TRUE
2020-ORDEF-000748,0.1,Class A,2020-08-21T15:12:00Z,39.27388888888889,NA,NA,WF,0,2020,NA,NA,FALSE,TRUE
2020-ORMHF-000795,0.1,Class A,2020-09-02T21:12:00Z,23.6,NA,NA,WF,0,2020,NA,NA,FALSE,TRUE
2020-ORUMF-000667,0.1,Class A,NA,NA,NA,NA,WF,0,2020,NA,NA,FALSE,TRUE
2020-ORMAF-020089,0.1,Class A,2020-07-21T19:20:00Z,73.51666666666667,NA,NA,WF,0,2020,NA,NA,FALSE,TRUE
2020-ORDEF-000707,0.1,Class A,2020-08-18T22:45:00Z,25.162777777777777,NA,NA,WF,0,2020,NA,NA,FALSE,TRUE
2020-ORUMF-000598,0.1,Class A,2020-08-02T21:00:00Z,28.13277777777778,NA,NA,WF,0,2020,NA,NA,FALSE,TRUE
2020-ORDEF-000790,0.2,Class A,2020-08-26T20:06:00Z,18.60361111111111,NA,NA,WF,0,2020,NA,NA,FALSE,TRUE
2020-ORWIF-200240,0.1,Class A,2020-08-04T03:02:00Z,1.1833333333333331,NA,NA,WF,0,2020,NA,NA,FALSE,TRUE
2020-ORDEF-000811,0.1,Class A,2020-09-01T17:00:00Z,65.08333333333333,NA,NA,WF,0,2020,NA,NA,FALSE,TRUE
2020-ORDEF-000604,0.1,Class A,NA,NA,NA,NA,WF,0,2020,NA,NA,FALSE,TRUE
2020-ORWIF-200236,0.1,Class A,2020-08-03T22:58:00Z,25.601944444444445,NA,NA,WF,0,2020,NA,NA,FALSE,TRUE
2020-ORDEF-000308,0.1,Class A,2020-06-28T19:30:00Z,0.26666666666666666,NA,NA,WF,0,2020,NA,NA,FALSE,TRUE
2021-ORDEF-000126,0.1,Class A,2021-04-30T19:07:00Z,70.26666666666667,NA,NA,WF,0,2021,NA,NA,FALSE,TRUE
2020-ORUMF-000772,0.1,Class A,NA,NA,NA,NA,WF,0,2020,NA,NA,FALSE,TRUE
2020-ORWWF-000567,0.1,Class A,2020-08-02T16:44:00Z,84.4975,NA,NA,WF,0,2020,NA,NA,FALSE,TRUE
2020-ORMAF-020198,5.5649,Class B,2020-08-12T23:25:00Z,146.08527777777778,NA,NA,WF,NA,2020,NA,NA,FALSE,TRUE
2020-ORWWF-000777,0.25,Class A,2020-08-23T20:50:00Z,164.21666666666667,NA,NA,WF,0,2020,NA,NA,FALSE,TRUE
2020-ORWIF-200205,0.1,Class A,2020-07-28T20:52:00Z,20.58194444444445,NA,NA,WF,0,2020,NA,NA,FALSE,TRUE
2020-ORWIF-200211,0.1,Class A,2020-08-03T21:35:00Z,150.4575,NA,NA,WF,0,2020,NA,NA,FALSE,TRUE
2020-ORUMF-000864,0.1,Class A,2020-08-19T23:29:00Z,7.045277777777778,NA,NA,WF,0,2020,NA,NA,FALSE,TRUE
2020-OROCF-000523,0.1,Class A,2020-07-31T22:59:00Z,24.477222222222224,NA,NA,WF,0,2020,NA,NA,FALSE,TRUE
2020-ORFWF-200178,0.1,Class A,2020-07-19T21:22:00Z,189.4,NA,NA,WF,0,2020,NA,NA,FALSE,TRUE
2020-ORMHF-000453,0.25,Class A,2020-07-30T21:02:00Z,78.35,NA,NA,WF,0,2020,NA,NA,FALSE,TRUE
2020-OROCF-001015,1.75,Class B,2020-11-13T23:54:00Z,360.5,NA,NA,WF,0,2020,NA,NA,FALSE,TRUE
2021-ORDEF-000039,0.1,Class A,2021-03-27T18:04:00Z,2.6666666666666665,NA,NA,WF,0,2021,NA,NA,FALSE,TRUE
2020-ORFWF-200352,0.1,Class A,2020-08-20T15:39:00Z,47.78388888888889,NA,NA,WF,0,2020,NA,NA,FALSE,TRUE
2020-ORMAF-020239,0.1,Class A,2020-08-19T00:36:00Z,22.739722222222223,NA,NA,WF,0,2020,NA,NA,FALSE,TRUE
2020-ORFWF-200121,0.27,Class B,NA,NA,NA,NA,WF,0,2020,NA,NA,FALSE,TRUE
2020-ORDEF-000817,0.1,Class A,2020-08-30T19:41:00Z,0.4,NA,NA,WF,0,2020,NA,NA,FALSE,TRUE
2020-OROCF-000961,0.1,Class A,2020-10-05T19:40:00Z,2.216666666666667,NA,NA,WF,0,2020,NA,NA,FALSE,TRUE
2020-ORCGF-000079,0.1,Class A,2020-04-16T20:01:00Z,0.9666666666666668,NA,NA,WF,0,2020,NA,NA,FALSE,TRUE
2020-ORMAF-020238,0.1,Class A,2020-08-18T18:18:00Z,17.110555555555557,NA,NA,WF,0,2020,NA,NA,FALSE,TRUE
2020-ORMHF-000849,0.1,Class A,2020-09-07T19:53:00Z,0.03333333333333333,NA,NA,WF,0,2020,NA,NA,FALSE,TRUE
2020-ORMAF-020229,0.1,Class A,2020-08-18T17:00:00Z,18.663333333333338,NA,NA,WF,0,2020,NA,NA,FALSE,TRUE
2020-OROCF-000742,0.25,Class A,2020-08-24T00:14:00Z,101.06916666666666,NA,NA,WF,0,2020,NA,NA,FALSE,TRUE
2020-ORUMF-001010,0.4,Class B,2020-09-03T21:36:00Z,150.34166666666667,NA,NA,WF,0,2020,NA,NA,FALSE,TRUE
2020-ORDEF-000238,0.1,Class A,2020-06-13T22:02:00Z,1.3,NA,NA,WF,0,2020,NA,NA,FALSE,TRUE
2020-ORUMF-000879,0.3,Class B,NA,NA,NA,NA,WF,0,2020,NA,NA,FALSE,TRUE
2020-ORWIF-200303,0.1,Class A,2020-08-17T20:30:00Z,24.139722222222225,NA,NA,WF,0,2020,NA,NA,FALSE,TRUE
2020-ORMAF-020152,0.1,Class A,2020-08-08T17:57:00Z,65.89194444444445,NA,NA,WF,0,2020,NA,NA,FALSE,TRUE
2020-ORSUF-200359,0.1,Class A,2020-08-29T18:34:00Z,85.51666666666667,NA,NA,WF,0,2020,NA,NA,FALSE,TRUE
2020-ORMHF-000780,0.1,Class A,2020-09-01T23:29:00Z,28.833333333333332,NA,NA,WF,0,2020,NA,NA,FALSE,TRUE
2020-ORWIF-200199,1.25,Class B,2020-08-05T23:12:00Z,217.50416666666663,NA,NA,WF,0,2020,NA,NA,FALSE,TRUE
2020-ORWIF-200189,0.1,Class A,2020-07-26T22:14:00Z,19.416666666666668,NA,NA,WF,0,2020,NA,NA,FALSE,TRUE
2020-ORWWF-000372,0.5,Class B,2020-07-10T23:04:00Z,77.50861111111111,NA,NA,WF,0,2020,NA,NA,FALSE,TRUE
2020-ORDEF-000214,0.1,Class A,2020-06-11T00:34:00Z,0.35,NA,NA,WF,0,2020,NA,NA,FALSE,TRUE
2020-ORFWF-200298,0.1,Class A,2020-08-07T20:35:00Z,19.279444444444444,NA,NA,WF,0,2020,NA,NA,FALSE,TRUE
2020-ORWWF-000703,0.1,Class A,2020-08-09T17:35:00Z,2.6166666666666667,NA,NA,WF,0,2020,NA,NA,FALSE,TRUE
2020-ORMAF-020184,0.25,Class A,2020-08-07T23:01:00Z,44.096666666666664,NA,NA,WF,0,2020,NA,NA,FALSE,TRUE
2020-ORSUF-200235,0.19,Class A,2020-08-07T20:00:00Z,120.55,NA,NA,WF,0,2020,NA,NA,FALSE,TRUE
2020-ORMHF-000489,0.1,Class A,2020-08-03T21:17:00Z,118.95,NA,NA,WF,0,2020,NA,NA,FALSE,TRUE
2020-ORUMF-000876,0.25,Class A,2020-08-26T19:10:00Z,169.2386111111111,NA,NA,WF,0,2020,NA,NA,FALSE,TRUE
2020-ORDEF-000128,0.1,Class A,2020-05-12T02:29:00Z,3.2,NA,NA,WF,0,2020,NA,NA,FALSE,TRUE
2020-ORDEF-000301,0.1,Class A,2020-07-02T22:13:00Z,103.41666666666669,NA,NA,WF,0,2020,NA,NA,FALSE,TRUE
2020-OR973S-000054,0.25,Class A,2020-03-05T08:00:00Z,31.016666666666666,NA,NA,WF,0,2020,NA,NA,FALSE,TRUE
2020-ORUPF-000178,0.3,Class B,2020-07-09T22:24:00Z,120.23333333333332,NA,NA,WF,0,2020,NA,NA,FALSE,TRUE
2020-ORWIF-200252,0.1,Class A,NA,NA,NA,NA,WF,0,2020,NA,NA,FALSE,TRUE
2020-ORWIF-200438,5,Class B,2020-09-25T18:10:00Z,414.9166666666667,NA,NA,WF,0,2020,NA,NA,FALSE,TRUE
2020-ORUMF-000963,0.1,Class A,2020-08-25T14:50:00Z,45.346666666666664,NA,NA,WF,0,2020,NA,NA,FALSE,TRUE
2020-ORDEF-000491,0.1,Class A,2020-07-29T18:55:00Z,42.25555555555555,NA,NA,WF,0,2020,NA,NA,FALSE,TRUE
2020-ORDEF-000688,0.1,Class A,2020-08-19T19:12:00Z,66.14166666666667,NA,NA,WF,0,2020,NA,NA,FALSE,TRUE
2020-ORWWF-000810,1.23,Class B,2020-08-23T19:38:00Z,117.52555555555556,NA,NA,WF,0,2020,NA,NA,FALSE,TRUE
2020-ORUMF-000563,0.1,Class A,2020-08-09T18:38:00Z,255.07833333333335,NA,NA,WF,0,2020,NA,NA,FALSE,TRUE
2020-ORDEF-000671,0.2,Class A,2020-08-19T19:02:00Z,67.88333333333334,NA,NA,WF,0,2020,NA,NA,FALSE,TRUE
2020-ORMHF-000539,0.1,Class A,2020-09-03T07:00:00Z,703.3,NA,NA,WF,0,2020,NA,NA,FALSE,TRUE
2020-ORMHF-000690,0.1,Class A,2020-08-18T19:10:00Z,1.8833333333333333,NA,NA,WF,0,2020,NA,NA,FALSE,TRUE
2020-OROCF-000686,0.1,Class A,2020-08-18T20:48:00Z,44.153888888888886,NA,NA,WF,0,2020,NA,NA,FALSE,TRUE
2020-ORWWF-000942,0.17,Class A,NA,NA,NA,NA,WF,0,2020,NA,NA,FALSE,TRUE
2020-ORWIF-200259,0.1,Class A,2020-08-12T01:19:00Z,46.46666666666667,NA,NA,WF,0,2020,NA,NA,FALSE,TRUE
2020-ORWWF-001332,0.1,Class A,NA,NA,NA,NA,WF,0,2020,NA,NA,FALSE,TRUE
2020-ORMHF-000729,0.1,Class A,2020-08-25T01:11:00Z,1.2833333333333334,NA,NA,WF,0,2020,NA,NA,FALSE,TRUE
2020-ORUMF-001091,7,Class B,2020-10-06T00:00:00Z,701.4833333333333,NA,NA,WF,0,2020,NA,NA,FALSE,TRUE
2020-ORDEF-000695,0.1,Class A,2020-08-19T16:30:00Z,60.20361111111111,NA,NA,WF,0,2020,NA,NA,FALSE,TRUE
2020-ORWWF-000368,0.1,Class A,2020-07-07T22:00:00Z,7.665555555555556,NA,NA,WF,0,2020,NA,NA,FALSE,TRUE
2020-ORDEF-000600,0.1,Class A,2020-08-07T16:15:00Z,3.0833333333333335,NA,NA,WF,0,2020,NA,NA,FALSE,TRUE
2020-ORDEF-001022,0.1,Class A,2020-11-03T22:16:00Z,51.45,NA,NA,WF,0,2020,NA,NA,FALSE,TRUE
2020-ORDEF-000544,0.1,Class A,2020-08-04T16:49:00Z,1.4666666666666666,NA,NA,WF,0,2020,NA,NA,FALSE,TRUE
2020-ORFWF-200395,1.07,Class B,2020-09-26T22:36:00Z,560.4,NA,NA,WF,0,2020,NA,NA,FALSE,TRUE
2020-ORFWF-200124,0.1,Class A,2020-05-07T17:10:00Z,1.9333333333333331,NA,NA,WF,0,2020,NA,NA,FALSE,TRUE
2020-ORDEF-000237,0.1,Class A,2020-06-13T20:03:00Z,0.3,NA,NA,WF,0,2020,NA,NA,FALSE,TRUE
2020-ORUMF-000765,1,Class B,2020-09-04T22:00:00Z,478.8283333333333,NA,NA,WF,0,2020,NA,NA,FALSE,TRUE
2020-ORDEF-000849,0.1,Class A,2020-09-10T00:49:00Z,82.28333333333333,NA,NA,WF,0,2020,NA,NA,FALSE,TRUE
2020-ORUPF-000248,0.1,Class A,2020-07-29T15:30:00Z,66.5,NA,NA,WF,0,2020,NA,NA,FALSE,TRUE
2020-ORWIF-200398,0.1,Class A,2020-10-01T23:23:00Z,676.6830555555556,NA,NA,WF,0,2020,NA,NA,FALSE,TRUE
2020-ORMHF-000670,0.1,Class A,2020-08-17T00:11:00Z,0.6333333333333333,NA,NA,WF,0,2020,NA,NA,FALSE,TRUE
2020-ORRSF-000287,0.1,Class A,NA,NA,NA,NA,WF,0,2020,NA,NA,FALSE,TRUE
2020-ORWIF-200113,0.1,Class A,2020-06-23T20:12:00Z,0.01666666666666666,NA,NA,WF,0,2020,NA,NA,FALSE,TRUE
2020-ORMAF-020125,0.1,Class A,2020-08-07T18:12:00Z,69.44638888888889,NA,NA,WF,0,2020,NA,NA,FALSE,TRUE
2020-ORWWF-000319,0.25,Class A,NA,NA,NA,NA,WF,0,2020,NA,NA,FALSE,TRUE
2020-ORUMF-000639,0.1,Class A,NA,NA,NA,NA,WF,0,2020,NA,NA,FALSE,TRUE
2020-ORDEF-000603,0.3,Class B,2020-08-10T19:47:00Z,71.5338888888889,NA,NA,WF,0,2020,NA,NA,FALSE,TRUE
2020-ORDEF-000525,0.1,Class A,2020-08-02T16:02:00Z,41.589444444444446,NA,NA,WF,0,2020,NA,NA,FALSE,TRUE
2020-ORUMF-001071,0.1,Class A,2020-09-15T22:14:00Z,259.2111111111111,NA,NA,WF,0,2020,NA,NA,FALSE,TRUE
2020-ORDEF-000327,0.1,Class A,2020-07-01T23:18:00Z,1.0166666666666666,NA,NA,WF,0,2020,NA,NA,FALSE,TRUE
2020-ORDEF-000361,0.1,Class A,2020-07-08T18:46:00Z,70.53333333333333,NA,NA,WF,0,2020,NA,NA,FALSE,TRUE
2020-OROCF-000926,0.1,Class A,2020-09-21T21:32:00Z,1.1833333333333331,NA,NA,WF,0,2020,NA,NA,FALSE,TRUE
2020-ORDEF-000392,0.1,Class A,2020-07-12T17:48:00Z,1.6166666666666667,NA,NA,WF,0,2020,NA,NA,FALSE,TRUE
2020-OROCF-000712,0.1,Class A,2020-08-20T17:45:00Z,66.21777777777778,NA,NA,WF,0,2020,NA,NA,FALSE,TRUE
2020-ORDEF-000668,0.1,Class A,2020-08-17T23:30:00Z,24.574444444444445,NA,NA,WF,0,2020,NA,NA,FALSE,TRUE
2020-ORWWF-001002,0.1,Class A,2020-08-28T18:41:00Z,22.475833333333338,NA,NA,WF,0,2020,NA,NA,FALSE,TRUE
2020-ORWWF-000597,0.1,Class A,2020-08-01T18:16:00Z,4.3133333333333335,NA,NA,WF,0,2020,NA,NA,FALSE,TRUE
2020-ORMHF-000709,0.1,Class A,2020-08-21T01:25:00Z,3.783333333333333,NA,NA,WF,0,2020,NA,NA,FALSE,TRUE
2020-ORWIF-200421,0.1,Class A,2020-09-07T21:49:00Z,2.966666666666667,NA,NA,WF,0,2020,NA,NA,FALSE,TRUE
2021-ORDEF-000122,0.1,Class A,2021-04-24T19:24:00Z,1.15,NA,NA,WF,0,2021,NA,NA,FALSE,TRUE
2020-ORWIF-200424,0.1,Class A,2020-09-07T23:37:00Z,0.2325,NA,NA,WF,0,2020,NA,NA,FALSE,TRUE
2020-ORMHF-000586,0.1,Class A,2020-08-10T22:11:00Z,24.883333333333333,NA,NA,WF,0,2020,NA,NA,FALSE,TRUE
2020-ORUMF-000535,0.1,Class A,2020-07-31T21:02:00Z,68.54305555555555,NA,NA,WF,0,2020,NA,NA,FALSE,TRUE
2020-ORMAF-002071,0.1,Class A,2020-08-08T23:48:00Z,74.13583333333334,NA,NA,WF,0,2020,NA,NA,FALSE,TRUE
2021-ORMAF-002115,0.1,Class A,2021-04-29T21:42:00Z,145.81666666666666,NA,NA,WF,0,2021,NA,NA,FALSE,TRUE
2020-ORFWF-200179,0.1,Class A,2020-07-14T18:56:00Z,66.6,NA,NA,WF,0,2020,NA,NA,FALSE,TRUE
2020-ORDEF-000261,0.1,Class A,2020-06-19T01:18:00Z,0.38333333333333336,NA,NA,WF,0,2020,NA,NA,FALSE,TRUE
2020-ORRSF-000374,0.1,Class A,2020-09-20T19:39:00Z,363.0833333333333,NA,NA,WF,0,2020,NA,NA,FALSE,TRUE
2020-ORWIF-200157,0.1,Class A,2020-07-16T22:48:00Z,3.533333333333333,NA,NA,WF,0,2020,NA,NA,FALSE,TRUE
2020-ORMAF-020366,0.1,Class A,2020-11-17T17:22:00Z,507.3333333333333,NA,NA,WF,0,2020,NA,NA,FALSE,TRUE
2020-ORFWF-200210,0.1,Class A,2020-07-25T21:07:00Z,62.61666666666667,NA,NA,WF,0,2020,NA,NA,FALSE,TRUE
2021-ORRSF-000046,0.3,Class B,2021-05-13T19:00:00Z,718.2666666666667,NA,NA,WF,0,2021,NA,NA,FALSE,TRUE
2020-ORWIF-200343,0.1,Class A,NA,NA,NA,NA,WF,0,2020,NA,NA,FALSE,TRUE
2020-ORWWF-000430,6,Class B,2020-08-21T18:54:00Z,886.2333333333333,NA,NA,WF,0,2020,NA,NA,FALSE,TRUE
2020-ORDEF-000229,0.1,Class A,2020-06-16T22:40:00Z,103.60222222222222,NA,NA,WF,0,2020,NA,NA,FALSE,TRUE
2020-ORMAF-020231,0.1,Class A,2020-08-18T18:13:00Z,19.483888888888888,NA,NA,WF,0,2020,NA,NA,FALSE,TRUE
2020-ORWWF-000727,0.1,Class A,2020-08-13T21:25:00Z,47.903333333333336,NA,NA,WF,0,2020,NA,NA,FALSE,TRUE
2020-ORDEF-000135,0.1,Class A,2020-05-20T21:00:00Z,101.36666666666666,NA,NA,WF,0,2020,NA,NA,FALSE,TRUE
2020-ORDEF-000805,0.1,Class A,2020-08-29T02:56:00Z,1.7,NA,NA,WF,0,2020,NA,NA,FALSE,TRUE
2020-ORFWF-200123,0.1,Class A,2020-05-11T18:23:00Z,144.28333333333333,NA,NA,WF,0,2020,NA,NA,FALSE,TRUE
2020-ORMAF-020145,0.25,Class A,2020-08-07T18:02:00Z,42.344166666666666,NA,NA,WF,0,2020,NA,NA,FALSE,TRUE
2020-ORUMF-000911,0.1,Class A,2020-08-26T18:52:00Z,162.01527777777778,NA,NA,WF,0,2020,NA,NA,FALSE,TRUE
2020-ORMHF-000772,0.1,Class A,2020-08-31T00:25:00Z,0.6,NA,NA,WF,0,2020,NA,NA,FALSE,TRUE
2020-ORWWF-000837,6,Class B,2020-08-23T19:38:00Z,101.34611111111111,NA,NA,WF,0,2020,NA,NA,FALSE,TRUE
2020-ORWIF-200345,0.1,Class A,NA,NA,NA,NA,WF,0,2020,NA,NA,FALSE,TRUE
2020-ORMHF-000450,0.1,Class A,2020-07-27T01:11:00Z,1.9,NA,NA,WF,0,2020,NA,NA,FALSE,TRUE
2020-ORWWF-000189,0.1,Class A,NA,NA,NA,NA,WF,0,2020,NA,NA,FALSE,TRUE
2020-ORDEF-000818,0.1,Class A,2020-08-30T20:02:00Z,0.25,NA,NA,WF,0,2020,NA,NA,FALSE,TRUE
2020-ORDEF-000658,0.1,Class A,2020-08-17T15:44:00Z,17.915277777777778,NA,NA,WF,0,2020,NA,NA,FALSE,TRUE
2020-ORWIF-200355,0.1,Class A,2020-08-28T22:28:00Z,79.18333333333334,NA,NA,WF,0,2020,NA,NA,FALSE,TRUE
2020-ORWIF-200321,0.2,Class A,2020-08-21T16:22:00Z,69.78333333333333,NA,NA,WF,0,2020,NA,NA,FALSE,TRUE
2020-ORMHF-000587,0.1,Class A,2020-08-10T22:05:00Z,24.416666666666668,NA,NA,WF,0,2020,NA,NA,FALSE,TRUE
2020-OROCF-000924,0.1,Class A,2020-09-21T21:32:00Z,5.316666666666666,NA,NA,WF,0,2020,NA,NA,FALSE,TRUE
2020-ORMHF-000599,0.1,Class A,2020-08-21T19:55:00Z,262.5833333333333,NA,NA,WF,0,2020,NA,NA,FALSE,TRUE
2020-ORWWF-000902,0.1,Class A,2020-08-23T22:09:00Z,95.6025,NA,NA,WF,0,2020,NA,NA,FALSE,TRUE
2020-ORMAF-002134,0.1,Class A,2020-11-03T23:36:00Z,1687.8402777777778,NA,NA,WF,0,2020,NA,NA,FALSE,TRUE
2020-ORDEF-000130,0.1,Class A,NA,NA,NA,NA,WF,0,2020,NA,NA,FALSE,TRUE
2021-ORDEF-000035,0.1,Class A,2021-03-22T22:55:00Z,1.7833333333333334,NA,NA,WF,0,2021,NA,NA,FALSE,TRUE
2020-ORMAF-020255,1.15,Class B,2020-08-21T18:05:00Z,52.540277777777774,NA,NA,WF,0,2020,NA,NA,FALSE,TRUE
2020-ORUPF-000488,0.1,Class A,2020-09-29T00:08:00Z,240.89555555555555,NA,NA,WF,0,2020,NA,NA,FALSE,TRUE
2020-ORWIF-200304,0.1,Class A,2020-08-16T20:25:00Z,0.01388888888888888,NA,NA,WF,0,2020,NA,NA,FALSE,TRUE
2020-ORDEF-000179,0.1,Class A,2020-06-01T18:19:00Z,40.92666666666667,NA,NA,WF,0,2020,NA,NA,FALSE,TRUE
2020-OR972S-000827,0.1,Class A,NA,NA,NA,NA,WF,0,2020,NA,NA,FALSE,TRUE
2020-OROCF-000663,0.5,Class B,2020-08-22T21:35:00Z,143.2902777777778,NA,NA,WF,0,2020,NA,NA,FALSE,TRUE
2020-OR771S-200423,0.1,Class A,2020-09-07T20:30:00Z,0.33,NA,NA,WF,0,2020,NA,NA,FALSE,TRUE
2020-ORDEF-000439,0.1,Class A,2020-07-20T01:57:00Z,0.85,NA,NA,WF,0,2020,NA,NA,FALSE,TRUE
2020-ORWWF-000687,0.1,Class A,2020-08-09T20:01:00Z,45.65444444444445,NA,NA,WF,0,2020,NA,NA,FALSE,TRUE
2020-ORUPF-000393,0.75,Class B,2020-08-28T01:16:00Z,50.333333333333336,NA,NA,WF,0,2020,NA,NA,FALSE,TRUE
2020-ORMAF-020190,0.1,Class A,2020-08-06T20:36:00Z,3.0516666666666667,NA,NA,WF,0,2020,NA,NA,FALSE,TRUE
2020-ORMAF-020166,0.1,Class A,2020-08-08T22:59:00Z,70.01277777777777,NA,NA,WF,0,2020,NA,NA,FALSE,TRUE
2021-ORRSF-000049,0.1,Class A,NA,NA,NA,NA,WF,0,2021,NA,NA,FALSE,TRUE
2020-ORMAF-020176,0.1,Class A,2020-08-08T18:57:00Z,65.345,NA,NA,WF,0,2020,NA,NA,FALSE,TRUE
2020-ORDEF-000698,0.1,Class A,2020-08-18T01:08:00Z,9.409166666666666,NA,NA,WF,0,2020,NA,NA,FALSE,TRUE
2020-ORMHF-000666,0.1,Class A,2020-08-16T22:02:00Z,0.05,NA,NA,WF,0,2020,NA,NA,FALSE,TRUE
2020-ORUPF-000359,0.1,Class A,2020-08-18T16:33:00Z,63.06666666666667,NA,NA,WF,0,2020,NA,NA,FALSE,TRUE
2020-ORWIF-200409,0.1,Class A,2020-09-06T19:26:00Z,1.8869444444444443,NA,NA,WF,0,2020,NA,NA,FALSE,TRUE
2020-ORUMF-000869,0.1,Class A,NA,NA,NA,NA,WF,0,2020,NA,NA,FALSE,TRUE
2020-ORUMF-000653,0.1,Class A,2020-08-26T17:35:00Z,482.3369444444445,NA,NA,WF,0,2020,NA,NA,FALSE,TRUE
2020-ORDEF-000334,0.1,Class A,2020-07-03T21:25:00Z,2.0166666666666666,NA,NA,WF,0,2020,NA,NA,FALSE,TRUE
2020-ORWIF-200136,0.1,Class A,2020-07-06T20:51:14Z,21.93722222222222,NA,NA,WF,0,2020,NA,NA,FALSE,TRUE
2020-ORUPF-000259,0.1,Class A,2020-07-31T00:32:00Z,55.440555555555555,NA,NA,WF,0,2020,NA,NA,FALSE,TRUE
2020-ORWWF-000664,0.1,Class A,2020-08-07T19:30:00Z,19.6325,NA,NA,WF,0,2020,NA,NA,FALSE,TRUE
2020-ORMAF-020210,0.7,Class B,2020-08-18T00:20:00Z,172.59166666666667,NA,NA,WF,0,2020,NA,NA,FALSE,TRUE
2020-ORWIF-200175,0.1,Class A,2020-07-21T19:50:00Z,0.4,NA,NA,WF,0,2020,NA,NA,FALSE,TRUE
2020-ORDEF-000821,0.1,Class A,2020-08-31T00:36:00Z,0.5666666666666667,NA,NA,WF,0,2020,NA,NA,FALSE,TRUE
2020-ORDEF-000581,0.1,Class A,2020-08-09T19:10:00Z,85.86277777777778,NA,NA,WF,0,2020,NA,NA,FALSE,TRUE
2020-ORSUF-200146,0.1,Class A,2020-07-12T19:05:00Z,43,NA,NA,WF,0,2020,NA,NA,FALSE,TRUE
2020-ORMHF-001041,0.1,Class A,2020-11-07T00:10:00Z,270.93333333333334,NA,NA,WF,0,2020,NA,NA,FALSE,TRUE
2020-ORWWF-000850,0.1,Class A,2020-08-20T19:40:00Z,27.9975,NA,NA,WF,0,2020,NA,NA,FALSE,TRUE
2020-ORMHF-000364,0.1,Class A,2020-07-13T23:37:00Z,0.55,NA,NA,WF,0,2020,NA,NA,FALSE,TRUE
2020-OR972S-000927,0.1,Class A,NA,NA,NA,NA,WF,0,2020,NA,NA,FALSE,TRUE
2020-ORFWF-200266,0.25,Class A,2020-08-02T21:57:00Z,48.93972222222222,NA,NA,WF,0,2020,NA,NA,FALSE,TRUE
2020-ORWWF-000571,0.1,Class A,2020-08-01T19:30:00Z,59.22,NA,NA,WF,0,2020,NA,NA,FALSE,TRUE
2020-ORDEF-000272,0.1,Class A,NA,NA,NA,NA,WF,0,2020,NA,NA,FALSE,TRUE
2021-ORFWF-210134,0.83,Class B,2021-05-12T15:45:00Z,554.1833333333333,NA,NA,WF,0,2021,NA,NA,FALSE,TRUE
2020-ORDEF-000181,0.1,Class A,2020-06-04T20:46:00Z,98.185,NA,NA,WF,0,2020,NA,NA,FALSE,TRUE
2020-ORMAF-020175,0.1,Class A,2020-08-07T18:56:00Z,41.33027777777778,NA,NA,WF,0,2020,NA,NA,FALSE,TRUE
2020-ORMHF-000663,0.1,Class A,2020-08-24T21:51:00Z,193.48333333333332,NA,NA,WF,0,2020,NA,NA,FALSE,TRUE
2020-ORDEF-000683,1.6,Class B,2020-08-29T22:45:00Z,310.71166666666664,NA,NA,WF,0,2020,NA,NA,FALSE,TRUE
2020-ORDEF-000997,0.1,Class A,2020-10-23T17:39:00Z,0.8666666666666667,NA,NA,WF,0,2020,NA,NA,FALSE,TRUE
2020-OROCF-000634,0.1,Class A,2020-08-25T20:01:00Z,288.1,NA,NA,WF,0,2020,NA,NA,FALSE,TRUE
2020-ORRSF-000312,0.1,Class A,NA,NA,NA,NA,WF,0,2020,NA,NA,FALSE,TRUE
2020-ORWWF-000851,0.1,Class A,NA,NA,NA,NA,WF,0,2020,NA,NA,FALSE,TRUE
2020-ORUMF-020252,0.1,Class A,2020-08-24T20:56:00Z,134.78583333333333,NA,NA,WF,0,2020,NA,NA,FALSE,TRUE
2020-ORMAF-020056,0.1,Class A,2020-06-03T19:36:00Z,23.45,NA,NA,WF,0,2020,NA,NA,FALSE,TRUE
2020-ORMHF-000354,0.1,Class A,2020-07-12T22:05:00Z,0.5166666666666667,NA,NA,WF,0,2020,NA,NA,FALSE,TRUE
2020-ORDEF-000841,0.1,Class A,2020-09-09T18:55:00Z,99.31666666666666,NA,NA,WF,0,2020,NA,NA,FALSE,TRUE
2020-ORMAF-020113,0.1,Class A,2020-08-02T21:58:00Z,75.4725,NA,NA,WF,0,2020,NA,NA,FALSE,TRUE
2020-ORWIF-200411,0.1,Class A,2020-09-06T18:15:00Z,0.5752777777777778,NA,NA,WF,0,2020,NA,NA,FALSE,TRUE
2020-OROCF-000504,0.25,Class A,NA,NA,NA,NA,WF,0,2020,NA,NA,FALSE,TRUE
2020-ORUMF-000347,0.1,Class A,2020-07-06T20:31:00Z,25.016666666666666,NA,NA,WF,0,2020,NA,NA,FALSE,TRUE
2020-ORDEF-000263,0.1,Class A,2020-06-25T01:48:00Z,122.83333333333331,NA,NA,WF,0,2020,NA,NA,FALSE,TRUE
2020-ORWIF-200394,0.1,Class A,2020-10-01T22:31:00Z,700.4375,NA,NA,WF,0,2020,NA,NA,FALSE,TRUE
2020-ORSUF-200253,0.1,Class A,2020-08-09T19:43:00Z,0.3333333333333333,NA,NA,WF,0,2020,NA,NA,FALSE,TRUE
2020-ORUMF-000808,0.1,Class A,NA,NA,NA,NA,WF,0,2020,NA,NA,FALSE,TRUE
2020-ORFWF-200283,0.1,Class A,2020-08-09T16:22:00Z,75.01805555555555,NA,NA,WF,NA,2020,NA,NA,FALSE,TRUE
2021-ORUPF-000071,0.1,Class A,2021-04-12T20:00:00Z,97.63333333333334,NA,NA,WF,0,2021,NA,NA,FALSE,TRUE
2020-OROCF-000565,0.25,Class A,2020-08-07T00:30:00Z,23.608888888888888,NA,NA,WF,0,2020,NA,NA,FALSE,TRUE
2020-ORFWF-200286,0.1,Class A,2020-08-11T23:28:00Z,125.1375,NA,NA,WF,0,2020,NA,NA,FALSE,TRUE
2020-ORDEF-000616,0.1,Class A,2020-08-12T20:47:00Z,65.83083333333333,NA,NA,WF,0,2020,NA,NA,FALSE,TRUE
2020-ORFWF-200221,0.1,Class A,2020-07-31T19:13:00Z,141.65,NA,NA,WF,0,2020,NA,NA,FALSE,TRUE
2020-ORDEF-000637,0.1,Class A,2020-08-15T21:42:00Z,28.877777777777776,NA,NA,WF,0,2020,NA,NA,FALSE,TRUE
2020-ORMHF-000841,0.1,Class A,2020-09-07T23:02:00Z,22.233333333333334,NA,NA,WF,0,2020,NA,NA,FALSE,TRUE
2020-ORUMF-000964,0.1,Class A,2020-08-24T23:02:00Z,28.8125,NA,NA,WF,0,2020,NA,NA,FALSE,TRUE
2020-OROCF-000500,0.1,Class A,2020-07-29T21:24:00Z,22.85611111111111,NA,NA,WF,0,2020,NA,NA,FALSE,TRUE
2020-ORDEF-000901,0.1,Class A,2020-09-13T02:10:00Z,22.966666666666665,NA,NA,WF,0,2020,NA,NA,FALSE,TRUE
2020-OROCF-000554,0.1,Class A,2020-08-10T18:25:00Z,115.51055555555556,NA,NA,WF,0,2020,NA,NA,FALSE,TRUE
2020-ORPRD-000931,0.1,Class A,2020-09-28T16:00:00Z,97.28361111111111,NA,NA,WF,0,2020,NA,NA,FALSE,TRUE
2020-ORWIF-200198,1,Class B,2020-08-07T22:40:00Z,265.2111111111111,NA,NA,WF,0,2020,NA,NA,FALSE,TRUE
2020-ORMHF-000590,0.1,Class A,2020-08-24T21:51:00Z,358.3666666666667,NA,NA,WF,0,2020,NA,NA,FALSE,TRUE
2020-ORMAF-020266,0.1,Class A,2020-08-24T00:25:00Z,103.10527777777776,NA,NA,WF,0,2020,NA,NA,FALSE,TRUE
2020-ORMAF-002018,0.25,Class A,2020-05-31T20:32:00Z,48.96722222222222,NA,NA,WF,0,2020,NA,NA,FALSE,TRUE
2020-ORMHF-000613,0.1,Class A,2020-08-15T21:37:00Z,93.08333333333331,NA,NA,WF,0,2020,NA,NA,FALSE,TRUE
2020-ORWWF-000828,0.1,Class A,NA,NA,NA,NA,WF,0,2020,NA,NA,FALSE,TRUE
2020-ORUMF-000547,0.1,Class A,2020-08-08T20:23:00Z,243.24555555555557,NA,NA,WF,0,2020,NA,NA,FALSE,TRUE
2020-ORFWF-200242,0.1,Class A,NA,NA,NA,NA,WF,0,2020,NA,NA,FALSE,TRUE
2020-ORWIF-200489,0.1,Class A,2020-09-29T19:43:00Z,259.71694444444444,NA,NA,WF,0,2020,NA,NA,FALSE,TRUE
2020-ORDEF-000437,0.1,Class A,2020-07-19T21:58:00Z,0.5475,NA,NA,WF,0,2020,NA,NA,FALSE,TRUE
2020-ORWIF-200407,0.1,Class A,2020-09-06T16:36:00Z,1.1666666666666667,NA,NA,WF,0,2020,NA,NA,FALSE,TRUE
2020-ORWWF-000929,0.1,Class A,2020-08-22T19:00:00Z,43.27166666666667,NA,NA,WF,0,2020,NA,NA,FALSE,TRUE
2020-ORMAF-020121,0.1,Class A,2020-08-04T20:10:00Z,22.56388888888889,NA,NA,WF,0,2020,NA,NA,FALSE,TRUE
2020-ORMAF-002086,0.1,Class A,2020-08-09T19:43:00Z,91.58833333333334,NA,NA,WF,0,2020,NA,NA,FALSE,TRUE
2020-ORWIF-200319,0.1,Class A,2020-08-18T01:53:00Z,0.16722222222222222,NA,NA,WF,0,2020,NA,NA,FALSE,TRUE
2020-ORRSF-000353,0.1,Class A,2020-09-01T01:25:00Z,27.883333333333333,NA,NA,WF,0,2020,NA,NA,FALSE,TRUE
2020-ORFWF-200343,0.1,Class A,2020-08-25T17:05:00Z,216.95666666666668,NA,NA,WF,0,2020,NA,NA,FALSE,TRUE
2020-ORMAF-020258,0.1,Class A,2020-08-22T16:17:00Z,73.4036111111111,NA,NA,WF,0,2020,NA,NA,FALSE,TRUE
2020-ORRSF-000168,0.1,Class A,2020-07-09T18:44:00Z,20.133333333333333,NA,NA,WF,0,2020,NA,NA,FALSE,TRUE
2020-ORUMF-000897,0.25,Class A,NA,NA,NA,NA,WF,0,2020,NA,NA,FALSE,TRUE
2020-ORWWF-001175,0.25,Class A,2020-09-20T22:13:00Z,128.03333333333333,NA,NA,WF,0,2020,NA,NA,FALSE,TRUE
2020-ORMAF-020244,0.3,Class B,2020-08-19T19:56:00Z,21.77888888888889,NA,NA,WF,0,2020,NA,NA,FALSE,TRUE
2020-ORDEF-000300,0.1,Class A,2020-06-28T00:24:00Z,0.25,NA,NA,WF,0,2020,NA,NA,FALSE,TRUE
2021-CAKNF-000205,0.1,Class A,2021-01-10T19:00:00Z,21.961388888888887,NA,NA,WF,0,2021,NA,NA,FALSE,TRUE
2020-ORDEF-000202,0.1,Class A,2020-06-08T00:08:00Z,0.43333333333333335,NA,NA,WF,0,2020,NA,NA,FALSE,TRUE
2020-ORDEF-000754,0.1,Class A,2020-08-22T15:30:00Z,40.799166666666665,NA,NA,WF,0,2020,NA,NA,FALSE,TRUE
2020-ORDEF-000321,0.1,Class A,2020-06-30T21:02:00Z,0.2833333333333333,NA,NA,WF,0,2020,NA,NA,FALSE,TRUE
2020-ORWWF-001100,0.1,Class A,2020-09-10T00:07:00Z,51.683055555555555,NA,NA,WF,0,2020,NA,NA,FALSE,TRUE
2020-ORDEF-000039,0.1,Class A,2020-03-27T18:30:00Z,123.05,NA,NA,WF,0,2020,NA,NA,FALSE,TRUE
2020-ORMAF-020032,0.1,Class A,2020-03-23T20:01:00Z,41.516666666666666,NA,NA,WF,0,2020,NA,NA,FALSE,TRUE
2020-ORFWF-200228,0.1,Class A,2020-07-27T18:00:00Z,18.783333333333335,NA,NA,WF,0,2020,NA,NA,FALSE,TRUE
2020-ORWWF-001062,0.1,Class A,2020-09-08T18:27:00Z,116.81083333333332,NA,NA,WF,0,2020,NA,NA,FALSE,TRUE
2021-ORRSF-000057,0.1,Class A,2021-04-25T18:00:00Z,42.05,NA,NA,WF,0,2021,NA,NA,FALSE,TRUE
2020-ORMHF-000837,0.1,Class A,2020-09-07T20:48:00Z,22.15,NA,NA,WF,0,2020,NA,NA,FALSE,TRUE
2020-ORDEF-000764,0.25,Class A,2020-08-24T23:15:00Z,48.77166666666667,NA,NA,WF,0,2020,NA,NA,FALSE,TRUE
2020-ORRSF-000210,0.25,Class A,2020-08-01T00:41:00Z,215.46666666666667,NA,NA,WF,0,2020,NA,NA,FALSE,TRUE
2020-ORRSF-000439,0.1,Class A,NA,NA,NA,NA,WF,NA,2020,NA,NA,FALSE,TRUE
2020-ORMAF-002072,0.98,Class B,2020-11-03T23:00:00Z,2161.1666666666665,NA,NA,WF,0,2020,NA,NA,FALSE,TRUE
2020-ORWWF-000697,0.1,Class A,NA,NA,NA,NA,WF,0,2020,NA,NA,FALSE,TRUE
2020-ORDEF-000329,0.1,Class A,2020-07-02T00:00:00Z,0.16666666666666666,NA,NA,WF,0,2020,NA,NA,FALSE,TRUE
2020-ORWIF-200335,0.1,Class A,2020-08-20T21:38:00Z,1.05,NA,NA,WF,0,2020,NA,NA,FALSE,TRUE
2020-ORFWF-200116,0.1,Class A,2020-04-23T18:36:00Z,43.516666666666666,NA,NA,WF,0,2020,NA,NA,FALSE,TRUE
2020-ORWWF-000635,0.1,Class A,2020-08-08T18:36:00Z,64.3275,NA,NA,WF,0,2020,NA,NA,FALSE,TRUE
2020-ORMHF-000236,0.1,Class A,2020-06-22T18:31:00Z,13.833333333333334,NA,NA,WF,0,2020,NA,NA,FALSE,TRUE
2020-ORDEF-000178,1,Class B,2020-06-04T21:25:00Z,117.69277777777778,NA,NA,WF,0,2020,NA,NA,FALSE,TRUE
2020-ORMAF-020214,0.1,Class A,2020-08-11T23:23:00Z,1.9258333333333333,NA,NA,WF,0,2020,NA,NA,FALSE,TRUE
2020-ORDEF-000659,0.1,Class A,2020-08-17T02:40:00Z,4.7636111111111115,NA,NA,WF,0,2020,NA,NA,FALSE,TRUE
2020-ORMHF-000814,0.1,Class A,2020-09-17T22:20:00Z,316.9166666666667,NA,NA,WF,0,2020,NA,NA,FALSE,TRUE
2021-ORDEF-000066,0.1,Class A,2021-04-14T20:49:00Z,100.68333333333334,NA,NA,WF,0,2021,NA,NA,FALSE,TRUE
2020-ORRSF-000442,0.1,Class A,2020-10-04T03:37:00Z,1.2,NA,NA,WF,NA,2020,NA,NA,FALSE,TRUE
2020-ORRSF-000081,0.1,Class A,2020-05-21T20:35:00Z,0.25,NA,NA,WF,0,2020,NA,NA,FALSE,TRUE
2020-ORUMF-000855,0.1,Class A,2020-09-18T22:40:00Z,733.3638888888889,NA,NA,WF,0,2020,NA,NA,FALSE,TRUE
2020-ORMAF-020126,0.1,Class A,2020-08-05T01:32:00Z,0.11666666666666668,NA,NA,WF,0,2020,NA,NA,FALSE,TRUE
2020-ORDEF-000900,0.1,Class A,2020-09-12T00:06:00Z,0.1,NA,NA,WF,0,2020,NA,NA,FALSE,TRUE
2020-ORFWF-200437,0.1,Class A,2020-10-13T20:00:00Z,101.23333333333332,NA,NA,WF,0,2020,NA,NA,FALSE,TRUE
2020-ORDEF-000651,0.1,Class A,2020-08-17T18:15:00Z,39.073055555555555,NA,NA,WF,0,2020,NA,NA,FALSE,TRUE
2020-ORUMF-020254,0.1,Class A,2020-08-20T21:32:00Z,32.15,NA,NA,WF,0,2020,NA,NA,FALSE,TRUE
2020-OROCF-000927,0.1,Class A,2020-09-25T19:35:00Z,76.78333333333333,NA,NA,WF,0,2020,NA,NA,FALSE,TRUE
2020-ORDEF-000315,0.1,Class A,2020-06-29T19:15:00Z,0.3,NA,NA,WF,0,2020,NA,NA,FALSE,TRUE
2020-ORWWF-000369,1.8,Class B,2020-07-11T22:53:00Z,103.81055555555557,NA,NA,WF,0,2020,NA,NA,FALSE,TRUE
2020-ORMHF-000362,0.1,Class A,2020-07-13T21:41:00Z,0.5333333333333333,NA,NA,WF,0,2020,NA,NA,FALSE,TRUE
2020-ORWWF-000886,0.1,Class A,2020-08-23T23:16:00Z,100.10333333333334,NA,NA,WF,0,2020,NA,NA,FALSE,TRUE
2020-ORWWF-000805,0.1,Class A,2020-08-22T21:01:00Z,102.83055555555556,NA,NA,WF,0,2020,NA,NA,FALSE,TRUE
2020-ORDEF-000160,0.1,Class A,2020-05-28T00:15:00Z,0.18333333333333332,NA,NA,WF,0,2020,NA,NA,FALSE,TRUE
2020-ORFWF-200145,0.1,Class A,2020-06-07T23:52:00Z,0.7666666666666667,NA,NA,WF,0,2020,NA,NA,FALSE,TRUE
2020-ORWIF-200272,0.1,Class A,2020-08-12T22:38:00Z,23.383333333333333,NA,NA,WF,0,2020,NA,NA,FALSE,TRUE
2020-OROCF-000417,0.1,Class A,2020-08-26T19:00:00Z,985.6166666666668,NA,NA,WF,0,2020,NA,NA,FALSE,TRUE
2020-ORDEF-000517,0.5,Class B,2020-08-01T20:26:00Z,69.17777777777778,NA,NA,WF,0,2020,NA,NA,FALSE,TRUE
2020-ORRSF-000136,0.1,Class A,NA,NA,NA,NA,WF,0,2020,NA,NA,FALSE,TRUE
2020-ORDEF-000588,0.1,Class A,2020-08-09T22:57:00Z,78.84194444444445,NA,NA,WF,0,2020,NA,NA,FALSE,TRUE
2020-ORMAF-020096,0.1,Class A,2020-07-27T19:35:00Z,77.5,NA,NA,WF,0,2020,NA,NA,FALSE,TRUE
2021-ORMAF-002121,0.1,Class A,2021-05-09T20:53:00Z,118.68333333333334,NA,NA,WF,0,2021,NA,NA,FALSE,TRUE
2021-ORUMF-000175,1,Class B,NA,NA,NA,NA,WF,0,2021,NA,NA,FALSE,TRUE
2021-ORWWF-000179,0.1,Class A,NA,NA,NA,NA,WF,0,2021,NA,NA,FALSE,TRUE
2020-ORMHF-000766,0.1,Class A,2020-08-30T04:00:00Z,2.8333333333333335,NA,NA,WF,0,2020,NA,NA,FALSE,TRUE
2021-ORDEF-000176,0.1,Class A,2021-05-16T20:05:00Z,1.8,NA,NA,WF,0,2021,NA,NA,FALSE,TRUE
2021-ORDEF-000177,3,Class B,2021-05-22T17:54:00Z,141.2,NA,NA,WF,0,2021,NA,NA,FALSE,TRUE
2021-ORRSF-000087,0.1,Class A,2021-05-22T17:55:00Z,143.05333333333334,NA,NA,WF,0,2021,NA,NA,FALSE,TRUE
2021-ORRSF-000088,0.1,Class A,NA,NA,NA,NA,WF,0,2021,NA,NA,FALSE,TRUE
2021-ORDEF-000179,0.1,Class A,2021-05-17T01:24:00Z,0.8833333333333333,NA,NA,WF,0,2021,NA,NA,FALSE,TRUE
2021-ORDEF-000181,0.2,Class A,2021-05-21T17:36:00Z,91.76666666666668,NA,NA,WF,0,2021,NA,NA,FALSE,TRUE
2020-OROCF-000602,1.6,Class B,NA,NA,NA,NA,WF,0,2020,NA,NA,FALSE,TRUE
2020-ORDEF-000249,0.1,Class A,2020-06-21T20:41:00Z,121.71666666666668,NA,NA,WF,0,2020,NA,NA,FALSE,TRUE
2020-ORDEF-000661,0.1,Class A,2020-08-19T19:25:00Z,69.26305555555555,NA,NA,WF,0,2020,NA,NA,FALSE,TRUE
2021-ORFWF-210165,0.1,Class A,2021-05-25T20:01:00Z,171.61666666666667,NA,NA,WF,0,2021,NA,NA,FALSE,TRUE
2020-ORFWF-200289,0.1,Class A,2020-08-09T18:22:00Z,71.65555555555555,NA,NA,WF,0,2020,NA,NA,FALSE,TRUE
2020-ORMHF-000452,0.1,Class A,2020-08-07T20:32:00Z,285,NA,NA,WF,0,2020,NA,NA,FALSE,TRUE
2021-ORWWF-000245,2,Class B,2021-06-01T22:33:00Z,335.93333333333334,NA,NA,WF,0,2021,NA,NA,FALSE,TRUE
2021-ORWIF-210118,0.8,Class B,2021-08-13T16:52:00Z,2079.9666666666667,NA,NA,WF,0,2021,NA,NA,FALSE,TRUE
2021-ORWIF-210121,0.1,Class A,2021-05-21T20:37:00Z,28.216666666666665,NA,NA,WF,0,2021,NA,NA,FALSE,TRUE
2020-ORDEF-000511,0.25,Class A,2020-08-01T21:22:00Z,75.9325,NA,NA,WF,0,2020,NA,NA,FALSE,TRUE
2020-ORWIF-200353,0.1,Class A,NA,NA,NA,NA,WF,0,2020,NA,NA,FALSE,TRUE
2020-ORMAF-002111,0.1,Class A,2020-08-21T20:47:00Z,94.5363888888889,NA,NA,WF,0,2020,NA,NA,FALSE,TRUE
2020-ORWIF-200405,9,Class B,2020-12-01T17:30:00Z,2098.883333333333,NA,NA,WF,0,2020,NA,NA,FALSE,TRUE
2020-ORDEF-000215,0.25,Class A,2020-06-13T19:22:00Z,65.81666666666666,NA,NA,WF,0,2020,NA,NA,FALSE,TRUE
2020-ORMAF-002127,0.1,Class A,2020-08-24T21:28:00Z,124.14861111111112,NA,NA,WF,0,2020,NA,NA,FALSE,TRUE
2021-ORDEF-000142,0.1,Class A,2021-05-06T23:00:00Z,92.7,NA,NA,WF,0,2021,NA,NA,FALSE,TRUE
2021-ORDEF-000151,5.38,Class B,2021-05-24T21:29:00Z,408.6,NA,NA,WF,0,2021,NA,NA,FALSE,TRUE
2021-ORDEF-000190,0.1,Class A,2021-05-25T19:59:00Z,74.43333333333334,NA,NA,WF,0,2021,NA,NA,FALSE,TRUE
2020-ORUMF-000660,1.4,Class B,2020-08-10T01:07:00Z,76.96166666666667,NA,NA,WF,0,2020,NA,NA,FALSE,TRUE
2020-ORMAF-020212,0.1,Class A,2020-08-12T20:29:00Z,45.34166666666667,NA,NA,WF,0,2020,NA,NA,FALSE,TRUE
2020-ORDEF-000869,0.1,Class A,2020-09-08T02:09:00Z,0.4,NA,NA,WF,0,2020,NA,NA,FALSE,TRUE
2020-ORWWF-000580,0.1,Class A,NA,NA,NA,NA,WF,0,2020,NA,NA,FALSE,TRUE
2020-ORWWF-000947,0.1,Class A,2020-08-22T22:36:00Z,19.75055555555555,NA,NA,WF,0,2020,NA,NA,FALSE,TRUE
2020-ORWWF-000671,0.5,Class B,2020-08-09T18:39:00Z,63.6375,NA,NA,WF,0,2020,NA,NA,FALSE,TRUE
2021-ORFWF-210171,0.1,Class A,NA,NA,NA,NA,WF,0,2021,NA,NA,FALSE,TRUE
2021-ORDEF-000195,0.1,Class A,2021-05-23T21:25:00Z,0.5666666666666667,NA,NA,WF,0,2021,NA,NA,FALSE,TRUE
2021-ORMHF-000239,0.1,Class A,2021-05-24T01:00:00Z,1.0166666666666666,NA,NA,WF,0,2021,NA,NA,FALSE,TRUE
2021-ORCGF-000240,0.1,Class A,2021-05-24T15:48:00Z,14.516666666666667,NA,NA,WF,0,2021,NA,NA,FALSE,TRUE
2020-ORWIF-200081,0.1,Class A,2020-08-22T22:00:00Z,2425.6505555555555,NA,NA,WF,0,2020,NA,NA,FALSE,TRUE
2020-ORWIF-200390,0.1,Class A,2020-09-01T01:54:00Z,6.766666666666667,NA,NA,WF,0,2020,NA,NA,FALSE,TRUE
2020-ORDEF-000664,0.1,Class A,2020-08-20T19:36:00Z,93.10944444444443,NA,NA,WF,0,2020,NA,NA,FALSE,TRUE
2020-ORMAF-020136,0.1,Class A,2020-08-07T03:12:00Z,27.985,NA,NA,WF,0,2020,NA,NA,FALSE,TRUE
2020-ORMAF-020170,0.1,Class A,2020-08-07T21:00:00Z,43.763333333333335,NA,NA,WF,0,2020,NA,NA,FALSE,TRUE
2021-OROCF-000192,0.1,Class A,NA,NA,NA,NA,WF,0,2021,NA,NA,FALSE,TRUE
2021-OROCF-000197,0.1,Class A,NA,NA,NA,NA,WF,0,2021,NA,NA,FALSE,TRUE
2020-ORMAF-002118,0.1,Class A,2020-08-21T20:30:00Z,64.92555555555556,NA,NA,WF,0,2020,NA,NA,FALSE,TRUE
2020-ORRSF-000349,0.1,Class A,NA,NA,NA,NA,WF,0,2020,NA,NA,FALSE,TRUE
2020-ORRSF-000459,0.1,Class A,NA,NA,NA,NA,WF,0,2020,NA,NA,FALSE,TRUE
2020-ORDEF-000853,2,Class B,2020-09-11T02:00:00Z,102.45,NA,NA,WF,0,2020,NA,NA,FALSE,TRUE
2020-ORDEF-000685,0.1,Class A,2020-08-18T22:55:00Z,46.490833333333335,NA,NA,WF,0,2020,NA,NA,FALSE,TRUE
2021-ORRSF-000075,1,Class B,NA,NA,NA,NA,WF,NA,2021,NA,NA,FALSE,TRUE
2021-ORWWF-000200,0.1,Class A,2021-05-17T18:50:00Z,119.78666666666666,NA,NA,WF,0,2021,NA,NA,FALSE,TRUE
2021-ORDEF-000161,0.25,Class A,2021-05-16T19:00:00Z,75.4,NA,NA,WF,0,2021,NA,NA,FALSE,TRUE
2021-ORDEF-000166,0.1,Class A,2021-05-15T16:14:00Z,25.416666666666668,NA,NA,WF,0,2021,NA,NA,FALSE,TRUE
2020-ORMHF-000662,0.1,Class A,2020-09-27T00:00:00Z,987.9333333333332,NA,NA,WF,0,2020,NA,NA,FALSE,TRUE
2020-ORMHF-000782,0.1,Class A,2020-09-02T21:35:00Z,46.31666666666667,NA,NA,WF,0,2020,NA,NA,FALSE,TRUE
2020-ORMHF-000361,0.1,Class A,2020-07-19T22:01:00Z,145.58333333333334,NA,NA,WF,0,2020,NA,NA,FALSE,TRUE
2020-ORWIF-200307,0.1,Class A,2020-08-17T02:02:00Z,4.216666666666667,NA,NA,WF,0,2020,NA,NA,FALSE,TRUE
2020-ORDEF-000388,0.1,Class A,2020-07-13T20:26:00Z,54.28333333333333,NA,NA,WF,0,2020,NA,NA,FALSE,TRUE
2021-ORRSF-000085,0.1,Class A,2021-05-17T22:04:00Z,55.29361111111111,NA,NA,WF,0,2021,NA,NA,FALSE,TRUE
2021-ORWWF-000290,0.1,Class A,NA,NA,NA,NA,WF,0,2021,NA,NA,FALSE,TRUE
2021-ORUPF-000149,0.1,Class A,2021-05-28T23:50:00Z,48.36666666666667,NA,NA,WF,0,2021,NA,NA,FALSE,TRUE
2021-OR955S-000205,0.1,Class A,2021-05-28T21:54:00Z,23.5,NA,NA,WF,0,2021,NA,NA,FALSE,TRUE
2021-ORDEF-000211,0.5,Class B,2021-06-02T21:22:00Z,122.68333333333334,NA,NA,WF,0,2021,NA,NA,FALSE,TRUE
2020-ORWIF-200414,0.1,Class A,NA,NA,NA,NA,WF,0,2020,NA,NA,FALSE,TRUE
2020-ORRSF-000173,0.1,Class A,2020-07-14T19:41:00Z,101.13333333333334,NA,NA,WF,0,2020,NA,NA,FALSE,TRUE
2020-OROCF-000345,0.1,Class A,2020-07-06T20:00:00Z,47.88333333333333,NA,NA,WF,0,2020,NA,NA,FALSE,TRUE
2020-ORDEF-000488,0.1,Class A,2020-07-29T15:15:00Z,42.14666666666667,NA,NA,WF,0,2020,NA,NA,FALSE,TRUE
2020-ORMAF-002122,0.1,Class A,2020-08-25T00:15:00Z,128.6475,NA,NA,WF,0,2020,NA,NA,FALSE,TRUE
2021-ORMAF-002128,0.1,Class A,2021-06-07T20:09:00Z,240,NA,NA,WF,0,2021,NA,NA,FALSE,TRUE
2021-ORDEF-000245,1.2,Class B,2021-06-05T19:00:00Z,76.08333333333333,NA,NA,WF,0,2021,NA,NA,FALSE,TRUE
2021-ORFWF-210185,1.4,Class B,2021-05-31T17:20:00Z,0.3333333333333333,NA,NA,WF,0,2021,NA,NA,FALSE,TRUE
2021-ORDEF-000246,1,Class B,2021-06-07T20:18:00Z,125.38333333333334,NA,NA,WF,0,2021,NA,NA,FALSE,TRUE
2021-ORDEF-000248,0.1,Class A,2021-06-06T19:25:00Z,95.55,NA,NA,WF,NA,2021,NA,NA,FALSE,TRUE
2021-ORDEF-000249,0.1,Class A,2021-06-03T16:41:00Z,19.616666666666667,NA,NA,WF,0,2021,NA,NA,FALSE,TRUE
2021-ORDEF-000218,0.5,Class B,2021-06-04T17:22:00Z,122.73333333333332,NA,NA,WF,0,2021,NA,NA,FALSE,TRUE
2021-ORDEF-000214,0.1,Class A,2021-05-31T18:23:00Z,61.166666666666664,NA,NA,WF,0,2021,NA,NA,FALSE,TRUE
2021-ORMAF-021066,0.27,Class B,2021-06-01T18:30:00Z,44.93333333333333,NA,NA,WF,0,2021,NA,NA,FALSE,TRUE
2021-ORDEF-000250,0.13,Class A,2021-06-07T22:50:00Z,120.4,NA,NA,WF,0,2021,NA,NA,FALSE,TRUE
2020-ORMAF-020307,0.1,Class A,2020-08-22T22:38:00Z,45.92944444444444,NA,NA,WF,0,2020,NA,NA,FALSE,TRUE
2020-ORDEF-000137,0.1,Class A,2020-05-17T20:44:00Z,26.866666666666667,NA,NA,WF,0,2020,NA,NA,FALSE,TRUE
2020-ORWWF-000713,0.1,Class A,NA,NA,NA,NA,WF,0,2020,NA,NA,FALSE,TRUE
2020-ORDEF-000494,0.1,Class A,2020-07-28T03:40:00Z,0.75,NA,NA,WF,0,2020,NA,NA,FALSE,TRUE
2020-ORWIF-200206,0.25,Class A,2020-08-22T00:05:00Z,599.7122222222222,NA,NA,WF,0,2020,NA,NA,FALSE,TRUE
2020-ORDEF-000147,0.1,Class A,2020-05-23T19:00:00Z,1.1,NA,NA,WF,0,2020,NA,NA,FALSE,TRUE
2020-ORWWF-000373,0.1,Class A,2020-07-11T20:55:00Z,97.97472222222224,NA,NA,WF,0,2020,NA,NA,FALSE,TRUE
2020-ORDEF-000666,0.1,Class A,2020-08-18T23:10:00Z,48.353611111111114,NA,NA,WF,0,2020,NA,NA,FALSE,TRUE
2020-ORDEF-000766,0.1,Class A,2020-08-24T17:30:00Z,41.97666666666667,NA,NA,WF,0,2020,NA,NA,FALSE,TRUE
2020-ORWIF-200137,0.1,Class A,2020-07-05T23:45:00Z,0.05,NA,NA,WF,0,2020,NA,NA,FALSE,TRUE
2020-ORWIF-200389,0.1,Class A,2020-08-31T18:29:00Z,1.2225,NA,NA,WF,0,2020,NA,NA,FALSE,TRUE
2021-ORFWF-210141,0.1,Class A,2021-04-28T19:27:00Z,2.533333333333333,NA,NA,WF,0,2021,NA,NA,FALSE,TRUE
2021-ORDEF-000253,0.1,Class A,2021-06-04T18:48:00Z,38.973055555555554,NA,NA,WF,0,2021,NA,NA,FALSE,TRUE
2021-ORFWF-210194,0.5,Class B,2021-06-08T16:08:00Z,121.38027777777778,NA,NA,WF,0,2021,NA,NA,FALSE,TRUE
2021-ORDEF-000251,0.1,Class A,2021-06-04T17:13:00Z,37.708888888888886,NA,NA,WF,0,2021,NA,NA,FALSE,TRUE
2021-ORDEF-000236,0.5,Class B,2021-06-07T21:32:00Z,151.88333333333333,NA,NA,WF,0,2021,NA,NA,FALSE,TRUE
2021-OROCF-000265,0.1,Class A,NA,NA,NA,NA,WF,0,2021,NA,NA,FALSE,TRUE
2021-ORDEF-000267,0.1,Class A,2021-06-11T22:46:00Z,194.11055555555555,NA,NA,WF,0,2021,NA,NA,FALSE,TRUE
2021-ORWWF-000350,0.1,Class A,2021-06-07T21:48:00Z,73.38888888888889,NA,NA,WF,0,2021,NA,NA,FALSE,TRUE
2021-ORWIF-210141,0.1,Class A,2021-11-16T17:00:00Z,3954.3288888888887,NA,NA,WF,0,2021,NA,NA,FALSE,TRUE
2021-OROCF-000307,0.1,Class A,2021-06-18T19:37:00Z,120.18333333333334,NA,NA,WF,0,2021,NA,NA,FALSE,TRUE
2021-ORDEF-000308,0.1,Class A,2021-06-14T01:31:00Z,1.45,NA,NA,WF,0,2021,NA,NA,FALSE,TRUE
2021-ORDEF-000223,1,Class B,2021-05-31T18:12:00Z,9.2,NA,NA,WF,NA,2021,NA,NA,FALSE,TRUE
2021-ORDEF-000224,0.1,Class A,2021-06-01T18:30:00Z,28.8,NA,NA,WF,0,2021,NA,NA,FALSE,TRUE
2021-OROCF-000232,0.3,Class B,2021-06-03T22:19:00Z,72.8,NA,NA,WF,0,2021,NA,NA,FALSE,TRUE
2021-ORDEF-000234,0.1,Class A,2021-06-05T21:29:00Z,119.55,NA,NA,WF,0,2021,NA,NA,FALSE,TRUE
2021-ORDEF-000233,0.1,Class A,2021-06-03T17:03:00Z,67.26666666666667,NA,NA,WF,0,2021,NA,NA,FALSE,TRUE
2021-ORMHF-000269,0.1,Class A,2021-06-10T21:46:00Z,239.2,NA,NA,WF,0,2021,NA,NA,FALSE,TRUE
2021-ORMAF-021092,0.1,Class A,2021-06-16T18:24:00Z,28.7025,NA,NA,WF,0,2021,NA,NA,FALSE,TRUE
2021-ORDEF-000136,0.1,Class A,2021-04-29T21:22:00Z,2.7666666666666666,NA,NA,WF,0,2021,NA,NA,FALSE,TRUE
2021-ORSUF-210092,0.1,Class A,2021-04-28T00:21:00Z,1.55,NA,NA,WF,0,2021,NA,NA,FALSE,TRUE
2021-ORRSF-000063,0.1,Class A,2021-05-15T17:57:00Z,363,NA,NA,WF,0,2021,NA,NA,FALSE,TRUE
2021-ORMAF-002116,0.1,Class A,2021-05-09T20:53:00Z,214.66666666666663,NA,NA,WF,0,2021,NA,NA,FALSE,TRUE
2021-ORFWF-210183,0.1,Class A,2021-06-01T17:55:00Z,13.05,NA,NA,WF,0,2021,NA,NA,FALSE,TRUE
2021-OROCF-000242,0.1,Class A,2021-06-04T22:33:00Z,71.46666666666667,NA,NA,WF,0,2021,NA,NA,FALSE,TRUE
2021-ORDEF-000243,0.1,Class A,2021-06-03T17:38:00Z,41.983333333333334,NA,NA,WF,0,2021,NA,NA,FALSE,TRUE
2021-ORDEF-000380,0.19,Class A,2021-06-28T20:22:00Z,96.40083333333334,NA,NA,WF,0,2021,NA,NA,FALSE,TRUE
2021-ORMAF-002169,1,Class B,2021-06-30T18:04:00Z,141.76222222222222,NA,NA,WF,NA,2021,NA,NA,FALSE,TRUE
2021-ORUMF-000511,0.79,Class B,2021-07-04T19:07:00Z,239.90416666666667,NA,NA,WF,0,2021,NA,NA,FALSE,TRUE
2021-ORDEF-000140,0.1,Class A,2021-05-02T22:50:00Z,2.466666666666667,NA,NA,WF,0,2021,NA,NA,FALSE,TRUE
2021-ORMAF-021127,0.75,Class B,2021-06-26T14:31:00Z,39.855,NA,NA,WF,0,2021,NA,NA,FALSE,TRUE
2021-ORUPF-000213,0.1,Class A,2021-07-02T22:56:00Z,237.76583333333335,NA,NA,WF,0,2021,NA,NA,FALSE,TRUE
2021-ORFWF-210272,0.1,Class A,2021-06-26T00:50:00Z,21.471944444444443,NA,NA,WF,0,2021,NA,NA,FALSE,TRUE
2021-ORMAF-002172,0.1,Class A,2021-06-30T00:41:00Z,105.23555555555556,NA,NA,WF,0,2021,NA,NA,FALSE,TRUE
2021-ORFWF-210276,0.1,Class A,NA,NA,NA,NA,WF,0,2021,NA,NA,FALSE,TRUE
2021-ORFWF-210271,1.0017,Class B,2021-06-28T20:12:00Z,89.29833333333333,NA,NA,WF,0,2021,NA,NA,FALSE,TRUE
2021-ORWIF-210176,0.1,Class A,2021-07-01T22:02:00Z,147.85,NA,NA,WF,0,2021,NA,NA,FALSE,TRUE
2021-ORDEF-000393,0.1,Class A,2021-06-29T22:35:00Z,98.11666666666666,NA,NA,WF,0,2021,NA,NA,FALSE,TRUE
2021-ORRSF-000169,2.5,Class B,2021-07-06T22:27:00Z,263.9530555555556,NA,NA,WF,0,2021,NA,NA,FALSE,TRUE
2021-ORUMF-000522,0.1,Class A,2021-07-04T20:35:00Z,214.1797222222222,NA,NA,WF,0,2021,NA,NA,FALSE,TRUE
2021-ORMAF-021130,0.25,Class A,2021-06-27T21:50:00Z,45.743611111111115,NA,NA,WF,0,2021,NA,NA,FALSE,TRUE
2021-ORDEF-000286,1,Class B,2021-06-10T17:42:00Z,108.33333333333331,NA,NA,WF,0,2021,NA,NA,FALSE,TRUE
2021-ORWWF-000351,0.1,Class A,2021-06-08T20:34:00Z,94.64666666666666,NA,NA,WF,0,2021,NA,NA,FALSE,TRUE
2021-ORWIF-210099,0.1,Class A,2021-05-24T17:58:00Z,476.6719444444444,NA,NA,WF,0,2021,NA,NA,FALSE,TRUE
2021-ORDEF-000290,0.62,Class B,2021-06-12T21:15:00Z,144,NA,NA,WF,0,2021,NA,NA,FALSE,TRUE
2021-ORRSF-000122,0.1,Class A,2021-06-07T17:31:00Z,1.6833333333333331,NA,NA,WF,0,2021,NA,NA,FALSE,TRUE
2021-ORMHF-000372,0.1,Class A,2021-06-26T21:19:00Z,2.0166666666666666,NA,NA,WF,0,2021,NA,NA,FALSE,TRUE
2021-ORUPF-000233,0.1,Class A,2021-07-07T17:55:00Z,261.86833333333334,NA,NA,WF,0,2021,NA,NA,FALSE,TRUE
2021-ORMAF-021093,0.42,Class B,2021-06-22T21:31:00Z,147.6122222222222,NA,NA,WF,0,2021,NA,NA,FALSE,TRUE
2021-OROCF-000320,0.1,Class A,2021-06-18T15:17:00Z,0.26666666666666666,NA,NA,WF,0,2021,NA,NA,FALSE,TRUE
2021-ORWIF-210156,0.1,Class A,2021-06-18T19:43:00Z,14.084444444444443,NA,NA,WF,0,2021,NA,NA,FALSE,TRUE
2021-ORSUF-210175,0.1,Class A,2021-06-25T18:00:02Z,2.9672222222222224,NA,NA,WF,0,2021,NA,NA,FALSE,TRUE
2021-ORMAF-002161,0.1,Class A,2021-06-28T21:05:00Z,150.94444444444446,NA,NA,WF,0,2021,NA,NA,FALSE,TRUE
2021-ORRSF-000171,0.1,Class A,NA,NA,NA,NA,WF,0,2021,NA,NA,FALSE,TRUE
2021-ORMAF-021118,2.59,Class B,2021-07-02T15:28:00Z,205.66972222222225,NA,NA,WF,0,2021,NA,NA,FALSE,TRUE
2021-ORMAF-021128,0.64,Class B,2021-06-27T17:41:00Z,44.43333333333333,NA,NA,WF,0,2021,NA,NA,FALSE,TRUE
2021-ORWWF-000530,0.1,Class A,2021-06-28T22:52:00Z,37.2,NA,NA,WF,0,2021,NA,NA,FALSE,TRUE
2021-ORMAF-002179,0.1,Class A,2021-06-27T19:27:00Z,2.3833333333333333,NA,NA,WF,0,2021,NA,NA,FALSE,TRUE
2021-ORDEF-000411,0.1,Class A,2021-07-03T20:40:00Z,138.28333333333333,NA,NA,WF,0,2021,NA,NA,FALSE,TRUE
2021-ORFWF-210290,0.1,Class A,NA,NA,NA,NA,WF,0,2021,NA,NA,FALSE,TRUE
2021-ORWWF-000466,0.5,Class B,NA,NA,NA,NA,WF,0,2021,NA,NA,FALSE,TRUE
2021-ORDEF-000322,0.1,Class A,2021-06-19T19:00:00Z,17.65,NA,NA,WF,0,2021,NA,NA,FALSE,TRUE
2021-ORRSF-000142,0.1,Class A,NA,NA,NA,NA,WF,0,2021,NA,NA,FALSE,TRUE
2021-ORWWF-000472,1.15,Class B,2021-06-28T18:50:00Z,211.40333333333336,NA,NA,WF,0,2021,NA,NA,FALSE,TRUE
2021-ORMHF-000341,0.1,Class A,2021-06-20T19:50:00Z,1.95,NA,NA,WF,0,2021,NA,NA,FALSE,TRUE
2021-ORMAF-002118,1.26,Class B,2021-05-09T21:23:00Z,148.16666666666666,NA,NA,WF,0,2021,NA,NA,FALSE,TRUE
2021-ORUPF-000208,0.1,Class A,2021-06-27T18:30:00Z,142.31666666666666,NA,NA,WF,0,2021,NA,NA,FALSE,TRUE
2021-OROCF-000340,0.1,Class A,2021-06-24T19:10:00Z,71.43333333333334,NA,NA,WF,0,2021,NA,NA,FALSE,TRUE
2021-ORMAF-021150,0.1,Class A,2021-07-02T02:18:00Z,27.944444444444443,NA,NA,WF,0,2021,NA,NA,FALSE,TRUE
2021-ORFWF-210301,0.1,Class A,NA,NA,NA,NA,WF,0,2021,NA,NA,FALSE,TRUE
2021-ORDEF-000491,0.3,Class B,2021-07-04T20:48:00Z,48.90222222222222,NA,NA,WF,NA,2021,NA,NA,FALSE,TRUE
2021-ORDEF-000490,0.1,Class A,2021-07-05T18:10:00Z,70.3,NA,NA,WF,0,2021,NA,NA,FALSE,TRUE
2021-ORUPF-000212,0.1,Class A,2021-07-02T23:11:00Z,238.04305555555555,NA,NA,WF,0,2021,NA,NA,FALSE,TRUE
2021-OROCF-000473,0.1,Class A,2021-07-08T00:00:00Z,150.455,NA,NA,WF,0,2021,NA,NA,FALSE,TRUE
2021-ORDEF-000482,0.1,Class A,2021-07-05T22:51:00Z,95.68083333333334,NA,NA,WF,0,2021,NA,NA,FALSE,TRUE
2021-OROCF-000489,0.52,Class B,2021-07-05T21:15:00Z,74.84166666666667,NA,NA,WF,0,2021,NA,NA,FALSE,TRUE
2021-OROCF-000493,0.25,Class A,2021-07-04T15:35:00Z,43.25388888888889,NA,NA,WF,0,2021,NA,NA,FALSE,TRUE
2021-ORDEF-000423,1.6,Class B,2021-07-06T21:25:00Z,168.46666666666667,NA,NA,WF,0,2021,NA,NA,FALSE,TRUE
2021-ORFWF-210280,0.1,Class A,2021-06-30T16:26:00Z,84.53333333333333,NA,NA,WF,0,2021,NA,NA,FALSE,TRUE
2021-ORMHF-000398,0.1,Class A,2021-07-05T21:29:00Z,141.61666666666667,NA,NA,WF,0,2021,NA,NA,FALSE,TRUE
2021-ORFWF-210295,0.1,Class A,2021-07-03T19:37:00Z,72.71666666666667,NA,NA,WF,0,2021,NA,NA,FALSE,TRUE
2021-ORMAF-021149,0.1,Class A,2021-07-03T18:45:00Z,68.51055555555556,NA,NA,WF,0,2021,NA,NA,FALSE,TRUE
2021-OROCF-000435,0.22,Class A,2021-07-05T22:20:00Z,120.05833333333334,NA,NA,WF,0,2021,NA,NA,FALSE,TRUE
2021-ORMAF-021152,3.01,Class B,2021-07-06T22:38:00Z,144.0175,NA,NA,WF,0,2021,NA,NA,FALSE,TRUE
2021-OROCF-000495,0.4,Class B,2021-07-05T00:07:00Z,48.1525,NA,NA,WF,0,2021,NA,NA,FALSE,TRUE
2021-ORUPF-000180,0.1,Class A,2021-06-27T18:30:00Z,405.11833333333334,NA,NA,WF,0,2021,NA,NA,FALSE,TRUE
2021-ORDEF-000301,0.1,Class A,2021-06-15T21:00:00Z,119.36666666666666,NA,NA,WF,0,2021,NA,NA,FALSE,TRUE
2021-ORDEF-000303,0.1,Class A,2021-06-14T01:45:00Z,69.86666666666666,NA,NA,WF,0,2021,NA,NA,FALSE,TRUE
2021-ORMAF-021156,0.75,Class B,2021-07-09T18:34:00Z,210.7563888888889,NA,NA,WF,0,2021,NA,NA,FALSE,TRUE
2021-ORDEF-000451,0.1,Class A,2021-07-03T21:30:00Z,67.56666666666666,NA,NA,WF,0,2021,NA,NA,FALSE,TRUE
2021-ORDEF-000439,0.1,Class A,2021-07-01T01:34:00Z,1.4,NA,NA,WF,0,2021,NA,NA,FALSE,TRUE
2021-OR951S-000438,0.1,Class A,2021-07-04T03:29:00Z,75.61666666666666,NA,NA,WF,0,2021,NA,NA,FALSE,TRUE
2021-ORDEF-000460,0.1,Class A,2021-07-02T19:15:00Z,39.2,NA,NA,WF,0,2021,NA,NA,FALSE,TRUE
2021-ORUMF-000568,0.1,Class A,2021-07-01T19:34:00Z,16.39138888888889,NA,NA,WF,0,2021,NA,NA,FALSE,TRUE
2021-ORUPF-000274,0.1,Class A,2021-07-09T19:54:00Z,73.25,NA,NA,WF,0,2021,NA,NA,FALSE,TRUE
2021-ORDEF-000350,0.1,Class A,2021-06-26T19:55:00Z,113.635,NA,NA,WF,0,2021,NA,NA,FALSE,TRUE
2021-ORDEF-000357,0.1,Class A,NA,NA,NA,NA,WF,0,2021,NA,NA,FALSE,TRUE
2021-ORDEF-000345,0.1,Class A,2021-06-23T18:21:00Z,40.52194444444444,NA,NA,WF,0,2021,NA,NA,FALSE,TRUE
2021-ORDEF-000346,0.1,Class A,2021-06-22T18:37:00Z,16.676111111111112,NA,NA,WF,0,2021,NA,NA,FALSE,TRUE
2021-ORDEF-000344,0.1,Class A,2021-06-23T18:21:00Z,40.87305555555555,NA,NA,WF,0,2021,NA,NA,FALSE,TRUE
2021-ORDEF-000349,0.1,Class A,2021-06-22T03:44:00Z,1.5325,NA,NA,WF,0,2021,NA,NA,FALSE,TRUE
2021-ORFWF-210234,0.1,Class A,NA,NA,NA,NA,WF,0,2021,NA,NA,FALSE,TRUE
2021-ORFWF-210231,0.1,Class A,2021-06-24T22:39:00Z,53.993611111111115,NA,NA,WF,0,2021,NA,NA,FALSE,TRUE
2021-OROCF-000465,5.1923,Class B,2021-07-08T00:00:00Z,155.8175,NA,NA,WF,0,2021,NA,NA,FALSE,TRUE
2021-ORWWF-000574,3,Class B,2021-07-18T21:11:00Z,415.59027777777777,NA,NA,WF,0,2021,NA,NA,FALSE,TRUE
2021-OROCF-000461,0.1,Class A,NA,NA,NA,NA,WF,0,2021,NA,NA,FALSE,TRUE
2021-OROCF-000466,0.1,Class A,2021-07-04T23:41:00Z,82.63638888888889,NA,NA,WF,0,2021,NA,NA,FALSE,TRUE
2021-ORMAF-021161,0.1,Class A,2021-07-05T16:51:00Z,112.19916666666668,NA,NA,WF,0,2021,NA,NA,FALSE,TRUE
2021-OROCF-000464,0.1,Class A,NA,NA,NA,NA,WF,0,2021,NA,NA,FALSE,TRUE
2021-ORUMF-000587,0.15,Class A,NA,NA,NA,NA,WF,0,2021,NA,NA,FALSE,TRUE
2021-ORDEF-000474,0.3,Class B,2021-07-06T20:34:00Z,122.66666666666669,NA,NA,WF,0,2021,NA,NA,FALSE,TRUE
2021-ORWWF-000576,0.3,Class B,2021-07-02T18:55:00Z,29.264444444444443,NA,NA,WF,0,2021,NA,NA,FALSE,TRUE
2021-ORUMF-021170,0.1,Class A,2021-07-03T22:19:00Z,66.74555555555555,NA,NA,WF,0,2021,NA,NA,FALSE,TRUE
2021-ORUMF-021173,0.1,Class A,2021-07-02T20:09:00Z,29.961111111111112,NA,NA,WF,0,2021,NA,NA,FALSE,TRUE
2021-ORUMF-000572,0.1,Class A,2021-07-03T19:37:00Z,62.90805555555555,NA,NA,WF,0,2021,NA,NA,FALSE,TRUE
2021-ORWWF-000591,0.1,Class A,2021-07-02T20:11:00Z,27.31861111111111,NA,NA,WF,0,2021,NA,NA,FALSE,TRUE
2021-OROCF-000463,1.5,Class B,2021-07-15T23:35:00Z,352.0102777777778,NA,NA,WF,0,2021,NA,NA,FALSE,TRUE
2021-ORUMF-000592,0.1,Class A,2021-07-11T15:00:00Z,237.25416666666663,NA,NA,WF,0,2021,NA,NA,FALSE,TRUE
2021-ORDEF-000476,0.4,Class B,2021-07-05T22:15:00Z,99.53555555555556,NA,NA,WF,0,2021,NA,NA,FALSE,TRUE
2021-ORWWF-000593,0.1,Class A,2021-07-05T23:27:00Z,100.1275,NA,NA,WF,0,2021,NA,NA,FALSE,TRUE
2021-OROCF-000442,0.1,Class A,2021-07-02T20:31:00Z,44.22611111111111,NA,NA,WF,0,2021,NA,NA,FALSE,TRUE
2021-ORWWF-000595,0.3,Class B,NA,NA,NA,NA,WF,0,2021,NA,NA,FALSE,TRUE
2021-ORDEF-000366,0.1,Class A,2021-06-25T20:27:00Z,69.46555555555555,NA,NA,WF,0,2021,NA,NA,FALSE,TRUE
2021-ORDEF-000369,0.1,Class A,2021-06-25T19:37:00Z,66.63361111111111,NA,NA,WF,0,2021,NA,NA,FALSE,TRUE
2021-ORRSF-000150,0.1,Class A,NA,NA,NA,NA,WF,0,2021,NA,NA,FALSE,TRUE
2021-CAKNF-004940,0.3,Class B,2021-07-17T18:00:00Z,576.4166666666666,NA,NA,WF,0,2021,NA,NA,FALSE,TRUE
2021-ORMAF-021114,0.25,Class A,2021-06-25T18:56:00Z,48.23416666666667,NA,NA,WF,0,2021,NA,NA,FALSE,TRUE
2021-ORUPF-000220,0.1,Class A,2021-06-29T00:53:00Z,125.07222222222222,NA,NA,WF,0,2021,NA,NA,FALSE,TRUE
2021-ORUPF-000214,0.75,Class B,2021-06-25T16:44:00Z,63.32472222222222,NA,NA,WF,0,2021,NA,NA,FALSE,TRUE
2021-ORMAF-021115,0.25,Class A,2021-06-25T22:35:00Z,50.2825,NA,NA,WF,0,2021,NA,NA,FALSE,TRUE
2021-ORFWF-210252,0.3,Class B,2021-06-28T22:54:00Z,122.55694444444444,NA,NA,WF,0,2021,NA,NA,FALSE,TRUE
2021-ORFWF-210257,1,Class B,NA,NA,NA,NA,WF,NA,2021,NA,NA,FALSE,TRUE
2021-ORRSF-000159,0.1,Class A,2021-06-27T07:00:00Z,75.90166666666667,NA,NA,WF,0,2021,NA,NA,FALSE,TRUE
2021-ORUMF-000498,0.1,Class A,2021-06-27T19:00:00Z,88.50888888888889,NA,NA,WF,0,2021,NA,NA,FALSE,TRUE
2021-ORMAF-021123,0.1,Class A,2021-06-26T20:10:00Z,53.295,NA,NA,WF,0,2021,NA,NA,FALSE,TRUE
2021-ORMAF-021125,0.1,Class A,2021-06-27T17:21:00Z,73.28444444444445,NA,NA,WF,0,2021,NA,NA,FALSE,TRUE
2021-ORWIF-210228,1.25,Class B,2021-12-09T22:30:00Z,3665.5333333333338,NA,NA,WF,0,2021,NA,NA,FALSE,TRUE
2021-ORWIF-210226,0.1,Class A,2021-07-12T19:28:00Z,69.1875,NA,NA,WF,0,2021,NA,NA,FALSE,TRUE
2021-ORWIF-210223,2,Class B,2021-11-16T17:00:00Z,3137.599166666667,NA,NA,WF,0,2021,NA,NA,FALSE,TRUE
2021-ORDEF-000499,0.5,Class B,2021-07-09T21:45:00Z,150.66666666666666,NA,NA,WF,0,2021,NA,NA,FALSE,TRUE
2021-OROCF-000498,0.3,Class B,2021-07-11T19:08:00Z,196.38333333333333,NA,NA,WF,0,2021,NA,NA,FALSE,TRUE
2021-OR952S-021184,0.1,Class A,2021-07-04T02:24:00Z,9.60361111111111,NA,NA,WF,0,2021,NA,NA,FALSE,TRUE
2021-OROCF-000500,1,Class B,2021-07-15T00:00:00Z,270.57055555555553,NA,NA,WF,0,2021,NA,NA,FALSE,TRUE
2021-ORMHF-000433,0.1,Class A,2021-07-06T22:30:00Z,79.31666666666666,NA,NA,WF,0,2021,NA,NA,FALSE,TRUE
2021-ORWWF-000617,0.1,Class A,2021-07-09T20:29:00Z,143.56805555555556,NA,NA,WF,0,2021,NA,NA,FALSE,TRUE
2021-ORUMF-000599,0.25,Class A,2021-07-04T16:04:00Z,64.79888888888888,NA,NA,WF,0,2021,NA,NA,FALSE,TRUE
2021-ORSUF-210231,0.1,Class A,2021-07-10T22:57:00Z,2.45,NA,NA,WF,0,2021,NA,NA,FALSE,TRUE
2021-ORUMF-021208,0.25,Class A,2021-07-12T18:51:00Z,100.86333333333332,NA,NA,WF,0,2021,NA,NA,FALSE,TRUE
2021-ORWIF-210229,0.1,Class A,2021-07-11T00:25:00Z,18.211111111111112,NA,NA,WF,0,2021,NA,NA,FALSE,TRUE
2021-ORMAF-002191,1,Class B,2021-07-13T18:31:00Z,282.1872222222222,NA,NA,WF,NA,2021,NA,NA,FALSE,TRUE
2021-OROCF-000458,1.5,Class B,2021-07-25T22:26:00Z,594.5341666666667,NA,NA,WF,0,2021,NA,NA,FALSE,TRUE
2021-ORMAF-021147,0.1,Class A,2021-07-02T21:04:00Z,47.18,NA,NA,WF,0,2021,NA,NA,FALSE,TRUE
2021-OROCF-000501,0.1,Class A,2021-07-04T15:40:00Z,21.058055555555555,NA,NA,WF,0,2021,NA,NA,FALSE,TRUE
2021-OROCF-000376,0.1,Class A,2021-06-26T20:00:00Z,53.1,NA,NA,WF,0,2021,NA,NA,FALSE,TRUE
2021-ORRSF-000210,0.1,Class A,2021-07-04T21:44:00Z,0.5666666666666667,NA,NA,WF,0,2021,NA,NA,FALSE,TRUE
2021-ORRSF-000208,0.1,Class A,2021-07-07T17:15:00Z,88.58333333333333,NA,NA,WF,0,2021,NA,NA,FALSE,TRUE
2021-ORDEF-000656,0.1,Class A,2021-07-28T22:47:00Z,66.7,NA,NA,WF,0,2021,NA,NA,FALSE,TRUE
2021-ORMHF-000668,0.1,Class A,2021-07-26T21:30:00Z,4,NA,NA,WF,0,2021,NA,NA,FALSE,TRUE
2021-ORWIF-210278,0.1,Class A,2021-08-02T19:48:00Z,150.32916666666668,NA,NA,WF,0,2021,NA,NA,FALSE,TRUE
2021-OROCF-000663,0.1,Class A,2021-07-28T21:53:00Z,37.05972222222222,NA,NA,WF,0,2021,NA,NA,FALSE,TRUE
2021-ORUPF-000333,0.1,Class A,2021-07-29T20:05:00Z,53.53333333333333,NA,NA,WF,0,2021,NA,NA,FALSE,TRUE
2021-ORUPF-000330,1,Class B,NA,NA,NA,NA,WF,0,2021,NA,NA,FALSE,TRUE
2021-ORWIF-210288,0.1,Class A,2021-12-09T22:30:00Z,3243.148611111111,NA,NA,WF,0,2021,NA,NA,FALSE,TRUE
2021-ORWIF-210290,0.1,Class A,2021-12-09T22:30:00Z,3242.964166666666,NA,NA,WF,0,2021,NA,NA,FALSE,TRUE
2021-ORUPF-000331,0.25,Class A,2021-11-17T20:00:00Z,2717.462777777778,NA,NA,WF,0,2021,NA,NA,FALSE,TRUE
2021-ORUMF-000506,0.1,Class A,2021-07-01T20:46:55Z,174.58194444444445,NA,NA,WF,0,2021,NA,NA,FALSE,TRUE
2021-ORRSF-000162,0.1,Class A,2021-06-30T20:15:00Z,149.2225,NA,NA,WF,0,2021,NA,NA,FALSE,TRUE
2021-ORRSF-000160,0.1,Class A,NA,NA,NA,NA,WF,0,2021,NA,NA,FALSE,TRUE
2021-ORUMF-000702,0.5,Class B,2021-07-14T00:30:00Z,72.125,NA,NA,WF,0,2021,NA,NA,FALSE,TRUE
2021-ORMHF-000580,0.1,Class A,2021-07-17T23:42:00Z,1.45,NA,NA,WF,0,2021,NA,NA,FALSE,TRUE
2021-ORSUF-210253,0.1,Class A,2021-07-20T20:06:00Z,97.56666666666666,NA,NA,WF,0,2021,NA,NA,FALSE,TRUE
2021-ORMAF-002229,0.1,Class A,2021-08-01T22:45:00Z,125.26916666666666,NA,NA,WF,0,2021,NA,NA,FALSE,TRUE
2021-ORUPF-000343,0.1,Class A,2021-11-17T20:00:00Z,2711.795833333333,NA,NA,WF,0,2021,NA,NA,FALSE,TRUE
2021-ORMHF-000507,0.1,Class A,2021-07-11T21:15:00Z,0.6,NA,NA,WF,0,2021,NA,NA,FALSE,TRUE
2021-ORMHF-000508,0.1,Class A,2021-07-27T22:57:00Z,384.1,NA,NA,WF,0,2021,NA,NA,FALSE,TRUE
2021-ORMHF-000509,0.1,Class A,2021-07-27T22:57:00Z,383.65,NA,NA,WF,0,2021,NA,NA,FALSE,TRUE
2021-ORMHF-000510,0.1,Class A,2021-07-27T22:57:00Z,383.4,NA,NA,WF,0,2021,NA,NA,FALSE,TRUE
2021-ORMHF-000513,0.1,Class A,2021-07-27T22:57:00Z,382.05,NA,NA,WF,0,2021,NA,NA,FALSE,TRUE
2021-ORWIF-210227,2,Class B,2021-07-26T22:30:00Z,407.95666666666665,NA,NA,WF,0,2021,NA,NA,FALSE,TRUE
2021-ORUPF-000357,0.1,Class A,NA,NA,NA,NA,WF,0,2021,NA,NA,FALSE,TRUE
2021-ORUPF-000335,0.1,Class A,2021-11-17T08:00:00Z,2704.866388888889,NA,NA,WF,0,2021,NA,NA,FALSE,TRUE
2021-ORUPF-000338,0.3,Class B,NA,NA,NA,NA,WF,0,2021,NA,NA,FALSE,TRUE
2021-ORUPF-000332,0.1,Class A,2021-11-17T20:00:00Z,2717.4377777777777,NA,NA,WF,0,2021,NA,NA,FALSE,TRUE
2021-ORUPF-000360,0.1,Class A,NA,NA,NA,NA,WF,0,2021,NA,NA,FALSE,TRUE
2021-ORUPF-000358,0.25,Class A,2021-07-30T16:05:00Z,63.67611111111111,NA,NA,WF,0,2021,NA,NA,FALSE,TRUE
2021-ORRSF-000268,0.31,Class B,2021-08-02T00:58:00Z,109.36666666666666,NA,NA,WF,0,2021,NA,NA,FALSE,TRUE
2021-ORUPF-000355,0.2,Class A,2021-07-30T17:45:00Z,65.89972222222222,NA,NA,WF,0,2021,NA,NA,FALSE,TRUE
2021-ORUPF-000344,0.1,Class A,2021-11-17T23:00:00Z,2714.715833333333,NA,NA,WF,0,2021,NA,NA,FALSE,TRUE
2021-ORUPF-000262,1,Class B,2021-07-20T23:00:00Z,385.6358333333333,NA,NA,WF,0,2021,NA,NA,FALSE,TRUE
2021-ORWWF-000627,0.6,Class B,2021-07-07T21:24:00Z,70.99055555555556,NA,NA,WF,0,2021,NA,NA,FALSE,TRUE
2021-ORWWF-000626,0.1,Class A,2021-07-05T00:25:00Z,2.316666666666667,NA,NA,WF,0,2021,NA,NA,FALSE,TRUE
2021-ORMAF-002202,0.1,Class A,2021-07-07T23:01:00Z,81.38194444444444,NA,NA,WF,0,2021,NA,NA,FALSE,TRUE
2021-ORMAF-002203,0.1,Class A,2021-07-18T21:02:00Z,333.4627777777778,NA,NA,WF,NA,2021,NA,NA,FALSE,TRUE
2021-ORUPF-000351,0.1,Class A,NA,NA,NA,NA,WF,0,2021,NA,NA,FALSE,TRUE
2021-ORUPF-000354,0.1,Class A,NA,NA,NA,NA,WF,0,2021,NA,NA,FALSE,TRUE
2021-ORWIF-210292,0.5,Class B,2021-11-16T17:00:00Z,2682.445277777778,NA,NA,WF,0,2021,NA,NA,FALSE,TRUE
2021-ORRSF-000269,0.1,Class A,2021-07-30T18:30:00Z,44.583333333333336,NA,NA,WF,0,2021,NA,NA,FALSE,TRUE
2021-ORFWF-210364,0.1,Class A,2021-09-16T18:45:00Z,1178.2333333333331,NA,NA,WF,0,2021,NA,NA,FALSE,TRUE
2021-ORMHF-000701,6,Class B,2021-10-19T17:00:00Z,1968.45,NA,NA,WF,0,2021,NA,NA,FALSE,TRUE
2021-ORUPF-000367,0.1,Class A,2021-11-17T23:00:00Z,2669.983888888889,NA,NA,WF,0,2021,NA,NA,FALSE,TRUE
2021-ORDEF-000672,2,Class B,2021-08-08T22:10:00Z,239.81222222222223,NA,NA,WF,0,2021,NA,NA,FALSE,TRUE
2021-ORWIF-210309,0.1,Class A,2021-07-30T16:40:00Z,18.365555555555556,NA,NA,WF,0,2021,NA,NA,FALSE,TRUE
2021-ORDEF-000673,0.1,Class A,2021-07-31T19:15:00Z,43.907222222222224,NA,NA,WF,0,2021,NA,NA,FALSE,TRUE
2021-ORDEF-000676,1.68,Class B,2021-08-05T19:31:00Z,164.0222222222222,NA,NA,WF,0,2021,NA,NA,FALSE,TRUE
2021-ORDEF-000677,0.5,Class B,2021-08-03T22:30:00Z,118.90861111111111,NA,NA,WF,0,2021,NA,NA,FALSE,TRUE
2021-ORDEF-000674,0.3,Class B,2021-08-04T18:44:00Z,139.29666666666665,NA,NA,WF,0,2021,NA,NA,FALSE,TRUE
2021-ORFWF-210315,1,Class B,NA,NA,NA,NA,WF,0,2021,NA,NA,FALSE,TRUE
2021-ORUMF-000638,1,Class B,2021-07-23T01:00:00Z,411.9,NA,NA,WF,0,2021,NA,NA,FALSE,TRUE
2021-ORUPF-000264,0.1,Class A,2021-07-13T16:52:00Z,187.01666666666668,NA,NA,WF,0,2021,NA,NA,FALSE,TRUE
2021-ORMHF-000461,0.1,Class A,2021-07-11T21:09:00Z,141.46666666666667,NA,NA,WF,0,2021,NA,NA,FALSE,TRUE
2021-ORWWF-000639,3.5,Class B,2021-12-31T17:00:00Z,4288.65,NA,NA,WF,0,2021,NA,NA,FALSE,TRUE
2021-ORUPF-000282,2,Class B,2021-08-06T23:39:00Z,674.4666666666667,NA,NA,WF,0,2021,NA,NA,FALSE,TRUE
2021-ORDEF-000675,0.1,Class A,2021-08-02T22:00:00Z,94.54055555555556,NA,NA,WF,0,2021,NA,NA,FALSE,TRUE
2021-ORRSF-000271,0.1,Class A,2021-08-01T18:29:00Z,66.49083333333333,NA,NA,WF,0,2021,NA,NA,FALSE,TRUE
2021-ORDEF-000682,0.1,Class A,2021-08-01T18:57:00Z,66.21638888888889,NA,NA,WF,0,2021,NA,NA,FALSE,TRUE
2021-ORDEF-000689,0.1,Class A,2021-07-31T19:43:00Z,41.781666666666666,NA,NA,WF,0,2021,NA,NA,FALSE,TRUE
2021-ORRSF-000273,0.1,Class A,2021-08-06T19:04:00Z,186.47944444444445,NA,NA,WF,0,2021,NA,NA,FALSE,TRUE
2021-ORUPF-000347,0.1,Class A,2021-11-17T20:00:00Z,2710.814444444444,NA,NA,WF,0,2021,NA,NA,FALSE,TRUE
2021-ORUPF-000352,0.1,Class A,NA,NA,NA,NA,WF,0,2021,NA,NA,FALSE,TRUE
2021-ORUPF-000364,0.1,Class A,NA,NA,NA,NA,WF,0,2021,NA,NA,FALSE,TRUE
2021-ORUPF-000365,0.1,Class A,NA,NA,NA,NA,WF,0,2021,NA,NA,FALSE,TRUE
2021-ORRSF-000274,0.25,Class A,2021-07-31T18:00:00Z,41.055277777777775,NA,NA,WF,0,2021,NA,NA,FALSE,TRUE
2021-ORRSF-000282,0.1,Class A,2021-08-01T18:04:00Z,47.56666666666667,NA,NA,WF,0,2021,NA,NA,FALSE,TRUE
2021-ORDEF-000698,0.1,Class A,2021-07-31T19:19:00Z,29.314444444444444,NA,NA,WF,0,2021,NA,NA,FALSE,TRUE
2021-ORWIF-210308,1,Class B,2021-12-09T22:30:00Z,3192.800277777778,NA,NA,WF,0,2021,NA,NA,FALSE,TRUE
2021-ORWWF-000769,0.3,Class B,2021-07-21T17:08:00Z,63.43388888888889,NA,NA,WF,0,2021,NA,NA,FALSE,TRUE
2021-ORWWF-000779,0.1,Class A,NA,NA,NA,NA,WF,0,2021,NA,NA,FALSE,TRUE
2021-ORWIF-210317,0.1,Class A,2021-08-02T19:19:00Z,76.82333333333334,NA,NA,WF,0,2021,NA,NA,FALSE,TRUE
2021-ORDEF-000578,0.25,Class A,2021-07-20T21:28:00Z,153.3,NA,NA,WF,0,2021,NA,NA,FALSE,TRUE
2021-ORDEF-000577,0.1,Class A,2021-07-23T01:02:00Z,208.18333333333337,NA,NA,WF,0,2021,NA,NA,FALSE,TRUE
2021-ORDEF-000579,3,Class B,2021-07-24T18:22:00Z,245.2,NA,NA,WF,0,2021,NA,NA,FALSE,TRUE
2021-ORRSF-000249,0.12,Class A,2021-07-22T16:00:00Z,49.233333333333334,NA,NA,WF,0,2021,NA,NA,FALSE,TRUE
2021-ORUPF-000356,1,Class B,2021-11-17T23:00:00Z,2710.9925,NA,NA,WF,0,2021,NA,NA,FALSE,TRUE
2021-ORRSF-000296,0.1,Class A,2021-08-02T16:00:00Z,47.195,NA,NA,WF,0,2021,NA,NA,FALSE,TRUE
2021-ORRSF-000292,1,Class B,2021-08-03T19:11:00Z,88.26361111111112,NA,NA,WF,0,2021,NA,NA,FALSE,TRUE
2021-ORMAF-002232,0.1,Class A,2021-08-13T23:51:00Z,320.59305555555557,NA,NA,WF,0,2021,NA,NA,FALSE,TRUE
2021-ORRSF-000294,0.2,Class A,2021-08-02T09:00:00Z,41.53055555555556,NA,NA,WF,0,2021,NA,NA,FALSE,TRUE
2021-ORRSF-000297,0.1,Class A,2021-08-01T15:42:00Z,22.739444444444445,NA,NA,WF,0,2021,NA,NA,FALSE,TRUE
2021-ORRSF-000295,0.1,Class A,2021-08-01T18:28:00Z,26.67194444444445,NA,NA,WF,0,2021,NA,NA,FALSE,TRUE
2021-ORDEF-000688,0.1,Class A,2021-08-02T23:18:00Z,93.90527777777778,NA,NA,WF,0,2021,NA,NA,FALSE,TRUE
2021-ORUPF-000379,0.5,Class B,2021-11-17T23:00:00Z,2617.548333333333,NA,NA,WF,0,2021,NA,NA,FALSE,TRUE
2021-ORDEF-000587,1,Class B,NA,NA,NA,NA,WF,0,2021,NA,NA,FALSE,TRUE
2021-OROCF-000588,0.25,Class A,2021-07-28T23:35:00Z,320.7552777777778,NA,NA,WF,0,2021,NA,NA,FALSE,TRUE
2021-ORFWF-210334,0.1,Class A,2021-07-16T19:59:00Z,18.483333333333334,NA,NA,WF,0,2021,NA,NA,FALSE,TRUE
2021-ORWIF-210339,0.3,Class B,2021-08-05T22:35:00Z,93.41166666666666,NA,NA,WF,0,2021,NA,NA,FALSE,TRUE
2021-ORWIF-210338,0.5,Class B,2021-08-05T22:35:00Z,93.46638888888889,NA,NA,WF,0,2021,NA,NA,FALSE,TRUE
2021-ORWIF-210340,1,Class B,2021-08-19T20:57:00Z,427.05361111111114,NA,NA,WF,0,2021,NA,NA,FALSE,TRUE
2021-ORUPF-000406,0.75,Class B,NA,NA,NA,NA,WF,0,2021,NA,NA,FALSE,TRUE
2021-ORUMF-000800,0.1,Class A,2021-07-22T21:05:00Z,28.95138888888889,NA,NA,WF,0,2021,NA,NA,FALSE,TRUE
2021-ORWWF-000801,0.1,Class A,2021-07-21T17:08:00Z,0.42694444444444446,NA,NA,WF,0,2021,NA,NA,FALSE,TRUE
2021-ORMAF-021248,0.25,Class A,2021-07-22T23:41:00Z,29.408333333333335,NA,NA,WF,0,2021,NA,NA,FALSE,TRUE
2021-ORRSF-000291,0.1,Class A,2021-08-04T22:30:00Z,117.71305555555556,NA,NA,WF,0,2021,NA,NA,FALSE,TRUE
2021-ORUPF-000376,0.1,Class A,2021-08-11T16:15:00Z,263.95,NA,NA,WF,0,2021,NA,NA,FALSE,TRUE
2021-ORUPF-000381,0.1,Class A,2021-08-06T18:11:00Z,138.07,NA,NA,WF,0,2021,NA,NA,FALSE,TRUE
2021-ORWWF-000885,0.1,Class A,2021-08-07T21:56:00Z,152.09916666666666,NA,NA,WF,0,2021,NA,NA,FALSE,TRUE
2021-ORFWF-210379,2.3,Class B,2021-08-15T23:45:00Z,339.5,NA,NA,WF,0,2021,NA,NA,FALSE,TRUE
2021-ORRSF-000312,0.1,Class A,2021-08-02T19:15:00Z,20.215833333333332,NA,NA,WF,0,2021,NA,NA,FALSE,TRUE
2021-ORRSF-000314,0.1,Class A,2021-08-03T23:23:00Z,47.6175,NA,NA,WF,0,2021,NA,NA,FALSE,TRUE
2021-ORWIF-210336,0.5,Class B,2021-08-04T21:03:00Z,68.05194444444444,NA,NA,WF,0,2021,NA,NA,FALSE,TRUE
2021-ORUPF-000419,0.1,Class A,2021-08-04T20:30:00Z,53.721666666666664,NA,NA,WF,0,2021,NA,NA,FALSE,TRUE
2021-ORUPF-000428,0.1,Class A,2021-08-03T13:58:00Z,21.39611111111111,NA,NA,WF,0,2021,NA,NA,FALSE,TRUE
2021-ORUPF-000435,0,Class A,NA,NA,NA,NA,WF,0,2021,NA,NA,FALSE,TRUE
2021-ORWIF-210337,0.1,Class A,2021-08-05T18:35:00Z,89.51777777777778,NA,NA,WF,0,2021,NA,NA,FALSE,TRUE
2021-ORWIF-210333,0.25,Class A,2021-08-05T21:20:00Z,93.42027777777778,NA,NA,WF,0,2021,NA,NA,FALSE,TRUE
2021-ORWIF-210332,0.1,Class A,2021-08-05T21:20:00Z,93.49027777777778,NA,NA,WF,0,2021,NA,NA,FALSE,TRUE
2021-ORRSF-000288,0.1,Class A,NA,NA,NA,NA,WF,0,2021,NA,NA,FALSE,TRUE
2021-ORMAF-002234,0.1,Class A,2021-08-06T20:55:00Z,95.26722222222222,NA,NA,WF,0,2021,NA,NA,FALSE,TRUE
2021-ORRSF-000332,0.1,Class A,2021-08-05T23:24:00Z,73.7,NA,NA,WF,0,2021,NA,NA,FALSE,TRUE
2021-ORUPF-000398,0.1,Class A,NA,NA,NA,NA,WF,0,2021,NA,NA,FALSE,TRUE
2021-OROCF-000727,0.1,Class A,2021-08-04T22:42:00Z,48.37638888888889,NA,NA,WF,0,2021,NA,NA,FALSE,TRUE
2021-ORMAF-002237,0.1,Class A,2021-08-15T22:19:00Z,309.36027777777775,NA,NA,WF,0,2021,NA,NA,FALSE,TRUE
2021-OROCF-000731,0.1,Class A,2021-08-04T18:42:00Z,43.672777777777775,NA,NA,WF,0,2021,NA,NA,FALSE,TRUE
2021-ORWIF-210215,0.1,Class A,2021-07-06T22:05:00Z,0.2738888888888889,NA,NA,WF,0,2021,NA,NA,FALSE,TRUE
2021-ORMAF-021203,0.1,Class A,2021-07-08T21:28:00Z,43.951388888888886,NA,NA,WF,0,2021,NA,NA,FALSE,TRUE
2021-ORWWF-000656,1,Class B,NA,NA,NA,NA,WF,NA,2021,NA,NA,FALSE,TRUE
2021-ORMHF-000473,0.3,Class B,2021-07-25T23:58:00Z,441.35,NA,NA,WF,0,2021,NA,NA,FALSE,TRUE
2021-ORDEF-000534,0.1,Class A,NA,NA,NA,NA,WF,0,2021,NA,NA,FALSE,TRUE
2021-ORMAF-021298,5.8,Class B,2021-08-12T23:15:00Z,236.74,NA,NA,WF,0,2021,NA,NA,FALSE,TRUE
2021-ORUPF-000426,0.1,Class A,NA,NA,NA,NA,WF,0,2021,NA,NA,FALSE,TRUE
2021-ORUPF-000404,0.1,Class A,NA,NA,NA,NA,WF,0,2021,NA,NA,FALSE,TRUE
2021-ORUPF-000414,0.1,Class A,NA,NA,NA,NA,WF,0,2021,NA,NA,FALSE,TRUE
2021-ORUPF-000409,0.1,Class A,NA,NA,NA,NA,WF,0,2021,NA,NA,FALSE,TRUE
2021-ORUPF-000421,0.1,Class A,NA,NA,NA,NA,WF,0,2021,NA,NA,FALSE,TRUE
2021-ORUPF-000337,0.1,Class A,NA,NA,NA,NA,WF,0,2021,NA,NA,FALSE,TRUE
2021-ORUPF-000447,0.1,Class A,NA,NA,NA,NA,WF,0,2021,NA,NA,FALSE,TRUE
2021-ORUPF-000418,0.1,Class A,NA,NA,NA,NA,WF,0,2021,NA,NA,FALSE,TRUE
2021-ORUPF-000429,0.1,Class A,NA,NA,NA,NA,WF,0,2021,NA,NA,FALSE,TRUE
2021-ORUPF-000397,0.1,Class A,NA,NA,NA,NA,WF,0,2021,NA,NA,FALSE,TRUE
2021-ORUPF-000432,0.1,Class A,NA,NA,NA,NA,WF,0,2021,NA,NA,FALSE,TRUE
2021-ORUPF-000434,0.1,Class A,NA,NA,NA,NA,WF,0,2021,NA,NA,FALSE,TRUE
2021-ORUPF-000389,0.1,Class A,NA,NA,NA,NA,WF,0,2021,NA,NA,FALSE,TRUE
2021-ORUPF-000445,0.1,Class A,NA,NA,NA,NA,WF,0,2021,NA,NA,FALSE,TRUE
2021-ORUPF-000449,0.1,Class A,2021-08-04T20:30:00Z,43.666666666666664,NA,NA,WF,0,2021,NA,NA,FALSE,TRUE
2021-ORUPF-000411,0.1,Class A,NA,NA,NA,NA,WF,0,2021,NA,NA,FALSE,TRUE
2021-ORUPF-000436,0.1,Class A,NA,NA,NA,NA,WF,0,2021,NA,NA,FALSE,TRUE
2021-ORMAF-021302,0.1,Class A,2021-08-06T16:49:00Z,70.23555555555555,NA,NA,WF,0,2021,NA,NA,FALSE,TRUE
2021-ORWIF-210330,0.1,Class A,2021-08-03T21:29:00Z,46.520833333333336,NA,NA,WF,0,2021,NA,NA,FALSE,TRUE
2021-OROCF-000746,0.1,Class A,2021-08-05T21:01:00Z,51.36194444444445,NA,NA,WF,0,2021,NA,NA,FALSE,TRUE
2021-ORWWF-000907,1.4,Class B,2021-08-25T18:12:00Z,526.4011111111112,NA,NA,WF,0,2021,NA,NA,FALSE,TRUE
2021-ORWWF-000901,0.1,Class A,2021-08-04T19:27:00Z,40.674166666666665,NA,NA,WF,NA,2021,NA,NA,FALSE,TRUE
2021-ORMAF-021303,3.5,Class B,NA,NA,NA,NA,WF,0,2021,NA,NA,FALSE,TRUE
2021-ORMAF-002243,1.96,Class B,2021-08-15T19:12:00Z,285.78,NA,NA,WF,NA,2021,NA,NA,FALSE,TRUE
2021-ORMAF-021304,0.3,Class B,2021-08-09T23:47:00Z,145.80027777777778,NA,NA,WF,0,2021,NA,NA,FALSE,TRUE
2021-ORWIF-210343,0.1,Class A,2021-08-04T20:11:00Z,47.236111111111114,NA,NA,WF,0,2021,NA,NA,FALSE,TRUE
2021-ORWWF-000909,1,Class B,2021-08-10T17:50:00Z,160.34083333333334,NA,NA,WF,0,2021,NA,NA,FALSE,TRUE
2021-OROCF-000742,0.1,Class A,2021-08-04T17:18:00Z,37.615833333333335,NA,NA,WF,0,2021,NA,NA,FALSE,TRUE
2021-ORWWF-000919,0.1,Class A,2021-08-06T22:00:00Z,52.47666666666667,NA,NA,WF,0,2021,NA,NA,FALSE,TRUE
2021-ORWWF-000807,0.1,Class A,NA,NA,NA,NA,WF,0,2021,NA,NA,FALSE,TRUE
2021-ORUPF-000408,0.1,Class A,NA,NA,NA,NA,WF,0,2021,NA,NA,FALSE,TRUE
2021-ORRSF-000319,4,Class B,2021-08-10T00:10:00Z,188.56555555555556,NA,NA,WF,0,2021,NA,NA,FALSE,TRUE
2021-ORDEF-000831,0.1,Class A,2021-08-14T01:24:00Z,34.31666666666667,NA,NA,WF,0,2021,NA,NA,FALSE,TRUE
2021-ORUPF-000457,10580.491,Class G,2021-11-17T20:00:00Z,2542.985,NA,NA,WF,0,2021,NA,NA,FALSE,TRUE
2021-ORWIF-210399,0.25,Class A,2021-08-17T17:21:00Z,87.43333333333334,NA,NA,WF,0,2021,NA,NA,FALSE,TRUE
2021-ORFWF-210421,0.1,Class A,2021-08-18T22:50:00Z,121.26666666666668,NA,NA,WF,0,2021,NA,NA,FALSE,TRUE
2021-ORUPF-000416,0.1,Class A,NA,NA,NA,NA,WF,0,2021,NA,NA,FALSE,TRUE
2021-ORUPF-000430,0.1,Class A,NA,NA,NA,NA,WF,0,2021,NA,NA,FALSE,TRUE
2021-ORUMF-000923,0.2,Class A,2021-08-08T20:05:00Z,96.40805555555556,NA,NA,WF,0,2021,NA,NA,FALSE,TRUE
2021-ORWWF-000924,0.35,Class B,2021-08-15T23:28:00Z,265.0111111111111,NA,NA,WF,0,2021,NA,NA,FALSE,TRUE
2021-ORFWF-210395,0.1,Class A,2021-08-20T22:08:00Z,359.09027777777777,NA,NA,WF,0,2021,NA,NA,FALSE,TRUE
2021-ORMHF-000764,0.25,Class A,2021-09-01T01:00:00Z,629.6333333333333,NA,NA,WF,0,2021,NA,NA,FALSE,TRUE
2021-ORMAF-021206,0.1,Class A,NA,NA,NA,NA,WF,0,2021,NA,NA,FALSE,TRUE
2021-ORUMF-000967,0.1,Class A,2021-08-10T01:13:00Z,96.18861111111111,NA,NA,WF,0,2021,NA,NA,FALSE,TRUE
2021-ORUMF-000971,0.1,Class A,2021-08-07T18:45:00Z,41.339166666666664,NA,NA,WF,0,2021,NA,NA,FALSE,TRUE
2021-ORDEF-000780,0.1,Class A,2021-08-07T17:14:00Z,23.0075,NA,NA,WF,0,2021,NA,NA,FALSE,TRUE
2021-ORDEF-000781,2,Class B,2021-08-13T19:45:00Z,169.4788888888889,NA,NA,WF,0,2021,NA,NA,FALSE,TRUE
2021-ORDEF-000782,0.5,Class B,2021-08-11T00:50:00Z,102.54555555555557,NA,NA,WF,0,2021,NA,NA,FALSE,TRUE
2021-ORWWF-001096,0.1,Class A,2021-08-19T17:51:00Z,75.51166666666667,NA,NA,WF,0,2021,NA,NA,FALSE,TRUE
2021-ORWWF-001010,0.1,Class A,2021-08-10T20:52:00Z,92.38055555555556,NA,NA,WF,0,2021,NA,NA,FALSE,TRUE
2021-ORMHF-000852,0.1,Class A,2021-08-16T20:34:00Z,2.1166666666666667,NA,NA,WF,0,2021,NA,NA,FALSE,TRUE
2021-ORMHF-000855,0.1,Class A,2021-08-16T22:15:00Z,0.03333333333333333,NA,NA,WF,0,2021,NA,NA,FALSE,TRUE
2021-ORDEF-000851,0.1,Class A,2021-08-20T19:53:00Z,89.76666666666667,NA,NA,WF,0,2021,NA,NA,FALSE,TRUE
2021-ORSUF-210409,0.1,Class A,2021-08-18T21:30:00Z,25.35,NA,NA,WF,0,2021,NA,NA,FALSE,TRUE
2021-ORMHF-000639,0.1,Class A,2021-07-23T22:07:00Z,4.683333333333334,NA,NA,WF,0,2021,NA,NA,FALSE,TRUE
2021-ORDEF-000636,0.1,Class A,2021-07-26T20:00:00Z,70.78333333333333,NA,NA,WF,0,2021,NA,NA,FALSE,TRUE
2021-ORUPF-000320,0.1,Class A,2021-08-06T19:48:00Z,336.87944444444446,NA,NA,WF,0,2021,NA,NA,FALSE,TRUE
2021-ORMHF-000651,0.1,Class A,2021-07-24T23:22:00Z,5.983333333333333,NA,NA,WF,0,2021,NA,NA,FALSE,TRUE
2021-ORWIF-210258,0.1,Class A,2021-07-23T20:07:00Z,52.916666666666664,NA,NA,WF,0,2021,NA,NA,FALSE,TRUE
2021-ORDEF-000654,0.1,Class A,2021-07-25T21:05:00Z,0.5166666666666667,NA,NA,WF,0,2021,NA,NA,FALSE,TRUE
2021-ORWIF-210272,0.1,Class A,2021-07-25T21:57:00Z,0.06555555555555556,NA,NA,WF,0,2021,NA,NA,FALSE,TRUE
2021-ORWIF-210271,0.1,Class A,2021-08-02T18:30:00Z,191.1075,NA,NA,WF,0,2021,NA,NA,FALSE,TRUE
2021-ORMHF-000629,0.1,Class A,2021-08-11T20:16:00Z,483.2,NA,NA,WF,0,2021,NA,NA,FALSE,TRUE
2021-ORWIF-210412,0.1,Class A,2021-08-20T17:21:00Z,49.31361111111111,NA,NA,WF,0,2021,NA,NA,FALSE,TRUE
2021-ORMAF-021310,0.1,Class A,2021-08-10T22:04:00Z,94.375,NA,NA,WF,0,2021,NA,NA,FALSE,TRUE
2021-ORUMF-001011,0.1,Class A,2021-08-07T18:55:00Z,12.43,NA,NA,WF,0,2021,NA,NA,FALSE,TRUE
2021-ORWIF-210321,0.1,Class A,2021-08-15T22:00:00Z,381.75944444444445,NA,NA,WF,0,2021,NA,NA,FALSE,TRUE
2021-ORWIF-210322,0.1,Class A,2021-12-30T22:30:00Z,3666.405,NA,NA,WF,0,2021,NA,NA,FALSE,TRUE
2021-ORUMF-001013,0.1,Class A,2021-08-09T00:00:00Z,40.30305555555555,NA,NA,WF,0,2021,NA,NA,FALSE,TRUE
2021-ORWWF-001028,0.1,Class A,2021-08-13T22:53:00Z,146.84194444444444,NA,NA,WF,0,2021,NA,NA,FALSE,TRUE
2021-ORWWF-001029,1,Class B,2021-08-17T19:11:00Z,236.9463888888889,NA,NA,WF,0,2021,NA,NA,FALSE,TRUE
2021-ORUMF-001006,0.1,Class A,2021-08-10T00:22:00Z,73.62055555555555,NA,NA,WF,0,2021,NA,NA,FALSE,TRUE
2021-ORWWF-001030,0.1,Class A,2021-08-09T23:01:00Z,48.01305555555555,NA,NA,WF,0,2021,NA,NA,FALSE,TRUE
2021-ORFWF-210431,0.1,Class A,NA,NA,NA,NA,WF,0,2021,NA,NA,FALSE,TRUE
2021-ORFWF-210430,0.1,Class A,NA,NA,NA,NA,WF,0,2021,NA,NA,FALSE,TRUE
2021-ORUMF-001120,1.8,Class B,2021-08-29T22:19:00Z,239.8,NA,NA,WF,0,2021,NA,NA,FALSE,TRUE
2021-ORWWF-001126,0.1,Class A,2021-08-25T20:38:00Z,124.95,NA,NA,WF,0,2021,NA,NA,FALSE,TRUE
2021-ORRSF-000289,0.1,Class A,2021-08-06T18:33:00Z,161.88361111111112,NA,NA,WF,0,2021,NA,NA,FALSE,TRUE
2021-ORWIF-210416,0.3,Class B,2021-11-16T17:00:00Z,2109.0447222222224,NA,NA,WF,0,2021,NA,NA,FALSE,TRUE
2021-ORMAF-021341,1,Class B,2021-09-22T21:20:00Z,309.4577777777778,NA,NA,WF,0,2021,NA,NA,FALSE,TRUE
2021-ORUMF-001281,0.3,Class B,2021-09-15T20:53:00Z,126.74666666666668,NA,NA,WF,0,2021,NA,NA,FALSE,TRUE
2021-ORUMF-001282,0.1,Class A,2021-09-11T19:57:00Z,29.225555555555555,NA,NA,WF,0,2021,NA,NA,FALSE,TRUE
2021-OROCF-000939,0.25,Class A,2021-09-17T01:00:00Z,154.33277777777778,NA,NA,WF,0,2021,NA,NA,FALSE,TRUE
2021-ORDEF-000659,0.1,Class A,2021-07-29T19:53:00Z,76.42472222222223,NA,NA,WF,0,2021,NA,NA,FALSE,TRUE
2021-ORDEF-000660,0.1,Class A,2021-07-27T21:58:00Z,30.22361111111111,NA,NA,WF,0,2021,NA,NA,FALSE,TRUE
2021-ORFWF-210343,0.5,Class B,NA,NA,NA,NA,WF,0,2021,NA,NA,FALSE,TRUE
2021-ORDEF-000658,0.1,Class A,2021-07-26T17:13:00Z,1.8333333333333333,NA,NA,WF,0,2021,NA,NA,FALSE,TRUE
2021-ORMHF-000669,0.1,Class A,2021-08-16T22:36:00Z,508.98333333333335,NA,NA,WF,0,2021,NA,NA,FALSE,TRUE
2021-ORMHF-000881,0.1,Class A,2021-08-28T00:13:00Z,126.58333333333331,NA,NA,WF,0,2021,NA,NA,FALSE,TRUE
2021-ORWWF-001146,0.1,Class A,NA,NA,NA,NA,WF,0,2021,NA,NA,FALSE,TRUE
2021-ORWWF-001147,0.25,Class A,2021-08-25T19:54:00Z,67.92944444444444,NA,NA,WF,0,2021,NA,NA,FALSE,TRUE
2021-ORSUF-210430,0.1,Class A,2021-08-25T20:46:00Z,68.35,NA,NA,WF,0,2021,NA,NA,FALSE,TRUE
2021-ORDEF-000873,5,Class B,2021-08-31T23:15:00Z,177.05,NA,NA,WF,0,2021,NA,NA,FALSE,TRUE
2021-ORDEF-000874,1,Class B,2021-08-28T19:37:00Z,93.05,NA,NA,WF,0,2021,NA,NA,FALSE,TRUE
2021-ORDEF-000876,0.1,Class A,2021-08-25T17:50:00Z,17.066666666666666,NA,NA,WF,0,2021,NA,NA,FALSE,TRUE
2021-ORUMF-000976,0.1,Class A,2021-08-10T19:33:00Z,111.72638888888888,NA,NA,WF,0,2021,NA,NA,FALSE,TRUE
2021-ORWWF-000987,0.1,Class A,2021-08-20T20:50:00Z,340.36027777777775,NA,NA,WF,0,2021,NA,NA,FALSE,TRUE
2021-ORWWF-000990,0.1,Class A,2021-08-19T23:28:00Z,317.7133333333333,NA,NA,WF,0,2021,NA,NA,FALSE,TRUE
2021-ORWWF-000994,0.1,Class A,2021-08-07T21:14:00Z,26.29388888888889,NA,NA,WF,0,2021,NA,NA,FALSE,TRUE
2021-ORWWF-001015,0.1,Class A,2021-08-09T19:30:00Z,58.77777777777778,NA,NA,WF,0,2021,NA,NA,FALSE,TRUE
2021-ORWWF-001001,9,Class B,NA,NA,NA,NA,WF,0,2021,NA,NA,FALSE,TRUE
2021-ORUMF-000957,0.1,Class A,2021-08-11T23:23:00Z,143.73638888888888,NA,NA,WF,0,2021,NA,NA,FALSE,TRUE
2021-ORUMF-000955,0.1,Class A,2021-08-10T20:45:00Z,117.49277777777776,NA,NA,WF,0,2021,NA,NA,FALSE,TRUE
2021-ORUMF-001037,0.1,Class A,2021-08-09T21:23:00Z,30.25,NA,NA,WF,0,2021,NA,NA,FALSE,TRUE
2021-OROCF-000714,0.1,Class A,2021-08-05T20:13:00Z,89.16666666666667,NA,NA,WF,0,2021,NA,NA,FALSE,TRUE
2021-ORWIF-210376,0.1,Class A,2021-08-08T22:10:00Z,0.23944444444444443,NA,NA,WF,0,2021,NA,NA,FALSE,TRUE
2021-ORUMF-000956,0.1,Class A,2021-08-11T21:21:00Z,142.02138888888888,NA,NA,WF,0,2021,NA,NA,FALSE,TRUE
2021-ORWIF-210377,3.1,Class B,2021-12-09T22:30:00Z,2951.1833333333334,NA,NA,WF,0,2021,NA,NA,FALSE,TRUE
2021-ORUPF-000497,0.1,Class A,NA,NA,NA,NA,WF,0,2021,NA,NA,FALSE,TRUE
2021-OROCF-000736,0.1,Class A,2021-08-04T20:00:00Z,43.77527777777778,NA,NA,WF,0,2021,NA,NA,FALSE,TRUE
2021-ORDEF-000816,0.1,Class A,2021-08-14T00:00:00Z,101.75,NA,NA,WF,0,2021,NA,NA,FALSE,TRUE
2021-OROCF-000880,0.3,Class B,2021-08-31T21:05:00Z,143.03333333333333,NA,NA,WF,0,2021,NA,NA,FALSE,TRUE
2021-ORDEF-000882,0.1,Class A,2021-08-28T02:05:00Z,47.916666666666664,NA,NA,WF,0,2021,NA,NA,FALSE,TRUE
2021-ORSUF-210438,0.1,Class A,2021-08-25T23:42:00Z,2.0316666666666667,NA,NA,WF,0,2021,NA,NA,FALSE,TRUE
2021-ORDEF-000885,0.1,Class A,2021-08-26T19:37:00Z,1.3333333333333333,NA,NA,WF,0,2021,NA,NA,FALSE,TRUE
2021-ORUPF-000500,0.1,Class A,2021-08-21T07:00:00Z,273.27416666666664,NA,NA,WF,0,2021,NA,NA,FALSE,TRUE
2021-ORMAF-021317,0.5,Class B,2021-08-12T21:39:00Z,70.5261111111111,NA,NA,WF,0,2021,NA,NA,FALSE,TRUE
2021-ORWIF-210379,0.25,Class A,2021-08-11T20:49:00Z,43.63333333333333,NA,NA,WF,0,2021,NA,NA,FALSE,TRUE
2021-ORMAF-021327,0.1,Class A,NA,NA,NA,NA,WF,0,2021,NA,NA,FALSE,TRUE
2021-OROCF-000871,0.1,Class A,2021-08-24T23:35:00Z,26.683333333333337,NA,NA,WF,0,2021,NA,NA,FALSE,TRUE
2021-ORMHF-001065,0.1,Class A,2021-09-28T21:56:00Z,119.06666666666666,NA,NA,WF,0,2021,NA,NA,FALSE,TRUE
2021-ORMAF-021357,0.1,Class A,2021-09-29T20:34:00Z,120.93333333333334,NA,NA,WF,0,2021,NA,NA,FALSE,TRUE
2021-ORWWF-001394,0.1,Class A,2021-09-27T17:44:00Z,48.06666666666667,NA,NA,WF,0,2021,NA,NA,FALSE,TRUE
2021-ORDEF-000994,0.1,Class A,2021-09-26T01:20:00Z,1.75,NA,NA,WF,0,2021,NA,NA,FALSE,TRUE
2021-ORDEF-000998,0.3,Class B,2021-09-28T18:30:00Z,46.03333333333333,NA,NA,WF,NA,2021,NA,NA,FALSE,TRUE
2021-ORMHF-001074,0.1,Class A,2021-10-13T20:45:00Z,404.5833333333333,NA,NA,WF,0,2021,NA,NA,FALSE,TRUE
2021-ORMHF-000803,0.1,Class A,2021-08-11T22:38:00Z,23.45,NA,NA,WF,0,2021,NA,NA,FALSE,TRUE
2021-ORMHF-000910,0.1,Class A,2021-08-29T17:42:00Z,48.85,NA,NA,WF,0,2021,NA,NA,FALSE,TRUE
2021-ORDEF-001000,0.1,Class A,2021-09-29T22:40:00Z,53.266666666666666,NA,NA,WF,0,2021,NA,NA,FALSE,TRUE
2021-ORRSF-000480,0.1,Class A,2021-10-28T21:02:00Z,315.0833333333333,NA,NA,WF,0,2021,NA,NA,FALSE,TRUE
2021-ORDEF-001057,0.1,Class A,2021-10-17T18:26:00Z,46.05,NA,NA,WF,0,2021,NA,NA,FALSE,TRUE
2021-ORRSF-000481,0.1,Class A,2021-10-16T23:09:00Z,23.7,NA,NA,WF,0,2021,NA,NA,FALSE,TRUE
2021-ORWWF-001531,0.1,Class A,2021-10-18T19:44:00Z,46.1,NA,NA,WF,0,2021,NA,NA,FALSE,TRUE
2021-ORRSF-000484,0.1,Class A,2021-10-26T17:58:00Z,223.56666666666663,NA,NA,WF,0,2021,NA,NA,FALSE,TRUE
2021-ORRSF-000411,3.5,Class B,2021-09-22T19:02:00Z,624.8391666666666,NA,NA,WF,0,2021,NA,NA,FALSE,TRUE
2021-ORUPF-000532,0.1,Class A,2021-09-04T16:30:00Z,161.88333333333333,NA,NA,WF,0,2021,NA,NA,FALSE,TRUE
2021-ORDEF-000893,0.1,Class A,2021-09-01T22:21:00Z,90.1,NA,NA,WF,0,2021,NA,NA,FALSE,TRUE
2021-ORMHF-000937,0.1,Class A,2021-08-30T17:35:00Z,34.15,NA,NA,WF,0,2021,NA,NA,FALSE,TRUE
2021-ORWWF-001407,0.1,Class A,2021-10-08T21:14:00Z,269.9425,NA,NA,WF,0,2021,NA,NA,FALSE,TRUE
2021-ORDEF-000991,0.1,Class A,2021-09-25T16:51:00Z,1.1,NA,NA,WF,NA,2021,NA,NA,FALSE,TRUE
2021-ORWIF-210455,0.1,Class A,2021-08-31T23:06:00Z,2.283333333333333,NA,NA,WF,0,2021,NA,NA,FALSE,TRUE
2021-ORWWF-001296,0.25,Class A,2021-09-13T17:07:00Z,46.96083333333333,NA,NA,WF,0,2021,NA,NA,FALSE,TRUE
2021-ORSUF-210316,0.1,Class A,2021-07-30T16:48:00Z,2.468888888888889,NA,NA,WF,0,2021,NA,NA,FALSE,TRUE
2021-ORWIF-210415,0.1,Class A,2021-08-21T18:20:00Z,23.830833333333334,NA,NA,WF,0,2021,NA,NA,FALSE,TRUE
2021-ORMAF-002265,0.1,Class A,2021-09-19T21:33:00Z,195.41444444444448,NA,NA,WF,0,2021,NA,NA,FALSE,TRUE
2021-ORDEF-000928,0.1,Class A,2021-09-05T23:36:00Z,0.3333333333333333,NA,NA,WF,0,2021,NA,NA,FALSE,TRUE
2021-OROCF-001005,0.1,Class A,NA,NA,NA,NA,WF,0,2021,NA,NA,FALSE,TRUE
2021-ORRSF-000466,0.1,Class A,2021-10-02T19:24:00Z,45.5,NA,NA,WF,0,2021,NA,NA,FALSE,TRUE
2021-ORUPF-000536,0.1,Class A,NA,NA,NA,NA,WF,0,2021,NA,NA,FALSE,TRUE
2021-ORDEF-000949,0.3,Class B,2021-09-19T23:54:00Z,179.78333333333333,NA,NA,WF,0,2021,NA,NA,FALSE,TRUE
2021-ORWWF-001297,0.25,Class A,2021-09-24T19:02:00Z,309.5438888888889,NA,NA,WF,0,2021,NA,NA,FALSE,TRUE
2021-ORSUF-210482,0.1,Class A,2021-09-13T18:05:00Z,48.35,NA,NA,WF,0,2021,NA,NA,FALSE,TRUE
2021-ORSUF-210488,0.1,Class A,2021-09-12T19:53:00Z,0.6166666666666667,NA,NA,WF,0,2021,NA,NA,FALSE,TRUE
2021-OROCF-000951,0.1,Class A,2021-09-29T22:47:00Z,413.41027777777776,NA,NA,WF,0,2021,NA,NA,FALSE,TRUE
2021-ORWWF-000911,5,Class B,2021-11-10T00:04:00Z,2348.425,NA,NA,WF,0,2021,NA,NA,FALSE,TRUE
2021-OROCF-000955,0.3,Class B,2021-09-16T23:25:00Z,80.09138888888889,NA,NA,WF,0,2021,NA,NA,FALSE,TRUE
2021-ORDEF-000957,0.5,Class B,2021-09-20T21:00:00Z,172.32416666666666,NA,NA,WF,0,2021,NA,NA,FALSE,TRUE
2021-ORRSF-000444,0.1,Class A,NA,NA,NA,NA,WF,0,2021,NA,NA,FALSE,TRUE
2021-ORUMF-001311,0.1,Class A,2021-09-14T20:58:00Z,29.210277777777776,NA,NA,WF,0,2021,NA,NA,FALSE,TRUE
2021-ORDEF-000906,0.25,Class A,2021-09-05T18:34:00Z,86.75,NA,NA,WF,0,2021,NA,NA,FALSE,TRUE
2021-ORWWF-001218,5,Class B,2021-11-10T00:47:17Z,1651.0547222222222,NA,NA,WF,0,2021,NA,NA,FALSE,TRUE
2021-ORDEF-000909,0.1,Class A,2021-09-14T01:53:00Z,274,NA,NA,WF,0,2021,NA,NA,FALSE,TRUE
2021-ORRSF-000425,1,Class B,2021-09-07T19:10:00Z,123.86666666666666,NA,NA,WF,0,2021,NA,NA,FALSE,TRUE
2021-ORWIF-210460,0.5,Class B,2021-11-16T17:01:00Z,1799.986666666667,NA,NA,WF,0,2021,NA,NA,FALSE,TRUE
2021-ORWIF-210211,0.1,Class A,2021-07-05T19:24:00Z,0.23333333333333336,NA,NA,WF,0,2021,NA,NA,FALSE,TRUE
2021-ORFWF-210441,0.4,Class B,2021-09-06T19:35:00Z,91.66666666666669,NA,NA,WF,0,2021,NA,NA,FALSE,TRUE
2021-ORFWF-210443,0.12,Class A,2021-09-16T21:34:00Z,312.65,NA,NA,WF,0,2021,NA,NA,FALSE,TRUE
2021-ORMHF-000968,0.1,Class A,2021-09-03T22:13:00Z,0.08333333333333333,NA,NA,WF,0,2021,NA,NA,FALSE,TRUE
2021-ORRSF-000490,0.1,Class A,2021-10-26T17:08:00Z,170.5,NA,NA,WF,0,2021,NA,NA,FALSE,TRUE
2021-ORMAF-021372,0.1,Class A,2021-10-25T21:19:00Z,121.53333333333332,NA,NA,WF,0,2021,NA,NA,FALSE,TRUE
2021-ORDEF-001066,0.1,Class A,2021-10-22T17:42:00Z,22.033333333333335,NA,NA,WF,0,2021,NA,NA,FALSE,TRUE
2021-ORDEF-000961,0.2,Class A,2021-09-19T20:11:00Z,138.18333333333334,NA,NA,WF,0,2021,NA,NA,FALSE,TRUE
2021-ORDEF-000965,0.3,Class B,2021-09-19T23:16:00Z,123.59944444444444,NA,NA,WF,0,2021,NA,NA,FALSE,TRUE
2021-ORRSF-000448,0.1,Class A,2021-09-24T01:05:00Z,212.08333333333337,NA,NA,WF,0,2021,NA,NA,FALSE,TRUE
2021-ORDEF-000970,0.1,Class A,2021-09-19T23:50:00Z,79.06666666666666,NA,NA,WF,0,2021,NA,NA,FALSE,TRUE
2021-ORDEF-000971,0.1,Class A,2021-09-19T23:53:00Z,77.88333333333334,NA,NA,WF,0,2021,NA,NA,FALSE,TRUE
2021-ORWWF-001327,0.1,Class A,NA,NA,NA,NA,WF,0,2021,NA,NA,FALSE,TRUE
2021-ORUMF-001333,0.5,Class B,2021-09-29T22:15:00Z,311.93083333333334,NA,NA,WF,0,2021,NA,NA,FALSE,TRUE
2021-ORUMF-001339,0.1,Class A,2021-09-17T22:46:00Z,4.833333333333333,NA,NA,WF,0,2021,NA,NA,FALSE,TRUE
2021-ORRSF-000453,0.1,Class A,2021-09-17T20:00:00Z,0.13333333333333333,NA,NA,WF,0,2021,NA,NA,FALSE,TRUE
2021-ORDEF-000974,0.2,Class A,2021-09-23T21:24:00Z,142.38333333333333,NA,NA,WF,0,2021,NA,NA,FALSE,TRUE
2021-ORDEF-000915,0.1,Class A,2021-09-03T23:52:00Z,0.25,NA,NA,WF,0,2021,NA,NA,FALSE,TRUE
2021-ORDEF-000917,0.3,Class B,2021-09-12T20:13:00Z,199.28333333333333,NA,NA,WF,0,2021,NA,NA,FALSE,TRUE
2021-ORMHF-000975,0.1,Class A,2021-09-24T23:00:00Z,483.5,NA,NA,WF,0,2021,NA,NA,FALSE,TRUE
2021-ORUMF-001436,0.1,Class A,NA,NA,NA,NA,WF,0,2021,NA,NA,FALSE,TRUE
2021-ORFWF-210473,0.1,Class A,2021-10-03T17:28:00Z,1.5333333333333334,NA,NA,WF,0,2021,NA,NA,FALSE,TRUE
2021-ORDEF-001014,0.1,Class A,2021-10-03T23:12:00Z,4.383333333333334,NA,NA,WF,0,2021,NA,NA,FALSE,TRUE
2021-ORWWF-001452,0.3,Class B,2021-10-15T17:45:00Z,266.2,NA,NA,WF,0,2021,NA,NA,FALSE,TRUE
2021-ORCGF-001092,0.1,Class A,2021-10-04T20:20:00Z,1.4666666666666666,NA,NA,WF,0,2021,NA,NA,FALSE,TRUE
2021-ORUMF-001451,1.4421,Class B,2021-11-24T20:00:00Z,1228.939722222222,NA,NA,WF,NA,2021,NA,NA,FALSE,TRUE
2021-ORDEF-001023,0.1,Class A,2021-10-05T17:54:00Z,0.6666666666666666,NA,NA,WF,0,2021,NA,NA,FALSE,TRUE
2021-ORWWF-001459,0.15,Class A,2021-10-12T18:20:00Z,171.06666666666666,NA,NA,WF,0,2021,NA,NA,FALSE,TRUE
2021-ORDEF-001024,0.1,Class A,2021-10-13T18:51:00Z,189.53333333333333,NA,NA,WF,0,2021,NA,NA,FALSE,TRUE
2021-ORDEF-001025,1.5,Class B,2021-10-11T22:00:00Z,144.28333333333333,NA,NA,WF,0,2021,NA,NA,FALSE,TRUE
2021-ORUPF-000599,0.1,Class A,NA,NA,NA,NA,WF,0,2021,NA,NA,FALSE,TRUE
2021-ORRSF-000473,0.1,Class A,2021-10-12T21:28:00Z,118.48333333333332,NA,NA,WF,0,2021,NA,NA,FALSE,TRUE
2021-ORUMF-001477,0.1,Class A,2021-10-08T18:21:00Z,20.583333333333332,NA,NA,WF,0,2021,NA,NA,FALSE,TRUE
2021-ORMHF-001100,0.1,Class A,2021-10-20T18:15:00Z,308.76666666666665,NA,NA,WF,0,2021,NA,NA,FALSE,TRUE
2021-ORFWF-210477,0.3,Class B,2021-10-14T17:35:00Z,145.8802777777778,NA,NA,WF,0,2021,NA,NA,FALSE,TRUE
2021-ORWIF-210472,0.1,Class A,2021-12-09T22:30:00Z,2264.2166666666667,NA,NA,WF,0,2021,NA,NA,FALSE,TRUE
2021-ORWIF-210475,0.1,Class A,2021-09-07T01:25:00Z,2.05,NA,NA,WF,0,2021,NA,NA,FALSE,TRUE
2021-ORUPF-000550,0.1,Class A,NA,NA,NA,NA,WF,0,2021,NA,NA,FALSE,TRUE
2021-ORWIF-210474,0.1,Class A,2021-09-07T19:30:00Z,26.1,NA,NA,WF,0,2021,NA,NA,FALSE,TRUE
2021-ORWWF-001494,3.5,Class B,NA,NA,NA,NA,WF,0,2021,NA,NA,FALSE,TRUE
2021-ORDEF-001021,388.84,Class E,NA,NA,NA,NA,RX,0,2021,NA,NA,FALSE,TRUE
2021-ORWWF-000438,0.1,Class A,2021-06-16T18:19:00Z,17.99361111111111,NA,NA,WF,0,2021,NA,NA,FALSE,TRUE
2021-ORMAF-021422,3,Class B,2022-01-06T19:35:00Z,1680.7,NA,NA,WF,0,2021,NA,NA,FALSE,TRUE
2021-ORWWF-001588,0.1,Class A,NA,NA,NA,NA,WF,0,2021,NA,NA,FALSE,TRUE
2021-ORDEF-001056,0.1,Class A,2021-10-15T18:25:00Z,1.45,NA,NA,WF,0,2021,NA,NA,FALSE,TRUE
2021-ORDEF-001070,0.1,Class A,2021-10-31T19:03:00Z,0.55,NA,NA,WF,0,2021,NA,NA,FALSE,TRUE
2021-ORDEF-001049,0.1,Class A,2021-10-13T16:37:00Z,13.083333333333334,NA,NA,WF,0,2021,NA,NA,FALSE,TRUE
2021-ORWWF-001512,0.3,Class B,2021-10-28T21:52:00Z,357.7,NA,NA,WF,0,2021,NA,NA,FALSE,TRUE
2021-ORDEF-001055,0.3,Class B,2021-10-20T21:48:00Z,145.86666666666667,NA,NA,WF,0,2021,NA,NA,FALSE,TRUE
2021-ORDEF-001071,0.1,Class A,2021-11-02T22:23:00Z,1.1333333333333333,NA,NA,WF,0,2021,NA,NA,FALSE,TRUE
2021-ORRSF-000520,0.1,Class A,2021-11-04T18:28:00Z,25.683333333333337,NA,NA,WF,0,2021,NA,NA,FALSE,TRUE
2021-ORWIF-210255,0.1,Class A,2021-07-18T19:00:00Z,1.2052777777777777,NA,NA,WF,0,2021,NA,NA,FALSE,TRUE
2021-ORRSF-000434,0.1,Class A,2021-09-07T23:05:00Z,0.16666666666666666,NA,NA,WF,0,2021,NA,NA,FALSE,TRUE
2021-ORDEF-001072,0.1,Class A,2021-11-04T18:22:00Z,3.4,NA,NA,WF,0,2021,NA,NA,FALSE,TRUE
2021-ORDEF-001076,0.1,Class A,2021-11-14T19:22:00Z,119.88333333333334,NA,NA,WF,0,2021,NA,NA,FALSE,TRUE
2021-ORRSF-000339,0.1,Class A,2021-08-06T19:09:00Z,77.71138888888889,NA,NA,WF,0,2021,NA,NA,FALSE,TRUE
2021-ORDEF-000978,0.1,Class A,2021-09-20T20:20:00Z,22.366666666666667,NA,NA,WF,0,2021,NA,NA,FALSE,TRUE
2021-OROCF-000950,0.2,Class A,2021-09-16T23:00:00Z,102.88527777777776,NA,NA,WF,0,2021,NA,NA,FALSE,TRUE
2021-ORDEF-000958,0.1,Class A,2021-09-18T01:26:00Z,103.22111111111111,NA,NA,WF,0,2021,NA,NA,FALSE,TRUE
2021-ORUMF-001357,0.1,Class A,2021-09-20T18:42:00Z,3.8247222222222224,NA,NA,WF,0,2021,NA,NA,FALSE,TRUE
2021-ORWWF-001358,0.1,Class A,2021-09-21T21:32:00Z,19.05,NA,NA,WF,0,2021,NA,NA,FALSE,TRUE
2021-ORMAF-021351,0.1,Class A,2021-10-25T21:17:00Z,815.9,NA,NA,WF,0,2021,NA,NA,FALSE,TRUE
2021-ORUMF-021353,2,Class B,2021-10-13T22:30:00Z,526.5833333333334,NA,NA,WF,0,2021,NA,NA,FALSE,TRUE
2021-ORWWF-001365,0.1,Class A,NA,NA,NA,NA,WF,0,2021,NA,NA,FALSE,TRUE
2021-ORWWF-001379,0.1,Class A,2021-10-01T17:00:00Z,190.33333333333337,NA,NA,WF,0,2021,NA,NA,FALSE,TRUE
2021-ORWIF-210471,0.1,Class A,2021-12-09T22:30:00Z,2268.133333333333,NA,NA,WF,0,2021,NA,NA,FALSE,TRUE
2021-ORWIF-210476,0.1,Class A,2021-09-07T15:56:00Z,1.3,NA,NA,WF,0,2021,NA,NA,FALSE,TRUE
2022-ORRSF-000017,0.25,Class A,NA,NA,NA,NA,WF,0,2022,NA,NA,FALSE,TRUE
2021-ORWIF-210508,0.1,Class A,2021-09-21T23:56:00Z,1.1383333333333334,NA,NA,WF,0,2021,NA,NA,FALSE,TRUE
2021-ORWIF-210210,0.1,Class A,2021-07-05T18:48:00Z,1.7241666666666666,NA,NA,WF,0,2021,NA,NA,FALSE,TRUE
2021-ORWIF-210225,0.1,Class A,2021-07-12T17:40:00Z,68.07277777777777,NA,NA,WF,0,2021,NA,NA,FALSE,TRUE
2021-ORWIF-210200,1,Class B,2021-11-16T17:00:00Z,3305.4525,NA,NA,WF,0,2021,NA,NA,FALSE,TRUE
2021-ORRSF-000550,0.1,Class A,2021-12-19T19:00:00Z,24.2,NA,NA,WF,0,2021,NA,NA,FALSE,TRUE
2021-ORUMF-001633,0.1,Class A,2021-11-24T20:00:00Z,44.483333333333334,NA,NA,WF,0,2021,NA,NA,FALSE,TRUE
2022-ORRSF-000020,0.1,Class A,2022-02-16T19:26:00Z,1.6,NA,NA,WF,0,2022,NA,NA,FALSE,TRUE
2021-ORDEF-001085,0.1,Class A,2021-11-27T21:07:00Z,2.2,NA,NA,WF,0,2021,NA,NA,FALSE,TRUE
2021-ORRSF-000538,0.1,Class A,2021-12-02T20:44:00Z,74.58333333333333,NA,NA,WF,0,2021,NA,NA,FALSE,TRUE
2021-ORRSF-000340,0.3,Class B,2021-08-10T20:10:00Z,170.44722222222222,NA,NA,WF,0,2021,NA,NA,FALSE,TRUE
2022-OROCF-000066,0.1,Class A,2022-03-21T15:57:00Z,13.891388888888889,NA,NA,WF,0,2022,NA,NA,FALSE,TRUE
2022-ORDEF-000056,0.1,Class A,2022-02-25T23:33:00Z,148.65,NA,NA,WF,0,2022,NA,NA,FALSE,TRUE
2022-ORDEF-000070,0.1,Class A,2022-03-24T20:41:00Z,1.45,NA,NA,WF,0,2022,NA,NA,FALSE,TRUE
2022-ORDEF-000072,0.1,Class A,2022-03-24T22:12:00Z,2,NA,NA,WF,0,2022,NA,NA,FALSE,TRUE
2022-ORDEF-000036,0.1,Class A,2022-06-16T16:51:00Z,3710.45,NA,NA,WF,0,2022,NA,NA,FALSE,TRUE
2022-ORDEF-000062,0.1,Class A,NA,NA,NA,NA,WF,0,2022,NA,NA,FALSE,TRUE
2022-ORDEF-000073,0.1,Class A,2022-03-26T21:25:00Z,5.05,NA,NA,WF,0,2022,NA,NA,FALSE,TRUE
2022-ORRSF-000034,0.1,Class A,2022-03-31T16:59:00Z,1.65,NA,NA,WF,0,2022,NA,NA,FALSE,TRUE
2021-ORDEF-001087,0.1,Class A,2021-12-08T20:38:00Z,143.56666666666666,NA,NA,WF,0,2021,NA,NA,FALSE,TRUE
2022-ORRSF-000029,0.1,Class A,2022-03-08T23:29:00Z,2.3833333333333333,NA,NA,WF,0,2022,NA,NA,FALSE,TRUE
2022-ORFWF-220105,0.1,Class A,2022-04-07T21:57:00Z,646.45,NA,NA,WF,0,2022,NA,NA,FALSE,TRUE
2022-ORDEF-000085,0.1,Class A,2022-04-14T19:15:00Z,188.58333333333337,NA,NA,WF,0,2022,NA,NA,FALSE,TRUE
2019-ORFWF-000270,0.1,Class A,2019-08-16T20:09:00Z,47.016666666666666,NA,NA,WF,0,2019,NA,NA,FALSE,TRUE
2018-ORMHF-000351,0.1,Class A,2018-07-19T04:57:00Z,2.8536111111111113,NA,NA,WF,0,2018,NA,NA,FALSE,TRUE
2020-ORMAR-002140,0.1,Class A,2020-08-31T21:38:00Z,68.3,NA,NA,WF,0,2020,NA,NA,FALSE,TRUE
2020-ORMAR-002135,0.1,Class A,2020-08-31T21:37:00Z,117.75,NA,NA,WF,0,2020,NA,NA,FALSE,TRUE
2022-ORSHR-220257,0.1,Class A,2022-08-12T18:08:00Z,160.96666666666667,NA,NA,WF,0,2022,NA,NA,FALSE,TRUE
2022-ORSHR-220305,0.25,Class A,2022-08-23T23:12:00Z,306.1166666666667,NA,NA,WF,0,2022,NA,NA,FALSE,TRUE
2023-ORBVR-230026,1,Class B,NA,NA,NA,NA,RX,0,2023,NA,NA,FALSE,TRUE
2023-ORWMR-230160,0.1,Class A,NA,NA,NA,NA,WF,0,2023,NA,NA,FALSE,TRUE
2024-ORSHR-240005,1,Class B,NA,NA,NA,NA,RX,0,2024,NA,NA,FALSE,TRUE
2018-ORWVR-180266,0.2,Class A,2018-08-21T22:00:00Z,23,NA,NA,WF,0,2018,NA,NA,FALSE,TRUE
2018-ORWVR-180138,0.1,Class A,2018-07-05T18:35:00Z,2.85,NA,NA,WF,0,2018,NA,NA,FALSE,TRUE
2018-ORWVR-180170,0.1,Class A,2018-07-18T19:00:00Z,19,NA,NA,WF,0,2018,NA,NA,FALSE,TRUE
2024-ORKLR-240291,0.1,Class A,2024-09-05T18:46:00Z,474.8961111111111,NA,NA,WF,0,2024,NA,NA,FALSE,TRUE
2024-ORWVR-240411,1,Class B,NA,NA,NA,NA,RX,0,2024,NA,NA,FALSE,TRUE
2024-ORWVR-240425,1,Class B,NA,NA,NA,NA,RX,0,2024,NA,NA,FALSE,TRUE
2024-ORKLR-240382,0.1,Class A,2024-12-02T18:00:00Z,311.3388888888889,NA,NA,WF,0,2024,NA,NA,FALSE,TRUE
2025-ORSHR-250101,0.2,Class A,2025-03-21T18:44:00Z,119.71472222222222,NA,NA,WF,0,2025,NA,NA,FALSE,TRUE
2016-ORUMA-000003,938,Class E,NA,NA,NA,NA,WF,0,2016,NA,NA,FALSE,TRUE
2018-ORVAD-000062,1,Class B,2018-07-06T05:59:59Z,363.81638888888887,NA,NA,WF,0,2018,NA,NA,FALSE,TRUE
2018-ORVAD-000069,345,Class E,2018-07-06T06:59:59Z,222.7163888888889,NA,NA,WF,0,2018,NA,NA,FALSE,TRUE
2020-ORFWF-200185,0.2,Class A,NA,NA,NA,NA,WF,0,2020,NA,NA,FALSE,TRUE
2020-ORWWF-000980,0.1,Class A,2020-08-25T22:29:00Z,3.033333333333333,NA,NA,WF,0,2020,NA,NA,FALSE,TRUE
2021-ORWIF-210089,0.1,Class A,2021-04-24T18:05:00Z,1.4666666666666666,NA,NA,WF,0,2021,NA,NA,FALSE,TRUE
2020-ORMAF-020194,0.1,Class A,2020-08-08T18:02:00Z,46.56638888888889,NA,NA,WF,0,2020,NA,NA,FALSE,TRUE
2020-ORMAF-020197,2,Class B,2020-08-08T20:47:00Z,47.78111111111111,NA,NA,WF,0,2020,NA,NA,FALSE,TRUE
2020-ORSUF-200367,0.1,Class A,2020-08-29T02:47:00Z,2.816666666666667,NA,NA,WF,0,2020,NA,NA,FALSE,TRUE
2021-ORCGF-000125,0.1,Class A,2021-04-12T19:02:00Z,0.9666666666666668,NA,NA,WF,0,2021,NA,NA,FALSE,TRUE
2020-ORMHF-000847,0.1,Class A,2020-09-07T19:33:00Z,1.7333333333333334,NA,NA,WF,0,2020,NA,NA,FALSE,TRUE
2020-ORUMF-000931,0.4,Class B,2020-09-01T21:04:00Z,283.4058333333333,NA,NA,WF,0,2020,NA,NA,FALSE,TRUE
2020-ORMHF-000883,0.3,Class B,NA,NA,NA,NA,WF,0,2020,NA,NA,FALSE,TRUE
2020-ORCGF-000291,1.4,Class B,NA,NA,NA,NA,WF,0,2020,NA,NA,FALSE,TRUE
2020-OROCF-000507,0.1,Class A,NA,NA,NA,NA,WF,0,2020,NA,NA,FALSE,TRUE
2020-ORMAF-020200,0.1,Class A,2020-08-07T19:20:00Z,19.244444444444444,NA,NA,WF,0,2020,NA,NA,FALSE,TRUE
2020-ORMAF-020363,2.5,Class B,2020-12-01T20:00:00Z,1053,NA,NA,WF,0,2020,NA,NA,FALSE,TRUE
2020-ORWIF-200233,0.1,Class A,2020-08-03T01:11:00Z,9.168333333333331,NA,NA,WF,0,2020,NA,NA,FALSE,TRUE
2021-OROCF-000088,1,Class B,2021-04-20T23:13:00Z,66.58333333333333,NA,NA,WF,NA,2021,NA,NA,FALSE,TRUE
2020-ORCGF-000285,0.1,Class A,2020-07-03T01:56:00Z,3.6,NA,NA,WF,0,2020,NA,NA,FALSE,TRUE
2020-ORWIF-200382,0.1,Class A,2020-10-01T22:31:00Z,787.6233333333333,NA,NA,WF,0,2020,NA,NA,FALSE,TRUE
2020-ORWIF-200316,0.1,Class A,2020-08-20T23:53:00Z,74.48333333333333,NA,NA,WF,0,2020,NA,NA,FALSE,TRUE
2020-ORRSF-000132,0.1,Class A,2020-06-28T23:41:00Z,69.1536111111111,NA,NA,WF,0,2020,NA,NA,FALSE,TRUE
2020-OROCF-000717,0.5,Class B,2020-08-29T00:00:00Z,262.8333333333333,NA,NA,WF,0,2020,NA,NA,FALSE,TRUE
2021-ORCGF-000215,1,Class B,NA,NA,NA,NA,WF,0,2021,NA,NA,FALSE,TRUE
2021-ORCGF-000210,1.5,Class B,NA,NA,NA,NA,WF,0,2021,NA,NA,FALSE,TRUE
2021-ORCGF-000277,153.8,Class D,2021-06-04T23:00:00Z,50.48166666666667,NA,NA,WF,0,2021,NA,NA,FALSE,TRUE
2021-ORCGF-000287,0.29,Class B,2021-06-11T21:27:00Z,157.28333333333333,NA,NA,WF,0,2021,NA,NA,FALSE,TRUE
2021-OROCF-000283,0.1,Class A,2021-07-06T18:38:00Z,742.3333333333334,NA,NA,WF,0,2021,NA,NA,FALSE,TRUE
2021-ORWIF-210094,0.1,Class A,2021-11-16T17:00:00Z,4826.118888888889,NA,NA,WF,0,2021,NA,NA,FALSE,TRUE
2021-ORCGF-000304,0.5,Class B,2021-06-13T21:12:00Z,69.43333333333334,NA,NA,WF,0,2021,NA,NA,FALSE,TRUE
2021-ORMAF-021135,1,Class B,2021-06-30T18:32:00Z,93.03555555555556,NA,NA,WF,0,2021,NA,NA,FALSE,TRUE
2021-ORMAF-021139,0.1,Class A,2021-06-27T18:04:00Z,13.719166666666666,NA,NA,WF,0,2021,NA,NA,FALSE,TRUE
2021-ORMAF-002183,1,Class B,2021-06-30T18:06:00Z,3.6,NA,NA,WF,NA,2021,NA,NA,FALSE,TRUE
2021-ORWIF-210161,0.1,Class A,2021-06-28T18:39:00Z,188.35,NA,NA,WF,0,2021,NA,NA,FALSE,TRUE
2021-ORCGF-000344,0.1,Class A,2021-06-22T19:18:00Z,23.951666666666668,NA,NA,WF,0,2021,NA,NA,FALSE,TRUE
2021-ORWIF-210167,0.1,Class A,NA,NA,NA,NA,WF,0,2021,NA,NA,FALSE,TRUE
2021-ORMAF-021122,0.1,Class A,2021-06-27T20:34:00Z,77.99916666666667,NA,NA,WF,0,2021,NA,NA,FALSE,TRUE
2021-ORCGF-000603,0.16,Class A,NA,NA,NA,NA,WF,0,2021,NA,NA,FALSE,TRUE
2021-ORWIF-210302,0.2,Class A,2021-08-12T21:28:00Z,359.94194444444446,NA,NA,WF,0,2021,NA,NA,FALSE,TRUE
2021-ORUPF-000438,0.1,Class A,NA,NA,NA,NA,WF,0,2021,NA,NA,FALSE,TRUE
2021-ORWIF-210320,0.1,Class A,2021-11-16T17:00:00Z,2611.1491666666666,NA,NA,WF,0,2021,NA,NA,FALSE,TRUE
2021-ORCGF-001033,0.4,Class B,2021-09-17T20:11:00Z,95.89222222222222,NA,NA,WF,0,2021,NA,NA,FALSE,TRUE
2021-ORCGF-000900,0.25,Class A,2021-08-29T21:48:00Z,95.05694444444444,NA,NA,WF,0,2021,NA,NA,FALSE,TRUE
2021-ORCGF-001044,0.5,Class B,2021-09-17T07:03:00Z,1.8416666666666663,NA,NA,WF,0,2021,NA,NA,FALSE,TRUE
2021-ORCGF-001072,0.1,Class A,2021-09-26T23:19:00Z,1.6666666666666667,NA,NA,WF,0,2021,NA,NA,FALSE,TRUE
2020-CALKR-001817,0.25,Class A,NA,NA,NA,NA,WF,0,2020,NA,NA,FALSE,TRUE
2023-WAMCR-000036,0.1,Class A,2023-03-06T00:25:00Z,23.416666666666668,NA,NA,WF,0,2023,NA,NA,FALSE,TRUE
2023-WAMCR-000037,0.1,Class A,2023-03-15T17:00:00Z,64,NA,NA,WF,0,2023,NA,NA,FALSE,TRUE
2023-WAMCR-000050,0.25,Class A,2023-05-09T15:52:00Z,861.3166666666667,NA,NA,WF,0,2023,NA,NA,FALSE,TRUE
2023-WAMCR-000106,0.1,Class A,2023-04-28T06:00:00Z,11.35,NA,NA,WF,0,2023,NA,NA,FALSE,TRUE
2024-ORWVR-240418,1,Class B,NA,NA,NA,NA,RX,0,2024,NA,NA,FALSE,TRUE
2024-OROCR-240361,1,Class B,NA,NA,NA,NA,RX,0,2024,NA,NA,FALSE,TRUE
2025-ORUMF-000088,0.25,Class A,2025-05-15T17:17:00Z,121.21444444444444,NA,NA,WF,0,2025,NA,NA,FALSE,TRUE
2025-OR974S-000039,2,Class B,NA,NA,NA,NA,WF,0,2025,NA,NA,FALSE,TRUE
2025-OR954S-000097,2.25,Class B,2025-05-08T22:05:00Z,527.0613888888889,NA,NA,WF,0,2025,NA,NA,FALSE,TRUE
2025-OR981S-250102,2,Class B,2025-04-24T22:19:00Z,168.69666666666666,NA,NA,WF,0,2025,NA,NA,FALSE,TRUE
2025-OR711S-043125,0.5,Class B,NA,NA,NA,NA,WF,0,2025,NA,NA,FALSE,TRUE
2025-ORPRD-000116,0.1,Class A,2025-05-12T21:03:00Z,99.86666666666666,NA,NA,WF,0,2025,NA,NA,FALSE,TRUE
2024-ORMHF-001416,50,Class C,NA,NA,NA,NA,RX,0,2024,NA,NA,FALSE,TRUE
2024-ORMHF-001426,75,Class C,NA,NA,NA,NA,RX,0,2024,NA,NA,FALSE,TRUE
2024-ORMHF-001429,14,Class C,NA,NA,NA,NA,RX,0,2024,NA,NA,FALSE,TRUE
2024-ORMHF-001430,204.99,Class D,NA,NA,NA,NA,RX,0,2024,NA,NA,FALSE,TRUE
2024-ORMHF-001524,219.99,Class D,NA,NA,NA,NA,RX,0,2024,NA,NA,FALSE,TRUE
2024-ORMHF-000015,177.99,Class D,NA,NA,NA,NA,RX,0,2024,NA,NA,FALSE,TRUE
2025-OR552S-000062,0,Class A,NA,NA,NA,NA,WF,0,2025,NA,NA,FALSE,TRUE
2025-ORWSA-000009,0.1,Class A,NA,NA,NA,NA,WF,0,2025,NA,NA,FALSE,TRUE
2025-OR974S-000076,0.1,Class A,NA,NA,NA,NA,WF,0,2025,NA,NA,FALSE,TRUE
2025-ORDEF-000158,0.1,Class A,2025-05-25T19:20:00Z,43.39944444444444,NA,NA,WF,0,2025,NA,NA,FALSE,TRUE
2025-OR733S-000505,0,Class A,NA,NA,NA,NA,WF,0,2025,NA,NA,FALSE,TRUE
2025-ORWSA-000014,0.1,Class A,NA,NA,NA,NA,WF,0,2025,NA,NA,FALSE,TRUE
2025-ORDEF-000182,0.1,Class A,2025-05-30T00:53:00Z,0.42083333333333334,NA,NA,WF,0,2025,NA,NA,FALSE,TRUE
2025-OR954S-000223,0.1,Class A,2025-05-30T20:10:00Z,1.7833333333333334,NA,NA,WF,0,2025,NA,NA,FALSE,TRUE
2025-ORCGF-000037,14.99,Class C,NA,NA,NA,NA,RX,0,2025,NA,NA,FALSE,TRUE
2025-ORCGF-000038,33,Class C,NA,NA,NA,NA,RX,0,2025,NA,NA,FALSE,TRUE
2025-ORCGF-000039,5,Class B,NA,NA,NA,NA,RX,0,2025,NA,NA,FALSE,TRUE
2025-ORDEF-000176,0.1,Class A,2025-05-29T18:43:00Z,0.23333333333333336,NA,NA,WF,0,2025,NA,NA,FALSE,TRUE
2025-ORMHF-000215,0.1,Class A,2025-05-30T00:08:00Z,1.8422222222222224,NA,NA,WF,0,2025,NA,NA,FALSE,TRUE
2025-ORMHF-000141,0.25,Class A,2025-05-27T15:00:00Z,422.0975,NA,NA,WF,0,2025,NA,NA,FALSE,TRUE
2025-OR952S-025044,1.37,Class B,2025-06-02T16:10:00Z,229.44027777777777,NA,NA,WF,0,2025,NA,NA,FALSE,TRUE
2025-ORMAF-025045,1.3,Class B,2025-06-02T22:08:00Z,195.03666666666663,NA,NA,WF,0,2025,NA,NA,FALSE,TRUE
2025-ORRSF-000064,0.1,Class A,2025-05-12T20:23:00Z,169.88333333333333,NA,NA,WF,0,2025,NA,NA,FALSE,TRUE
2025-ORRSF-000043,0.1,Class A,2025-03-28T18:10:00Z,87.64888888888889,NA,NA,WF,0,2025,NA,NA,FALSE,TRUE
2025-ORRSF-000051,0.39,Class B,2025-04-28T23:15:00Z,217.5,NA,NA,WF,0,2025,NA,NA,FALSE,TRUE
2024-ORMHF-001513,11,Class C,NA,NA,NA,NA,RX,0,2024,NA,NA,FALSE,TRUE
2025-ORRSF-000052,0.1,Class A,2025-04-23T17:32:00Z,45.833333333333336,NA,NA,WF,0,2025,NA,NA,FALSE,TRUE
2025-ORRSF-000070,0.1,Class A,2025-05-12T15:33:00Z,96.41083333333331,NA,NA,WF,0,2025,NA,NA,FALSE,TRUE
2025-ORRSF-000071,0.25,Class A,2025-05-12T15:34:00Z,92.67805555555556,NA,NA,WF,0,2025,NA,NA,FALSE,TRUE
2025-ORRSF-000082,0.1,Class A,2025-06-04T18:55:00Z,104.995,NA,NA,WF,0,2025,NA,NA,FALSE,TRUE
2025-OR582S-000052,0,Class A,NA,NA,NA,NA,WF,0,2025,NA,NA,FALSE,TRUE
2025-OR981S-250123,0.5,Class B,NA,NA,NA,NA,WF,0,2025,NA,NA,FALSE,TRUE
2025-OR954S-000241,0.04,Class A,2025-06-02T21:40:00Z,25.529444444444444,NA,NA,WF,0,2025,NA,NA,FALSE,TRUE
2025-ORDEF-000191,0.1,Class A,2025-06-05T18:39:00Z,114.4425,NA,NA,WF,0,2025,NA,NA,FALSE,TRUE
2025-ORMHF-000195,0.1,Class A,2025-05-27T22:20:00Z,0.46,NA,NA,WF,0,2025,NA,NA,FALSE,TRUE
2025-ORMHF-000221,0.1,Class A,2025-05-30T22:05:00Z,4.147222222222222,NA,NA,WF,0,2025,NA,NA,FALSE,TRUE
2025-ORMHF-000147,0.1,Class A,2025-05-19T21:19:00Z,94.4425,NA,NA,WF,0,2025,NA,NA,FALSE,TRUE
2025-OR711S-044225,0.01,Class A,NA,NA,NA,NA,WF,0,2025,NA,NA,FALSE,TRUE
2025-OR982S-250122,0.1,Class A,2025-06-10T16:27:00Z,136.02277777777778,NA,NA,WF,0,2025,NA,NA,FALSE,TRUE
2025-OR981S-250115,0.1,Class A,2025-06-10T18:20:00Z,353.5811111111111,NA,NA,WF,0,2025,NA,NA,FALSE,TRUE
2025-ORFWF-250147,1.44,Class B,NA,NA,NA,NA,WF,0,2025,NA,NA,FALSE,TRUE
2025-ORRSF-000087,0.5,Class B,2025-06-12T18:09:00Z,52.02972222222222,NA,NA,WF,0,2025,NA,NA,FALSE,TRUE
2025-OR981S-250126,0.1,Class A,2025-06-13T18:25:00Z,92.81805555555556,NA,NA,WF,0,2025,NA,NA,FALSE,TRUE
2025-ORFWF-250144,0.1,Class A,2025-06-13T19:34:00Z,53.61361111111111,NA,NA,WF,0,2025,NA,NA,FALSE,TRUE
2025-ORFWF-250146,0.1,Class A,2025-06-13T19:39:00Z,53.58361111111111,NA,NA,WF,0,2025,NA,NA,FALSE,TRUE
2025-ORFWF-250153,0.1,Class A,2025-06-12T23:52:00Z,30.795833333333334,NA,NA,WF,0,2025,NA,NA,FALSE,TRUE
2025-OR981S-250110,0.1,Class A,2025-05-07T23:00:00Z,0.6686111111111112,NA,NA,WF,0,2025,NA,NA,FALSE,TRUE
2025-ORFWF-250135,0.1,Class A,2025-06-14T17:22:00Z,89.77,NA,NA,WF,0,2025,NA,NA,FALSE,TRUE
2025-ORFWF-250149,0.1,Class A,2025-06-14T18:31:00Z,75.61305555555556,NA,NA,WF,0,2025,NA,NA,FALSE,TRUE
2025-ORFWF-250158,0.1,Class A,2025-06-14T19:35:00Z,72.50444444444445,NA,NA,WF,0,2025,NA,NA,FALSE,TRUE
2025-ORFWF-250127,0.1,Class A,2025-06-14T19:41:00Z,116.85388888888887,NA,NA,WF,0,2025,NA,NA,FALSE,TRUE
2025-ORFWF-250152,0.1,Class A,2025-06-14T19:24:00Z,75.50277777777778,NA,NA,WF,0,2025,NA,NA,FALSE,TRUE
2025-ORDEF-000241,0.1,Class A,2025-06-14T20:04:00Z,93.46972222222222,NA,NA,WF,0,2025,NA,NA,FALSE,TRUE
2025-ORFWF-250148,0.1,Class A,2025-06-15T19:41:00Z,101.21666666666668,NA,NA,WF,0,2025,NA,NA,FALSE,TRUE
2025-ORFWF-250145,0.25,Class A,2025-06-14T21:12:00Z,79.2161111111111,NA,NA,WF,0,2025,NA,NA,FALSE,TRUE
2025-OR955S-000177,2.95,Class B,2025-06-15T23:19:00Z,412.56138888888887,NA,NA,WF,0,2025,NA,NA,FALSE,TRUE
2025-ORFWF-250143,0.1,Class A,2025-06-16T18:20:00Z,134.95,NA,NA,WF,0,2025,NA,NA,FALSE,TRUE
2025-OR721S-017125,0,Class A,NA,NA,NA,NA,WF,0,2025,NA,NA,FALSE,TRUE
2025-ORMAF-002515,0.1,Class A,2025-05-22T19:05:00Z,48.013888888888886,NA,NA,WF,0,2025,NA,NA,FALSE,TRUE
2025-ORMAF-002523,0.1,Class A,2025-05-29T18:14:00Z,27.018333333333334,NA,NA,WF,0,2025,NA,NA,FALSE,TRUE
2025-ORRSF-000095,0.3,Class B,2025-06-17T23:13:00Z,143.70333333333335,NA,NA,WF,0,2025,NA,NA,FALSE,TRUE
2025-OR981S-250155,0.17,Class A,2025-06-19T18:55:00Z,192.66694444444445,NA,NA,WF,0,2025,NA,NA,FALSE,TRUE
2025-ORDEF-000215,0.1,Class A,2025-06-07T20:42:00Z,75.11666666666666,NA,NA,WF,0,2025,NA,NA,FALSE,TRUE
2025-OR981S-250154,0.1,Class A,2025-06-19T21:12:00Z,195.08972222222224,NA,NA,WF,0,2025,NA,NA,FALSE,TRUE
2025-OR955S-000213,0.1,Class A,2025-06-19T23:48:00Z,382.98777777777775,NA,NA,WF,0,2025,NA,NA,FALSE,TRUE
2025-OR973S-000122,2,Class B,NA,NA,NA,NA,WF,0,2025,NA,NA,FALSE,TRUE
2025-ORPRD-000255,1.25,Class B,2025-06-17T23:14:00Z,143.7236111111111,NA,NA,WF,0,2025,NA,NA,FALSE,TRUE
2025-ORFWF-250165,0.5,Class B,2025-06-19T21:12:00Z,168.7725,NA,NA,WF,0,2025,NA,NA,FALSE,TRUE
2025-ORFWF-250173,0,Class A,2025-06-20T19:25:00Z,94.44222222222224,NA,NA,WF,0,2025,NA,NA,FALSE,TRUE
2025-ORFWF-250159,0.1,Class A,2025-06-14T20:58:00Z,72.6613888888889,NA,NA,WF,0,2025,NA,NA,FALSE,TRUE
2025-ORWSA-000021,0.76,Class B,2025-06-17T16:00:00Z,183.80027777777775,NA,NA,WF,0,2025,NA,NA,FALSE,TRUE
2025-OR981S-250172,0.1,Class A,2025-06-22T17:38:00Z,166.52055555555555,NA,NA,WF,0,2025,NA,NA,FALSE,TRUE
2025-OR971S-000142,0.1,Class A,2025-06-20T20:44:00Z,94.01666666666668,NA,NA,WF,0,2025,NA,NA,FALSE,TRUE
2025-OR772S-000076,0.01,Class A,NA,NA,NA,NA,WF,0,2025,NA,NA,FALSE,TRUE
2025-ORPRD-000303,0.25,Class A,2025-06-23T20:50:00Z,121.1875,NA,NA,WF,0,2025,NA,NA,FALSE,TRUE
2025-OR711S-047825,0.59,Class B,NA,NA,NA,NA,WF,0,2025,NA,NA,FALSE,TRUE
2025-OR981S-250121,0.75,Class B,2025-06-12T23:13:00Z,214.6,NA,NA,WF,0,2025,NA,NA,FALSE,TRUE
2025-OR711S-045025,0,Class A,NA,NA,NA,NA,WF,0,2025,NA,NA,FALSE,TRUE
2025-OR711S-044725,0.34,Class B,NA,NA,NA,NA,WF,0,2025,NA,NA,FALSE,TRUE
2025-OR733S-000593,3.5,Class B,NA,NA,NA,NA,WF,0,2025,NA,NA,FALSE,TRUE
2025-OR732S-000551,0.01,Class A,NA,NA,NA,NA,WF,0,2025,NA,NA,FALSE,TRUE
2025-OR731S-000514,0.25,Class A,NA,NA,NA,NA,WF,0,2025,NA,NA,FALSE,TRUE
2025-OR733S-000517,1.7,Class B,NA,NA,NA,NA,WF,0,2025,NA,NA,FALSE,TRUE
2025-ORROD-731519,0,Class A,NA,NA,NA,NA,WF,0,2025,NA,NA,FALSE,TRUE
2025-ORDEF-000329,0.1,Class A,2025-06-26T17:22:00Z,20.040555555555557,NA,NA,WF,0,2025,NA,NA,FALSE,TRUE
2025-OR981S-250108,0.1,Class A,NA,NA,NA,NA,WF,0,2025,NA,NA,FALSE,TRUE
2025-ORDEF-000312,0.41,Class B,2025-06-26T16:30:00Z,96.33305555555556,NA,NA,WF,0,2025,NA,NA,FALSE,TRUE
2025-ORWSA-000035,4.5,Class B,NA,NA,NA,NA,WF,0,2025,NA,NA,FALSE,TRUE
2025-OR733S-000520,0.08,Class A,NA,NA,NA,NA,WF,0,2025,NA,NA,FALSE,TRUE
2025-OR732S-000523,47.83,Class C,NA,NA,NA,NA,WF,0,2025,NA,NA,FALSE,TRUE
2025-OR733S-000529,0,Class A,NA,NA,NA,NA,WF,0,2025,NA,NA,FALSE,TRUE
2025-OR733S-000618,0,Class A,NA,NA,NA,NA,WF,0,2025,NA,NA,FALSE,TRUE
2025-OR732S-000588,0,Class A,NA,NA,NA,NA,WF,0,2025,NA,NA,FALSE,TRUE
2025-OR971S-000158,0.1,Class A,NA,NA,NA,NA,WF,0,2025,NA,NA,FALSE,TRUE
2025-OR973S-000151,1.3,Class B,2025-06-29T18:35:00Z,242.3,NA,NA,WF,0,2025,NA,NA,FALSE,TRUE
2024-ORUPF-240232,6378.22,Class G,2024-11-19T14:00:00Z,2999.9,NA,NA,WF,0,2024,NA,NA,FALSE,TRUE
2024-ORUPF-240254,550.2,Class E,2024-10-28T19:30:00Z,2470.781111111111,NA,NA,WF,0,2024,NA,NA,FALSE,TRUE
2024-ORUPF-240260,3198.18,Class F,2024-11-19T20:00:00Z,2997.527777777778,NA,NA,WF,0,2024,NA,NA,FALSE,TRUE
2024-ORUPF-240282,2148.5,Class F,2024-11-19T20:00:00Z,2976.842222222222,NA,NA,WF,0,2024,NA,NA,FALSE,TRUE
2024-ORUPF-240226,3429.3,Class F,2024-11-19T20:00:00Z,3016.2555555555555,NA,NA,WF,0,2024,NA,NA,FALSE,TRUE
2025-ORMAF-025057,0.1,Class A,2025-06-14T18:03:00Z,49.42916666666667,NA,NA,WF,0,2025,NA,NA,FALSE,TRUE
2025-ORWSA-000032,0.4,Class B,2025-06-29T19:11:00Z,156.21666666666667,NA,NA,WF,0,2025,NA,NA,FALSE,TRUE
2025-OR982S-250187,0.1,Class A,2025-06-30T19:01:00Z,116.1375,NA,NA,WF,0,2025,NA,NA,FALSE,TRUE
2025-ORMHF-000433,0.1,Class A,2025-06-28T22:23:00Z,4.850555555555555,NA,NA,WF,0,2025,NA,NA,FALSE,TRUE
2025-OR721S-013625,0.67,Class B,NA,NA,NA,NA,WF,0,2025,NA,NA,FALSE,TRUE
2025-ORMHF-000445,0.1,Class A,2025-06-29T20:51:00Z,1.4505555555555556,NA,NA,WF,0,2025,NA,NA,FALSE,TRUE
2025-ORWIF-250152,0.1,Class A,2025-07-01T20:49:00Z,2.0833333333333335,NA,NA,WF,0,2025,NA,NA,FALSE,TRUE
2025-OR954S-000265,2.95,Class B,2025-07-01T21:55:00Z,672.8302777777777,NA,NA,WF,0,2025,NA,NA,FALSE,TRUE
2025-OR981S-250177,1.08,Class B,2025-06-26T22:32:00Z,145.68333333333334,NA,NA,WF,0,2025,NA,NA,FALSE,TRUE
2025-ORPRD-000212,37.08,Class C,2025-06-10T23:40:00Z,168.18666666666667,NA,NA,WF,0,2025,NA,NA,FALSE,TRUE
2025-ORDEF-000368,0.1,Class A,2025-07-02T15:05:00Z,18.65111111111111,NA,NA,WF,0,2025,NA,NA,FALSE,TRUE
2025-OR981S-250188,0.1,Class A,2025-07-02T20:00:00Z,118.6986111111111,NA,NA,WF,0,2025,NA,NA,FALSE,TRUE
2025-ORPRD-000332,1.4,Class B,2025-07-02T21:39:00Z,143.75,NA,NA,WF,0,2025,NA,NA,FALSE,TRUE
2025-OR771S-000002,0,Class A,NA,NA,NA,NA,WF,0,2025,NA,NA,FALSE,TRUE
2025-OR731S-000554,0.01,Class A,NA,NA,NA,NA,WF,0,2025,NA,NA,FALSE,TRUE
2025-OR731S-000545,0.01,Class A,NA,NA,NA,NA,WF,0,2025,NA,NA,FALSE,TRUE
2025-OR733S-000568,0,Class A,NA,NA,NA,NA,WF,0,2025,NA,NA,FALSE,TRUE
2025-ORFWF-250183,1.99,Class B,2025-06-29T20:50:00Z,122.91666666666669,NA,NA,WF,0,2025,NA,NA,FALSE,TRUE
2025-ORWIF-250154,0.1,Class A,2025-07-03T19:00:00Z,40.983333333333334,NA,NA,WF,0,2025,NA,NA,FALSE,TRUE
2025-ORWIF-250143,0.1,Class A,2025-06-24T18:25:00Z,3.1944444444444446,NA,NA,WF,0,2025,NA,NA,FALSE,TRUE
2025-ORDEF-000360,0.1,Class A,2025-07-02T22:56:00Z,31.316666666666663,NA,NA,WF,0,2025,NA,NA,FALSE,TRUE
2025-OR974S-000192,1.25,Class B,NA,NA,NA,NA,WF,0,2025,NA,NA,FALSE,TRUE
2025-ORWIF-250158,0.1,Class A,2025-07-04T15:55:00Z,46.6,NA,NA,WF,0,2025,NA,NA,FALSE,TRUE
2025-ORDEF-000361,0.1,Class A,2025-07-04T19:37:00Z,74.64222222222222,NA,NA,WF,0,2025,NA,NA,FALSE,TRUE
2025-ORWSA-000049,0.1,Class A,NA,NA,NA,NA,WF,0,2025,NA,NA,FALSE,TRUE
2025-ORWSA-000054,0.1,Class A,NA,NA,NA,NA,WF,0,2025,NA,NA,FALSE,TRUE
2025-ORDEF-000359,0.32,Class B,2025-07-03T19:05:00Z,61.8,NA,NA,WF,0,2025,NA,NA,FALSE,TRUE
2025-ORDEF-000363,0.1,Class A,2025-07-03T22:01:00Z,52.05,NA,NA,WF,0,2025,NA,NA,FALSE,TRUE
2025-OR954S-000207,2.98,Class B,2025-07-05T20:16:00Z,909.57,NA,NA,WF,0,2025,NA,NA,FALSE,TRUE
2025-ORPRD-000273,14.67,Class C,2025-07-05T21:59:00Z,527.2041666666667,NA,NA,WF,0,2025,NA,NA,FALSE,TRUE
2025-OR982S-250251,0.1,Class A,NA,NA,NA,NA,WF,0,2025,NA,NA,FALSE,TRUE
2025-ORFWF-250210,0.1,Class A,2025-07-06T00:51:00Z,104.14916666666667,NA,NA,WF,0,2025,NA,NA,FALSE,TRUE
2025-OR982S-250272,0.1,Class A,NA,NA,NA,NA,WF,0,2025,NA,NA,FALSE,TRUE
2025-ORDEF-000398,0.1,Class A,2025-07-04T21:56:00Z,46.6,NA,NA,WF,0,2025,NA,NA,FALSE,TRUE
2025-ORUPF-250180,1,Class B,2025-07-04T19:06:00Z,66.89416666666666,NA,NA,WF,0,2025,NA,NA,FALSE,TRUE
2025-ORFWF-250260,0.1,Class A,2025-07-06T18:52:00Z,47.93972222222222,NA,NA,WF,0,2025,NA,NA,FALSE,TRUE
2025-ORUPF-250177,0.1,Class A,2025-07-03T21:07:00Z,51.37305555555555,NA,NA,WF,0,2025,NA,NA,FALSE,TRUE
2025-ORFWF-250118,43.05,Class C,2025-07-06T21:00:00Z,837.6166666666667,NA,NA,WF,0,2025,NA,NA,FALSE,TRUE
2025-ORFWF-250198,0.1,Class A,2025-07-06T22:30:00Z,140.61944444444444,NA,NA,WF,0,2025,NA,NA,FALSE,TRUE
2025-ORFWF-250258,0.1,Class A,2025-07-06T22:50:00Z,52.73555555555556,NA,NA,WF,0,2025,NA,NA,FALSE,TRUE
2025-ORFWF-250231,0.25,Class A,2025-07-06T00:05:00Z,52.29416666666667,NA,NA,WF,0,2025,NA,NA,FALSE,TRUE
2025-ORWSA-000039,0.1,Class A,2025-07-05T16:28:00Z,102.9,NA,NA,WF,0,2025,NA,NA,FALSE,TRUE
2025-ORLAD-250193,0.1,Class A,2025-07-07T17:50:00Z,160.79555555555555,NA,NA,WF,0,2025,NA,NA,FALSE,TRUE
2025-OR982S-250248,0.1,Class A,2025-07-07T19:18:00Z,76.2,NA,NA,WF,0,2025,NA,NA,FALSE,TRUE
2025-ORFWF-250253,0.1,Class A,2025-07-07T19:32:00Z,74.30666666666667,NA,NA,WF,0,2025,NA,NA,FALSE,TRUE
2025-OR974S-000131,0.1,Class A,NA,NA,NA,NA,WF,0,2025,NA,NA,FALSE,TRUE
2025-OR952S-025095,0.1,Class A,2025-07-07T19:13:00Z,77.13333333333334,NA,NA,WF,0,2025,NA,NA,FALSE,TRUE
2025-ORWSA-000051,0.1,Class A,2025-07-07T19:38:00Z,62.94222222222222,NA,NA,WF,0,2025,NA,NA,FALSE,TRUE
2025-ORWSA-000057,0.1,Class A,2025-07-07T19:38:00Z,61.73583333333333,NA,NA,WF,0,2025,NA,NA,FALSE,TRUE
2025-ORWSA-000046,0.1,Class A,2025-07-07T19:38:00Z,65.36527777777778,NA,NA,WF,0,2025,NA,NA,FALSE,TRUE
2025-ORWSA-000047,0.1,Class A,2025-07-06T17:54:00Z,38.40805555555555,NA,NA,WF,0,2025,NA,NA,FALSE,TRUE
2025-ORWSA-000048,0.1,Class A,2025-07-07T19:38:00Z,63.528888888888886,NA,NA,WF,0,2025,NA,NA,FALSE,TRUE
2025-ORWSA-000050,0.1,Class A,2025-07-06T19:38:00Z,38.983333333333334,NA,NA,WF,0,2025,NA,NA,FALSE,TRUE
2025-ORWSA-000052,0.1,Class A,2025-07-07T19:25:00Z,62.58361111111111,NA,NA,WF,0,2025,NA,NA,FALSE,TRUE
2025-ORWSA-000055,0.1,Class A,2025-07-07T19:25:00Z,61.992222222222225,NA,NA,WF,0,2025,NA,NA,FALSE,TRUE
2025-ORWSA-000061,0.1,Class A,2025-07-07T19:38:00Z,60.111666666666665,NA,NA,WF,0,2025,NA,NA,FALSE,TRUE
2025-OR981S-250205,0.1,Class A,2025-07-07T21:01:00Z,161.72472222222223,NA,NA,WF,0,2025,NA,NA,FALSE,TRUE
2025-OR981S-250225,0.1,Class A,2025-07-07T21:15:00Z,138.41583333333332,NA,NA,WF,0,2025,NA,NA,FALSE,TRUE
2025-OR981S-250206,0.1,Class A,2025-07-07T21:57:00Z,152.77416666666667,NA,NA,WF,0,2025,NA,NA,FALSE,TRUE
2025-OR981S-250207,0.1,Class A,2025-07-07T22:50:00Z,152.5547222222222,NA,NA,WF,0,2025,NA,NA,FALSE,TRUE
2025-ORWSA-000053,0.1,Class A,2025-07-07T19:38:00Z,62.54527777777778,NA,NA,WF,0,2025,NA,NA,FALSE,TRUE
2025-ORDEF-000389,0.27,Class B,2025-07-04T23:37:00Z,53.96666666666667,NA,NA,WF,0,2025,NA,NA,FALSE,TRUE
2025-ORDEF-000387,0.1,Class A,2025-07-04T23:39:00Z,55.61666666666667,NA,NA,WF,0,2025,NA,NA,FALSE,TRUE
2025-ORDEF-000430,0.1,Class A,2025-07-07T21:50:00Z,74.2075,NA,NA,WF,0,2025,NA,NA,FALSE,TRUE
2025-OR981S-250267,0.1,Class A,2025-07-08T18:06:00Z,91.96722222222222,NA,NA,WF,0,2025,NA,NA,FALSE,TRUE
2025-OR981S-250261,0.1,Class A,2025-07-08T19:08:00Z,95.7625,NA,NA,WF,0,2025,NA,NA,FALSE,TRUE
2025-ORMAF-002546,0.1,Class A,2025-06-29T22:05:00Z,142.56277777777777,NA,NA,WF,0,2025,NA,NA,FALSE,TRUE
2025-ORWIF-250161,0.1,Class A,2025-07-09T14:03:00Z,162.0413888888889,NA,NA,WF,0,2025,NA,NA,FALSE,TRUE
2025-ORFWF-250273,0.1,Class A,2025-07-09T17:04:00Z,99.00916666666669,NA,NA,WF,0,2025,NA,NA,FALSE,TRUE
2025-OR982S-250281,1.64,Class B,2025-07-08T17:30:00Z,68.83083333333333,NA,NA,WF,0,2025,NA,NA,FALSE,TRUE
2025-ORFWF-250265,0.1,Class A,2025-07-09T18:02:00Z,116.89777777777778,NA,NA,WF,0,2025,NA,NA,FALSE,TRUE
2025-ORFWF-250239,0.1,Class A,2025-07-09T18:04:00Z,134.79555555555555,NA,NA,WF,0,2025,NA,NA,FALSE,TRUE
2025-OR981S-250202,0.1,Class A,2025-07-09T18:12:00Z,207.38333333333333,NA,NA,WF,0,2025,NA,NA,FALSE,TRUE
2025-OR981S-250186,0.12,Class A,2025-07-09T18:24:00Z,332.31666666666666,NA,NA,WF,0,2025,NA,NA,FALSE,TRUE
2025-ORFWF-250250,0.1,Class A,2025-07-09T18:36:00Z,123.11666666666666,NA,NA,WF,0,2025,NA,NA,FALSE,TRUE
2025-ORFWF-250247,0.1,Class A,2025-07-09T18:42:00Z,123.61138888888888,NA,NA,WF,0,2025,NA,NA,FALSE,TRUE
2025-ORFWF-250254,0.1,Class A,2025-07-09T18:48:00Z,121.36361111111113,NA,NA,WF,0,2025,NA,NA,FALSE,TRUE
2025-ORFWF-250270,0.1,Class A,2025-07-09T18:55:00Z,115.80166666666666,NA,NA,WF,0,2025,NA,NA,FALSE,TRUE
2025-OR981S-250201,0.1,Class A,2025-07-09T19:20:00Z,208.6002777777778,NA,NA,WF,0,2025,NA,NA,FALSE,TRUE
2025-ORFWF-250266,0.1,Class A,2025-07-09T20:05:00Z,118.23388888888888,NA,NA,WF,0,2025,NA,NA,FALSE,TRUE
2025-ORFWF-250242,0.1,Class A,2025-07-09T20:14:00Z,136.75,NA,NA,WF,0,2025,NA,NA,FALSE,TRUE
2025-ORDEF-000439,0.25,Class A,2025-07-09T20:15:00Z,117.2238888888889,NA,NA,WF,0,2025,NA,NA,FALSE,TRUE
2025-OR952S-025110,0.01,Class A,2025-07-09T20:23:00Z,97.65416666666668,NA,NA,WF,0,2025,NA,NA,FALSE,TRUE
2025-OR952S-025101,0.1,Class A,2025-07-09T21:14:00Z,114.75083333333332,NA,NA,WF,0,2025,NA,NA,FALSE,TRUE
2025-OR952S-025104,0.1,Class A,2025-07-09T22:14:00Z,111.81666666666666,NA,NA,WF,0,2025,NA,NA,FALSE,TRUE
2025-ORMAF-025096,0.1,Class A,2025-07-07T22:46:00Z,80.33972222222222,NA,NA,WF,0,2025,NA,NA,FALSE,TRUE
2025-ORMAF-025108,0.1,Class A,2025-07-10T01:28:00Z,104.66888888888889,NA,NA,WF,0,2025,NA,NA,FALSE,TRUE
2025-ORMAF-025056,0.1,Class A,2025-06-13T22:05:00Z,29.482222222222223,NA,NA,WF,0,2025,NA,NA,FALSE,TRUE
2025-ORUPF-250185,0.1,Class A,2025-07-07T20:25:00Z,116.41666666666669,NA,NA,WF,0,2025,NA,NA,FALSE,TRUE
2025-OR733S-000534,0,Class A,NA,NA,NA,NA,WF,0,2025,NA,NA,FALSE,TRUE
2025-OR733S-000626,32,Class C,NA,NA,NA,NA,WF,0,2025,NA,NA,FALSE,TRUE
2025-ORWIF-250156,0.1,Class A,2025-07-09T23:22:00Z,188.56222222222223,NA,NA,WF,0,2025,NA,NA,FALSE,TRUE
2025-OR731S-000614,0.01,Class A,NA,NA,NA,NA,WF,0,2025,NA,NA,FALSE,TRUE
2025-OR981S-250214,0.11,Class A,2025-07-10T21:56:00Z,217.56527777777777,NA,NA,WF,0,2025,NA,NA,FALSE,TRUE
2025-ORWIF-250170,0.1,Class A,2025-07-09T19:09:00Z,92.15,NA,NA,WF,0,2025,NA,NA,FALSE,TRUE
2025-ORFWF-250294,0.25,Class A,2025-07-11T18:20:00Z,113.13777777777776,NA,NA,WF,0,2025,NA,NA,FALSE,TRUE
2025-ORDEF-000442,0.1,Class A,2025-07-11T19:58:00Z,162.75194444444443,NA,NA,WF,0,2025,NA,NA,FALSE,TRUE
2025-ORWIF-250160,3.4,Class B,2025-07-11T21:25:00Z,217.51666666666668,NA,NA,WF,0,2025,NA,NA,FALSE,TRUE
2025-OR981S-250213,0.18,Class A,2025-07-11T21:28:00Z,241.31472222222223,NA,NA,WF,0,2025,NA,NA,FALSE,TRUE
2025-ORDEF-000458,0.61,Class B,2025-07-11T22:00:00Z,146.01666666666668,NA,NA,WF,0,2025,NA,NA,FALSE,TRUE
2025-ORDEF-000476,0.1,Class A,2025-07-11T22:10:00Z,122.71277777777776,NA,NA,WF,0,2025,NA,NA,FALSE,TRUE
2025-ORFWF-250276,0.1,Class A,2025-07-11T23:35:00Z,149.63416666666666,NA,NA,WF,0,2025,NA,NA,FALSE,TRUE
2025-OR553S-000037,0,Class A,NA,NA,NA,NA,WF,0,2025,NA,NA,FALSE,TRUE
2025-ORFWF-250283,0.4,Class B,2025-07-12T20:52:00Z,167.0725,NA,NA,WF,0,2025,NA,NA,FALSE,TRUE
2025-ORRSF-000181,0.2,Class A,2025-07-11T03:15:00Z,57.09583333333333,NA,NA,WF,0,2025,NA,NA,FALSE,TRUE
2025-ORMHF-000592,0.01,Class A,2025-07-12T22:05:00Z,22.139444444444443,NA,NA,WF,0,2025,NA,NA,FALSE,TRUE
2025-ORRSF-000049,0.1,Class A,2025-04-15T22:57:00Z,1.3055555555555556,NA,NA,WF,0,2025,NA,NA,FALSE,TRUE
2025-ORRSF-000162,3,Class B,2025-07-12T23:01:00Z,104.76666666666668,NA,NA,WF,0,2025,NA,NA,FALSE,TRUE
2025-ORWSA-000045,0.5,Class B,2025-07-13T00:45:00Z,211.35,NA,NA,WF,0,2025,NA,NA,FALSE,TRUE
2025-ORWSA-000063,0.1,Class A,2025-07-13T00:59:00Z,176.1025,NA,NA,WF,0,2025,NA,NA,FALSE,TRUE
2025-ORDEF-000425,0.1,Class A,2025-07-07T21:15:00Z,75.53333333333333,NA,NA,WF,0,2025,NA,NA,FALSE,TRUE
2025-ORDEF-000451,0.1,Class A,NA,NA,NA,NA,WF,0,2025,NA,NA,FALSE,TRUE
2025-ORDEF-000507,0.1,Class A,2025-07-12T22:20:00Z,91.76944444444445,NA,NA,WF,0,2025,NA,NA,FALSE,TRUE
2025-OR952S-025032,0.93,Class B,2025-05-01T23:00:00Z,24.236944444444443,NA,NA,WF,0,2025,NA,NA,FALSE,TRUE
2025-OR952S-025028,7.93,Class B,2025-05-02T19:00:00Z,115.38333333333334,NA,NA,WF,0,2025,NA,NA,FALSE,TRUE
2025-ORFWF-250249,2.74,Class B,2025-07-13T21:20:00Z,222.07222222222225,NA,NA,WF,0,2025,NA,NA,FALSE,TRUE
2025-OR974S-000178,1,Class B,NA,NA,NA,NA,WF,0,2025,NA,NA,FALSE,TRUE
2025-OR982S-250199,0.15,Class A,2025-07-13T23:01:00Z,309.0061111111111,NA,NA,WF,0,2025,NA,NA,FALSE,TRUE
2025-ORRSF-000159,0.52,Class B,2025-07-13T23:35:00Z,129.35305555555556,NA,NA,WF,0,2025,NA,NA,FALSE,TRUE
2025-ORMHF-000465,0.1,Class A,2025-07-11T23:00:00Z,261.5125,NA,NA,WF,0,2025,NA,NA,FALSE,TRUE
2025-ORMHF-000613,0.1,Class A,2025-07-13T22:43:00Z,0.1,NA,NA,WF,0,2025,NA,NA,FALSE,TRUE
2025-ORMHF-000618,0.1,Class A,2025-07-14T00:37:00Z,0.4619444444444445,NA,NA,WF,0,2025,NA,NA,FALSE,TRUE
2025-ORDEF-000165,0.18,Class A,2025-05-29T18:23:00Z,73.71222222222222,NA,NA,WF,0,2025,NA,NA,FALSE,TRUE
2025-ORPRD-000423,0.1,Class A,2025-07-07T20:26:00Z,75.16583333333334,NA,NA,WF,0,2025,NA,NA,FALSE,TRUE
2025-ORFWF-250324,0.1,Class A,2025-07-14T19:36:00Z,17.85472222222222,NA,NA,WF,0,2025,NA,NA,FALSE,TRUE
2025-ORFWF-250301,0.63,Class B,2025-07-14T19:54:00Z,160.94916666666666,NA,NA,WF,0,2025,NA,NA,FALSE,TRUE
2025-ORDEF-000228,0.1,Class A,2025-06-09T19:36:00Z,45.907222222222224,NA,NA,WF,0,2025,NA,NA,FALSE,TRUE
2025-ORUMF-000215,0.1,Class A,2025-07-14T21:32:00Z,127.06666666666666,NA,NA,WF,0,2025,NA,NA,FALSE,TRUE
2025-OR981S-250228,4.4,Class B,2025-07-14T21:45:00Z,289.0675,NA,NA,WF,0,2025,NA,NA,FALSE,TRUE
2025-OR981S-250215,1.5,Class B,2025-07-14T22:04:00Z,313.44944444444445,NA,NA,WF,0,2025,NA,NA,FALSE,TRUE
2025-ORWSA-000062,0.1,Class A,NA,NA,NA,NA,WF,0,2025,NA,NA,FALSE,TRUE
2025-OR711S-009926,6.4,Class B,NA,NA,NA,NA,WF,0,2025,NA,NA,FALSE,TRUE
2025-ORMHF-000625,0.1,Class A,2025-07-14T22:23:00Z,0.13333333333333333,NA,NA,WF,0,2025,NA,NA,FALSE,TRUE
2025-ORMAF-002574,0.5,Class B,2025-07-07T14:53:00Z,37.780833333333334,NA,NA,WF,0,2025,NA,NA,FALSE,TRUE
2025-ORMAF-002555,0.1,Class A,2025-07-08T04:14:00Z,130.1536111111111,NA,NA,WF,0,2025,NA,NA,FALSE,TRUE
2025-ORMAF-002571,1.35,Class B,2025-07-11T18:48:00Z,142.49444444444444,NA,NA,WF,0,2025,NA,NA,FALSE,TRUE
2025-ORFWF-250328,0.1,Class A,2025-07-15T18:15:00Z,39.480555555555554,NA,NA,WF,0,2025,NA,NA,FALSE,TRUE
2025-ORPRD-000416,0.2,Class A,2025-07-11T20:00:00Z,171.50027777777777,NA,NA,WF,0,2025,NA,NA,FALSE,TRUE
2025-OR772S-000013,0,Class A,NA,NA,NA,NA,WF,0,2025,NA,NA,FALSE,TRUE
2025-OR981S-250310,1,Class B,2025-07-15T21:55:00Z,171.32305555555556,NA,NA,WF,0,2025,NA,NA,FALSE,TRUE
2025-ORMHF-000633,0.1,Class A,2025-07-15T19:24:00Z,0.9361111111111112,NA,NA,WF,0,2025,NA,NA,FALSE,TRUE
2025-ORMAF-025126,0.1,Class A,2025-07-10T23:02:00Z,47.13333333333333,NA,NA,WF,0,2025,NA,NA,FALSE,TRUE
2025-OR711S-002926,0.1,Class A,NA,NA,NA,NA,WF,0,2025,NA,NA,FALSE,TRUE
2025-ORPRD-000504,0.1,Class A,2025-07-11T20:28:00Z,66.79777777777778,NA,NA,WF,0,2025,NA,NA,FALSE,TRUE
2025-ORWIF-250199,0.1,Class A,2025-07-16T19:34:00Z,43.60166666666667,NA,NA,WF,0,2025,NA,NA,FALSE,TRUE
2025-OR981S-250269,0.2,Class A,2025-07-16T21:36:00Z,286.8677777777778,NA,NA,WF,0,2025,NA,NA,FALSE,TRUE
2025-OR711S-012426,0.35,Class B,NA,NA,NA,NA,WF,0,2025,NA,NA,FALSE,TRUE
2025-ORDEF-000485,2.9,Class B,2025-07-16T20:33:00Z,216.33333333333337,NA,NA,WF,0,2025,NA,NA,FALSE,TRUE
2025-OR981S-250341,0.89,Class B,NA,NA,NA,NA,WF,0,2025,NA,NA,FALSE,TRUE
2025-OR520S-521009,1.7,Class B,NA,NA,NA,NA,WF,0,2025,NA,NA,FALSE,TRUE
2025-ORFWF-250307,0.32,Class B,2025-07-17T20:18:00Z,219.57694444444445,NA,NA,WF,0,2025,NA,NA,FALSE,TRUE
2025-ORWSA-000065,0.1,Class A,NA,NA,NA,NA,WF,0,2025,NA,NA,FALSE,TRUE
2025-OR981S-250189,30.37,Class C,2025-07-17T20:58:00Z,454.6,NA,NA,WF,0,2025,NA,NA,FALSE,TRUE
2025-OR981S-250309,0.83,Class B,2025-07-17T21:00:00Z,218.45138888888889,NA,NA,WF,0,2025,NA,NA,FALSE,TRUE
2025-OR954S-000648,0.01,Class A,NA,NA,NA,NA,WF,0,2025,NA,NA,FALSE,TRUE
2025-ORWSA-000036,0.1,Class A,2025-07-01T18:58:00Z,85.13333333333334,NA,NA,WF,0,2025,NA,NA,FALSE,TRUE
2025-OR982S-250227,1.9,Class B,2025-07-16T23:20:00Z,339.2941666666667,NA,NA,WF,0,2025,NA,NA,FALSE,TRUE
2025-OR772S-000016,0.02,Class A,NA,NA,NA,NA,WF,0,2025,NA,NA,FALSE,TRUE
2025-ORMAF-025118,0.3,Class B,2025-07-14T21:06:00Z,193.80694444444444,NA,NA,WF,0,2025,NA,NA,FALSE,TRUE
2025-ORMAF-025129,0.1,Class A,2025-07-15T22:13:00Z,163.95083333333332,NA,NA,WF,0,2025,NA,NA,FALSE,TRUE
2025-ORPRD-000418,0.1,Class A,2025-07-04T22:50:00Z,6.183333333333334,NA,NA,WF,0,2025,NA,NA,FALSE,TRUE
2025-ORPRD-000117,0.1,Class A,2025-05-08T21:40:00Z,1.2966666666666666,NA,NA,WF,0,2025,NA,NA,FALSE,TRUE
2025-ORPRD-000409,2,Class B,2025-07-07T17:15:00Z,84.1438888888889,NA,NA,WF,0,2025,NA,NA,FALSE,TRUE
2025-OR951S-000454,3.97,Class B,2025-07-20T22:05:00Z,363,NA,NA,WF,0,2025,NA,NA,FALSE,TRUE
2025-OR532S-2553200726,0,Class A,NA,NA,NA,NA,WF,0,2025,NA,NA,FALSE,TRUE
2025-ORPRD-000286,1,Class B,NA,NA,NA,NA,WF,0,2025,NA,NA,FALSE,TRUE
2025-ORPRD-000299,2,Class B,2025-06-19T23:23:00Z,53.27361111111111,NA,NA,WF,0,2025,NA,NA,FALSE,TRUE
2025-ORPRD-000254,34.66,Class C,2025-07-11T02:53:00Z,700.3833333333333,NA,NA,WF,0,2025,NA,NA,FALSE,TRUE
2025-ORPRD-000175,1,Class B,2025-06-15T23:20:00Z,413.31666666666666,NA,NA,WF,0,2025,NA,NA,FALSE,TRUE
2025-ORPRD-000167,2,Class B,2025-06-15T23:22:00Z,482.65527777777777,NA,NA,WF,0,2025,NA,NA,FALSE,TRUE
2025-ORFWF-250304,9.14,Class B,2025-07-21T19:50:00Z,326.545,NA,NA,WF,0,2025,NA,NA,FALSE,TRUE
2025-ORLAD-250296,0.1,Class A,NA,NA,NA,NA,WF,0,2025,NA,NA,FALSE,TRUE
2025-OR772S-000022,0,Class A,NA,NA,NA,NA,WF,0,2025,NA,NA,FALSE,TRUE
2025-OR954S-000555,0.1,Class A,2025-07-22T18:18:00Z,339.195,NA,NA,WF,0,2025,NA,NA,FALSE,TRUE
2025-OR954S-000661,0.8,Class B,2025-07-22T18:56:00Z,96.38333333333334,NA,NA,WF,0,2025,NA,NA,FALSE,TRUE
2025-OR981S-250322,0.79,Class B,2025-07-22T19:40:00Z,211.7861111111111,NA,NA,WF,0,2025,NA,NA,FALSE,TRUE
2025-OR981S-250278,0.1,Class A,2025-07-22T19:43:00Z,408.3538888888889,NA,NA,WF,0,2025,NA,NA,FALSE,TRUE
2025-OR954S-000701,0.1,Class A,2025-07-22T17:38:00Z,0.35,NA,NA,WF,0,2025,NA,NA,FALSE,TRUE
2025-OR981S-250348,0.1,Class A,2025-07-22T20:43:00Z,68.48611111111111,NA,NA,WF,0,2025,NA,NA,FALSE,TRUE
2025-OR981S-250263,0.1,Class A,2025-07-22T20:46:00Z,432.9558333333333,NA,NA,WF,0,2025,NA,NA,FALSE,TRUE
2025-OR954S-000573,0.5,Class B,2025-07-14T23:43:00Z,119.19,NA,NA,WF,0,2025,NA,NA,FALSE,TRUE
2025-ORMHF-000595,0.1,Class A,2025-07-13T19:30:00Z,28.4075,NA,NA,WF,0,2025,NA,NA,FALSE,TRUE
2025-OR981S-250318,0.23,Class A,2025-07-22T23:47:00Z,293.30611111111114,NA,NA,WF,0,2025,NA,NA,FALSE,TRUE
2025-ORUMA-000250,1,Class B,NA,NA,NA,NA,WF,0,2025,NA,NA,FALSE,TRUE
2025-OR711S-049325,0,Class A,NA,NA,NA,NA,WF,0,2025,NA,NA,FALSE,TRUE
2025-OR771S-000015,0,Class A,NA,NA,NA,NA,WF,0,2025,NA,NA,FALSE,TRUE
2025-ORFWF-250343,0.85,Class B,2025-07-23T19:30:00Z,115.71277777777776,NA,NA,WF,0,2025,NA,NA,FALSE,TRUE
2025-OR972S-000240,0.1,Class A,NA,NA,NA,NA,WF,0,2025,NA,NA,FALSE,TRUE
2025-ORUPF-250193,0.1,Class A,2025-07-21T20:28:00Z,382.45,NA,NA,WF,0,2025,NA,NA,FALSE,TRUE
2025-ORUPF-250187,0.1,Class A,2025-07-21T20:15:00Z,404.28333333333336,NA,NA,WF,0,2025,NA,NA,FALSE,TRUE
2025-OR955S-000587,0.1,Class A,2025-07-24T17:00:00Z,73.99,NA,NA,WF,0,2025,NA,NA,FALSE,TRUE
2025-OR955S-000453,0.25,Class A,2025-07-24T17:01:00Z,454.15,NA,NA,WF,0,2025,NA,NA,FALSE,TRUE
2025-ORWWF-250118,0.1,Class A,2025-07-19T19:15:00Z,356.2,NA,NA,WF,0,2025,NA,NA,FALSE,TRUE
2025-OR982S-250326,1.16,Class B,2025-07-24T20:00:00Z,258.12166666666667,NA,NA,WF,0,2025,NA,NA,FALSE,TRUE
2025-ORRSF-000156,0.1,Class A,2025-07-09T16:30:00Z,35.19694444444445,NA,NA,WF,0,2025,NA,NA,FALSE,TRUE
2025-ORRSF-000172,0.1,Class A,2025-07-09T14:24:00Z,22.40194444444445,NA,NA,WF,0,2025,NA,NA,FALSE,TRUE
2025-ORRSF-000187,0.25,Class A,2025-07-11T22:16:00Z,75.63555555555556,NA,NA,WF,0,2025,NA,NA,FALSE,TRUE
2025-OR956S-025146,0.1,Class A,NA,NA,NA,NA,WF,0,2025,NA,NA,FALSE,TRUE
2025-ORFWF-250200,0.1,Class A,2025-07-06T19:45:00Z,137.08333333333334,NA,NA,WF,0,2025,NA,NA,FALSE,TRUE
2025-ORFWF-250243,0.1,Class A,2025-07-07T20:37:00Z,88.67472222222223,NA,NA,WF,0,2025,NA,NA,FALSE,TRUE
2025-ORLAD-250116,0.1,Class A,2025-06-05T21:54:00Z,174.72861111111112,NA,NA,WF,0,2025,NA,NA,FALSE,TRUE
2025-ORLAD-250142,0.1,Class A,2025-06-15T16:44:00Z,109.79333333333334,NA,NA,WF,0,2025,NA,NA,FALSE,TRUE
2025-ORLAD-250255,0.1,Class A,NA,NA,NA,NA,WF,0,2025,NA,NA,FALSE,TRUE
2025-ORLAD-250264,0.1,Class A,2025-07-10T23:10:00Z,147.25833333333333,NA,NA,WF,0,2025,NA,NA,FALSE,TRUE
2025-ORLAD-250117,6.57,Class B,2025-06-13T18:04:00Z,355.21666666666664,NA,NA,WF,0,2025,NA,NA,FALSE,TRUE
2025-ORLAD-250164,0.25,Class A,2025-07-05T23:38:00Z,556.0527777777778,NA,NA,WF,0,2025,NA,NA,FALSE,TRUE
2025-ORLAD-250293,0.1,Class A,2025-07-14T22:48:00Z,190.00805555555556,NA,NA,WF,0,2025,NA,NA,FALSE,TRUE
2025-ORLAD-250156,0.1,Class A,2025-06-15T18:25:00Z,95.81805555555556,NA,NA,WF,0,2025,NA,NA,FALSE,TRUE
2025-ORLAD-250132,0.1,Class A,2025-06-15T16:44:00Z,113.40722222222222,NA,NA,WF,0,2025,NA,NA,FALSE,TRUE
2025-ORLAD-250275,2,Class B,2025-07-23T20:53:00Z,434.9675,NA,NA,WF,0,2025,NA,NA,FALSE,TRUE
2025-ORLAD-250286,0.1,Class A,2025-07-15T21:14:00Z,220.60916666666665,NA,NA,WF,0,2025,NA,NA,FALSE,TRUE
2025-ORLAD-250245,0.1,Class A,2025-07-13T23:37:00Z,224.97916666666663,NA,NA,WF,0,2025,NA,NA,FALSE,TRUE
2025-ORLAD-250133,0.1,Class A,2025-06-15T19:02:00Z,115.56777777777778,NA,NA,WF,0,2025,NA,NA,FALSE,TRUE
2025-ORLAD-250291,0.3,Class B,2025-07-19T22:30:00Z,313.46694444444444,NA,NA,WF,0,2025,NA,NA,FALSE,TRUE
2025-OR982S-250131,0.1,Class A,NA,NA,NA,NA,WF,0,2025,NA,NA,FALSE,TRUE
2025-ORLAD-250257,0.1,Class A,NA,NA,NA,NA,WF,0,2025,NA,NA,FALSE,TRUE
2025-ORLAD-250262,0.1,Class A,2025-07-11T22:20:00Z,170.81444444444443,NA,NA,WF,0,2025,NA,NA,FALSE,TRUE
2025-OR711S-043825,0.28,Class B,NA,NA,NA,NA,WF,0,2025,NA,NA,FALSE,TRUE
2025-ORRSF-000155,0.82,Class B,2025-07-13T17:47:00Z,133.33333333333334,NA,NA,WF,0,2025,NA,NA,FALSE,TRUE
2025-OR772S-000030,0.25,Class A,NA,NA,NA,NA,WF,0,2025,NA,NA,FALSE,TRUE
2025-ORWSA-000064,0.1,Class A,2025-07-26T18:11:00Z,504.8,NA,NA,WF,0,2025,NA,NA,FALSE,TRUE
2025-ORWSA-000072,0.1,Class A,2025-07-26T18:23:00Z,326.6,NA,NA,WF,0,2025,NA,NA,FALSE,TRUE
2025-ORWSA-000056,0.1,Class A,2025-07-26T18:31:00Z,516.9847222222222,NA,NA,WF,0,2025,NA,NA,FALSE,TRUE
2025-ORWSA-000019,798.93,Class E,2025-07-26T18:32:00Z,1176.7166666666667,NA,NA,WF,0,2025,NA,NA,FALSE,TRUE
2025-ORWSA-000037,0.1,Class A,2025-07-01T18:58:00Z,39.3,NA,NA,WF,0,2025,NA,NA,FALSE,TRUE
2025-ORWSA-000076,0.1,Class A,NA,NA,NA,NA,WF,0,2025,NA,NA,FALSE,TRUE
2025-ORWSA-000075,0.1,Class A,NA,NA,NA,NA,WF,0,2025,NA,NA,FALSE,TRUE
2025-ORWSA-000059,0.1,Class A,2025-07-06T17:58:00Z,35.625277777777775,NA,NA,WF,0,2025,NA,NA,FALSE,TRUE
2025-ORWSA-000058,0.1,Class A,2025-07-06T19:00:00Z,36.75527777777778,NA,NA,WF,0,2025,NA,NA,FALSE,TRUE
2025-ORWSA-000060,0.1,Class A,2025-07-06T17:58:00Z,35.505833333333335,NA,NA,WF,0,2025,NA,NA,FALSE,TRUE
2025-ORMHF-000729,0.1,Class A,2025-07-26T20:05:00Z,0.06666666666666667,NA,NA,WF,0,2025,NA,NA,FALSE,TRUE
2025-ORFWF-250359,0.25,Class A,2025-07-27T00:05:00Z,44.10472222222222,NA,NA,WF,0,2025,NA,NA,FALSE,TRUE
2025-OR982S-250357,0.1,Class A,2025-07-26T17:36:00Z,39.81166666666667,NA,NA,WF,0,2025,NA,NA,FALSE,TRUE
2025-ORMHF-000617,0.1,Class A,2025-07-14T00:22:00Z,0.41,NA,NA,WF,0,2025,NA,NA,FALSE,TRUE
2025-ORFWF-250367,0.1,Class A,2025-07-27T22:10:00Z,46.839166666666664,NA,NA,WF,0,2025,NA,NA,FALSE,TRUE
2025-ORUPF-250219,0.1,Class A,2025-07-20T19:25:00Z,0.0875,NA,NA,WF,0,2025,NA,NA,FALSE,TRUE
2025-OR722S-013425,0,Class A,NA,NA,NA,NA,WF,0,2025,NA,NA,FALSE,TRUE
2025-OR510S-2551101026,0.01,Class A,NA,NA,NA,NA,WF,0,2025,NA,NA,FALSE,TRUE
2024-OROCF-000501,86963.12,Class G,NA,NA,NA,NA,WF,0,2024,NA,NA,FALSE,TRUE
2025-ORPRD-000047,0.1,Class A,2025-03-11T18:35:00Z,307.9772222222222,NA,NA,WF,0,2025,NA,NA,FALSE,TRUE
2025-ORPRD-000048,0.1,Class A,2025-02-27T01:15:00Z,1.2247222222222225,NA,NA,WF,0,2025,NA,NA,FALSE,TRUE
2025-OR955S-000093,0.1,Class A,2025-05-09T16:49:00Z,213.68166666666667,NA,NA,WF,0,2025,NA,NA,FALSE,TRUE
2025-OR955S-000094,0.1,Class A,2025-05-09T16:48:00Z,205.48333333333332,NA,NA,WF,0,2025,NA,NA,FALSE,TRUE
2025-OROCF-000098,0.25,Class A,2025-05-02T00:46:00Z,1.544166666666667,NA,NA,WF,0,2025,NA,NA,FALSE,TRUE
2025-ORPRD-000547,1.5,Class B,2025-07-17T18:20:00Z,87.44666666666667,NA,NA,WF,0,2025,NA,NA,FALSE,TRUE
2025-ORDEF-000543,0.1,Class A,2025-07-15T14:35:00Z,38.87638888888889,NA,NA,WF,0,2025,NA,NA,FALSE,TRUE
2025-ORDEF-000535,0.1,Class A,2025-07-15T21:30:00Z,70.8,NA,NA,WF,0,2025,NA,NA,FALSE,TRUE
2025-ORPRD-000521,0.1,Class A,2025-07-13T20:02:00Z,96.69722222222222,NA,NA,WF,0,2025,NA,NA,FALSE,TRUE
2025-ORPRD-000510,0.1,Class A,2025-07-10T19:31:00Z,39.45583333333333,NA,NA,WF,0,2025,NA,NA,FALSE,TRUE
2025-ORPRD-000515,0.1,Class A,2025-07-10T20:20:00Z,27.10388888888889,NA,NA,WF,0,2025,NA,NA,FALSE,TRUE
2025-ORPRD-000516,0.1,Class A,2025-07-16T18:29:00Z,168.48833333333334,NA,NA,WF,0,2025,NA,NA,FALSE,TRUE
2025-ORDEF-000501,0.1,Class A,2025-07-10T01:08:00Z,23.86722222222222,NA,NA,WF,0,2025,NA,NA,FALSE,TRUE
2025-ORPRD-000113,0.25,Class A,2025-05-20T16:41:00Z,309.9063888888889,NA,NA,WF,0,2025,NA,NA,FALSE,TRUE
2025-ORPRD-000112,0.5,Class B,2025-05-08T18:21:00Z,23.65,NA,NA,WF,0,2025,NA,NA,FALSE,TRUE
2025-ORDEF-000559,0.1,Class A,2025-07-21T20:10:00Z,118.58333333333331,NA,NA,WF,0,2025,NA,NA,FALSE,TRUE
2025-ORPRD-000546,0.1,Class A,2025-07-15T19:30:00Z,42.45305555555556,NA,NA,WF,0,2025,NA,NA,FALSE,TRUE
2025-ORPRD-000544,0.25,Class A,2025-07-19T22:28:00Z,142.36777777777775,NA,NA,WF,0,2025,NA,NA,FALSE,TRUE
2025-ORPRD-000517,0.1,Class A,2025-07-10T21:14:00Z,26.97388888888889,NA,NA,WF,0,2025,NA,NA,FALSE,TRUE
2025-ORPRD-000512,0.1,Class A,2025-07-11T19:48:00Z,51.733333333333334,NA,NA,WF,0,2025,NA,NA,FALSE,TRUE
2025-ORPRD-000506,0.1,Class A,2025-07-10T16:45:00Z,38.74166666666667,NA,NA,WF,0,2025,NA,NA,FALSE,TRUE
2025-ORPRD-000509,0.1,Class A,2025-07-10T21:00:00Z,41.30361111111111,NA,NA,WF,0,2025,NA,NA,FALSE,TRUE
2025-ORPRD-000505,0.1,Class A,2025-07-10T19:20:00Z,41.40444444444445,NA,NA,WF,0,2025,NA,NA,FALSE,TRUE
2025-ORPRD-000150,5,Class B,2025-06-15T23:08:00Z,602.7766666666666,NA,NA,WF,0,2025,NA,NA,FALSE,TRUE
2025-ORPRD-000154,0.1,Class A,2025-05-23T16:41:00Z,1.3783333333333334,NA,NA,WF,0,2025,NA,NA,FALSE,TRUE
2025-OR951S-000157,0.5,Class B,2025-06-06T18:51:00Z,331.37055555555554,NA,NA,WF,0,2025,NA,NA,FALSE,TRUE
2025-ORDEF-000569,0.12,Class A,2025-07-21T22:00:00Z,75.71666666666667,NA,NA,WF,0,2025,NA,NA,FALSE,TRUE
2025-OR955S-000540,0.1,Class A,2025-07-13T18:18:00Z,1.0963888888888889,NA,NA,WF,0,2025,NA,NA,FALSE,TRUE
2025-OR955S-000541,0.1,Class A,2025-07-16T19:24:00Z,73.22527777777778,NA,NA,WF,0,2025,NA,NA,FALSE,TRUE
2025-OR955S-000169,0.1,Class A,2025-06-03T20:17:00Z,168.73416666666665,NA,NA,WF,0,2025,NA,NA,FALSE,TRUE
2025-ORPRD-000172,0.1,Class A,NA,NA,NA,NA,WF,0,2025,NA,NA,FALSE,TRUE
2025-ORPRD-000174,0.1,Class A,2025-05-29T18:48:00Z,13.124166666666667,NA,NA,WF,0,2025,NA,NA,FALSE,TRUE
2025-ORDEF-000321,0.1,Class A,2025-06-24T21:46:00Z,26.229444444444443,NA,NA,WF,0,2025,NA,NA,FALSE,TRUE
2025-ORPRD-000412,0.1,Class A,2025-07-09T17:43:00Z,125.20166666666668,NA,NA,WF,0,2025,NA,NA,FALSE,TRUE
2025-ORPRD-000415,0.1,Class A,2025-07-04T22:10:00Z,5.7122222222222225,NA,NA,WF,0,2025,NA,NA,FALSE,TRUE
2025-ORPRD-000192,0.1,Class A,2025-06-05T21:06:00Z,101.60444444444444,NA,NA,WF,0,2025,NA,NA,FALSE,TRUE
2025-ORPRD-000417,0.1,Class A,2025-07-05T21:55:00Z,29.389166666666668,NA,NA,WF,0,2025,NA,NA,FALSE,TRUE
2025-OR955S-000202,0.1,Class A,2025-06-03T21:20:00Z,27.41583333333333,NA,NA,WF,0,2025,NA,NA,FALSE,TRUE
2025-OR955S-000204,0.1,Class A,2025-06-04T19:57:00Z,49.74,NA,NA,WF,0,2025,NA,NA,FALSE,TRUE
2025-ORPRD-000419,0.1,Class A,2025-07-06T00:25:00Z,31.754166666666663,NA,NA,WF,0,2025,NA,NA,FALSE,TRUE
2025-ORPRD-000420,0.1,Class A,2025-07-05T19:37:00Z,26.77722222222222,NA,NA,WF,0,2025,NA,NA,FALSE,TRUE
2025-ORPRD-000421,0.1,Class A,2025-07-16T18:29:00Z,289.48333333333335,NA,NA,WF,0,2025,NA,NA,FALSE,TRUE
2025-ORPRD-000422,0.1,Class A,2025-07-05T21:29:00Z,28.45,NA,NA,WF,0,2025,NA,NA,FALSE,TRUE
2025-ORPRD-000427,0.1,Class A,2025-07-05T22:00:00Z,27.434166666666663,NA,NA,WF,0,2025,NA,NA,FALSE,TRUE
2025-OROCF-000234,0.1,Class A,2025-06-14T19:42:00Z,141.49388888888888,NA,NA,WF,0,2025,NA,NA,FALSE,TRUE
2025-OROCF-000236,0.1,Class A,2025-07-13T22:55:00Z,821.8813888888889,NA,NA,WF,0,2025,NA,NA,FALSE,TRUE
2025-ORPRD-000431,0.1,Class A,2025-07-09T00:53:00Z,100.35694444444444,NA,NA,WF,0,2025,NA,NA,FALSE,TRUE
2025-ORDEF-000265,0.1,Class A,2025-06-10T22:00:00Z,0,NA,NA,WF,0,2025,NA,NA,FALSE,TRUE
2025-ORPRD-000244,0.1,Class A,2025-06-13T23:16:00Z,71.46472222222222,NA,NA,WF,0,2025,NA,NA,FALSE,TRUE
2025-OROCF-000243,0,Class A,2025-06-13T22:34:00Z,70.81666666666666,NA,NA,WF,0,2025,NA,NA,FALSE,TRUE
2025-ORDEF-000434,0.1,Class A,2025-07-07T22:30:00Z,73.34583333333333,NA,NA,WF,0,2025,NA,NA,FALSE,TRUE
2025-ORDEF-000435,0.1,Class A,2025-07-05T03:33:00Z,5.735277777777778,NA,NA,WF,0,2025,NA,NA,FALSE,TRUE
2025-ORPRD-000245,0.1,Class A,2025-06-13T18:56:00Z,66.47777777777777,NA,NA,WF,0,2025,NA,NA,FALSE,TRUE
2025-ORPRD-000247,0.1,Class A,2025-06-16T01:09:00Z,117.75666666666666,NA,NA,WF,0,2025,NA,NA,FALSE,TRUE
2025-ORPRD-000246,0.1,Class A,2025-06-15T23:38:00Z,118.53416666666666,NA,NA,WF,0,2025,NA,NA,FALSE,TRUE
2025-ORPRD-000248,0.1,Class A,2025-06-19T22:00:00Z,210,NA,NA,WF,0,2025,NA,NA,FALSE,TRUE
2025-OR955S-000323,0.02,Class A,2025-06-29T19:10:00Z,139.99333333333334,NA,NA,WF,0,2025,NA,NA,FALSE,TRUE
2025-OR951S-000324,0.25,Class A,2025-07-02T20:31:00Z,213.23194444444445,NA,NA,WF,0,2025,NA,NA,FALSE,TRUE
2025-ORPRD-000251,0.1,Class A,2025-06-15T23:37:00Z,100.91305555555556,NA,NA,WF,0,2025,NA,NA,FALSE,TRUE
2025-ORPRD-000256,0.1,Class A,2025-06-19T22:15:00Z,189.88361111111112,NA,NA,WF,0,2025,NA,NA,FALSE,TRUE
2025-ORDEF-000326,0.1,Class A,2025-06-26T17:04:00Z,49.8,NA,NA,WF,0,2025,NA,NA,FALSE,TRUE
2025-ORPRD-000440,0.1,Class A,2025-07-08T20:18:00Z,92.6925,NA,NA,WF,0,2025,NA,NA,FALSE,TRUE
2025-ORPRD-000259,0.5,Class B,2025-06-17T20:27:00Z,138.58416666666668,NA,NA,WF,0,2025,NA,NA,FALSE,TRUE
2025-ORPRD-000267,0.1,Class A,2025-06-19T23:22:00Z,169.22277777777776,NA,NA,WF,0,2025,NA,NA,FALSE,TRUE
2025-OR955S-000334,0.1,Class A,2025-07-16T19:21:00Z,474.9166666666667,NA,NA,WF,0,2025,NA,NA,FALSE,TRUE
2025-OR951S-000449,0.5,Class B,2025-07-10T19:30:00Z,134.14277777777778,NA,NA,WF,0,2025,NA,NA,FALSE,TRUE
2025-ORPRD-000455,0.5,Class B,2025-07-10T19:45:00Z,120.38333333333334,NA,NA,WF,0,2025,NA,NA,FALSE,TRUE
2025-OR955S-000345,0.14,Class A,2025-07-07T17:43:00Z,201.98555555555555,NA,NA,WF,0,2025,NA,NA,FALSE,TRUE
2025-ORPRD-000257,0.34,Class B,2025-06-14T20:41:00Z,67.96666666666667,NA,NA,WF,0,2025,NA,NA,FALSE,TRUE
2025-ORPRD-000469,0.1,Class A,2025-07-06T17:26:00Z,11.7,NA,NA,WF,0,2025,NA,NA,FALSE,TRUE
2025-ORPRD-000358,0.96,Class B,NA,NA,NA,NA,WF,0,2025,NA,NA,FALSE,TRUE
2025-ORPRD-000473,0.1,Class A,2025-07-10T17:41:00Z,95.96666666666668,NA,NA,WF,0,2025,NA,NA,FALSE,TRUE
2025-ORDEF-000484,0.25,Class A,2025-07-16T18:40:00Z,214.9391666666667,NA,NA,WF,0,2025,NA,NA,FALSE,TRUE
2024-OR953S-000488,0.1,Class A,2024-08-11T22:13:00Z,497.0161111111111,NA,NA,WF,0,2024,NA,NA,FALSE,TRUE
2025-OR951S-000491,0.2,Class A,2025-07-14T19:56:00Z,139.86444444444444,NA,NA,WF,0,2025,NA,NA,FALSE,TRUE
2025-ORDEF-000493,0.26,Class B,2025-07-15T21:24:00Z,164.90944444444443,NA,NA,WF,0,2025,NA,NA,FALSE,TRUE
2025-ORPRD-000394,1.1,Class B,2025-07-05T22:56:00Z,73.70083333333334,NA,NA,WF,0,2025,NA,NA,FALSE,TRUE
2025-ORPRD-000479,0.55,Class B,2025-07-08T18:55:00Z,43.87111111111111,NA,NA,WF,0,2025,NA,NA,FALSE,TRUE
2025-ORPRD-000433,0.1,Class A,2025-07-07T18:05:00Z,69.18333333333334,NA,NA,WF,0,2025,NA,NA,FALSE,TRUE
2025-ORPRD-000330,3,Class B,NA,NA,NA,NA,WF,0,2025,NA,NA,FALSE,TRUE
2025-OROCF-000187,0.24,Class A,2025-07-13T22:29:00Z,1039.558888888889,NA,NA,WF,0,2025,NA,NA,FALSE,TRUE
2025-OR955S-000188,0.1,Class A,2025-06-03T19:52:00Z,74.0975,NA,NA,WF,0,2025,NA,NA,FALSE,TRUE
2025-ORPRD-000183,2.5,Class B,2025-06-05T21:05:00Z,145.35,NA,NA,WF,0,2025,NA,NA,FALSE,TRUE
2025-ORPRD-000366,0.5,Class B,NA,NA,NA,NA,WF,0,2025,NA,NA,FALSE,TRUE
2025-ORPRD-000367,2,Class B,2025-07-02T23:35:00Z,27.244444444444444,NA,NA,WF,0,2025,NA,NA,FALSE,TRUE
2025-ORPRD-000372,3.8,Class B,2025-07-07T03:17:00Z,123.08,NA,NA,WF,0,2025,NA,NA,FALSE,TRUE
2025-ORPRD-000376,0.1,Class A,2025-07-06T18:00:00Z,112.51666666666668,NA,NA,WF,0,2025,NA,NA,FALSE,TRUE
2025-ORPRD-000375,0.1,Class A,2025-07-08T21:10:00Z,163.68777777777777,NA,NA,WF,0,2025,NA,NA,FALSE,TRUE
2025-ORPRD-000382,0.01,Class A,2025-07-09T20:04:00Z,185.61666666666667,NA,NA,WF,0,2025,NA,NA,FALSE,TRUE
2025-OROCF-000392,0.1,Class A,2025-07-07T21:10:00Z,121.83527777777778,NA,NA,WF,0,2025,NA,NA,FALSE,TRUE
2025-ORWSA-000081,0.5,Class B,2025-07-28T18:53:00Z,105.43333333333334,NA,NA,WF,0,2025,NA,NA,FALSE,TRUE
2025-OR781S-000208,0,Class A,NA,NA,NA,NA,WF,0,2025,NA,NA,FALSE,TRUE
2025-OR982S-250369,0.1,Class A,2025-07-28T22:00:00Z,67.825,NA,NA,WF,0,2025,NA,NA,FALSE,TRUE
2025-OR711S-013626,0.01,Class A,NA,NA,NA,NA,WF,0,2025,NA,NA,FALSE,TRUE
2025-ORWSA-000042,0.5,Class B,2025-07-28T22:38:00Z,645.55,NA,NA,WF,0,2025,NA,NA,FALSE,TRUE
2025-ORWWF-000261,0.1,Class A,2025-07-23T22:49:00Z,43.13333333333333,NA,NA,WF,0,2025,NA,NA,FALSE,TRUE
2025-OR781S-000202,0,Class A,NA,NA,NA,NA,WF,0,2025,NA,NA,FALSE,TRUE
2025-OR781S-000212,0,Class A,NA,NA,NA,NA,WF,0,2025,NA,NA,FALSE,TRUE
2025-OR954S-000489,92.18,Class C,2025-07-22T21:30:00Z,478.73777777777775,NA,NA,WF,0,2025,NA,NA,FALSE,TRUE
2025-ORDEF-000645,0.1,Class A,2025-07-29T18:49:00Z,15.871666666666666,NA,NA,WF,0,2025,NA,NA,FALSE,TRUE
2025-ORDEF-000623,0.1,Class A,2025-07-29T18:51:00Z,19.483333333333334,NA,NA,WF,0,2025,NA,NA,FALSE,TRUE
2025-OROCF-000226,0.1,Class A,2025-06-14T21:11:00Z,170.55305555555557,NA,NA,WF,0,2025,NA,NA,FALSE,TRUE
2025-ORFWF-250365,0.1,Class A,2025-07-29T20:50:00Z,95.80333333333331,NA,NA,WF,0,2025,NA,NA,FALSE,TRUE
2025-OR711S-002825,0,Class A,NA,NA,NA,NA,WF,0,2025,NA,NA,FALSE,TRUE
2025-ORFWF-250362,0.1,Class A,2025-07-29T21:28:00Z,101.5,NA,NA,WF,0,2025,NA,NA,FALSE,TRUE
2025-OR721S-016225,0,Class A,NA,NA,NA,NA,WF,0,2025,NA,NA,FALSE,TRUE
2025-ORSHR-250211,1586.46,Class F,2025-07-26T18:34:00Z,600.5,NA,NA,WF,0,2025,NA,NA,FALSE,TRUE
2025-ORWIF-250235,0.1,Class A,2025-07-30T17:07:00Z,42.15,NA,NA,WF,0,2025,NA,NA,FALSE,TRUE
2025-ORWIF-250234,0.1,Class A,2025-07-30T18:47:00Z,44.7,NA,NA,WF,0,2025,NA,NA,FALSE,TRUE
2025-OR955S-000640,0.1,Class A,2025-07-30T21:15:00Z,43.483333333333334,NA,NA,WF,0,2025,NA,NA,FALSE,TRUE
2025-ORFWF-250366,0.1,Class A,2025-07-30T21:20:00Z,120.04138888888887,NA,NA,WF,0,2025,NA,NA,FALSE,TRUE
2025-OR721S-005226,0.01,Class A,NA,NA,NA,NA,WF,0,2025,NA,NA,FALSE,TRUE
2025-OR982S-250373,0.04,Class A,2025-07-30T21:48:00Z,101.85472222222222,NA,NA,WF,0,2025,NA,NA,FALSE,TRUE
2025-ORUPF-250183,1,Class B,2025-07-21T20:15:00Z,453.35,NA,NA,WF,0,2025,NA,NA,FALSE,TRUE
2025-OROCF-000532,0.1,Class A,2025-07-22T00:27:00Z,266.18333333333334,NA,NA,WF,0,2025,NA,NA,FALSE,TRUE
2025-ORFWF-250385,0.1,Class A,2025-07-31T17:57:00Z,35.17444444444445,NA,NA,WF,0,2025,NA,NA,FALSE,TRUE
2025-ORPRD-000594,0.65,Class B,2025-07-26T19:39:00Z,70.52694444444444,NA,NA,WF,0,2025,NA,NA,FALSE,TRUE
2025-ORFWF-250389,0.1,Class A,2025-07-31T18:34:00Z,20.189166666666665,NA,NA,WF,0,2025,NA,NA,FALSE,TRUE
2025-OR982S-250413,0.1,Class A,NA,NA,NA,NA,WF,0,2025,NA,NA,FALSE,TRUE
2025-OR712S-009026,458.07,Class E,NA,NA,NA,NA,WF,0,2025,NA,NA,FALSE,TRUE
2025-ORLAD-250420,0.1,Class A,NA,NA,NA,NA,WF,0,2025,NA,NA,FALSE,TRUE
2025-ORFWF-250396,0.1,Class A,NA,NA,NA,NA,WF,0,2025,NA,NA,FALSE,TRUE
2025-ORWSA-000082,0.4,Class B,2025-07-31T22:45:00Z,108.48333333333332,NA,NA,WF,0,2025,NA,NA,FALSE,TRUE
2025-ORMAF-025060,1.11,Class B,2025-06-18T16:38:00Z,141.27555555555554,NA,NA,WF,0,2025,NA,NA,FALSE,TRUE
2025-ORMAF-025049,0.1,Class A,2025-06-14T17:28:00Z,88.69888888888889,NA,NA,WF,0,2025,NA,NA,FALSE,TRUE
2025-OR952S-025054,0.1,Class A,2025-06-15T21:07:00Z,91.73638888888888,NA,NA,WF,0,2025,NA,NA,FALSE,TRUE
2025-ORMAF-025061,0.3,Class B,2025-06-14T22:35:00Z,49.97416666666667,NA,NA,WF,0,2025,NA,NA,FALSE,TRUE
2025-ORMAF-025064,0.8,Class B,2025-06-18T19:18:00Z,138.50972222222222,NA,NA,WF,0,2025,NA,NA,FALSE,TRUE
2025-ORMAF-025065,0.1,Class A,2025-06-18T18:46:00Z,137.71277777777777,NA,NA,WF,0,2025,NA,NA,FALSE,TRUE
2025-OR553S-000039,0,Class A,NA,NA,NA,NA,WF,0,2025,NA,NA,FALSE,TRUE
2025-ORFWF-250379,0.25,Class A,2025-08-01T19:10:00Z,75.15583333333333,NA,NA,WF,0,2025,NA,NA,FALSE,TRUE
2025-OR711S-016926,0.1,Class A,NA,NA,NA,NA,WF,0,2025,NA,NA,FALSE,TRUE
2025-OR952S-025085,0.1,Class A,2025-07-06T22:57:00Z,99.90611111111112,NA,NA,WF,0,2025,NA,NA,FALSE,TRUE
2025-ORMAF-025088,0.1,Class A,2025-07-09T21:53:00Z,164.81527777777777,NA,NA,WF,0,2025,NA,NA,FALSE,TRUE
2025-OR952S-025091,0.25,Class A,2025-07-07T19:14:00Z,92.39527777777778,NA,NA,WF,0,2025,NA,NA,FALSE,TRUE
2025-OR952S-025092,0.1,Class A,2025-07-04T23:46:00Z,23.083333333333332,NA,NA,WF,0,2025,NA,NA,FALSE,TRUE
2025-OR982S-250361,0.1,Class A,2025-08-01T19:45:00Z,172.67805555555557,NA,NA,WF,0,2025,NA,NA,FALSE,TRUE
2025-ORMAF-025099,0.1,Class A,2025-07-08T18:35:00Z,91.6,NA,NA,WF,0,2025,NA,NA,FALSE,TRUE
2025-OR982S-250363,0.1,Class A,2025-08-01T19:45:00Z,169.18305555555557,NA,NA,WF,0,2025,NA,NA,FALSE,TRUE
2025-OR952S-025103,0.1,Class A,2025-07-07T19:47:00Z,64.68333333333334,NA,NA,WF,0,2025,NA,NA,FALSE,TRUE
2025-ORDEF-000670,0.1,Class A,2025-08-01T19:01:00Z,44.93333333333333,NA,NA,WF,0,2025,NA,NA,FALSE,TRUE
2025-ORLAD-250442,0.1,Class A,2025-08-01T22:05:00Z,18.881666666666668,NA,NA,WF,0,2025,NA,NA,FALSE,TRUE
2025-OR974S-000297,0.1,Class A,NA,NA,NA,NA,WF,0,2025,NA,NA,FALSE,TRUE
2025-OR982S-250358,0.1,Class A,2025-08-01T21:22:00Z,186.2722222222222,NA,NA,WF,0,2025,NA,NA,FALSE,TRUE
2025-ORDEF-000668,0.1,Class A,2025-08-02T19:07:00Z,72.42888888888889,NA,NA,WF,0,2025,NA,NA,FALSE,TRUE
2025-ORWSA-000083,0.1,Class A,2025-08-02T19:30:00Z,143.28416666666666,NA,NA,WF,0,2025,NA,NA,FALSE,TRUE
2025-ORDEF-000617,0.1,Class A,2025-07-29T16:40:00Z,18.093611111111112,NA,NA,WF,0,2025,NA,NA,FALSE,TRUE
2025-ORDEF-000722,0.1,Class A,NA,NA,NA,NA,WF,0,2025,NA,NA,FALSE,TRUE
2025-OR951S-000637,0.1,Class A,2025-08-02T20:28:00Z,115.25,NA,NA,WF,0,2025,NA,NA,FALSE,TRUE
2025-ORUMF-000342,0.1,Class A,2025-08-02T18:08:00Z,23.3,NA,NA,WF,0,2025,NA,NA,FALSE,TRUE
2025-ORDEF-000618,0.5,Class B,2025-07-30T15:40:00Z,41,NA,NA,WF,0,2025,NA,NA,FALSE,TRUE
2025-OR723S-001226,0.1,Class A,NA,NA,NA,NA,WF,0,2025,NA,NA,FALSE,TRUE
2025-OR723S-002825,0,Class A,NA,NA,NA,NA,WF,0,2025,NA,NA,FALSE,TRUE
2025-OR982S-250238,0.1,Class A,2025-08-03T18:45:00Z,735.8463888888889,NA,NA,WF,0,2025,NA,NA,FALSE,TRUE
2025-OR981S-250386,0.1,Class A,2025-08-03T18:45:00Z,100.95,NA,NA,WF,0,2025,NA,NA,FALSE,TRUE
2025-OR982S-250237,0.1,Class A,2025-08-03T20:00:00Z,737.7436111111111,NA,NA,WF,0,2025,NA,NA,FALSE,TRUE
2025-ORFWF-250406,0.1,Class A,2025-08-03T21:05:00Z,78.3925,NA,NA,WF,0,2025,NA,NA,FALSE,TRUE
2025-ORFWF-250400,0.1,Class A,2025-08-03T21:10:00Z,90.09138888888889,NA,NA,WF,0,2025,NA,NA,FALSE,TRUE
2025-OR971S-000295,0.1,Class A,2025-08-03T21:24:00Z,139.8,NA,NA,WF,0,2025,NA,NA,FALSE,TRUE
2025-ORFWF-250390,0.2,Class A,2025-08-03T22:00:00Z,93.80305555555556,NA,NA,WF,0,2025,NA,NA,FALSE,TRUE
2025-ORDEF-000689,0.1,Class A,2025-08-02T21:22:00Z,22.716666666666665,NA,NA,WF,0,2025,NA,NA,FALSE,TRUE
2025-ORDEF-000692,0.1,Class A,2025-08-03T18:11:00Z,43.61888888888889,NA,NA,WF,0,2025,NA,NA,FALSE,TRUE
2025-ORDEF-000698,0.1,Class A,2025-08-03T15:32:00Z,40.36666666666667,NA,NA,WF,0,2025,NA,NA,FALSE,TRUE
2025-ORWWF-000322,0.1,Class A,2025-08-03T19:56:00Z,75.06666666666666,NA,NA,WF,0,2025,NA,NA,FALSE,TRUE
2025-OR974S-000332,0.1,Class A,NA,NA,NA,NA,WF,0,2025,NA,NA,FALSE,TRUE
2025-ORDEF-000592,1,Class B,NA,NA,NA,NA,WF,0,2025,NA,NA,FALSE,TRUE
2025-ORDEF-000619,0.25,Class A,2025-08-01T22:05:00Z,95.2713888888889,NA,NA,WF,0,2025,NA,NA,FALSE,TRUE
2025-ORWWF-000337,0.1,Class A,2025-08-03T22:01:00Z,54.18333333333333,NA,NA,WF,0,2025,NA,NA,FALSE,TRUE
2025-OR982S-250455,0.1,Class A,2025-08-04T20:10:00Z,62.39083333333333,NA,NA,WF,0,2025,NA,NA,FALSE,TRUE
2025-OR971S-000110,0.25,Class A,2025-06-06T23:44:00Z,73.75,NA,NA,WF,0,2025,NA,NA,FALSE,TRUE
2025-ORDEF-000712,0.1,Class A,2025-08-04T21:02:00Z,66.7025,NA,NA,WF,0,2025,NA,NA,FALSE,TRUE
2025-OR952S-002640,5.02,Class B,2025-08-04T20:26:00Z,90.09138888888889,NA,NA,WF,0,2025,NA,NA,FALSE,TRUE
2025-ORWWF-000350,0.1,Class A,2025-08-03T18:05:00Z,23.961944444444445,NA,NA,WF,0,2025,NA,NA,FALSE,TRUE
2025-OR974S-000274,0.1,Class A,2025-08-04T21:54:00Z,195.38333333333333,NA,NA,WF,0,2025,NA,NA,FALSE,TRUE
2025-ORFWF-250405,0.2,Class A,2025-08-04T22:00:00Z,103.73805555555556,NA,NA,WF,0,2025,NA,NA,FALSE,TRUE
2025-OR982S-250388,0.1,Class A,2025-08-04T22:26:00Z,122.06305555555556,NA,NA,WF,0,2025,NA,NA,FALSE,TRUE
2025-ORWWF-000344,1,Class B,2025-08-04T17:06:00Z,67.06666666666666,NA,NA,WF,0,2025,NA,NA,FALSE,TRUE
2025-ORDEF-000239,0.5,Class B,2025-06-14T23:38:00Z,97.8,NA,NA,WF,0,2025,NA,NA,FALSE,TRUE
2025-ORDEF-000560,0.1,Class A,2025-07-19T00:45:00Z,50.53722222222222,NA,NA,WF,0,2025,NA,NA,FALSE,TRUE
2025-WAMCR-000335,2488.88,Class F,2025-07-13T22:13:00Z,264.8833333333333,NA,NA,WF,0,2025,NA,NA,FALSE,TRUE
2025-ORLAD-250305,1.5,Class B,2025-07-24T19:50:00Z,389.54027777777776,NA,NA,WF,0,2025,NA,NA,FALSE,TRUE
2025-ORLAD-250226,0.32,Class B,2025-07-09T23:30:00Z,186.89,NA,NA,WF,0,2025,NA,NA,FALSE,TRUE
2025-ORWWF-000308,0.1,Class A,2025-08-03T22:11:00Z,118.36666666666666,NA,NA,WF,0,2025,NA,NA,FALSE,TRUE
2025-ORPRD-000725,0.1,Class A,2025-08-04T21:02:00Z,49.19222222222222,NA,NA,WF,0,2025,NA,NA,FALSE,TRUE
2025-ORPRD-000720,0.1,Class A,2025-08-04T22:20:00Z,52.36,NA,NA,WF,0,2025,NA,NA,FALSE,TRUE
2025-OR955S-000675,0.1,Class A,2025-08-02T22:23:00Z,69.21583333333334,NA,NA,WF,0,2025,NA,NA,FALSE,TRUE
2025-ORWWF-000287,0.1,Class A,2025-07-31T17:15:00Z,70.225,NA,NA,WF,0,2025,NA,NA,FALSE,TRUE
2025-ORWWF-000363,0.1,Class A,2025-08-05T18:57:00Z,44.35,NA,NA,WF,0,2025,NA,NA,FALSE,TRUE
2025-OR582S-000011,0,Class A,NA,NA,NA,NA,WF,0,2025,NA,NA,FALSE,TRUE
2025-OR711S-010926,0,Class A,NA,NA,NA,NA,WF,0,2025,NA,NA,FALSE,TRUE
2025-ORDEF-000664,0.1,Class A,2025-08-01T20:00:00Z,51.87916666666667,NA,NA,WF,0,2025,NA,NA,FALSE,TRUE
2025-OR955S-000185,0.51,Class B,2025-06-05T22:31:00Z,144.4813888888889,NA,NA,WF,0,2025,NA,NA,FALSE,TRUE
2025-ORFWF-250395,0.1,Class A,2025-08-04T17:55:00Z,111.55777777777776,NA,NA,WF,0,2025,NA,NA,FALSE,TRUE
2025-ORFWF-250399,0.1,Class A,NA,NA,NA,NA,WF,0,2025,NA,NA,FALSE,TRUE
2025-ORFWF-250380,0.5,Class B,2025-08-05T21:14:00Z,173.14527777777778,NA,NA,WF,0,2025,NA,NA,FALSE,TRUE
2025-OR971S-000291,1,Class B,2025-08-05T21:53:00Z,192.36666666666667,NA,NA,WF,0,2025,NA,NA,FALSE,TRUE
2025-OR712S-065725,0,Class A,NA,NA,NA,NA,WF,0,2025,NA,NA,FALSE,TRUE
2025-ORFWF-250477,0.1,Class A,2025-08-05T22:30:00Z,29.75611111111111,NA,NA,WF,0,2025,NA,NA,FALSE,TRUE
2025-ORLAD-250419,0.1,Class A,2025-08-05T22:25:00Z,123.5188888888889,NA,NA,WF,0,2025,NA,NA,FALSE,TRUE
2025-ORFWF-250478,0.1,Class A,2025-08-05T22:30:00Z,29.60555555555555,NA,NA,WF,0,2025,NA,NA,FALSE,TRUE
2025-OR733S-000118,0,Class A,NA,NA,NA,NA,WF,0,2025,NA,NA,FALSE,TRUE
2025-ORFWF-250464,0.1,Class A,2025-08-05T22:32:00Z,53.71666666666667,NA,NA,WF,0,2025,NA,NA,FALSE,TRUE
2025-OR731S-000073,0,Class A,NA,NA,NA,NA,WF,0,2025,NA,NA,FALSE,TRUE
2025-ORLAD-250415,0.1,Class A,2025-08-05T22:48:00Z,124.12777777777778,NA,NA,WF,0,2025,NA,NA,FALSE,TRUE
2025-ORMAF-025159,0.1,Class A,2025-08-01T17:25:00Z,60.483333333333334,NA,NA,WF,0,2025,NA,NA,FALSE,TRUE
2025-ORMAF-025163,0.1,Class A,2025-08-01T17:28:00Z,48.88111111111111,NA,NA,WF,0,2025,NA,NA,FALSE,TRUE
2025-OR712S-077525,0,Class A,NA,NA,NA,NA,WF,0,2025,NA,NA,FALSE,TRUE
2025-ORLAD-250418,0.1,Class A,2025-08-06T00:30:00Z,125.65027777777776,NA,NA,WF,0,2025,NA,NA,FALSE,TRUE
2025-ORLAD-250421,0.1,Class A,2025-08-05T23:35:00Z,124.63722222222222,NA,NA,WF,0,2025,NA,NA,FALSE,TRUE
2025-ORLAD-250349,0.1,Class A,2025-08-04T10:00:00Z,351.7758333333333,NA,NA,WF,0,2025,NA,NA,FALSE,TRUE
2025-ORDEF-000705,0.25,Class A,2025-08-06T15:38:00Z,110.80527777777776,NA,NA,WF,0,2025,NA,NA,FALSE,TRUE
2025-ORDEF-000292,0.1,Class A,2025-06-19T19:31:00Z,74.8,NA,NA,WF,0,2025,NA,NA,FALSE,TRUE
2025-ORFWF-250429,0.1,Class A,2025-08-06T17:03:00Z,137.39583333333334,NA,NA,WF,0,2025,NA,NA,FALSE,TRUE
2025-OR981S-250354,0.1,Class A,2025-08-02T16:04:00Z,214.17527777777775,NA,NA,WF,0,2025,NA,NA,FALSE,TRUE
2025-ORFWF-250461,0.1,Class A,2025-08-06T18:13:00Z,75.7975,NA,NA,WF,0,2025,NA,NA,FALSE,TRUE
2025-ORFWF-250466,0.1,Class A,2025-08-06T18:49:00Z,73.33361111111111,NA,NA,WF,0,2025,NA,NA,FALSE,TRUE
2025-OR981S-250392,0.1,Class A,2025-08-06T19:07:00Z,161.98333333333332,NA,NA,WF,0,2025,NA,NA,FALSE,TRUE
2025-OR981S-250403,0.1,Class A,2025-08-06T19:29:00Z,157.905,NA,NA,WF,0,2025,NA,NA,FALSE,TRUE
2025-ORFWF-250450,0.1,Class A,2025-08-06T20:43:00Z,116.69583333333334,NA,NA,WF,0,2025,NA,NA,FALSE,TRUE
2025-ORPRD-000742,0.3,Class B,2025-08-06T00:09:00Z,68.59083333333334,NA,NA,WF,0,2025,NA,NA,FALSE,TRUE
2025-OR981S-250414,0.1,Class A,2025-08-06T22:17:00Z,148.46083333333334,NA,NA,WF,0,2025,NA,NA,FALSE,TRUE
2025-OR973S-000317,1,Class B,2025-08-06T23:03:00Z,154.3,NA,NA,WF,0,2025,NA,NA,FALSE,TRUE
2025-OR981S-250486,0.1,Class A,2025-08-06T23:16:00Z,28.110833333333332,NA,NA,WF,0,2025,NA,NA,FALSE,TRUE
2025-ORDEF-000707,0.1,Class A,2025-08-06T20:34:00Z,115.33333333333331,NA,NA,WF,0,2025,NA,NA,FALSE,TRUE
2025-ORPRD-000743,0.1,Class A,2025-08-06T02:00:00Z,70.40416666666667,NA,NA,WF,0,2025,NA,NA,FALSE,TRUE
2025-ORWWF-000381,0.1,Class A,2025-08-07T14:41:00Z,60.85055555555556,NA,NA,WF,0,2025,NA,NA,FALSE,TRUE
2025-ORPRD-000460,0.1,Class A,2025-08-01T19:02:00Z,646.4166666666666,NA,NA,WF,0,2025,NA,NA,FALSE,TRUE
2025-ORWWF-000320,0.1,Class A,2025-08-01T18:42:00Z,26.65,NA,NA,WF,0,2025,NA,NA,FALSE,TRUE
2025-OR981S-250375,0.15,Class A,2025-08-01T22:23:00Z,143.68083333333334,NA,NA,WF,0,2025,NA,NA,FALSE,TRUE
2025-ORDEF-000671,0.1,Class A,2025-08-02T17:54:00Z,66.48333333333333,NA,NA,WF,0,2025,NA,NA,FALSE,TRUE
2025-ORPRD-000630,0.1,Class A,2025-08-04T23:32:00Z,167.35444444444445,NA,NA,WF,0,2025,NA,NA,FALSE,TRUE
2025-ORDEF-000691,0.25,Class A,2025-08-05T22:58:00Z,96.58527777777778,NA,NA,WF,0,2025,NA,NA,FALSE,TRUE
2025-ORDEF-000601,0.1,Class A,2025-08-01T20:30:00Z,162.6913888888889,NA,NA,WF,0,2025,NA,NA,FALSE,TRUE
2025-ORUPF-250253,0.5,Class B,2025-08-03T21:19:00Z,95,NA,NA,WF,0,2025,NA,NA,FALSE,TRUE
2025-ORUPF-250274,0.1,Class A,2025-08-04T18:16:00Z,42.700833333333335,NA,NA,WF,0,2025,NA,NA,FALSE,TRUE
2025-ORFWF-250485,0.1,Class A,2025-08-07T20:20:00Z,50.06388888888889,NA,NA,WF,0,2025,NA,NA,FALSE,TRUE
2025-ORUPF-250250,0.1,Class A,2025-07-31T22:01:00Z,24.333333333333332,NA,NA,WF,0,2025,NA,NA,FALSE,TRUE
2025-ORUPF-250246,0.1,Class A,2025-08-07T19:49:00Z,214.71916666666667,NA,NA,WF,0,2025,NA,NA,FALSE,TRUE
2025-ORUPF-250256,0.3,Class B,2025-08-04T14:27:00Z,111.26666666666668,NA,NA,WF,0,2025,NA,NA,FALSE,TRUE
2025-ORUPF-250266,0.1,Class A,2025-08-02T01:40:00Z,0.3125,NA,NA,WF,0,2025,NA,NA,FALSE,TRUE
2025-ORUPF-250242,0.1,Class A,2025-07-28T00:45:00Z,0.4794444444444445,NA,NA,WF,0,2025,NA,NA,FALSE,TRUE
2025-ORUPF-250235,0.1,Class A,2025-07-27T21:40:00Z,0.05583333333333333,NA,NA,WF,0,2025,NA,NA,FALSE,TRUE
2025-ORUPF-250231,0.1,Class A,2025-07-26T22:55:00Z,0.32305555555555554,NA,NA,WF,0,2025,NA,NA,FALSE,TRUE
2025-ORUPF-250225,0.1,Class A,2025-07-25T20:02:00Z,3.820555555555555,NA,NA,WF,0,2025,NA,NA,FALSE,TRUE
2025-ORMHF-000751,0.1,Class A,2025-07-28T17:32:00Z,1.6655555555555557,NA,NA,WF,0,2025,NA,NA,FALSE,TRUE
2025-ORUPF-250284,0.1,Class A,2025-08-04T17:15:00Z,0.18333333333333332,NA,NA,WF,0,2025,NA,NA,FALSE,TRUE
2025-ORDEF-000767,0.1,Class A,NA,NA,NA,NA,WF,0,2025,NA,NA,FALSE,TRUE
2025-ORMHF-000858,0.1,Class A,2025-08-05T21:03:00Z,2.711388888888889,NA,NA,WF,0,2025,NA,NA,FALSE,TRUE
2025-OR972S-000276,15,Class C,2025-08-07T21:52:00Z,257.96666666666664,NA,NA,WF,0,2025,NA,NA,FALSE,TRUE
2025-ORMHF-000825,0.1,Class A,2025-08-02T21:25:00Z,0.7,NA,NA,WF,0,2025,NA,NA,FALSE,TRUE
2025-OR971S-000266,0.1,Class A,NA,NA,NA,NA,WF,0,2025,NA,NA,FALSE,TRUE
2025-OR974S-000373,0.1,Class A,NA,NA,NA,NA,WF,0,2025,NA,NA,FALSE,TRUE
2025-OR982S-250387,0.1,Class A,2025-08-07T23:48:00Z,197.5875,NA,NA,WF,0,2025,NA,NA,FALSE,TRUE
2025-ORWWF-000364,0.25,Class A,2025-08-07T21:08:00Z,92.86666666666666,NA,NA,WF,0,2025,NA,NA,FALSE,TRUE
2025-OR954S-000869,0.1,Class A,NA,NA,NA,NA,WF,0,2025,NA,NA,FALSE,TRUE
2025-ORMAF-025160,0.1,Class A,2025-08-03T19:28:00Z,101.4,NA,NA,WF,0,2025,NA,NA,FALSE,TRUE
2025-OR956S-025190,0.1,Class A,2025-08-03T18:15:00Z,39.79833333333333,NA,NA,WF,0,2025,NA,NA,FALSE,TRUE
2025-ORMAF-025169,0.1,Class A,2025-08-03T18:10:00Z,95.92555555555556,NA,NA,WF,0,2025,NA,NA,FALSE,TRUE
2025-ORMAF-025046,0.55,Class B,2025-06-03T20:38:00Z,191.92555555555555,NA,NA,WF,0,2025,NA,NA,FALSE,TRUE
2025-ORMAF-025084,1.1,Class B,2025-07-10T20:18:00Z,193.71166666666667,NA,NA,WF,0,2025,NA,NA,FALSE,TRUE
2025-ORMAF-025177,0.1,Class A,2025-07-31T22:00:00Z,21.9,NA,NA,WF,0,2025,NA,NA,FALSE,TRUE
2025-ORMAF-025183,0.1,Class A,2025-08-05T21:23:00Z,122.65472222222222,NA,NA,WF,0,2025,NA,NA,FALSE,TRUE
2025-ORMAF-025162,0.1,Class A,2025-07-30T20:40:00Z,6.333333333333333,NA,NA,WF,0,2025,NA,NA,FALSE,TRUE
2025-ORMAF-025164,0.2,Class A,2025-07-31T22:55:00Z,30.06222222222222,NA,NA,WF,0,2025,NA,NA,FALSE,TRUE
2025-ORMAF-025165,0.1,Class A,2025-07-31T16:56:00Z,24.006944444444443,NA,NA,WF,0,2025,NA,NA,FALSE,TRUE
2025-ORMAF-025166,0.1,Class A,2025-08-02T21:45:00Z,76.53277777777778,NA,NA,WF,0,2025,NA,NA,FALSE,TRUE
2025-ORMAF-025205,0.1,Class A,2025-08-06T19:02:00Z,69.66472222222222,NA,NA,WF,0,2025,NA,NA,FALSE,TRUE
2025-ORMAF-025179,0.1,Class A,2025-08-01T21:00:00Z,29.98055555555555,NA,NA,WF,0,2025,NA,NA,FALSE,TRUE
2025-ORMAF-025151,0.25,Class A,2025-07-30T22:13:00Z,47.19916666666666,NA,NA,WF,0,2025,NA,NA,FALSE,TRUE
2025-ORMAF-025070,0.2,Class A,2025-06-17T00:30:00Z,29.485277777777775,NA,NA,WF,0,2025,NA,NA,FALSE,TRUE
2025-OR982S-250436,0.1,Class A,2025-08-08T18:54:00Z,185.40027777777777,NA,NA,WF,0,2025,NA,NA,FALSE,TRUE
2025-ORMAF-025176,0.25,Class A,2025-08-03T17:24:00Z,89.41638888888889,NA,NA,WF,0,2025,NA,NA,FALSE,TRUE
2025-OR956S-025178,0.1,Class A,2025-08-04T20:30:00Z,113.1463888888889,NA,NA,WF,0,2025,NA,NA,FALSE,TRUE
2025-OR733S-000119,25.38,Class C,NA,NA,NA,NA,WF,0,2025,NA,NA,FALSE,TRUE
2025-ORMAF-025210,0.1,Class A,2025-08-08T19:19:00Z,112.29583333333332,NA,NA,WF,0,2025,NA,NA,FALSE,TRUE
2025-OROCF-000653,0.1,Class A,2025-08-04T21:41:00Z,145.86888888888888,NA,NA,WF,0,2025,NA,NA,FALSE,TRUE
2025-ORMAF-025199,0.01,Class A,NA,NA,NA,NA,WF,0,2025,NA,NA,FALSE,TRUE
2025-ORMAF-025208,0.1,Class A,2025-08-08T19:57:00Z,116.09916666666666,NA,NA,WF,0,2025,NA,NA,FALSE,TRUE
2025-ORLAD-250416,0.1,Class A,2025-08-08T20:04:00Z,193.32333333333332,NA,NA,WF,0,2025,NA,NA,FALSE,TRUE
2025-ORDEF-000718,0.1,Class A,2025-08-03T15:10:00Z,22.392222222222223,NA,NA,WF,0,2025,NA,NA,FALSE,TRUE
2025-ORDEF-000728,0.1,Class A,2025-08-04T19:49:00Z,45.98194444444445,NA,NA,WF,0,2025,NA,NA,FALSE,TRUE
2025-ORDEF-000733,0.11,Class A,2025-08-06T20:48:00Z,92.6125,NA,NA,WF,0,2025,NA,NA,FALSE,TRUE
2025-OR711S-0011726,0,Class A,NA,NA,NA,NA,WF,0,2025,NA,NA,FALSE,TRUE
2025-ORDEF-000731,0.1,Class A,2025-08-05T21:04:00Z,70.51666666666667,NA,NA,WF,0,2025,NA,NA,FALSE,TRUE
2025-OR712S-004026,0.04,Class A,NA,NA,NA,NA,WF,0,2025,NA,NA,FALSE,TRUE
2025-OR712S-005426,35.33,Class C,NA,NA,NA,NA,WF,0,2025,NA,NA,FALSE,TRUE
2025-OR520S-521024,0.05,Class A,NA,NA,NA,NA,WF,0,2025,NA,NA,FALSE,TRUE
2025-ORFWF-250468,0.75,Class B,2025-08-09T18:38:00Z,141.6013888888889,NA,NA,WF,0,2025,NA,NA,FALSE,TRUE
2025-OR981S-250467,0.1,Class A,2025-08-09T19:09:00Z,144.2588888888889,NA,NA,WF,0,2025,NA,NA,FALSE,TRUE
2025-ORWWF-000340,0.1,Class A,NA,NA,NA,NA,WF,0,2025,NA,NA,FALSE,TRUE
2025-ORRSF-000141,0.02,Class A,2025-07-10T18:10:00Z,139.21777777777777,NA,NA,WF,0,2025,NA,NA,FALSE,TRUE
2025-ORMAF-025216,0.1,Class A,2025-08-09T20:53:00Z,48.160833333333336,NA,NA,WF,0,2025,NA,NA,FALSE,TRUE
2025-OR981S-250376,0.1,Class A,2025-08-09T20:54:00Z,307.92055555555555,NA,NA,WF,0,2025,NA,NA,FALSE,TRUE
2025-ORMAF-025181,0.13,Class A,2025-08-09T21:37:00Z,221.98333333333332,NA,NA,WF,0,2025,NA,NA,FALSE,TRUE
2025-ORMAF-025182,0.25,Class A,2025-08-09T22:35:00Z,219.86555555555557,NA,NA,WF,0,2025,NA,NA,FALSE,TRUE
2025-OR956S-025209,0.1,Class A,2025-08-10T00:01:00Z,142.41555555555556,NA,NA,WF,0,2025,NA,NA,FALSE,TRUE
2025-ORUPF-250272,0.1,Class A,2025-08-08T21:29:00Z,142.5388888888889,NA,NA,WF,0,2025,NA,NA,FALSE,TRUE
2025-OROCF-000676,0.1,Class A,2025-08-06T21:38:00Z,152.11666666666667,NA,NA,WF,0,2025,NA,NA,FALSE,TRUE
2025-OROCF-000679,0.1,Class A,2025-08-07T20:59:00Z,171.2613888888889,NA,NA,WF,0,2025,NA,NA,FALSE,TRUE
2025-ORMAF-025058,0.1,Class A,2025-06-13T20:30:00Z,27.81,NA,NA,WF,0,2025,NA,NA,FALSE,TRUE
2025-ORMAF-025086,0.25,Class A,2025-07-09T23:42:00Z,172.1375,NA,NA,WF,0,2025,NA,NA,FALSE,TRUE
2025-OR781S-000028,0,Class A,NA,NA,NA,NA,WF,0,2025,NA,NA,FALSE,TRUE
2025-ORLAD-250345,0.1,Class A,2025-07-19T21:46:00Z,0.39166666666666666,NA,NA,WF,0,2025,NA,NA,FALSE,TRUE
2025-ORWWF-000405,0.1,Class A,2025-08-09T23:32:00Z,27.121111111111112,NA,NA,WF,0,2025,NA,NA,FALSE,TRUE
2025-ORMAF-025170,0.1,Class A,2025-08-02T17:35:00Z,71.02,NA,NA,WF,0,2025,NA,NA,FALSE,TRUE
2025-OR982S-250482,0.1,Class A,NA,NA,NA,NA,WF,0,2025,NA,NA,FALSE,TRUE
2025-ORUPF-250278,0.1,Class A,2025-08-04T16:36:00Z,37.83138888888889,NA,NA,WF,0,2025,NA,NA,FALSE,TRUE
2025-ORUPF-250275,0.1,Class A,2025-08-08T23:00:00Z,143.175,NA,NA,WF,0,2025,NA,NA,FALSE,TRUE
2025-ORUPF-250245,0.1,Class A,2025-08-07T19:10:00Z,214.07361111111112,NA,NA,WF,0,2025,NA,NA,FALSE,TRUE
2025-ORUPF-250206,0.1,Class A,2025-07-13T23:30:00Z,0.49,NA,NA,WF,0,2025,NA,NA,FALSE,TRUE
2025-OR981S-250435,0.1,Class A,2025-08-10T20:13:00Z,234.7813888888889,NA,NA,WF,0,2025,NA,NA,FALSE,TRUE
2025-ORMAF-025206,0.1,Class A,2025-08-09T22:04:00Z,143.68333333333334,NA,NA,WF,0,2025,NA,NA,FALSE,TRUE
2025-ORWWF-000398,0.1,Class A,2025-08-08T23:06:00Z,25.566666666666663,NA,NA,WF,0,2025,NA,NA,FALSE,TRUE
2025-OR974S-000335,0.5,Class B,2025-08-10T22:40:00Z,225.11666666666667,NA,NA,WF,0,2025,NA,NA,FALSE,TRUE
2025-OR981S-250456,0.1,Class A,2025-08-08T19:45:00Z,153.72805555555556,NA,NA,WF,0,2025,NA,NA,FALSE,TRUE
2025-ORWWF-000378,0.1,Class A,2025-08-06T20:10:00Z,43.41722222222222,NA,NA,WF,0,2025,NA,NA,FALSE,TRUE
2025-ORFWF-250488,0.1,Class A,2025-08-11T15:56:00Z,24.533333333333335,NA,NA,WF,0,2025,NA,NA,FALSE,TRUE
2025-OR981S-250492,0.5,Class B,NA,NA,NA,NA,WF,0,2025,NA,NA,FALSE,TRUE
2025-OR711S-021326,0.1,Class A,NA,NA,NA,NA,WF,0,2025,NA,NA,FALSE,TRUE
2025-OR772S-000040,3.37,Class B,NA,NA,NA,NA,WF,0,2025,NA,NA,FALSE,TRUE
2025-OR581S-000002,0,Class A,NA,NA,NA,NA,WF,0,2025,NA,NA,FALSE,TRUE
2025-OROCF-000686,0.1,Class A,2025-08-05T20:26:00Z,112.00111111111111,NA,NA,WF,0,2025,NA,NA,FALSE,TRUE
2025-ORDEF-000766,0.1,Class A,2025-08-09T18:56:00Z,139.5402777777778,NA,NA,WF,0,2025,NA,NA,FALSE,TRUE
2025-ORPRD-000634,0.1,Class A,2025-07-29T21:10:00Z,20.68027777777778,NA,NA,WF,0,2025,NA,NA,FALSE,TRUE
2025-ORPRD-000732,0.1,Class A,2025-08-06T21:47:00Z,94.16666666666669,NA,NA,WF,0,2025,NA,NA,FALSE,TRUE
2025-OR991S-000571,0.1,Class A,NA,NA,NA,NA,WF,0,2025,NA,NA,FALSE,TRUE
2025-ORDEF-000432,0.1,Class A,2025-07-09T21:23:00Z,120.60222222222222,NA,NA,WF,0,2025,NA,NA,FALSE,TRUE
2025-ORDEF-000477,0.1,Class A,2025-07-16T19:25:00Z,237.21666666666667,NA,NA,WF,0,2025,NA,NA,FALSE,TRUE
2025-ORDEF-000464,0.15,Class A,2025-07-08T19:59:00Z,68.08805555555556,NA,NA,WF,0,2025,NA,NA,FALSE,TRUE
2025-ORDEF-000457,0.1,Class A,2025-07-07T22:40:00Z,51.05583333333333,NA,NA,WF,0,2025,NA,NA,FALSE,TRUE
2025-ORRSF-000186,30.21,Class C,2025-07-26T19:17:00Z,432.68333333333334,NA,NA,WF,0,2025,NA,NA,FALSE,TRUE
2025-ORRSF-000157,0.1,Class A,2025-07-14T16:41:00Z,153.25416666666666,NA,NA,WF,0,2025,NA,NA,FALSE,TRUE
2025-ORWWF-000302,1,Class B,2025-08-11T22:38:00Z,315.76666666666665,NA,NA,WF,0,2025,NA,NA,FALSE,TRUE
2025-ORWSA-000091,0.5,Class B,2025-08-09T23:59:00Z,90.9,NA,NA,WF,0,2025,NA,NA,FALSE,TRUE
2025-ORCBD-250036,2,Class B,NA,NA,NA,NA,RX,0,2025,NA,NA,FALSE,TRUE
2025-ORCBD-250039,2,Class B,NA,NA,NA,NA,RX,0,2025,NA,NA,FALSE,TRUE
2025-OR731S-000513,35.69,Class C,NA,NA,NA,NA,WF,0,2025,NA,NA,FALSE,TRUE
2025-OR771S-000135,0.06,Class A,NA,NA,NA,NA,WF,0,2025,NA,NA,FALSE,TRUE
2025-OR771S-000005,0.01,Class A,NA,NA,NA,NA,WF,0,2025,NA,NA,FALSE,TRUE
2025-OR771S-000006,0.01,Class A,NA,NA,NA,NA,WF,0,2025,NA,NA,FALSE,TRUE
2025-OR551S-000005,0.01,Class A,NA,NA,NA,NA,WF,0,2025,NA,NA,FALSE,TRUE
2025-OR731S-000065,1,Class B,NA,NA,NA,NA,WF,0,2025,NA,NA,FALSE,TRUE
2025-OR781S-000049,0.01,Class A,NA,NA,NA,NA,WF,0,2025,NA,NA,FALSE,TRUE
2025-OR771S-000021,0.5,Class B,NA,NA,NA,NA,WF,0,2025,NA,NA,FALSE,TRUE
2025-ORDEF-000613,0.1,Class A,2025-07-29T21:12:00Z,48.940555555555555,NA,NA,WF,0,2025,NA,NA,FALSE,TRUE
2025-ORFWF-250204,0.1,Class A,2025-07-03T18:05:00Z,62.9975,NA,NA,WF,0,2025,NA,NA,FALSE,TRUE
2025-ORFWF-250311,0.5,Class B,2025-07-11T20:06:00Z,70.86361111111111,NA,NA,WF,0,2025,NA,NA,FALSE,TRUE
2025-ORDEF-000657,0.1,Class A,2025-07-31T20:02:00Z,44.64944444444444,NA,NA,WF,0,2025,NA,NA,FALSE,TRUE
2025-ORDEF-000702,0.1,Class A,2025-08-03T18:53:00Z,42.45,NA,NA,WF,0,2025,NA,NA,FALSE,TRUE
2025-ORDEF-000774,0.1,Class A,2025-08-05T23:40:00Z,24.833333333333332,NA,NA,WF,0,2025,NA,NA,FALSE,TRUE
2025-ORDEF-000703,0.1,Class A,2025-08-03T18:42:00Z,42.22277777777778,NA,NA,WF,0,2025,NA,NA,FALSE,TRUE
2025-ORDEF-000814,0.1,Class A,2025-08-10T18:15:00Z,11.830555555555556,NA,NA,WF,0,2025,NA,NA,FALSE,TRUE
2025-ORDEF-000633,0.1,Class A,2025-07-31T19:00:00Z,66.57138888888889,NA,NA,WF,0,2025,NA,NA,FALSE,TRUE
2025-ORDEF-000696,0.1,Class A,2025-08-03T19:19:00Z,44.208333333333336,NA,NA,WF,0,2025,NA,NA,FALSE,TRUE
2025-OR981S-250337,668.88,Class E,NA,NA,NA,NA,WF,0,2025,NA,NA,FALSE,TRUE
2025-ORDEF-000026,0.1,Class A,2025-01-13T19:10:00Z,22.769166666666667,NA,NA,WF,0,2025,NA,NA,FALSE,TRUE
2025-ORDEF-000085,0.32,Class B,2025-05-02T22:27:00Z,98.82138888888888,NA,NA,WF,0,2025,NA,NA,FALSE,TRUE
2025-ORDEF-000181,0.1,Class A,2025-05-30T19:50:00Z,20.358333333333334,NA,NA,WF,0,2025,NA,NA,FALSE,TRUE
2025-ORDEF-000261,0.01,Class A,2025-06-12T03:30:00Z,0.9594444444444444,NA,NA,WF,0,2025,NA,NA,FALSE,TRUE
2025-ORDEF-000325,0.1,Class A,NA,NA,NA,NA,WF,0,2025,NA,NA,FALSE,TRUE
2025-ORDEF-000296,0.25,Class A,2025-06-19T01:34:00Z,49.56916666666667,NA,NA,WF,0,2025,NA,NA,FALSE,TRUE
2025-ORDEF-000105,0.1,Class A,2025-06-03T20:25:00Z,745.405,NA,NA,WF,0,2025,NA,NA,FALSE,TRUE
2025-ORDEF-000120,0.31,Class B,2025-05-12T19:55:00Z,71.15,NA,NA,WF,0,2025,NA,NA,FALSE,TRUE
2025-ORDEF-000798,0.1,Class A,2025-08-11T19:31:00Z,93.96666666666668,NA,NA,WF,0,2025,NA,NA,FALSE,TRUE
2025-ORPRD-000777,0.1,Class A,2025-08-08T21:57:00Z,78.46666666666667,NA,NA,WF,0,2025,NA,NA,FALSE,TRUE
2025-ORRSF-000269,0.1,Class A,2025-08-05T17:13:00Z,19.558611111111112,NA,NA,WF,0,2025,NA,NA,FALSE,TRUE
2025-ORPRD-000784,0.1,Class A,2025-08-06T23:42:00Z,22.822777777777777,NA,NA,WF,0,2025,NA,NA,FALSE,TRUE
2025-OR771S-000024,0,Class A,NA,NA,NA,NA,WF,0,2025,NA,NA,FALSE,TRUE
2025-ORDEF-000761,0.1,Class A,2025-08-04T21:29:00Z,25.206666666666667,NA,NA,WF,0,2025,NA,NA,FALSE,TRUE
2025-ORUPF-250264,1.6,Class B,2025-08-13T22:13:00Z,285.73333333333335,NA,NA,WF,0,2025,NA,NA,FALSE,TRUE
2025-OR951S-000492,22.19,Class C,2025-08-13T23:35:00Z,863.2666666666667,NA,NA,WF,0,2025,NA,NA,FALSE,TRUE
2025-ORFWF-250474,0.1,Class A,2025-08-05T23:30:00Z,34.01083333333333,NA,NA,WF,0,2025,NA,NA,FALSE,TRUE
2025-OR781S-000204,4.95,Class B,NA,NA,NA,NA,WF,0,2025,NA,NA,FALSE,TRUE
2025-OR582S-000014,0,Class A,NA,NA,NA,NA,WF,0,2025,NA,NA,FALSE,TRUE
2025-OR982S-250500,0.01,Class A,NA,NA,NA,NA,WF,0,2025,NA,NA,FALSE,TRUE
2025-OR581S-000013,0,Class A,NA,NA,NA,NA,WF,0,2025,NA,NA,FALSE,TRUE
2025-ORPRD-000163,1776.86,Class F,2025-06-19T22:00:00Z,600.3783333333333,NA,NA,WF,0,2025,NA,NA,FALSE,TRUE
2025-ORLAD-250209,0.44,Class B,2025-07-11T20:47:00Z,244.41972222222225,NA,NA,WF,0,2025,NA,NA,FALSE,TRUE
2025-ORSHR-250292,2.59,Class B,2025-07-20T20:37:00Z,335.5622222222222,NA,NA,WF,0,2025,NA,NA,FALSE,TRUE
2025-OR955S-000487,2.06,Class B,NA,NA,NA,NA,WF,0,2025,NA,NA,FALSE,TRUE
2025-OR955S-000102,0.06,Class A,NA,NA,NA,NA,WF,0,2025,NA,NA,FALSE,TRUE
2025-ORPRD-000437,1.11,Class B,2025-08-07T21:55:00Z,815.8,NA,NA,WF,0,2025,NA,NA,FALSE,TRUE
2025-ORDEF-000564,0.1,Class A,2025-07-21T20:10:00Z,97.42333333333332,NA,NA,WF,0,2025,NA,NA,FALSE,TRUE
2024-ORUPF-240402,4148.5,Class F,2025-08-15T20:00:00Z,8255.033333333333,NA,NA,WF,0,2024,NA,NA,FALSE,TRUE
2025-ORFWF-250483,0.19,Class A,2025-08-14T18:28:00Z,236.58333333333337,NA,NA,WF,0,2025,NA,NA,FALSE,TRUE
2025-ORFWF-250481,0.1,Class A,2025-08-14T19:00:00Z,238.96972222222223,NA,NA,WF,0,2025,NA,NA,FALSE,TRUE
2025-ORWWF-000428,0.25,Class A,2025-08-15T00:09:00Z,26.016666666666666,NA,NA,WF,0,2025,NA,NA,FALSE,TRUE
2025-OR582S-000008,0,Class A,NA,NA,NA,NA,WF,0,2025,NA,NA,FALSE,TRUE
2025-OR981S-250391,0.1,Class A,2025-08-15T23:08:00Z,382.55861111111113,NA,NA,WF,0,2025,NA,NA,FALSE,TRUE
2025-OR712S-071925,0,Class A,NA,NA,NA,NA,WF,0,2025,NA,NA,FALSE,TRUE
2024-OR781S-000171,3.03,Class B,NA,NA,NA,NA,WF,0,2024,NA,NA,FALSE,TRUE
2025-OR981S-250502,0.1,Class A,2025-08-15T22:11:00Z,11.912777777777778,NA,NA,WF,0,2025,NA,NA,FALSE,TRUE
2025-OR712S-002426,0,Class A,NA,NA,NA,NA,WF,0,2025,NA,NA,FALSE,TRUE
2025-OR772S-000046,0.01,Class A,NA,NA,NA,NA,WF,0,2025,NA,NA,FALSE,TRUE
2025-OR772S-000047,0.01,Class A,NA,NA,NA,NA,WF,0,2025,NA,NA,FALSE,TRUE
2025-OR772S-000049,0.01,Class A,NA,NA,NA,NA,WF,0,2025,NA,NA,FALSE,TRUE
2025-OR981S-250505,0.1,Class A,2025-08-16T18:48:00Z,1.274166666666667,NA,NA,WF,0,2025,NA,NA,FALSE,TRUE
2025-OR781S-000065,0.01,Class A,NA,NA,NA,NA,WF,0,2025,NA,NA,FALSE,TRUE
2025-OR952S-025026,22.81,Class C,2025-04-23T17:19:00Z,139.91583333333332,NA,NA,WF,0,2025,NA,NA,FALSE,TRUE
2025-OR711S-016226,0,Class A,NA,NA,NA,NA,WF,0,2025,NA,NA,FALSE,TRUE
2025-OR951S-000805,7.24,Class B,NA,NA,NA,NA,WF,0,2025,NA,NA,FALSE,TRUE
2025-ORPRD-000500,12.44,Class C,2025-08-07T21:55:00Z,716.7333333333333,NA,NA,WF,0,2025,NA,NA,FALSE,TRUE
2025-OR981S-250338,0.1,Class A,2025-08-16T21:32:00Z,788.5869444444445,NA,NA,WF,0,2025,NA,NA,FALSE,TRUE
2025-ORMED-711440,0.01,Class A,NA,NA,NA,NA,WF,0,2025,NA,NA,FALSE,TRUE
2025-ORMED-712030,0.5,Class B,NA,NA,NA,NA,WF,0,2025,NA,NA,FALSE,TRUE
2025-ORMED-712031,39.74,Class C,NA,NA,NA,NA,WF,0,2025,NA,NA,FALSE,TRUE
2025-ORMED-712793,0,Class A,NA,NA,NA,NA,WF,0,2025,NA,NA,FALSE,TRUE
2025-OR981S-250290,0.1,Class A,2025-08-16T21:31:00Z,985.15,NA,NA,WF,0,2025,NA,NA,FALSE,TRUE
2025-ORMED-712036,0,Class A,NA,NA,NA,NA,WF,0,2025,NA,NA,FALSE,TRUE
2025-ORWWF-000427,1,Class B,2025-08-15T22:00:00Z,50.44083333333333,NA,NA,WF,0,2025,NA,NA,FALSE,TRUE
2025-ORMED-712051,0.29,Class B,NA,NA,NA,NA,WF,0,2025,NA,NA,FALSE,TRUE
2025-ORMED-712050,0,Class A,NA,NA,NA,NA,WF,0,2025,NA,NA,FALSE,TRUE
2025-ORMED-712650,0,Class A,NA,NA,NA,NA,WF,0,2025,NA,NA,FALSE,TRUE
2025-ORMED-006426,37.24,Class C,NA,NA,NA,NA,WF,0,2025,NA,NA,FALSE,TRUE
2025-ORMED-007826,0.5,Class B,NA,NA,NA,NA,WF,0,2025,NA,NA,FALSE,TRUE
2025-ORMED-010226,0,Class A,NA,NA,NA,NA,WF,0,2025,NA,NA,FALSE,TRUE
2025-ORMED-010026,0.1,Class A,NA,NA,NA,NA,WF,0,2025,NA,NA,FALSE,TRUE
2025-ORMED-011626,0.02,Class A,NA,NA,NA,NA,WF,0,2025,NA,NA,FALSE,TRUE
2025-ORMED-005726,14.24,Class C,NA,NA,NA,NA,WF,0,2025,NA,NA,FALSE,TRUE
2025-ORMED-712042,10.11,Class C,NA,NA,NA,NA,WF,0,2025,NA,NA,FALSE,TRUE
2025-ORMED-002526,0,Class A,NA,NA,NA,NA,WF,0,2025,NA,NA,FALSE,TRUE
2025-ORLAD-250128,0.06,Class A,2025-06-21T21:10:00Z,282.24833333333333,NA,NA,WF,0,2025,NA,NA,FALSE,TRUE
2025-ORUMA-000451,11.35,Class C,2025-08-27T17:44:00Z,95.90833333333332,NA,NA,WF,0,2025,NA,NA,FALSE,TRUE
2025-ORMAF-002512,3,Class B,2025-06-09T18:28:00Z,596.2316666666667,NA,NA,WF,0,2025,NA,NA,FALSE,TRUE
2025-ORLAD-250138,0.1,Class A,2025-06-15T19:12:00Z,114.44638888888888,NA,NA,WF,0,2025,NA,NA,FALSE,TRUE
2025-OR731S-000122,0,Class A,NA,NA,NA,NA,WF,0,2025,NA,NA,FALSE,TRUE
2024-OR712S-000633,3.39,Class B,NA,NA,NA,NA,WF,0,2024,NA,NA,FALSE,TRUE
2024-ORWIF-240210,1311.36,Class F,NA,NA,NA,NA,WF,0,2024,NA,NA,FALSE,TRUE
2024-ORMHF-000639,3239.51,Class F,2025-10-07T15:00:00Z,10652.983333333334,NA,NA,WF,0,2024,NA,NA,FALSE,TRUE
2025-ORUPF-250010,32.8,Class C,NA,NA,NA,NA,RX,0,2025,NA,NA,FALSE,TRUE
2025-ORCBD-250033,3,Class B,NA,NA,NA,NA,RX,0,2025,NA,NA,FALSE,TRUE
2025-ORRSF-000027,0.1,Class A,2025-03-06T17:15:00Z,574.6866666666666,NA,NA,WF,0,2025,NA,NA,FALSE,TRUE
2025-ORUPF-250040,119,Class D,NA,NA,NA,NA,RX,0,2025,NA,NA,FALSE,TRUE
2025-ORUPF-250046,228.99,Class D,NA,NA,NA,NA,RX,0,2025,NA,NA,FALSE,TRUE
2025-ORUPF-250052,31.99,Class C,NA,NA,NA,NA,RX,0,2025,NA,NA,FALSE,TRUE
2025-ORUPF-250056,88,Class C,NA,NA,NA,NA,RX,0,2025,NA,NA,FALSE,TRUE
2025-ORVAD-250020,5.7,Class B,2025-03-20T19:49:00Z,212.0088888888889,NA,NA,WF,0,2025,NA,NA,FALSE,TRUE
2025-ORVAD-250021,4.64,Class B,2025-03-20T20:45:00Z,191.42527777777775,NA,NA,WF,0,2025,NA,NA,FALSE,TRUE
2025-OR971S-000037,3.01,Class B,2025-04-07T17:00:00Z,43.15,NA,NA,WF,0,2025,NA,NA,FALSE,TRUE
2025-ORRSF-000053,0.1,Class A,2025-05-01T22:43:00Z,235.6013888888889,NA,NA,WF,0,2025,NA,NA,FALSE,TRUE
2025-ORVAD-250036,0.1,Class A,2025-05-15T18:00:00Z,475.5,NA,NA,WF,0,2025,NA,NA,FALSE,TRUE
2025-ORSUF-250085,1,Class B,2025-05-19T18:33:00Z,361.12333333333333,NA,NA,WF,0,2025,NA,NA,FALSE,TRUE
2025-OR971S-000077,0.5,Class B,NA,NA,NA,NA,WF,0,2025,NA,NA,FALSE,TRUE
2025-ORNOD-781189,0.01,Class A,NA,NA,NA,NA,WF,0,2025,NA,NA,FALSE,TRUE
2025-ORMAF-025035,0.1,Class A,2025-05-07T15:51:00Z,22.528055555555557,NA,NA,WF,0,2025,NA,NA,FALSE,TRUE
2025-ORVAD-250043,16.31,Class C,2025-07-02T22:20:00Z,1319.6133333333332,NA,NA,WF,0,2025,NA,NA,FALSE,TRUE
2025-OR974S-000086,0.1,Class A,NA,NA,NA,NA,WF,0,2025,NA,NA,FALSE,TRUE
2025-OR973S-000091,0.1,Class A,2025-05-20T17:02:00Z,167.57833333333335,NA,NA,WF,0,2025,NA,NA,FALSE,TRUE
2025-OROCF-000138,0.1,Class A,2025-05-16T23:00:00Z,0.5775,NA,NA,WF,0,2025,NA,NA,FALSE,TRUE
2025-ORMAF-002514,0.25,Class A,2025-06-25T23:18:00Z,894.9333333333333,NA,NA,WF,0,2025,NA,NA,FALSE,TRUE
2025-ORWWF-000094,0.1,Class A,2025-07-05T16:31:17Z,1187.371388888889,NA,NA,WF,0,2025,NA,NA,FALSE,TRUE
2025-ORWWF-000101,0.1,Class A,2025-06-02T21:28:00Z,142.46666666666667,NA,NA,WF,0,2025,NA,NA,FALSE,TRUE
2025-OR973S-000104,0.5,Class B,2025-06-09T20:48:00Z,239.55,NA,NA,WF,0,2025,NA,NA,FALSE,TRUE
2025-ORWSA-000018,78.83,Class C,NA,NA,NA,NA,WF,0,2025,NA,NA,FALSE,TRUE
2025-OR971S-000108,0.25,Class A,NA,NA,NA,NA,WF,0,2025,NA,NA,FALSE,TRUE
2025-ORUMA-000109,0.1,Class A,NA,NA,NA,NA,WF,0,2025,NA,NA,FALSE,TRUE
2025-ORSUF-250111,0.1,Class A,2025-06-02T22:21:00Z,4.756944444444445,NA,NA,WF,0,2025,NA,NA,FALSE,TRUE
2025-ORVAD-250056,0.77,Class B,2025-06-27T18:18:00Z,526.2166666666667,NA,NA,WF,0,2025,NA,NA,FALSE,TRUE
2025-ORVAD-250057,2,Class B,2025-06-06T14:45:00Z,9.65,NA,NA,WF,0,2025,NA,NA,FALSE,TRUE
2025-OR732S-000541,0,Class A,NA,NA,NA,NA,WF,0,2025,NA,NA,FALSE,TRUE
2025-ORWWF-000114,0.1,Class A,2025-06-12T22:18:00Z,145.98194444444445,NA,NA,WF,0,2025,NA,NA,FALSE,TRUE
2025-ORSUF-250119,0.1,Class A,2025-06-10T18:00:00Z,93.90194444444444,NA,NA,WF,0,2025,NA,NA,FALSE,TRUE
2025-OR781S-000192,0.43,Class B,NA,NA,NA,NA,WF,0,2025,NA,NA,FALSE,TRUE
2025-ORRSF-000091,0.1,Class A,2025-06-13T22:22:00Z,76.54055555555556,NA,NA,WF,0,2025,NA,NA,FALSE,TRUE
2025-ORVAD-250064,0.1,Class A,2025-06-27T17:00:00Z,400.1122222222222,NA,NA,WF,0,2025,NA,NA,FALSE,TRUE
2025-ORVAD-250065,144.46,Class D,2025-06-12T14:30:00Z,35.43333333333333,NA,NA,WF,0,2025,NA,NA,FALSE,TRUE
2025-ORWWF-000130,0.1,Class A,NA,NA,NA,NA,WF,0,2025,NA,NA,FALSE,TRUE
2025-ORWWF-250067,0.1,Class A,2025-07-25T17:28:00Z,1056.0522222222223,NA,NA,WF,0,2025,NA,NA,FALSE,TRUE
2025-ORMED-712704,0.29,Class B,NA,NA,NA,NA,WF,0,2025,NA,NA,FALSE,TRUE
2025-ORBUD-002534,9,Class B,2025-07-23T23:40:00Z,1009,NA,NA,WF,0,2025,NA,NA,FALSE,TRUE
2025-ORFWF-250160,1,Class B,2025-06-18T20:41:00Z,167.6627777777778,NA,NA,WF,0,2025,NA,NA,FALSE,TRUE
2025-ORPRD-000262,10355.99,Class G,NA,NA,NA,NA,WF,0,2025,NA,NA,FALSE,TRUE
2025-ORFWF-250161,0.1,Class A,2025-06-18T17:30:00Z,157.33944444444444,NA,NA,WF,0,2025,NA,NA,FALSE,TRUE
2025-ORVAD-250071,0.04,Class A,2025-06-12T13:10:00Z,0.05722222222222222,NA,NA,WF,0,2025,NA,NA,FALSE,TRUE
2025-ORVAD-250070,1.42,Class B,2025-06-12T12:58:00Z,9.421666666666669,NA,NA,WF,0,2025,NA,NA,FALSE,TRUE
2025-OR733S-000563,1.6,Class B,NA,NA,NA,NA,WF,0,2025,NA,NA,FALSE,TRUE
2025-OR952S-025062,0.07,Class A,2025-06-15T22:34:00Z,72.53055555555555,NA,NA,WF,0,2025,NA,NA,FALSE,TRUE
2025-ORDEF-000268,0.25,Class A,2025-06-17T22:05:00Z,119.44666666666669,NA,NA,WF,0,2025,NA,NA,FALSE,TRUE
2025-OR952S-025063,0.08,Class A,2025-06-15T22:49:00Z,72.76666666666667,NA,NA,WF,0,2025,NA,NA,FALSE,TRUE
2025-OR711S-045525,0.02,Class A,NA,NA,NA,NA,WF,0,2025,NA,NA,FALSE,TRUE
2025-ORWWF-000135,0.1,Class A,2025-06-18T22:07:00Z,122.58333333333331,NA,NA,WF,0,2025,NA,NA,FALSE,TRUE
2025-OR711S-045225,0.97,Class B,NA,NA,NA,NA,WF,0,2025,NA,NA,FALSE,TRUE
2025-ORVAD-250077,0.1,Class A,2025-06-14T01:15:00Z,2.4975,NA,NA,WF,0,2025,NA,NA,FALSE,TRUE
2025-ORWWF-000137,0.25,Class A,2025-06-18T19:38:00Z,94.66666666666669,NA,NA,WF,0,2025,NA,NA,FALSE,TRUE
2025-ORPRD-000280,59.65,Class C,2025-06-22T21:06:00Z,188.20277777777775,NA,NA,WF,0,2025,NA,NA,FALSE,TRUE
2025-ORVAD-250079,0.69,Class B,2025-06-17T19:00:00Z,37.56305555555556,NA,NA,WF,0,2025,NA,NA,FALSE,TRUE
2025-ORWIF-250134,0.1,Class A,2025-06-16T20:29:00Z,1.448888888888889,NA,NA,WF,0,2025,NA,NA,FALSE,TRUE
2025-ORVAD-250080,31.18,Class C,2025-07-11T20:10:00Z,597.7077777777778,NA,NA,WF,0,2025,NA,NA,FALSE,TRUE
2025-OR712S-072325,0.25,Class A,NA,NA,NA,NA,WF,0,2025,NA,NA,FALSE,TRUE
2025-ORPRD-000297,0.1,Class A,2025-06-17T18:36:00Z,1.8177777777777775,NA,NA,WF,0,2025,NA,NA,FALSE,TRUE
2025-ORMAF-025071,0.1,Class A,2025-06-26T21:43:00Z,212.26083333333332,NA,NA,WF,0,2025,NA,NA,FALSE,TRUE
2025-OR731S-000581,0,Class A,NA,NA,NA,NA,WF,0,2025,NA,NA,FALSE,TRUE
2025-ORMAF-002542,0.06,Class A,2025-06-30T20:37:00Z,290.2,NA,NA,WF,0,2025,NA,NA,FALSE,TRUE
2025-ORSUF-250138,0.01,Class A,2025-06-23T19:05:00Z,120.08416666666666,NA,NA,WF,0,2025,NA,NA,FALSE,TRUE
2025-OR712S-072625,0,Class A,NA,NA,NA,NA,WF,0,2025,NA,NA,FALSE,TRUE
2025-ORVAD-250087,0.37,Class B,2025-07-03T18:20:00Z,325.57472222222225,NA,NA,WF,0,2025,NA,NA,FALSE,TRUE
2025-ORVAD-250086,0.29,Class B,2025-07-03T18:20:00Z,325.93944444444446,NA,NA,WF,0,2025,NA,NA,FALSE,TRUE
2025-ORVAD-250089,19.74,Class C,2025-07-22T13:00:00Z,761.5166666666667,NA,NA,WF,0,2025,NA,NA,FALSE,TRUE
2025-ORVAD-250091,20.32,Class C,2025-07-05T20:45:00Z,322.76666666666665,NA,NA,WF,0,2025,NA,NA,FALSE,TRUE
2025-ORVAD-250094,232.09,Class D,2025-07-05T21:26:00Z,277.9580555555556,NA,NA,WF,0,2025,NA,NA,FALSE,TRUE
2025-OR971S-000163,1,Class B,NA,NA,NA,NA,WF,0,2025,NA,NA,FALSE,TRUE
2025-ORBUD-002547,9.73,Class B,2025-07-03T23:17:00Z,221.03944444444448,NA,NA,WF,0,2025,NA,NA,FALSE,TRUE
2025-OR982S-250184,0.25,Class A,NA,NA,NA,NA,WF,0,2025,NA,NA,FALSE,TRUE
2025-OR712S-077325,0,Class A,NA,NA,NA,NA,WF,0,2025,NA,NA,FALSE,TRUE
2025-OR712S-077025,0,Class A,NA,NA,NA,NA,WF,0,2025,NA,NA,FALSE,TRUE
2025-ORBUD-002549,0.1,Class A,2025-06-26T22:00:00Z,2.0025,NA,NA,WF,0,2025,NA,NA,FALSE,TRUE
2025-OR552S-000071,0,Class A,NA,NA,NA,NA,WF,0,2025,NA,NA,FALSE,TRUE
2025-OR732S-000620,0.01,Class A,NA,NA,NA,NA,WF,0,2025,NA,NA,FALSE,TRUE
2025-ORVAD-250098,1.61,Class B,2025-07-06T16:26:00Z,206.59694444444443,NA,NA,WF,0,2025,NA,NA,FALSE,TRUE
2025-OR712S-078225,0.03,Class A,NA,NA,NA,NA,WF,0,2025,NA,NA,FALSE,TRUE
2025-ORBUD-002551,5,Class B,NA,NA,NA,NA,WF,0,2025,NA,NA,FALSE,TRUE
2025-ORSUF-250148,10.92,Class C,2025-07-02T20:00:49Z,84.93027777777777,NA,NA,WF,0,2025,NA,NA,FALSE,TRUE
2025-ORVAD-250099,35.03,Class C,2025-07-22T21:25:00Z,552.4666666666667,NA,NA,WF,0,2025,NA,NA,FALSE,TRUE
2025-OR712S-079025,0,Class A,NA,NA,NA,NA,WF,0,2025,NA,NA,FALSE,TRUE
2025-ORFWF-250194,0.25,Class A,2025-07-07T21:35:00Z,164.4,NA,NA,WF,0,2025,NA,NA,FALSE,TRUE
2025-ORFWF-250195,0.1,Class A,2025-07-07T21:48:00Z,164.5961111111111,NA,NA,WF,0,2025,NA,NA,FALSE,TRUE
2025-ORMED-000326,11.54,Class C,NA,NA,NA,NA,WF,0,2025,NA,NA,FALSE,TRUE
2025-OR531S-531032,0,Class A,NA,NA,NA,NA,WF,0,2025,NA,NA,FALSE,TRUE
2025-ORRSF-000112,0.1,Class A,2025-07-11T19:05:00Z,245.92138888888888,NA,NA,WF,0,2025,NA,NA,FALSE,TRUE
2025-ORWSA-000040,48.76,Class C,2025-07-26T18:52:00Z,596.9333333333333,NA,NA,WF,0,2025,NA,NA,FALSE,TRUE
2025-ORCLP-250217,0.25,Class A,2025-07-06T02:25:00Z,100.195,NA,NA,WF,0,2025,NA,NA,FALSE,TRUE
2025-ORMED-000526,0,Class A,NA,NA,NA,NA,WF,0,2025,NA,NA,FALSE,TRUE
2025-ORFWF-250220,0.1,Class A,2025-07-07T21:13:00Z,142.5811111111111,NA,NA,WF,0,2025,NA,NA,FALSE,TRUE
2025-ORRSF-000125,0.1,Class A,2025-07-05T21:14:00Z,100.25055555555556,NA,NA,WF,0,2025,NA,NA,FALSE,TRUE
2025-ORRSF-000126,0.1,Class A,2025-07-04T20:47:00Z,74.95611111111111,NA,NA,WF,0,2025,NA,NA,FALSE,TRUE
2025-OR731S-000005,0.07,Class A,NA,NA,NA,NA,WF,0,2025,NA,NA,FALSE,TRUE
2025-OR711S-000926,0,Class A,NA,NA,NA,NA,WF,0,2025,NA,NA,FALSE,TRUE
2025-ORBUD-002553,2.99,Class B,2025-07-20T23:47:00Z,450.56666666666666,NA,NA,WF,0,2025,NA,NA,FALSE,TRUE
2025-ORMAF-002554,1,Class B,2025-07-10T18:47:00Z,197.5325,NA,NA,WF,0,2025,NA,NA,FALSE,TRUE
2025-ORRSF-000113,0.1,Class A,2025-07-06T16:48:00Z,123.50305555555556,NA,NA,WF,0,2025,NA,NA,FALSE,TRUE
2025-ORUMA-000181,0.1,Class A,NA,NA,NA,NA,WF,0,2025,NA,NA,FALSE,TRUE
2025-OROCF-000390,0.1,Class A,2025-07-05T20:50:00Z,73.71,NA,NA,WF,0,2025,NA,NA,FALSE,TRUE
2025-ORRSF-000132,0.1,Class A,2025-07-04T22:30:00Z,49.89138888888889,NA,NA,WF,0,2025,NA,NA,FALSE,TRUE
2025-ORWWF-000183,0.1,Class A,2025-07-07T18:54:00Z,117.08333333333331,NA,NA,WF,0,2025,NA,NA,FALSE,TRUE
2025-OR781S-000005,0.07,Class A,NA,NA,NA,NA,WF,0,2025,NA,NA,FALSE,TRUE
2025-OR733S-000010,0.1,Class A,NA,NA,NA,NA,WF,0,2025,NA,NA,FALSE,TRUE
2025-OR781S-000006,0.01,Class A,NA,NA,NA,NA,WF,0,2025,NA,NA,FALSE,TRUE
2025-OR781S-000007,0.05,Class A,NA,NA,NA,NA,WF,0,2025,NA,NA,FALSE,TRUE
2025-ORVAD-250109,8.59,Class B,2025-07-05T13:00:00Z,43.85,NA,NA,WF,0,2025,NA,NA,FALSE,TRUE
2025-ORMED-712009,0,Class A,NA,NA,NA,NA,WF,0,2025,NA,NA,FALSE,TRUE
2025-OR731S-000556,0.2,Class A,NA,NA,NA,NA,WF,0,2025,NA,NA,FALSE,TRUE
2025-ORVAD-000193,4.84,Class B,NA,NA,NA,NA,WF,0,2025,NA,NA,FALSE,TRUE
2025-ORCLP-250232,0.4,Class B,2025-07-22T22:04:00Z,453.70222222222225,NA,NA,WF,0,2025,NA,NA,FALSE,TRUE
2025-ORBUD-002559,129.07,Class D,2025-07-11T23:02:00Z,190.6638888888889,NA,NA,WF,0,2025,NA,NA,FALSE,TRUE
2025-OR982S-250234,3.5,Class B,2025-09-30T18:08:00Z,2128.553611111111,NA,NA,WF,0,2025,NA,NA,FALSE,TRUE
2025-ORFWF-250236,0.1,Class A,2025-07-14T18:07:00Z,256.25666666666666,NA,NA,WF,0,2025,NA,NA,FALSE,TRUE
2025-ORRSF-000139,0.5,Class B,2025-07-13T20:08:00Z,234.1511111111111,NA,NA,WF,0,2025,NA,NA,FALSE,TRUE
2025-ORVAD-250114,14.85,Class C,2025-07-12T16:01:00Z,205.55666666666667,NA,NA,WF,0,2025,NA,NA,FALSE,TRUE
2025-ORFWF-250233,0.1,Class A,NA,NA,NA,NA,WF,0,2025,NA,NA,FALSE,TRUE
2025-ORFWF-250252,0.1,Class A,2025-07-05T23:25:00Z,30.97388888888889,NA,NA,WF,0,2025,NA,NA,FALSE,TRUE
2025-ORFWF-250246,0.1,Class A,2025-07-09T18:58:00Z,124.14194444444443,NA,NA,WF,0,2025,NA,NA,FALSE,TRUE
2025-ORCLP-250244,0.1,Class A,2025-07-06T21:10:00Z,65.0813888888889,NA,NA,WF,0,2025,NA,NA,FALSE,TRUE
2025-OR973S-000200,0.1,Class A,2025-07-08T00:03:00Z,76.96666666666667,NA,NA,WF,0,2025,NA,NA,FALSE,TRUE
2025-OR781S-000018,0.02,Class A,NA,NA,NA,NA,WF,0,2025,NA,NA,FALSE,TRUE
2025-OR552S-000001,0.1,Class A,NA,NA,NA,NA,WF,0,2025,NA,NA,FALSE,TRUE
2025-OR781S-000016,0.14,Class A,NA,NA,NA,NA,WF,0,2025,NA,NA,FALSE,TRUE
2025-OR781S-000015,0.1,Class A,NA,NA,NA,NA,WF,0,2025,NA,NA,FALSE,TRUE
2025-OR781S-000014,0.01,Class A,NA,NA,NA,NA,WF,0,2025,NA,NA,FALSE,TRUE
2025-OR781S-000012,0.04,Class A,NA,NA,NA,NA,WF,0,2025,NA,NA,FALSE,TRUE
2025-OR712S-001326,0,Class A,NA,NA,NA,NA,WF,0,2025,NA,NA,FALSE,TRUE
2025-OR781S-000011,0.05,Class A,NA,NA,NA,NA,WF,0,2025,NA,NA,FALSE,TRUE
2025-ORMAF-002566,0.1,Class A,2025-07-07T14:04:00Z,64.69527777777778,NA,NA,WF,0,2025,NA,NA,FALSE,TRUE
2025-ORMAF-002560,0.1,Class A,2025-07-07T14:04:00Z,71.87583333333333,NA,NA,WF,0,2025,NA,NA,FALSE,TRUE
2025-ORNOD-781021,0,Class A,NA,NA,NA,NA,WF,0,2025,NA,NA,FALSE,TRUE
2025-ORBUD-002565,0.1,Class A,2025-07-11T18:59:00Z,166.13472222222222,NA,NA,WF,0,2025,NA,NA,FALSE,TRUE
2025-OR973S-000204,0.1,Class A,2025-07-07T23:26:00Z,69.08333333333333,NA,NA,WF,0,2025,NA,NA,FALSE,TRUE
2025-OR711S-002226,0.01,Class A,NA,NA,NA,NA,WF,0,2025,NA,NA,FALSE,TRUE
2025-OR973S-000206,2.49,Class B,2025-07-07T23:30:00Z,58.99916666666667,NA,NA,WF,0,2025,NA,NA,FALSE,TRUE
2025-ORFWF-250274,0.1,Class A,2025-07-11T18:57:00Z,148.25805555555556,NA,NA,WF,0,2025,NA,NA,FALSE,TRUE
2025-ORMAF-002568,0.1,Class A,2025-07-08T21:55:00Z,81.08361111111111,NA,NA,WF,0,2025,NA,NA,FALSE,TRUE
2025-ORMAF-002569,0.1,Class A,2025-07-08T18:55:00Z,77.86888888888889,NA,NA,WF,0,2025,NA,NA,FALSE,TRUE
2025-ORBUD-002570,0.1,Class A,2025-07-07T19:43:00Z,48.87222222222222,NA,NA,WF,0,2025,NA,NA,FALSE,TRUE
2025-ORBUD-002572,8.49,Class B,2025-07-20T23:20:00Z,362.36611111111114,NA,NA,WF,0,2025,NA,NA,FALSE,TRUE
2025-OR781S-000024,0,Class A,NA,NA,NA,NA,WF,0,2025,NA,NA,FALSE,TRUE
2025-ORFWF-250282,0.1,Class A,2025-07-11T20:29:00Z,142.75222222222223,NA,NA,WF,0,2025,NA,NA,FALSE,TRUE
2025-ORMAF-025114,0.25,Class A,2025-07-06T21:55:00Z,22.58222222222222,NA,NA,WF,0,2025,NA,NA,FALSE,TRUE
2025-ORMAF-002576,0.1,Class A,2025-07-23T20:29:00Z,430.06444444444446,NA,NA,WF,0,2025,NA,NA,FALSE,TRUE
2025-OR972S-000208,0.1,Class A,NA,NA,NA,NA,WF,0,2025,NA,NA,FALSE,TRUE
2025-ORMAF-025116,0.1,Class A,2025-07-10T18:40:00Z,111.87055555555555,NA,NA,WF,0,2025,NA,NA,FALSE,TRUE
2025-ORMAF-002577,0.1,Class A,2025-07-09T22:54:00Z,92.39833333333333,NA,NA,WF,0,2025,NA,NA,FALSE,TRUE
2025-ORRSF-000145,0.17,Class A,NA,NA,NA,NA,WF,0,2025,NA,NA,FALSE,TRUE
2025-OR981S-250289,0.1,Class A,2025-07-13T23:56:00Z,173.09944444444446,NA,NA,WF,0,2025,NA,NA,FALSE,TRUE
2025-ORMAF-002578,0.77,Class B,2025-07-20T20:32:00Z,337.1666666666667,NA,NA,WF,0,2025,NA,NA,FALSE,TRUE
2025-ORRSF-000147,0.1,Class A,2025-07-07T14:52:00Z,15.996666666666666,NA,NA,WF,0,2025,NA,NA,FALSE,TRUE
2025-ORBUD-002579,39.27,Class C,2025-07-20T23:53:00Z,320.2997222222222,NA,NA,WF,0,2025,NA,NA,FALSE,TRUE
2025-ORCGF-000552,6.77,Class B,2025-08-03T19:48:00Z,643.4666666666667,NA,NA,WF,0,2025,NA,NA,FALSE,TRUE
2025-ORMAF-025124,0.25,Class A,2025-07-23T17:53:00Z,376.68861111111113,NA,NA,WF,0,2025,NA,NA,FALSE,TRUE
2025-ORVAD-250122,4.25,Class B,2025-07-12T19:34:00Z,114.4888888888889,NA,NA,WF,0,2025,NA,NA,FALSE,TRUE
2025-OR981S-250298,2.61,Class B,2025-07-15T22:10:00Z,188.1891666666667,NA,NA,WF,0,2025,NA,NA,FALSE,TRUE
2025-ORRSF-000153,0.1,Class A,2025-07-13T20:41:00Z,136.25944444444443,NA,NA,WF,0,2025,NA,NA,FALSE,TRUE
2025-OR712S-003226,1.56,Class B,NA,NA,NA,NA,WF,0,2025,NA,NA,FALSE,TRUE
2025-OR712S-003426,0.09,Class A,NA,NA,NA,NA,WF,0,2025,NA,NA,FALSE,TRUE
2025-CAKNF-004954,2,Class B,2025-07-13T20:12:43Z,133.31861111111112,NA,NA,WF,0,2025,NA,NA,FALSE,TRUE
2025-ORRSF-000152,6,Class B,2025-07-25T18:08:00Z,421.7255555555555,NA,NA,WF,0,2025,NA,NA,FALSE,TRUE
2025-OROCF-000411,0.1,Class A,2025-07-13T23:43:00Z,227.26888888888888,NA,NA,WF,0,2025,NA,NA,FALSE,TRUE
2025-ORRSF-000164,15.51,Class C,2025-07-19T22:01:00Z,271.72027777777777,NA,NA,WF,0,2025,NA,NA,FALSE,TRUE
2025-OR781S-000013,0,Class A,NA,NA,NA,NA,WF,0,2025,NA,NA,FALSE,TRUE
2025-ORRSF-000154,1,Class B,2025-07-11T22:30:00Z,90.05194444444444,NA,NA,WF,0,2025,NA,NA,FALSE,TRUE
2025-OR954S-000414,0.25,Class A,2025-06-30T18:40:00Z,115.53194444444443,NA,NA,WF,0,2025,NA,NA,FALSE,TRUE
2025-ORMED-712047,68.52,Class C,NA,NA,NA,NA,WF,0,2025,NA,NA,FALSE,TRUE
2025-ORRSF-000192,0.1,Class A,2025-07-11T20:26:00Z,70.07611111111112,NA,NA,WF,0,2025,NA,NA,FALSE,TRUE
2025-ORRSF-000185,6.11,Class B,2025-07-27T19:00:00Z,456.4166666666667,NA,NA,WF,0,2025,NA,NA,FALSE,TRUE
2025-OROCF-000490,0.1,Class A,2025-07-13T22:24:00Z,118.36305555555556,NA,NA,WF,0,2025,NA,NA,FALSE,TRUE
2025-ORRSF-000196,0.1,Class A,2025-07-14T20:35:00Z,139.99027777777778,NA,NA,WF,0,2025,NA,NA,FALSE,TRUE
2025-ORRSF-000190,0.2,Class A,2025-07-13T19:14:00Z,119.83,NA,NA,WF,0,2025,NA,NA,FALSE,TRUE
2025-OR951S-000508,31.58,Class C,2025-08-20T19:37:00Z,1024.6363888888889,NA,NA,WF,0,2025,NA,NA,FALSE,TRUE
2025-OR712S-004526,0,Class A,NA,NA,NA,NA,WF,0,2025,NA,NA,FALSE,TRUE
2025-OR712S-004626,2.25,Class B,NA,NA,NA,NA,WF,0,2025,NA,NA,FALSE,TRUE
2025-ORMED-712049,148.78,Class D,NA,NA,NA,NA,WF,0,2025,NA,NA,FALSE,TRUE
2025-OR531S-531001,0.01,Class A,NA,NA,NA,NA,WF,0,2025,NA,NA,FALSE,TRUE
2025-ORMED-712052,0.3,Class B,NA,NA,NA,NA,WF,0,2025,NA,NA,FALSE,TRUE
2025-ORWWF-000189,0.1,Class A,2025-07-05T17:23:00Z,48.96666666666667,NA,NA,WF,0,2025,NA,NA,FALSE,TRUE
2025-ORMED-712053,6.83,Class B,NA,NA,NA,NA,WF,0,2025,NA,NA,FALSE,TRUE
2025-OR981S-250315,48.42,Class C,2025-07-20T19:25:00Z,264.6141666666667,NA,NA,WF,0,2025,NA,NA,FALSE,TRUE
2025-ORWWF-000217,0.1,Class A,2025-07-14T22:08:00Z,124.31666666666666,NA,NA,WF,0,2025,NA,NA,FALSE,TRUE
2025-OR712S-005925,0.41,Class B,NA,NA,NA,NA,WF,0,2025,NA,NA,FALSE,TRUE
2025-OR712S-005726,0.01,Class A,NA,NA,NA,NA,WF,0,2025,NA,NA,FALSE,TRUE
2025-OR531S-531002,0,Class A,NA,NA,NA,NA,WF,0,2025,NA,NA,FALSE,TRUE
2025-ORVAD-250131,764.53,Class E,NA,NA,NA,NA,WF,0,2025,NA,NA,FALSE,TRUE
2025-OR781S-000199,3.02,Class B,NA,NA,NA,NA,WF,0,2025,NA,NA,FALSE,TRUE
2025-OR712S-006126,0.13,Class A,NA,NA,NA,NA,WF,0,2025,NA,NA,FALSE,TRUE
2025-ORRSF-000207,0.5,Class B,2025-07-21T16:18:00Z,182.48333333333332,NA,NA,WF,0,2025,NA,NA,FALSE,TRUE
2025-OR982S-250329,0.1,Class A,2025-09-03T16:42:00Z,1237.9166666666667,NA,NA,WF,0,2025,NA,NA,FALSE,TRUE
2025-OR982S-250332,0.5,Class B,2025-09-03T16:42:00Z,1235.3833333333334,NA,NA,WF,0,2025,NA,NA,FALSE,TRUE
2025-OR982S-250333,1.37,Class B,2025-09-03T16:42:00Z,1235.3075,NA,NA,WF,0,2025,NA,NA,FALSE,TRUE
2025-ORVAD-250133,0.1,Class A,2025-07-17T00:00:00Z,53.388888888888886,NA,NA,WF,0,2025,NA,NA,FALSE,TRUE
2025-OR982S-250334,0.1,Class A,2025-09-03T16:42:00Z,1236.45,NA,NA,WF,0,2025,NA,NA,FALSE,TRUE
2025-OR982S-250335,0.1,Class A,2025-09-03T16:42:00Z,1235.6666666666667,NA,NA,WF,0,2025,NA,NA,FALSE,TRUE
2025-OR982S-250336,0.1,Class A,2025-09-03T16:42:00Z,1235.45,NA,NA,WF,0,2025,NA,NA,FALSE,TRUE
2025-OR973S-000231,3472.43,Class F,NA,NA,NA,NA,WF,0,2025,NA,NA,FALSE,TRUE
2025-OR712S-006426,0.05,Class A,NA,NA,NA,NA,WF,0,2025,NA,NA,FALSE,TRUE
2025-OR711S-011026,12.75,Class C,NA,NA,NA,NA,WF,0,2025,NA,NA,FALSE,TRUE
2025-ORVAD-250135,850.29,Class E,2025-08-05T20:00:00Z,501.93333333333334,NA,NA,WF,0,2025,NA,NA,FALSE,TRUE
2025-ORMHF-000638,0.1,Class A,2025-07-16T17:57:00Z,3.4875,NA,NA,WF,0,2025,NA,NA,FALSE,TRUE
2025-OR711S-012926,0,Class A,NA,NA,NA,NA,WF,0,2025,NA,NA,FALSE,TRUE
2025-ORMHF-000649,2.99,Class B,2025-08-17T22:00:00Z,747.0333333333333,NA,NA,WF,0,2025,NA,NA,FALSE,TRUE
2025-ORRSF-000219,0.1,Class A,2025-07-18T00:24:00Z,3.566666666666667,NA,NA,WF,0,2025,NA,NA,FALSE,TRUE
2025-OR712S-008026,0.44,Class B,NA,NA,NA,NA,WF,0,2025,NA,NA,FALSE,TRUE
2025-OR712S-008326,0,Class A,NA,NA,NA,NA,WF,0,2025,NA,NA,FALSE,TRUE
2025-ORVAD-250138,4957.79,Class F,2025-08-12T19:00:00Z,616.2647222222222,NA,NA,WF,0,2025,NA,NA,FALSE,TRUE
2025-OR712S-009226,0.01,Class A,NA,NA,NA,NA,WF,0,2025,NA,NA,FALSE,TRUE
2025-OR531S-531005,0,Class A,NA,NA,NA,NA,WF,0,2025,NA,NA,FALSE,TRUE
2025-ORVAD-250142,1648.9,Class F,2025-08-10T18:23:00Z,546.9166666666666,NA,NA,WF,0,2025,NA,NA,FALSE,TRUE
2025-ORVAD-250146,1.63,Class B,2025-08-05T22:00:00Z,412.6147222222222,NA,NA,WF,0,2025,NA,NA,FALSE,TRUE
2025-ORWSA-000080,381.19,Class E,2025-08-27T18:25:00Z,934.0577777777778,NA,NA,WF,0,2025,NA,NA,FALSE,TRUE
2025-ORVAD-250148,2.84,Class B,2025-08-05T20:00:00Z,405.6333333333333,NA,NA,WF,0,2025,NA,NA,FALSE,TRUE
2025-OR981S-250347,1.38,Class B,2025-07-26T22:36:00Z,167.86916666666667,NA,NA,WF,0,2025,NA,NA,FALSE,TRUE
2025-OR531S-531008,0.83,Class B,NA,NA,NA,NA,WF,0,2025,NA,NA,FALSE,TRUE
2025-ORMHF-000681,0.1,Class A,2025-07-21T17:51:00Z,24.101111111111113,NA,NA,WF,0,2025,NA,NA,FALSE,TRUE
2025-ORMHF-000686,0.1,Class A,2025-07-21T00:28:00Z,1.8,NA,NA,WF,0,2025,NA,NA,FALSE,TRUE
2025-ORVAD-250150,2.94,Class B,2025-08-12T17:33:00Z,543.05,NA,NA,WF,0,2025,NA,NA,FALSE,TRUE
2025-OR781S-000010,0,Class A,NA,NA,NA,NA,WF,0,2025,NA,NA,FALSE,TRUE
2025-ORMAF-025140,0.1,Class A,2025-08-09T20:34:00Z,454.7002777777778,NA,NA,WF,0,2025,NA,NA,FALSE,TRUE
2025-ORMAF-025143,9.42,Class B,2025-07-22T22:00:00Z,20.933888888888887,NA,NA,WF,0,2025,NA,NA,FALSE,TRUE
2025-ORUMF-000263,0.1,Class A,NA,NA,NA,NA,WF,0,2025,NA,NA,FALSE,TRUE
2025-ORMED-012226,0,Class A,NA,NA,NA,NA,WF,0,2025,NA,NA,FALSE,TRUE
2025-ORMAF-025142,0.1,Class A,2025-08-14T23:14:00Z,575.7002777777777,NA,NA,WF,0,2025,NA,NA,FALSE,TRUE
2025-ORVAD-250155,40.09,Class C,NA,NA,NA,NA,WF,0,2025,NA,NA,FALSE,TRUE
2025-ORVAD-250156,9.45,Class B,2025-08-11T16:00:00Z,452.6119444444444,NA,NA,WF,0,2025,NA,NA,FALSE,TRUE
2025-ORVAD-250157,0.08,Class A,2025-09-03T16:30:00Z,1004.4,NA,NA,WF,0,2025,NA,NA,FALSE,TRUE
2025-OR772S-000024,24.52,Class C,NA,NA,NA,NA,WF,0,2025,NA,NA,FALSE,TRUE
2025-OR781S-000218,0.02,Class A,NA,NA,NA,NA,WF,0,2025,NA,NA,FALSE,TRUE
2025-OR781S-000219,0.4,Class B,NA,NA,NA,NA,WF,0,2025,NA,NA,FALSE,TRUE
2025-OR781S-000220,0.01,Class A,NA,NA,NA,NA,WF,0,2025,NA,NA,FALSE,TRUE
2025-OR781S-000221,0.04,Class A,NA,NA,NA,NA,WF,0,2025,NA,NA,FALSE,TRUE
2025-OR781S-000222,0.01,Class A,NA,NA,NA,NA,WF,0,2025,NA,NA,FALSE,TRUE
2025-OR781S-000223,0.01,Class A,NA,NA,NA,NA,WF,0,2025,NA,NA,FALSE,TRUE
2025-OR781S-000225,0.01,Class A,NA,NA,NA,NA,WF,0,2025,NA,NA,FALSE,TRUE
2025-OR781S-000224,0.01,Class A,NA,NA,NA,NA,WF,0,2025,NA,NA,FALSE,TRUE
2025-ORPRD-000598,0.1,Class A,NA,NA,NA,NA,WF,0,2025,NA,NA,FALSE,TRUE
2025-OR712S-012926,0,Class A,NA,NA,NA,NA,WF,0,2025,NA,NA,FALSE,TRUE
2025-OR712S-012026,0.02,Class A,NA,NA,NA,NA,WF,0,2025,NA,NA,FALSE,TRUE
2025-ORSUF-250222,0.01,Class A,2025-07-28T22:00:00Z,97.81666666666666,NA,NA,WF,0,2025,NA,NA,FALSE,TRUE
2025-ORVAD-250158,75.89,Class C,2025-09-03T16:30:00Z,948.75,NA,NA,WF,0,2025,NA,NA,FALSE,TRUE
2025-ORPRD-000602,0.1,Class A,2025-08-07T22:13:00Z,306.68361111111113,NA,NA,WF,0,2025,NA,NA,FALSE,TRUE
2025-ORVAD-250160,48.38,Class C,2025-08-02T19:00:00Z,164,NA,NA,WF,0,2025,NA,NA,FALSE,TRUE
2025-ORVAD-250163,0.1,Class A,2025-08-06T22:30:00Z,258.4411111111111,NA,NA,WF,0,2025,NA,NA,FALSE,TRUE
2025-OR531S-531009,0,Class A,NA,NA,NA,NA,WF,0,2025,NA,NA,FALSE,TRUE
2025-ORVAD-250162,0.01,Class A,2025-07-27T16:07:00Z,12.114166666666666,NA,NA,WF,0,2025,NA,NA,FALSE,TRUE
2025-ORRSF-000229,0.1,Class A,2025-08-03T00:24:00Z,151.625,NA,NA,WF,0,2025,NA,NA,FALSE,TRUE
2025-ORVAD-250166,1.03,Class B,2025-08-13T20:35:00Z,409.2727777777778,NA,NA,WF,0,2025,NA,NA,FALSE,TRUE
2025-OR552S-000011,3.33,Class B,NA,NA,NA,NA,WF,0,2025,NA,NA,FALSE,TRUE
2025-ORVAD-250167,38.15,Class C,2025-08-11T16:00:00Z,354.8616666666667,NA,NA,WF,0,2025,NA,NA,FALSE,TRUE
2025-ORVAD-250168,6.82,Class B,2025-08-02T18:10:00Z,139.53333333333333,NA,NA,WF,0,2025,NA,NA,FALSE,TRUE
2025-ORVAD-250170,12973.4,Class G,2025-08-12T18:00:00Z,378.3666666666667,NA,NA,WF,0,2025,NA,NA,FALSE,TRUE
2025-ORVAD-250169,55.39,Class C,2025-09-03T16:30:00Z,905.3472222222222,NA,NA,WF,0,2025,NA,NA,FALSE,TRUE
2025-ORPRD-000614,0.1,Class A,NA,NA,NA,NA,WF,0,2025,NA,NA,FALSE,TRUE
2025-ORWWF-000279,0.1,Class A,2025-07-29T21:27:00Z,35.9,NA,NA,WF,0,2025,NA,NA,FALSE,TRUE
2025-OR952S-002591,0,Class A,2025-08-03T20:29:00Z,550.55,NA,NA,WF,0,2025,NA,NA,FALSE,TRUE
2025-ORWWF-000283,0.1,Class A,2025-08-06T20:25:00Z,221.28333333333333,NA,NA,WF,0,2025,NA,NA,FALSE,TRUE
2025-OR972S-000284,0.1,Class A,2025-08-02T18:25:00Z,123,NA,NA,WF,0,2025,NA,NA,FALSE,TRUE
2025-OR972S-000286,0.1,Class A,NA,NA,NA,NA,WF,0,2025,NA,NA,FALSE,TRUE
2025-ORDEF-000615,0.1,Class A,2025-07-29T22:55:00Z,28.961388888888887,NA,NA,WF,0,2025,NA,NA,FALSE,TRUE
2025-ORBUD-002599,0.1,Class A,NA,NA,NA,NA,WF,0,2025,NA,NA,FALSE,TRUE
2025-ORVAD-250176,0.1,Class A,2025-08-11T16:00:00Z,332.84444444444443,NA,NA,WF,0,2025,NA,NA,FALSE,TRUE
2025-OR721S-004826,0.01,Class A,NA,NA,NA,NA,WF,0,2025,NA,NA,FALSE,TRUE
2025-ORWWF-000290,0.53,Class B,2025-08-05T22:26:00Z,193.6586111111111,NA,NA,WF,0,2025,NA,NA,FALSE,TRUE
2025-ORBUD-002604,0.6,Class B,2025-08-06T16:21:00Z,206.36666666666667,NA,NA,WF,0,2025,NA,NA,FALSE,TRUE
2025-ORLAD-250377,1.26,Class B,2025-08-18T16:30:00Z,495.2305555555555,NA,NA,WF,0,2025,NA,NA,FALSE,TRUE
2025-ORPRD-000643,0.1,Class A,2025-08-05T00:08:00Z,165.76666666666668,NA,NA,WF,0,2025,NA,NA,FALSE,TRUE
2025-OROCF-000635,0.1,Class A,2025-08-04T22:49:00Z,166.13,NA,NA,WF,0,2025,NA,NA,FALSE,TRUE
2025-ORVAD-250178,0.2,Class A,2025-08-13T19:30:00Z,375,NA,NA,WF,0,2025,NA,NA,FALSE,TRUE
2025-OR982S-250381,0.1,Class A,2025-08-17T23:15:00Z,462.3383333333333,NA,NA,WF,0,2025,NA,NA,FALSE,TRUE
2025-ORPRD-000649,0.1,Class A,2025-07-31T21:00:00Z,53.034444444444446,NA,NA,WF,0,2025,NA,NA,FALSE,TRUE
2025-ORWWF-000300,0.25,Class A,2025-08-20T19:37:00Z,531.15,NA,NA,WF,0,2025,NA,NA,FALSE,TRUE
2025-ORBUD-002612,3.62,Class B,2025-07-31T18:19:00Z,49.479166666666664,NA,NA,WF,0,2025,NA,NA,FALSE,TRUE
2025-ORMAF-002607,0.1,Class A,2025-08-04T20:30:00Z,161.06666666666666,NA,NA,WF,0,2025,NA,NA,FALSE,TRUE
2025-ORMAF-025155,0.1,Class A,2025-08-06T19:10:00Z,193.82611111111112,NA,NA,WF,0,2025,NA,NA,FALSE,TRUE
2025-ORMAF-002616,0.1,Class A,2025-07-31T18:33:00Z,47.833333333333336,NA,NA,WF,0,2025,NA,NA,FALSE,TRUE
2025-ORWWF-000303,0.75,Class B,2025-08-01T01:03:00Z,53.983333333333334,NA,NA,WF,0,2025,NA,NA,FALSE,TRUE
2025-ORFWF-250382,0.46,Class B,2025-08-03T21:57:00Z,121.63916666666668,NA,NA,WF,0,2025,NA,NA,FALSE,TRUE
2025-ORMAF-002618,0.1,Class A,2025-07-30T18:09:00Z,21.660833333333333,NA,NA,WF,0,2025,NA,NA,FALSE,TRUE
2025-OR971S-000306,1,Class B,2025-08-05T19:59:00Z,165.88333333333333,NA,NA,WF,0,2025,NA,NA,FALSE,TRUE
2025-ORPRD-000654,0.1,Class A,2025-08-05T19:44:00Z,166.54638888888888,NA,NA,WF,0,2025,NA,NA,FALSE,TRUE
2025-ORPRD-000655,0.1,Class A,2025-08-05T01:08:00Z,147.81,NA,NA,WF,0,2025,NA,NA,FALSE,TRUE
2025-ORLAD-250383,0.1,Class A,2025-08-05T20:30:00Z,167.3733333333333,NA,NA,WF,0,2025,NA,NA,FALSE,TRUE
2025-ORVAD-250182,31959.99,Class G,2025-09-03T16:30:00Z,853.6666666666666,NA,NA,WF,0,2025,NA,NA,FALSE,TRUE
2025-ORVAD-250184,17.16,Class C,2025-09-03T16:30:00Z,853.4166666666666,NA,NA,WF,0,2025,NA,NA,FALSE,TRUE
2025-ORMAF-002626,1.4,Class B,2025-08-16T18:35:00Z,429.1333333333333,NA,NA,WF,0,2025,NA,NA,FALSE,TRUE
2025-ORMAF-002617,2.96,Class B,2025-08-16T19:20:00Z,431.7861111111111,NA,NA,WF,0,2025,NA,NA,FALSE,TRUE
2025-ORMAF-002629,2.59,Class B,2025-08-08T22:53:00Z,240.73583333333335,NA,NA,WF,0,2025,NA,NA,FALSE,TRUE
2025-ORVAD-250186,1124.54,Class F,2025-08-12T16:49:00Z,323.97805555555556,NA,NA,WF,0,2025,NA,NA,FALSE,TRUE
2025-ORPRD-000666,1.52,Class B,2025-08-01T19:53:00Z,50.91888888888889,NA,NA,WF,0,2025,NA,NA,FALSE,TRUE
2025-ORBUD-002606,1.5,Class B,2025-07-31T17:54:00Z,63.113055555555555,NA,NA,WF,0,2025,NA,NA,FALSE,TRUE
2025-ORMAF-002623,0.2,Class A,2025-08-09T19:36:00Z,262.66555555555556,NA,NA,WF,0,2025,NA,NA,FALSE,TRUE
2025-ORBUD-002627,0.25,Class A,2025-08-10T19:41:00Z,286.14694444444444,NA,NA,WF,0,2025,NA,NA,FALSE,TRUE
2025-ORMAF-002631,0.1,Class A,2025-08-09T23:37:00Z,263.86083333333335,NA,NA,WF,0,2025,NA,NA,FALSE,TRUE
2025-ORBUD-002634,0.1,Class A,2025-08-09T20:09:00Z,242.80555555555551,NA,NA,WF,0,2025,NA,NA,FALSE,TRUE
2025-OR952S-025175,0.1,Class A,2025-08-08T22:50:00Z,216.7263888888889,NA,NA,WF,0,2025,NA,NA,FALSE,TRUE
2025-ORRSF-000237,0.1,Class A,2025-08-03T22:41:00Z,94.84527777777778,NA,NA,WF,0,2025,NA,NA,FALSE,TRUE
2025-ORMAF-002615,0.25,Class A,2025-08-09T19:52:00Z,266.51666666666665,NA,NA,WF,0,2025,NA,NA,FALSE,TRUE
2025-ORRSF-000235,0.1,Class A,2025-08-01T20:47:00Z,46.06666666666667,NA,NA,WF,0,2025,NA,NA,FALSE,TRUE
2025-ORRSF-000236,0.1,Class A,2025-08-03T16:58:00Z,89.67055555555555,NA,NA,WF,0,2025,NA,NA,FALSE,TRUE
2025-ORFWF-250394,0.1,Class A,2025-08-03T16:50:00Z,87.0261111111111,NA,NA,WF,0,2025,NA,NA,FALSE,TRUE
2025-ORDEF-000673,0.28,Class B,2025-08-08T18:50:00Z,209.76416666666665,NA,NA,WF,0,2025,NA,NA,FALSE,TRUE
2025-ORDEF-000674,0.85,Class B,2025-08-08T18:50:00Z,209.76666666666668,NA,NA,WF,0,2025,NA,NA,FALSE,TRUE
2025-ORFWF-250393,0.1,Class A,2025-08-02T18:48:00Z,65.27944444444445,NA,NA,WF,0,2025,NA,NA,FALSE,TRUE
2025-ORFWF-250401,0.1,Class A,2025-08-03T16:33:00Z,85.34944444444444,NA,NA,WF,0,2025,NA,NA,FALSE,TRUE
2025-ORPRD-000667,26.54,Class C,2025-08-04T23:25:00Z,125.09972222222224,NA,NA,WF,0,2025,NA,NA,FALSE,TRUE
2025-ORWWF-000319,0.1,Class A,2025-08-06T20:24:00Z,150.53333333333333,NA,NA,WF,0,2025,NA,NA,FALSE,TRUE
2025-ORPRD-000677,0.1,Class A,2025-08-15T00:26:00Z,346.035,NA,NA,WF,0,2025,NA,NA,FALSE,TRUE
2025-ORLAD-250404,0.1,Class A,2025-08-17T19:10:00Z,413.2861111111111,NA,NA,WF,0,2025,NA,NA,FALSE,TRUE
2025-ORLAD-250407,0.1,Class A,2025-09-04T18:51:00Z,843.84,NA,NA,WF,0,2025,NA,NA,FALSE,TRUE
2025-ORWWF-000321,0.1,Class A,2025-08-01T22:14:00Z,30.066666666666663,NA,NA,WF,0,2025,NA,NA,FALSE,TRUE
2025-ORBUD-002636,0.03,Class A,2025-08-08T20:44:00Z,197.86583333333337,NA,NA,WF,0,2025,NA,NA,FALSE,TRUE
2025-ORUMA-000316,0.5,Class B,NA,NA,NA,NA,WF,0,2025,NA,NA,FALSE,TRUE
2025-ORBUD-002638,0.13,Class A,2025-08-02T19:23:00Z,49.064166666666665,NA,NA,WF,0,2025,NA,NA,FALSE,TRUE
2025-OR981S-250423,3.02,Class B,2025-09-28T20:15:00Z,1415.9833333333331,NA,NA,WF,0,2025,NA,NA,FALSE,TRUE
2025-ORCLP-250424,0.1,Class A,2025-08-02T15:40:00Z,42.281666666666666,NA,NA,WF,0,2025,NA,NA,FALSE,TRUE
2025-ORMAF-002637,0.1,Class A,2025-08-06T17:51:00Z,143.56666666666666,NA,NA,WF,0,2025,NA,NA,FALSE,TRUE
2025-ORVAD-250192,11.89,Class C,2025-09-03T16:30:00Z,809.8916666666667,NA,NA,WF,0,2025,NA,NA,FALSE,TRUE
2025-ORVAD-250191,261.15,Class D,2025-09-03T16:30:00Z,810.4811111111111,NA,NA,WF,0,2025,NA,NA,FALSE,TRUE
2025-ORMED-712151,1.83,Class B,NA,NA,NA,NA,WF,0,2025,NA,NA,FALSE,TRUE
2025-ORVAD-250193,6,Class B,2025-09-03T16:30:00Z,809.7816666666666,NA,NA,WF,0,2025,NA,NA,FALSE,TRUE
2025-ORLAD-250422,0.14,Class A,2025-08-07T20:50:00Z,169.8188888888889,NA,NA,WF,0,2025,NA,NA,FALSE,TRUE
2025-ORRSF-000242,0.1,Class A,2025-08-04T19:06:00Z,90.73944444444444,NA,NA,WF,0,2025,NA,NA,FALSE,TRUE
2025-ORFWF-250432,0.1,Class A,2025-08-03T16:58:00Z,64.88416666666667,NA,NA,WF,0,2025,NA,NA,FALSE,TRUE
2025-ORRSF-000243,0.1,Class A,2025-08-04T16:08:00Z,87.08361111111111,NA,NA,WF,0,2025,NA,NA,FALSE,TRUE
2025-ORFWF-250439,0.1,Class A,2025-08-02T17:16:00Z,39.346111111111114,NA,NA,WF,0,2025,NA,NA,FALSE,TRUE
2025-ORVAD-250194,57.06,Class C,2025-09-04T15:30:00Z,830.1833333333333,NA,NA,WF,0,2025,NA,NA,FALSE,TRUE
2025-ORFWF-250434,0.1,Class A,2025-08-04T18:54:00Z,90.27472222222222,NA,NA,WF,0,2025,NA,NA,FALSE,TRUE
2025-ORFWF-250428,0.1,Class A,2025-08-04T18:06:00Z,90.74305555555556,NA,NA,WF,0,2025,NA,NA,FALSE,TRUE
2025-ORFWF-250431,0.1,Class A,2025-08-02T17:51:00Z,42.056111111111115,NA,NA,WF,0,2025,NA,NA,FALSE,TRUE
2025-ORRSF-000246,0.1,Class A,2025-08-03T16:51:00Z,60.29944444444445,NA,NA,WF,0,2025,NA,NA,FALSE,TRUE
2025-ORFWF-250444,0.42,Class B,2025-08-07T21:57:00Z,151.73083333333332,NA,NA,WF,0,2025,NA,NA,FALSE,TRUE
2025-ORMED-018826,0.42,Class B,NA,NA,NA,NA,WF,0,2025,NA,NA,FALSE,TRUE
2025-ORWWF-000334,0.1,Class A,2025-08-06T22:19:00Z,128.7938888888889,NA,NA,WF,0,2025,NA,NA,FALSE,TRUE
2025-ORRSF-000249,0.1,Class A,2025-08-02T18:58:00Z,26.133333333333333,NA,NA,WF,0,2025,NA,NA,FALSE,TRUE
2025-ORRSF-000251,0.1,Class A,2025-08-06T23:12:00Z,124.62916666666666,NA,NA,WF,0,2025,NA,NA,FALSE,TRUE
2025-ORFWF-250440,0.1,Class A,2025-08-04T17:18:00Z,87.2238888888889,NA,NA,WF,0,2025,NA,NA,FALSE,TRUE
2025-ORCLP-250446,0.1,Class A,2025-08-26T17:22:00Z,598.95,NA,NA,WF,0,2025,NA,NA,FALSE,TRUE
2025-ORCLP-250447,0.1,Class A,2025-08-03T19:57:00Z,46.37638888888889,NA,NA,WF,0,2025,NA,NA,FALSE,TRUE
2025-ORRSF-000253,0.1,Class A,2025-08-04T16:42:00Z,65.69416666666666,NA,NA,WF,0,2025,NA,NA,FALSE,TRUE
2025-ORMAF-025188,0.1,Class A,2025-08-02T20:40:00Z,20.79888888888889,NA,NA,WF,0,2025,NA,NA,FALSE,TRUE
2025-ORWWF-000338,0.1,Class A,2025-08-02T21:00:00Z,29.166666666666668,NA,NA,WF,0,2025,NA,NA,FALSE,TRUE
2025-ORWWF-000345,0.1,Class A,2025-08-07T20:28:00Z,141.53333333333333,NA,NA,WF,0,2025,NA,NA,FALSE,TRUE
2025-ORWWF-000346,0.1,Class A,2025-08-02T19:10:00Z,20.233333333333334,NA,NA,WF,0,2025,NA,NA,FALSE,TRUE
2025-ORPRD-000700,0.25,Class A,2025-08-06T00:05:00Z,96.16666666666669,NA,NA,WF,0,2025,NA,NA,FALSE,TRUE
2025-ORPRD-000711,0.1,Class A,2025-08-06T17:50:00Z,112.18166666666669,NA,NA,WF,0,2025,NA,NA,FALSE,TRUE
2025-ORPRD-000708,0.1,Class A,2025-08-04T20:31:00Z,67.18083333333334,NA,NA,WF,0,2025,NA,NA,FALSE,TRUE
2025-ORMAF-025189,0.1,Class A,2025-08-21T19:45:00Z,475.86083333333335,NA,NA,WF,0,2025,NA,NA,FALSE,TRUE
2025-ORPRD-000701,0.5,Class B,2025-08-06T01:07:00Z,96.96666666666668,NA,NA,WF,0,2025,NA,NA,FALSE,TRUE
2025-ORPRD-000709,0.1,Class A,2025-08-04T21:30:00Z,68.0725,NA,NA,WF,0,2025,NA,NA,FALSE,TRUE
2025-ORUPF-250263,0.47,Class B,2025-08-18T22:46:00Z,407.4066666666667,NA,NA,WF,0,2025,NA,NA,FALSE,TRUE
2025-ORCLP-250452,0.1,Class A,2025-08-13T21:40:00Z,284.45,NA,NA,WF,0,2025,NA,NA,FALSE,TRUE
2025-ORWIF-250252,0.1,Class A,2025-09-05T18:36:00Z,833.5933333333334,NA,NA,WF,0,2025,NA,NA,FALSE,TRUE
2025-ORMED-019526,0.01,Class A,NA,NA,NA,NA,WF,0,2025,NA,NA,FALSE,TRUE
2025-ORBUD-002642,5.35,Class B,2025-08-05T23:56:00Z,87.73333333333333,NA,NA,WF,0,2025,NA,NA,FALSE,TRUE
2025-ORRSF-000257,0.1,Class A,2025-08-06T20:39:00Z,102.28916666666667,NA,NA,WF,0,2025,NA,NA,FALSE,TRUE
2025-ORRSF-000256,0.1,Class A,2025-08-06T19:55:00Z,101.59388888888888,NA,NA,WF,0,2025,NA,NA,FALSE,TRUE
2025-OR981S-250458,0.1,Class A,2025-08-08T20:25:00Z,148.4063888888889,NA,NA,WF,0,2025,NA,NA,FALSE,TRUE
2025-OROCF-000717,0.1,Class A,2025-08-26T20:10:00Z,582.1,NA,NA,WF,0,2025,NA,NA,FALSE,TRUE
2025-ORRSF-000258,0.1,Class A,2025-08-04T00:29:00Z,31.74222222222222,NA,NA,WF,0,2025,NA,NA,FALSE,TRUE
2025-ORRSF-000260,0.1,Class A,2025-08-06T19:55:00Z,98.08555555555556,NA,NA,WF,0,2025,NA,NA,FALSE,TRUE
2025-ORMAF-002645,0.1,Class A,2025-08-09T20:39:00Z,171.0286111111111,NA,NA,WF,0,2025,NA,NA,FALSE,TRUE
2025-ORPRD-000719,0.1,Class A,2025-08-04T20:30:00Z,51.48111111111111,NA,NA,WF,0,2025,NA,NA,FALSE,TRUE
2025-ORUMF-000348,0.1,Class A,2025-08-03T18:34:00Z,29.461944444444445,NA,NA,WF,0,2025,NA,NA,FALSE,TRUE
2025-ORPRD-000721,0.1,Class A,2025-08-04T19:26:00Z,49.38333333333333,NA,NA,WF,0,2025,NA,NA,FALSE,TRUE
2025-ORBUD-002644,0.1,Class A,2025-08-03T20:55:00Z,28.00722222222222,NA,NA,WF,0,2025,NA,NA,FALSE,TRUE
2025-OR531S-531013,0.5,Class B,NA,NA,NA,NA,WF,0,2025,NA,NA,FALSE,TRUE
2025-ORRSF-000261,3.23,Class B,2025-08-12T18:38:00Z,237.5,NA,NA,WF,0,2025,NA,NA,FALSE,TRUE
2025-ORPRD-000724,0.1,Class A,2025-09-18T18:00:00Z,1126.5208333333333,NA,NA,WF,0,2025,NA,NA,FALSE,TRUE
2025-OR552S-000015,0,Class A,NA,NA,NA,NA,WF,0,2025,NA,NA,FALSE,TRUE
2025-ORWWF-000353,0.25,Class A,NA,NA,NA,NA,WF,0,2025,NA,NA,FALSE,TRUE
2025-ORWIF-250254,0.25,Class A,2025-08-07T23:00:00Z,126.43666666666668,NA,NA,WF,0,2025,NA,NA,FALSE,TRUE
2025-ORWIF-250253,0.1,Class A,2025-09-05T18:37:00Z,821.3586111111111,NA,NA,WF,0,2025,NA,NA,FALSE,TRUE
2025-ORVAD-250203,22.98,Class C,2025-08-13T19:10:00Z,260.45,NA,NA,WF,0,2025,NA,NA,FALSE,TRUE
2025-ORRSF-000263,0.1,Class A,2025-08-03T02:48:00Z,2.605,NA,NA,WF,0,2025,NA,NA,FALSE,TRUE
2025-ORPRD-000735,0.1,Class A,2025-08-04T19:50:00Z,43.39277777777778,NA,NA,WF,0,2025,NA,NA,FALSE,TRUE
2025-ORMHF-000832,0.1,Class A,2025-08-03T02:35:00Z,1.4155555555555557,NA,NA,WF,0,2025,NA,NA,FALSE,TRUE
2025-ORFWF-250460,0.1,Class A,2025-08-06T20:33:00Z,90.67583333333332,NA,NA,WF,0,2025,NA,NA,FALSE,TRUE
2025-ORPRD-000749,0.1,Class A,2025-08-05T23:53:00Z,68.15,NA,NA,WF,0,2025,NA,NA,FALSE,TRUE
2025-ORPRD-000747,0.1,Class A,2025-08-04T23:44:00Z,44.03055555555556,NA,NA,WF,0,2025,NA,NA,FALSE,TRUE
2025-ORPRD-000757,0.1,Class A,2025-08-04T22:45:00Z,30.025,NA,NA,WF,0,2025,NA,NA,FALSE,TRUE
2025-ORLAD-250463,0.1,Class A,2025-08-17T22:30:00Z,342.73333333333335,NA,NA,WF,0,2025,NA,NA,FALSE,TRUE
2025-ORUMF-025202,0.1,Class A,2025-08-08T20:15:00Z,121.65861111111111,NA,NA,WF,0,2025,NA,NA,FALSE,TRUE
2025-OR971S-000357,0.1,Class A,2025-08-05T22:09:00Z,61.833333333333336,NA,NA,WF,0,2025,NA,NA,FALSE,TRUE
2025-ORWIF-250259,0.1,Class A,2025-08-04T22:08:00Z,27.55666666666667,NA,NA,WF,0,2025,NA,NA,FALSE,TRUE
2025-ORBUD-002650,0.1,Class A,2025-08-04T01:25:00Z,5.970555555555555,NA,NA,WF,0,2025,NA,NA,FALSE,TRUE
2025-ORBUD-002651,7.05,Class B,2025-08-11T22:24:00Z,193.9225,NA,NA,WF,0,2025,NA,NA,FALSE,TRUE
2025-ORMAF-002649,0.6,Class B,2025-08-09T01:00:00Z,125.86666666666666,NA,NA,WF,0,2025,NA,NA,FALSE,TRUE
2025-ORMAF-025204,0.1,Class A,2025-08-04T19:08:00Z,21.928055555555556,NA,NA,WF,0,2025,NA,NA,FALSE,TRUE
2025-ORMAF-025203,0.1,Class A,2025-08-13T22:47:00Z,242.53333333333333,NA,NA,WF,0,2025,NA,NA,FALSE,TRUE
2025-ORWWF-000358,0.1,Class A,2025-08-07T19:57:00Z,95.13333333333334,NA,NA,WF,0,2025,NA,NA,FALSE,TRUE
2025-ORWWF-000362,0.25,Class A,NA,NA,NA,NA,WF,0,2025,NA,NA,FALSE,TRUE
2025-ORPRD-000764,0.1,Class A,2025-08-07T22:13:00Z,95.22583333333333,NA,NA,WF,0,2025,NA,NA,FALSE,TRUE
2025-ORWWF-000360,0.1,Class A,2025-08-05T22:48:00Z,49.21305555555555,NA,NA,WF,0,2025,NA,NA,FALSE,TRUE
2025-ORFWF-250473,0.1,Class A,2025-08-06T22:10:00Z,68.96972222222222,NA,NA,WF,0,2025,NA,NA,FALSE,TRUE
2025-ORCLP-250471,0.1,Class A,2025-08-13T20:45:00Z,238.4763888888889,NA,NA,WF,0,2025,NA,NA,FALSE,TRUE
2025-ORVAD-250206,2,Class B,2025-08-16T15:00:00Z,300.93944444444446,NA,NA,WF,0,2025,NA,NA,FALSE,TRUE
2025-ORLAD-250472,0.1,Class A,2025-08-17T22:00:00Z,332.8725,NA,NA,WF,0,2025,NA,NA,FALSE,TRUE
2025-ORPRD-000763,0.1,Class A,2025-08-06T19:45:00Z,68.88583333333334,NA,NA,WF,0,2025,NA,NA,FALSE,TRUE
2025-ORBUD-002653,73.99,Class C,2025-08-08T19:33:00Z,109.05,NA,NA,WF,0,2025,NA,NA,FALSE,TRUE
2025-ORPRD-000762,0.1,Class A,2025-08-06T20:06:00Z,69.41416666666667,NA,NA,WF,0,2025,NA,NA,FALSE,TRUE
2025-ORPRD-000768,0.1,Class A,2025-08-05T22:45:00Z,46.27361111111111,NA,NA,WF,0,2025,NA,NA,FALSE,TRUE
2025-ORBUD-002652,0.2,Class A,2025-08-05T18:55:00Z,45.577222222222225,NA,NA,WF,0,2025,NA,NA,FALSE,TRUE
2025-ORPRD-000760,0.1,Class A,2025-08-08T00:24:00Z,100.5,NA,NA,WF,0,2025,NA,NA,FALSE,TRUE
2025-ORPRD-000758,0.1,Class A,2025-08-07T22:49:00Z,101.12416666666668,NA,NA,WF,0,2025,NA,NA,FALSE,TRUE
2025-OROCF-000756,0.1,Class A,2025-08-26T18:56:00Z,555.1877777777778,NA,NA,WF,0,2025,NA,NA,FALSE,TRUE
2025-ORLAD-250475,0.1,Class A,2025-08-17T21:26:00Z,318.51472222222225,NA,NA,WF,0,2025,NA,NA,FALSE,TRUE
2025-ORWWF-000368,0.1,Class A,2025-08-07T20:20:00Z,74.7,NA,NA,WF,0,2025,NA,NA,FALSE,TRUE
2025-ORFWF-250480,0.1,Class A,2025-08-07T17:23:00Z,70.93861111111111,NA,NA,WF,0,2025,NA,NA,FALSE,TRUE
2025-ORMAF-025211,0.1,Class A,2025-08-09T22:25:00Z,121.69277777777778,NA,NA,WF,0,2025,NA,NA,FALSE,TRUE
2025-ORVAD-250208,0.3,Class B,2025-08-04T22:00:00Z,145.03333333333333,NA,NA,WF,0,2025,NA,NA,FALSE,TRUE
2025-ORMAF-002600,0.1,Class A,2025-07-31T18:28:00Z,70.55,NA,NA,WF,0,2025,NA,NA,FALSE,TRUE
2025-OR712S-017526,0,Class A,NA,NA,NA,NA,WF,0,2025,NA,NA,FALSE,TRUE
2025-OR711S-020426,0,Class A,NA,NA,NA,NA,WF,0,2025,NA,NA,FALSE,TRUE
2025-ORPRD-000779,0.1,Class A,2025-08-07T21:28:00Z,49.2,NA,NA,WF,0,2025,NA,NA,FALSE,TRUE
2025-ORDEF-000781,1.4,Class B,2025-08-12T19:54:00Z,166.83333333333334,NA,NA,WF,0,2025,NA,NA,FALSE,TRUE
2025-ORPRD-000782,293.35,Class D,2025-09-19T22:58:00Z,1080.1833333333334,NA,NA,WF,0,2025,NA,NA,FALSE,TRUE
2025-OR972S-000389,0.1,Class A,2025-08-08T20:06:00Z,70.31666666666666,NA,NA,WF,0,2025,NA,NA,FALSE,TRUE
2025-ORMED-712178,0,Class A,NA,NA,NA,NA,WF,0,2025,NA,NA,FALSE,TRUE
2025-OR531S-531015,4,Class B,NA,NA,NA,NA,WF,0,2025,NA,NA,FALSE,TRUE
2025-ORWWF-000386,0.25,Class A,2025-08-10T21:45:00Z,121.08333333333331,NA,NA,WF,0,2025,NA,NA,FALSE,TRUE
2025-ORMAF-002643,0.1,Class A,2025-08-02T18:03:00Z,3.563888888888889,NA,NA,WF,0,2025,NA,NA,FALSE,TRUE
2025-ORUMF-000395,0.01,Class A,2025-08-08T19:57:00Z,50.88333333333333,NA,NA,WF,0,2025,NA,NA,FALSE,TRUE
2025-ORVAD-250212,6.73,Class B,2025-08-10T21:16:00Z,68.48333333333333,NA,NA,WF,0,2025,NA,NA,FALSE,TRUE
2025-ORWWF-000400,0.1,Class A,2025-08-11T20:39:00Z,92.18333333333334,NA,NA,WF,0,2025,NA,NA,FALSE,TRUE
2025-ORWWF-000397,0.1,Class A,2025-08-10T22:49:00Z,74.38333333333334,NA,NA,WF,0,2025,NA,NA,FALSE,TRUE
2025-ORVAD-250215,15.24,Class C,2025-09-03T16:30:00Z,620.6877777777778,NA,NA,WF,0,2025,NA,NA,FALSE,TRUE
2025-OR973S-000406,2.8,Class B,2025-08-15T23:00:00Z,170.31666666666666,NA,NA,WF,0,2025,NA,NA,FALSE,TRUE
2025-ORMHF-000886,0.1,Class A,2025-08-09T17:00:00Z,2.04,NA,NA,WF,0,2025,NA,NA,FALSE,TRUE
2025-OR974S-000408,0.1,Class A,2025-08-09T17:32:00Z,1.385,NA,NA,WF,0,2025,NA,NA,FALSE,TRUE
2025-OR974S-000409,0.5,Class B,2025-08-22T23:45:00Z,314.19194444444446,NA,NA,WF,0,2025,NA,NA,FALSE,TRUE
2025-ORDEF-000807,0.1,Class A,2025-08-13T22:38:00Z,95.44222222222224,NA,NA,WF,0,2025,NA,NA,FALSE,TRUE
2025-ORFWF-250491,0.1,Class A,2025-08-13T22:41:00Z,96.43638888888889,NA,NA,WF,0,2025,NA,NA,FALSE,TRUE
2025-ORDEF-000808,0.1,Class A,2025-08-13T21:48:00Z,92.7088888888889,NA,NA,WF,0,2025,NA,NA,FALSE,TRUE
2025-ORMAF-025219,3.24,Class B,2025-09-08T18:01:00Z,693.4644444444444,NA,NA,WF,0,2025,NA,NA,FALSE,TRUE
2025-ORUPF-250294,0.1,Class A,2025-08-10T23:15:00Z,0.06138888888888889,NA,NA,WF,0,2025,NA,NA,FALSE,TRUE
2025-ORWWF-000414,3,Class B,2025-08-21T23:17:00Z,265.6333333333333,NA,NA,WF,0,2025,NA,NA,FALSE,TRUE
2025-ORCBD-72105926,0.13,Class A,NA,NA,NA,NA,WF,0,2025,NA,NA,FALSE,TRUE
2025-OR732S-000158,0.04,Class A,NA,NA,NA,NA,WF,0,2025,NA,NA,FALSE,TRUE
2025-ORLAD-250494,105.98,Class D,NA,NA,NA,NA,WF,0,2025,NA,NA,FALSE,TRUE
2025-ORDEF-000820,0.85,Class B,2025-08-18T00:30:00Z,145.98333333333332,NA,NA,WF,0,2025,NA,NA,FALSE,TRUE
2025-OR781S-000075,2.02,Class B,NA,NA,NA,NA,WF,0,2025,NA,NA,FALSE,TRUE
2025-OR712S-019926,0.37,Class B,NA,NA,NA,NA,WF,0,2025,NA,NA,FALSE,TRUE
2025-ORMHF-000914,0.29,Class B,2025-08-18T18:26:00Z,164.74777777777777,NA,NA,WF,0,2025,NA,NA,FALSE,TRUE
2025-ORUMA-000423,248.29,Class D,2025-09-30T18:55:00Z,1195.0833333333333,NA,NA,WF,0,2025,NA,NA,FALSE,TRUE
2025-ORFWF-250498,2,Class B,2025-08-26T17:49:00Z,343.4288888888889,NA,NA,WF,0,2025,NA,NA,FALSE,TRUE
2025-ORFWF-250497,0.25,Class A,2025-08-21T22:13:00Z,231.50472222222223,NA,NA,WF,0,2025,NA,NA,FALSE,TRUE
2025-ORLAD-250496,0.1,Class A,2025-08-14T19:53:00Z,61.233333333333334,NA,NA,WF,0,2025,NA,NA,FALSE,TRUE
2025-OR954S-000918,1.66,Class B,2025-08-20T23:40:00Z,198.7275,NA,NA,WF,0,2025,NA,NA,FALSE,TRUE
2025-ORMAF-025221,0.1,Class A,2025-08-24T22:56:00Z,291.12333333333333,NA,NA,WF,0,2025,NA,NA,FALSE,TRUE
2025-ORDEF-000821,0.1,Class A,2025-08-16T18:47:00Z,92.83027777777778,NA,NA,WF,0,2025,NA,NA,FALSE,TRUE
2025-OR781S-000077,0.1,Class A,NA,NA,NA,NA,WF,0,2025,NA,NA,FALSE,TRUE
2025-ORFWF-250499,0.1,Class A,2025-08-15T20:17:00Z,53.14527777777778,NA,NA,WF,0,2025,NA,NA,FALSE,TRUE
2025-OR731S-000177,0.01,Class A,NA,NA,NA,NA,WF,0,2025,NA,NA,FALSE,TRUE
2025-OR733S-000169,0.18,Class A,NA,NA,NA,NA,WF,0,2025,NA,NA,FALSE,TRUE
2025-ORPRD-000827,5,Class B,2025-08-22T23:24:00Z,218.95,NA,NA,WF,0,2025,NA,NA,FALSE,TRUE
2025-OR712S-020726,0.27,Class B,NA,NA,NA,NA,WF,0,2025,NA,NA,FALSE,TRUE
2025-OR711S-022726,0,Class A,NA,NA,NA,NA,WF,0,2025,NA,NA,FALSE,TRUE
2025-OR732S-000179,2.64,Class B,NA,NA,NA,NA,WF,0,2025,NA,NA,FALSE,TRUE
2025-OROCF-000829,0.1,Class A,2025-08-14T19:34:00Z,2.7075,NA,NA,WF,0,2025,NA,NA,FALSE,TRUE
2025-ORVAD-250229,131.44,Class D,2025-09-11T16:45:00Z,668.5833333333334,NA,NA,WF,0,2025,NA,NA,FALSE,TRUE
2025-ORDEF-000830,0.25,Class A,2025-08-14T20:17:00Z,1.8936111111111111,NA,NA,WF,0,2025,NA,NA,FALSE,TRUE
2025-ORWSA-000099,11.88,Class C,2025-08-29T02:03:00Z,341.62555555555554,NA,NA,WF,0,2025,NA,NA,FALSE,TRUE
2025-ORFWF-250501,0.1,Class A,2025-08-15T05:21:00Z,2.2872222222222223,NA,NA,WF,0,2025,NA,NA,FALSE,TRUE
2025-OR981S-250503,0.54,Class B,2025-08-19T19:35:00Z,95.57305555555556,NA,NA,WF,0,2025,NA,NA,FALSE,TRUE
2025-ORVAD-250235,2280.08,Class F,2025-09-03T16:30:00Z,427.75,NA,NA,WF,0,2025,NA,NA,FALSE,TRUE
2025-OR712S-022026,0.01,Class A,NA,NA,NA,NA,WF,0,2025,NA,NA,FALSE,TRUE
2025-ORCBD-72207626,0.25,Class A,NA,NA,NA,NA,WF,0,2025,NA,NA,FALSE,TRUE
2025-ORUMA-000436,0.1,Class A,2025-08-20T21:53:00Z,91.98,NA,NA,WF,0,2025,NA,NA,FALSE,TRUE
2025-OROCF-000843,0.1,Class A,2025-08-17T20:12:00Z,2.4980555555555557,NA,NA,WF,0,2025,NA,NA,FALSE,TRUE
2025-OR781S-000072,0.01,Class A,NA,NA,NA,NA,WF,0,2025,NA,NA,FALSE,TRUE
2025-OR781S-000051,0,Class A,NA,NA,NA,NA,WF,0,2025,NA,NA,FALSE,TRUE
2025-ORMHF-000955,0.1,Class A,2025-08-17T23:47:00Z,1.1833333333333331,NA,NA,WF,0,2025,NA,NA,FALSE,TRUE
2025-ORUPF-250313,0.1,Class A,2025-08-18T00:19:00Z,0.10055555555555556,NA,NA,WF,0,2025,NA,NA,FALSE,TRUE
2025-ORWSA-000101,0.1,Class A,2025-08-22T07:00:00Z,102.23333333333332,NA,NA,WF,0,2025,NA,NA,FALSE,TRUE
2025-ORBUD-002661,0.25,Class A,2025-08-19T18:23:00Z,40.29472222222222,NA,NA,WF,0,2025,NA,NA,FALSE,TRUE
2025-ORVAD-250239,0.96,Class B,2025-08-19T14:00:00Z,30.5,NA,NA,WF,0,2025,NA,NA,FALSE,TRUE
2025-OROCF-000834,0.25,Class A,NA,NA,NA,NA,WF,0,2025,NA,NA,FALSE,TRUE
2025-OR712S-023126,0.01,Class A,NA,NA,NA,NA,WF,0,2025,NA,NA,FALSE,TRUE
2025-OR956S-025226,0.1,Class A,2025-08-22T22:18:00Z,100.57083333333334,NA,NA,WF,0,2025,NA,NA,FALSE,TRUE
2025-OR971S-000437,0.1,Class A,2025-09-23T23:28:00Z,867.1233333333333,NA,NA,WF,0,2025,NA,NA,FALSE,TRUE
2025-OR510S-2551102426,0.1,Class A,NA,NA,NA,NA,WF,0,2025,NA,NA,FALSE,TRUE
2025-ORWSA-000102,0.1,Class A,2025-08-22T07:00:00Z,62.93388888888889,NA,NA,WF,0,2025,NA,NA,FALSE,TRUE
2025-ORMHF-000963,0.1,Class A,2025-08-19T17:54:00Z,2.872777777777778,NA,NA,WF,0,2025,NA,NA,FALSE,TRUE
2025-OR952S-025228,0.1,Class A,2025-08-23T22:30:00Z,96.25555555555556,NA,NA,WF,0,2025,NA,NA,FALSE,TRUE
2025-ORWWF-000441,0.1,Class A,2025-08-20T21:36:00Z,23.716666666666665,NA,NA,WF,0,2025,NA,NA,FALSE,TRUE
2025-OR781S-000094,0.01,Class A,NA,NA,NA,NA,WF,0,2025,NA,NA,FALSE,TRUE
2025-OR781S-000095,0.01,Class A,NA,NA,NA,NA,WF,0,2025,NA,NA,FALSE,TRUE
2025-OR781S-000096,0.01,Class A,NA,NA,NA,NA,WF,0,2025,NA,NA,FALSE,TRUE
2025-OR781S-000097,0.01,Class A,NA,NA,NA,NA,WF,0,2025,NA,NA,FALSE,TRUE
2025-OR781S-000098,0.01,Class A,NA,NA,NA,NA,WF,0,2025,NA,NA,FALSE,TRUE
2025-ORMHF-000970,0.1,Class A,2025-08-21T17:40:00Z,41.95638888888889,NA,NA,WF,0,2025,NA,NA,FALSE,TRUE
2025-ORBUD-002666,0.28,Class B,2025-08-25T19:48:00Z,141.11666666666667,NA,NA,WF,0,2025,NA,NA,FALSE,TRUE
2025-ORWSA-000103,0.1,Class A,2025-08-22T07:00:00Z,44.7,NA,NA,WF,0,2025,NA,NA,FALSE,TRUE
2025-ORVAD-250243,27.4,Class C,2025-09-04T18:30:00Z,362.0880555555556,NA,NA,WF,0,2025,NA,NA,FALSE,TRUE
2025-OR971S-000442,11.04,Class C,NA,NA,NA,NA,WF,0,2025,NA,NA,FALSE,TRUE
2025-OR955S-000857,0.1,Class A,2025-08-26T20:05:00Z,143.52777777777777,NA,NA,WF,0,2025,NA,NA,FALSE,TRUE
2025-ORFWF-250507,0.1,Class A,2025-08-21T21:54:00Z,25.863055555555555,NA,NA,WF,0,2025,NA,NA,FALSE,TRUE
2025-ORDEF-000859,0.1,Class A,2025-08-20T23:39:00Z,0.3861111111111111,NA,NA,WF,0,2025,NA,NA,FALSE,TRUE
2025-OR954S-000976,0.1,Class A,2025-09-02T21:10:00Z,310.2736111111111,NA,NA,WF,0,2025,NA,NA,FALSE,TRUE
2025-OR781S-000100,2.98,Class B,NA,NA,NA,NA,WF,0,2025,NA,NA,FALSE,TRUE
2025-ORDEF-000860,0.1,Class A,2025-08-23T19:18:00Z,66.23833333333333,NA,NA,WF,0,2025,NA,NA,FALSE,TRUE
2025-ORPRD-000855,55.59,Class C,2025-10-07T21:26:00Z,1157.4366666666667,NA,NA,WF,0,2025,NA,NA,FALSE,TRUE
2025-ORMHF-000977,0.1,Class A,2025-08-21T16:40:00Z,11.7925,NA,NA,WF,0,2025,NA,NA,FALSE,TRUE
2025-ORPRD-000806,2,Class B,2025-08-11T19:30:00Z,47.70305555555556,NA,NA,WF,0,2025,NA,NA,FALSE,TRUE
2025-ORWWF-000445,0.1,Class A,2025-08-25T23:22:00Z,119.81666666666666,NA,NA,WF,0,2025,NA,NA,FALSE,TRUE
2025-ORFWF-250508,0.1,Class A,2025-08-22T21:30:00Z,24.74,NA,NA,WF,0,2025,NA,NA,FALSE,TRUE
2025-OR552S-000023,0,Class A,NA,NA,NA,NA,WF,0,2025,NA,NA,FALSE,TRUE
2025-ORWWF-000450,0.1,Class A,2025-08-22T23:12:00Z,2.9716666666666667,NA,NA,WF,0,2025,NA,NA,FALSE,TRUE
2025-ORWIF-250316,0.1,Class A,2025-08-23T16:38:00Z,12.118333333333334,NA,NA,WF,0,2025,NA,NA,FALSE,TRUE
2025-ORUMA-000451,11.35,Class C,2025-08-27T17:44:00Z,95.90833333333332,NA,NA,WF,0,2025,NA,NA,FALSE,TRUE
2025-ORPRD-000868,0.22,Class A,2025-08-25T21:20:00Z,47.39111111111111,NA,NA,WF,0,2025,NA,NA,FALSE,TRUE
2025-OR981S-250510,0.1,Class A,NA,NA,NA,NA,WF,0,2025,NA,NA,FALSE,TRUE
2025-ORUPF-250332,0.1,Class A,2025-08-24T03:19:00Z,0.8708333333333333,NA,NA,WF,0,2025,NA,NA,FALSE,TRUE
2025-OR955S-000872,0.25,Class A,2025-08-28T23:49:00Z,105.00472222222224,NA,NA,WF,0,2025,NA,NA,FALSE,TRUE
2025-ORFWF-250511,0.1,Class A,2025-08-29T19:48:00Z,124.59444444444443,NA,NA,WF,0,2025,NA,NA,FALSE,TRUE
2025-ORFWF-250513,0.1,Class A,2025-08-27T17:42:00Z,73.86083333333333,NA,NA,WF,0,2025,NA,NA,FALSE,TRUE
2025-ORLAD-250512,0.1,Class A,2025-08-30T20:50:00Z,149.0822222222222,NA,NA,WF,0,2025,NA,NA,FALSE,TRUE
2025-ORLAD-250519,0.1,Class A,2025-08-30T20:50:00Z,147.14777777777778,NA,NA,WF,0,2025,NA,NA,FALSE,TRUE
2025-ORLAD-250521,0.1,Class A,2025-09-04T21:26:00Z,267.71666666666664,NA,NA,WF,0,2025,NA,NA,FALSE,TRUE
2025-ORUPF-250336,0.1,Class A,2025-09-10T19:51:00Z,410.5925,NA,NA,WF,0,2025,NA,NA,FALSE,TRUE
2025-ORMAF-002669,0.1,Class A,2025-08-26T22:50:00Z,53.199444444444445,NA,NA,WF,0,2025,NA,NA,FALSE,TRUE
2025-ORLAD-250518,0.1,Class A,2025-08-30T19:32:00Z,145.86583333333334,NA,NA,WF,0,2025,NA,NA,FALSE,TRUE
2025-ORUPF-250339,0.3,Class B,2025-09-10T21:48:00Z,411.9002777777778,NA,NA,WF,0,2025,NA,NA,FALSE,TRUE
2025-ORUPF-250334,0.23,Class A,2025-09-10T18:40:00Z,409.5,NA,NA,WF,0,2025,NA,NA,FALSE,TRUE
2025-ORWWF-000454,0.1,Class A,2025-08-31T17:26:00Z,167,NA,NA,WF,0,2025,NA,NA,FALSE,TRUE
2025-ORWWF-000453,0.1,Class A,2025-08-25T21:40:00Z,27.25,NA,NA,WF,0,2025,NA,NA,FALSE,TRUE
2025-ORLAD-250514,0.1,Class A,2025-09-04T21:36:00Z,269.3536111111111,NA,NA,WF,0,2025,NA,NA,FALSE,TRUE
2025-ORUPF-250343,0.3,Class B,2025-08-26T23:33:00Z,52.373333333333335,NA,NA,WF,0,2025,NA,NA,FALSE,TRUE
2025-OR531S-000025,0.1,Class A,NA,NA,NA,NA,WF,0,2025,NA,NA,FALSE,TRUE
2025-OR981S-250522,0.1,Class A,2025-08-28T18:58:00Z,92.67305555555556,NA,NA,WF,0,2025,NA,NA,FALSE,TRUE
2025-ORRSF-000296,0.1,Class A,2025-09-02T17:24:00Z,210.04722222222225,NA,NA,WF,0,2025,NA,NA,FALSE,TRUE
2025-ORLAD-250523,0.1,Class A,2025-09-09T00:05:00Z,359.00055555555554,NA,NA,WF,0,2025,NA,NA,FALSE,TRUE
2025-ORRSF-000301,0.1,Class A,2025-08-27T15:30:00Z,61.198055555555555,NA,NA,WF,0,2025,NA,NA,FALSE,TRUE
2025-ORRSF-000298,1,Class B,2025-08-28T16:53:00Z,87.51638888888888,NA,NA,WF,0,2025,NA,NA,FALSE,TRUE
2025-ORRSF-000300,0.4,Class B,2025-08-29T21:07:00Z,114.98555555555556,NA,NA,WF,0,2025,NA,NA,FALSE,TRUE
2025-OR981S-250524,0.1,Class A,2025-08-28T02:55:00Z,72.49555555555555,NA,NA,WF,0,2025,NA,NA,FALSE,TRUE
2025-ORRSF-000302,1.64,Class B,2025-09-03T20:21:00Z,234.04361111111112,NA,NA,WF,0,2025,NA,NA,FALSE,TRUE
2025-OR981S-250525,0.1,Class A,2025-08-31T21:23:00Z,162.84027777777777,NA,NA,WF,0,2025,NA,NA,FALSE,TRUE
2025-ORFWF-250527,1.3,Class B,2025-08-31T17:04:00Z,157.82861111111112,NA,NA,WF,0,2025,NA,NA,FALSE,TRUE
2025-OR771S-000044,0,Class A,NA,NA,NA,NA,WF,0,2025,NA,NA,FALSE,TRUE
2025-OR771S-000046,0,Class A,NA,NA,NA,NA,WF,0,2025,NA,NA,FALSE,TRUE
2025-CAKNF-006567,0.1,Class A,2025-08-29T01:11:00Z,80.90805555555555,NA,NA,WF,0,2025,NA,NA,FALSE,TRUE
2025-CAKNF-006565,5,Class B,2025-08-31T19:42:00Z,148.6625,NA,NA,WF,0,2025,NA,NA,FALSE,TRUE
2025-OR981S-250528,0.1,Class A,2025-08-31T19:06:00Z,148.84222222222223,NA,NA,WF,0,2025,NA,NA,FALSE,TRUE
2025-ORRSF-000305,5.37,Class B,2025-09-02T20:12:00Z,209.1,NA,NA,WF,0,2025,NA,NA,FALSE,TRUE
2025-ORRSF-000307,0.25,Class A,2025-09-02T22:01:00Z,207.82694444444445,NA,NA,WF,0,2025,NA,NA,FALSE,TRUE
2025-ORRSF-000310,1,Class B,2025-09-06T21:39:00Z,294.75,NA,NA,WF,0,2025,NA,NA,FALSE,TRUE
2025-ORRSF-000311,0.1,Class A,2025-09-02T22:45:00Z,199.38333333333333,NA,NA,WF,0,2025,NA,NA,FALSE,TRUE
2025-OR981S-250530,0.1,Class A,2025-09-01T20:33:00Z,172.03166666666667,NA,NA,WF,0,2025,NA,NA,FALSE,TRUE
2025-OR581S-000045,0,Class A,NA,NA,NA,NA,WF,0,2025,NA,NA,FALSE,TRUE
2025-ORRSF-000316,0.25,Class A,2025-08-26T22:10:00Z,30.520833333333332,NA,NA,WF,0,2025,NA,NA,FALSE,TRUE
2025-ORRSF-000320,0.25,Class A,2025-08-27T19:35:00Z,49.89527777777778,NA,NA,WF,0,2025,NA,NA,FALSE,TRUE
2025-ORRSF-000314,0.1,Class A,2025-09-06T19:24:00Z,291.99666666666667,NA,NA,WF,0,2025,NA,NA,FALSE,TRUE
2025-ORUPF-250349,0.1,Class A,2025-09-02T20:32:00Z,210.64888888888888,NA,NA,WF,0,2025,NA,NA,FALSE,TRUE
2025-ORLAD-250532,0.1,Class A,2025-08-28T20:10:00Z,74.8,NA,NA,WF,0,2025,NA,NA,FALSE,TRUE
2025-OR981S-250535,15.33,Class C,2025-09-02T21:15:00Z,192.81972222222225,NA,NA,WF,0,2025,NA,NA,FALSE,TRUE
2025-ORLAD-250533,0.1,Class A,2025-08-28T19:04:00Z,71.96944444444445,NA,NA,WF,0,2025,NA,NA,FALSE,TRUE
2025-ORUPF-250352,0.1,Class A,2025-08-29T23:00:00Z,102.38944444444444,NA,NA,WF,0,2025,NA,NA,FALSE,TRUE
2025-ORMED-027226,0,Class A,NA,NA,NA,NA,WF,0,2025,NA,NA,FALSE,TRUE
2025-ORRSF-000315,0.24,Class A,2025-08-27T17:37:00Z,50.12083333333333,NA,NA,WF,0,2025,NA,NA,FALSE,TRUE
2025-ORRSF-000324,0.25,Class A,2025-09-04T18:12:00Z,238.2761111111111,NA,NA,WF,0,2025,NA,NA,FALSE,TRUE
2025-ORRSF-000327,0.25,Class A,2025-08-28T20:10:00Z,71.38333333333334,NA,NA,WF,0,2025,NA,NA,FALSE,TRUE
2025-OR711S-026826,0,Class A,NA,NA,NA,NA,WF,0,2025,NA,NA,FALSE,TRUE
2025-OR981S-250538,0.25,Class A,2025-08-26T18:00:00Z,19.55,NA,NA,WF,0,2025,NA,NA,FALSE,TRUE
2025-ORRSF-000333,0.2,Class A,2025-08-28T02:35:00Z,52.37861111111111,NA,NA,WF,0,2025,NA,NA,FALSE,TRUE
2025-OR981S-250537,0.26,Class B,2025-09-02T18:56:00Z,188.4686111111111,NA,NA,WF,0,2025,NA,NA,FALSE,TRUE
2025-OR981S-250544,0.21,Class A,2025-08-29T18:41:00Z,89.82194444444444,NA,NA,WF,0,2025,NA,NA,FALSE,TRUE
2025-ORFWF-250542,0.5,Class B,2025-09-04T21:21:00Z,237.65,NA,NA,WF,0,2025,NA,NA,FALSE,TRUE
2025-ORMHF-001012,0.1,Class A,2025-08-26T17:05:00Z,15.595,NA,NA,WF,0,2025,NA,NA,FALSE,TRUE
2025-ORSHR-250540,0.1,Class A,2025-09-05T18:51:00Z,259.3833333333333,NA,NA,WF,0,2025,NA,NA,FALSE,TRUE
2025-ORFWF-250546,0.1,Class A,2025-08-29T23:43:00Z,93.75,NA,NA,WF,0,2025,NA,NA,FALSE,TRUE
2025-ORLAD-250545,0.1,Class A,2025-09-20T22:00:00Z,620.26,NA,NA,WF,0,2025,NA,NA,FALSE,TRUE
2025-OR954S-001014,0.1,Class A,2025-09-01T21:58:00Z,151.31666666666666,NA,NA,WF,0,2025,NA,NA,FALSE,TRUE
2025-OR771S-000048,0,Class A,NA,NA,NA,NA,WF,0,2025,NA,NA,FALSE,TRUE
2025-ORRSF-000341,0.1,Class A,2025-09-02T17:05:00Z,167.58333333333334,NA,NA,WF,0,2025,NA,NA,FALSE,TRUE
2025-ORRSF-000338,0.17,Class A,2025-09-02T16:59:00Z,168.5727777777778,NA,NA,WF,0,2025,NA,NA,FALSE,TRUE
2025-ORRSF-000337,0.1,Class A,2025-08-28T23:20:00Z,54.96472222222222,NA,NA,WF,0,2025,NA,NA,FALSE,TRUE
2025-ORRSF-000334,0.25,Class A,2025-09-02T17:45:00Z,187.1786111111111,NA,NA,WF,0,2025,NA,NA,FALSE,TRUE
2025-ORRSF-000319,0.25,Class A,2025-08-27T15:48:00Z,46.33555555555556,NA,NA,WF,0,2025,NA,NA,FALSE,TRUE
2025-ORMED-028126,0,Class A,NA,NA,NA,NA,WF,0,2025,NA,NA,FALSE,TRUE
2025-ORRSF-000330,0.1,Class A,2025-08-29T16:57:00Z,90.97416666666666,NA,NA,WF,0,2025,NA,NA,FALSE,TRUE
2025-ORRSF-000342,1.44,Class B,2025-09-06T16:28:00Z,262.75638888888886,NA,NA,WF,0,2025,NA,NA,FALSE,TRUE
2025-ORRSF-000343,7.5,Class B,2025-09-13T18:22:00Z,432.6,NA,NA,WF,0,2025,NA,NA,FALSE,TRUE
2025-OR955S-000882,0.1,Class A,2025-08-30T21:03:00Z,103.26611111111112,NA,NA,WF,0,2025,NA,NA,FALSE,TRUE
2025-ORROD-733217,0,Class A,NA,NA,NA,NA,WF,0,2025,NA,NA,FALSE,TRUE
2025-OR982S-250551,0.14,Class A,NA,NA,NA,NA,WF,0,2025,NA,NA,FALSE,TRUE
2025-ORDEF-000889,0.1,Class A,2025-08-27T01:10:00Z,3.809444444444445,NA,NA,WF,0,2025,NA,NA,FALSE,TRUE
2025-ORDEF-000885,0.1,Class A,2025-08-28T20:12:00Z,47.501666666666665,NA,NA,WF,0,2025,NA,NA,FALSE,TRUE
2025-ORUPF-250356,0.25,Class A,NA,NA,NA,NA,WF,0,2025,NA,NA,FALSE,TRUE
2025-ORRSF-000312,0.1,Class A,2025-09-02T21:45:00Z,198.35777777777776,NA,NA,WF,0,2025,NA,NA,FALSE,TRUE
2025-ORDEF-000890,0.1,Class A,2025-08-28T19:55:00Z,46.20638888888889,NA,NA,WF,0,2025,NA,NA,FALSE,TRUE
2025-ORDEF-000892,0.1,Class A,2025-08-28T21:57:00Z,47.28333333333333,NA,NA,WF,0,2025,NA,NA,FALSE,TRUE
2025-ORDEF-000893,0.25,Class A,2025-08-27T20:40:00Z,21.616666666666667,NA,NA,WF,0,2025,NA,NA,FALSE,TRUE
2025-ORRSF-000339,0.05,Class A,2025-09-03T22:22:00Z,197.86444444444444,NA,NA,WF,0,2025,NA,NA,FALSE,TRUE
2025-ORUPF-250360,0.1,Class A,2025-09-08T22:48:00Z,311.0597222222222,NA,NA,WF,0,2025,NA,NA,FALSE,TRUE
2025-ORRSF-000348,0.1,Class A,2025-08-30T21:59:00Z,94.82861111111112,NA,NA,WF,0,2025,NA,NA,FALSE,TRUE
2025-ORDEF-000891,0.25,Class A,2025-08-29T22:15:00Z,72.41666666666667,NA,NA,WF,0,2025,NA,NA,FALSE,TRUE
2025-OR711S-027726,0.01,Class A,NA,NA,NA,NA,WF,0,2025,NA,NA,FALSE,TRUE
2025-ORMED-027126,0.1,Class A,NA,NA,NA,NA,WF,0,2025,NA,NA,FALSE,TRUE
2025-ORLAD-250531,0.1,Class A,2025-08-28T20:58:00Z,75.67416666666666,NA,NA,WF,0,2025,NA,NA,FALSE,TRUE
2025-OR952S-025235,0.1,Class A,2025-08-31T20:04:00Z,114.06666666666666,NA,NA,WF,0,2025,NA,NA,FALSE,TRUE
2025-ORMED-028626,0.68,Class B,NA,NA,NA,NA,WF,0,2025,NA,NA,FALSE,TRUE
2025-OR954S-001030,0.1,Class A,2025-09-02T20:13:00Z,150.14777777777778,NA,NA,WF,0,2025,NA,NA,FALSE,TRUE
2025-OR981S-250556,0.1,Class A,2025-08-31T20:19:00Z,112.58277777777778,NA,NA,WF,0,2025,NA,NA,FALSE,TRUE
2025-ORFWF-250555,0.1,Class A,2025-09-01T22:47:00Z,140.19805555555556,NA,NA,WF,0,2025,NA,NA,FALSE,TRUE
2025-OR982S-250553,0.1,Class A,2025-08-29T18:41:00Z,64.79444444444445,NA,NA,WF,0,2025,NA,NA,FALSE,TRUE
2025-ORFWF-250554,2,Class B,NA,NA,NA,NA,WF,0,2025,NA,NA,FALSE,TRUE
2025-OR711S-028826,0,Class A,NA,NA,NA,NA,WF,0,2025,NA,NA,FALSE,TRUE
2025-ORRSF-000354,0.51,Class B,2025-08-31T21:54:00Z,101.745,NA,NA,WF,0,2025,NA,NA,FALSE,TRUE
2025-OR771S-000051,0.01,Class A,NA,NA,NA,NA,WF,0,2025,NA,NA,FALSE,TRUE
2025-OR771S-000053,0.01,Class A,NA,NA,NA,NA,WF,0,2025,NA,NA,FALSE,TRUE
2025-ORRSF-000357,0.1,Class A,NA,NA,NA,NA,WF,0,2025,NA,NA,FALSE,TRUE
2025-OR771S-000054,0.01,Class A,NA,NA,NA,NA,WF,0,2025,NA,NA,FALSE,TRUE
2025-OR982S-250558,0.1,Class A,2025-08-30T17:15:00Z,69.51,NA,NA,WF,0,2025,NA,NA,FALSE,TRUE
2025-ORFWF-250560,0.13,Class A,2025-09-01T18:59:00Z,118.57,NA,NA,WF,0,2025,NA,NA,FALSE,TRUE
2025-ORLAD-250559,0.1,Class A,2025-09-05T19:50:00Z,216.09,NA,NA,WF,0,2025,NA,NA,FALSE,TRUE
2025-ORPRD-000901,0.1,Class A,2025-08-28T19:18:00Z,21.22972222222222,NA,NA,WF,0,2025,NA,NA,FALSE,TRUE
2025-ORPRD-000896,0.1,Class A,2025-08-29T20:26:00Z,47.7475,NA,NA,WF,0,2025,NA,NA,FALSE,TRUE
2025-ORRSF-000359,0.1,Class A,2025-09-02T00:07:00Z,123.805,NA,NA,WF,0,2025,NA,NA,FALSE,TRUE
2025-OR771S-000055,0.4,Class B,NA,NA,NA,NA,WF,0,2025,NA,NA,FALSE,TRUE
2025-OR552S-000026,0,Class A,NA,NA,NA,NA,WF,0,2025,NA,NA,FALSE,TRUE
2025-ORLAD-250561,0.1,Class A,2025-09-01T20:00:00Z,118.08333333333331,NA,NA,WF,0,2025,NA,NA,FALSE,TRUE
2025-OR552S-000027,0,Class A,NA,NA,NA,NA,WF,0,2025,NA,NA,FALSE,TRUE
2025-CAKNF-006702,0.1,Class A,2025-08-31T20:51:00Z,100.69777777777776,NA,NA,WF,0,2025,NA,NA,FALSE,TRUE
2025-OR552S-000028,0,Class A,NA,NA,NA,NA,WF,0,2025,NA,NA,FALSE,TRUE
2025-OR552S-000030,0,Class A,NA,NA,NA,NA,WF,0,2025,NA,NA,FALSE,TRUE
2025-ORRSF-000322,0.1,Class A,2025-08-29T20:28:00Z,97.36,NA,NA,WF,0,2025,NA,NA,FALSE,TRUE
2025-OR552S-000031,0,Class A,NA,NA,NA,NA,WF,0,2025,NA,NA,FALSE,TRUE
2025-ORRSF-000361,0.1,Class A,2025-08-30T18:00:00Z,66.13638888888889,NA,NA,WF,0,2025,NA,NA,FALSE,TRUE
2025-ORPRD-000903,0.1,Class A,2025-08-29T21:49:00Z,47.5975,NA,NA,WF,0,2025,NA,NA,FALSE,TRUE
2025-OR771S-000057,0.01,Class A,NA,NA,NA,NA,WF,0,2025,NA,NA,FALSE,TRUE
2025-OR952S-025236,0.1,Class A,2025-08-31T21:16:00Z,92.15,NA,NA,WF,0,2025,NA,NA,FALSE,TRUE
2025-OROCF-000906,0.1,Class A,2025-09-07T18:53:00Z,258.33444444444444,NA,NA,WF,0,2025,NA,NA,FALSE,TRUE
2025-ORPRD-000904,0.1,Class A,2025-08-29T22:00:00Z,46.96472222222222,NA,NA,WF,0,2025,NA,NA,FALSE,TRUE
2025-ORLAD-250565,0.1,Class A,2025-09-06T20:39:00Z,236.48805555555555,NA,NA,WF,0,2025,NA,NA,FALSE,TRUE
2025-OROCF-000905,0.1,Class A,2025-09-04T19:33:00Z,188.0663888888889,NA,NA,WF,0,2025,NA,NA,FALSE,TRUE
2025-OROCF-000907,0.1,Class A,2025-09-01T18:42:00Z,113.44277777777778,NA,NA,WF,0,2025,NA,NA,FALSE,TRUE
2025-OR781S-000114,0.01,Class A,NA,NA,NA,NA,WF,0,2025,NA,NA,FALSE,TRUE
2025-OR781S-000106,0.01,Class A,NA,NA,NA,NA,WF,0,2025,NA,NA,FALSE,TRUE
2025-ORLAD-250569,0.1,Class A,2025-08-30T22:52:00Z,68.91166666666666,NA,NA,WF,0,2025,NA,NA,FALSE,TRUE
2025-ORPRD-000902,0.1,Class A,2025-08-29T20:26:00Z,46.278055555555554,NA,NA,WF,0,2025,NA,NA,FALSE,TRUE
2025-ORFWF-250566,0.1,Class A,2025-08-30T20:51:00Z,67.6125,NA,NA,WF,0,2025,NA,NA,FALSE,TRUE
2025-ORVAD-250255,4912.81,Class F,2025-09-21T18:00:00Z,593.4833333333333,NA,NA,WF,0,2025,NA,NA,FALSE,TRUE
2025-ORVAD-250256,8.37,Class B,2025-09-30T16:00:00Z,805.025,NA,NA,WF,0,2025,NA,NA,FALSE,TRUE
2025-ORRSF-000363,0.1,Class A,2025-08-29T21:24:00Z,42.68333333333333,NA,NA,WF,0,2025,NA,NA,FALSE,TRUE
2025-OR552S-000034,0,Class A,NA,NA,NA,NA,WF,0,2025,NA,NA,FALSE,TRUE
2025-OR981S-250547,0.2,Class A,2025-08-29T19:21:00Z,75.98333333333333,NA,NA,WF,0,2025,NA,NA,FALSE,TRUE
2025-ORFWF-250577,0.1,Class A,2025-09-01T19:13:00Z,94.00972222222222,NA,NA,WF,0,2025,NA,NA,FALSE,TRUE
2025-ORVAD-250257,4,Class B,2025-09-08T17:00:00Z,258.7788888888889,NA,NA,WF,0,2025,NA,NA,FALSE,TRUE
2025-ORWIF-250345,0.15,Class A,2025-09-04T20:00:00Z,169.04111111111112,NA,NA,WF,0,2025,NA,NA,FALSE,TRUE
2025-ORWIF-250346,0.2,Class A,2025-09-04T23:00:00Z,171.50083333333333,NA,NA,WF,0,2025,NA,NA,FALSE,TRUE
2025-OR982S-250579,0.2,Class A,2025-09-04T18:39:00Z,163.61194444444445,NA,NA,WF,0,2025,NA,NA,FALSE,TRUE
2025-ORRSF-000368,0.1,Class A,2025-09-11T18:41:00Z,330.35,NA,NA,WF,0,2025,NA,NA,FALSE,TRUE
2025-OR972S-000464,0.1,Class A,2025-09-05T22:58:00Z,186.2,NA,NA,WF,0,2025,NA,NA,FALSE,TRUE
2025-ORWWF-000465,0.1,Class A,2025-08-31T22:57:00Z,53.69305555555555,NA,NA,WF,0,2025,NA,NA,FALSE,TRUE
2025-CAKNF-006784,0,Class A,2025-09-01T00:19:00Z,92.25,NA,NA,WF,0,2025,NA,NA,FALSE,TRUE
2025-CAKNF-006765,0.1,Class A,2025-08-31T21:44:00Z,74.20055555555555,NA,NA,WF,0,2025,NA,NA,FALSE,TRUE
2025-OR981S-250581,1.71,Class B,2025-09-09T18:44:00Z,264.02916666666664,NA,NA,WF,0,2025,NA,NA,FALSE,TRUE
2025-ORWWF-000466,0.25,Class A,2025-09-02T21:08:00Z,95.91722222222222,NA,NA,WF,0,2025,NA,NA,FALSE,TRUE
2025-ORWWF-000467,0.7,Class B,2025-09-08T19:12:00Z,236.02722222222224,NA,NA,WF,0,2025,NA,NA,FALSE,TRUE
2025-ORDEF-000922,0.1,Class A,2025-08-30T01:18:00Z,2.3919444444444444,NA,NA,WF,0,2025,NA,NA,FALSE,TRUE
2025-ORRSF-000370,0.5,Class B,2025-09-03T18:52:00Z,113.61666666666666,NA,NA,WF,0,2025,NA,NA,FALSE,TRUE
2025-OR973S-000475,0.9,Class B,NA,NA,NA,NA,WF,0,2025,NA,NA,FALSE,TRUE
2025-OR973S-000474,0.1,Class A,NA,NA,NA,NA,WF,0,2025,NA,NA,FALSE,TRUE
2025-OR981S-250583,0.1,Class A,2025-09-02T19:12:00Z,74.56666666666666,NA,NA,WF,0,2025,NA,NA,FALSE,TRUE
2025-ORWWF-000476,0.1,Class A,2025-08-31T02:05:00Z,10.4,NA,NA,WF,0,2025,NA,NA,FALSE,TRUE
2025-ORWWF-000479,4.38,Class B,2025-09-09T23:45:00Z,244.85,NA,NA,WF,0,2025,NA,NA,FALSE,TRUE
2025-ORWWF-000477,0.55,Class B,2025-09-04T20:48:00Z,122.76027777777776,NA,NA,WF,0,2025,NA,NA,FALSE,TRUE
2025-OR971S-000478,0.61,Class B,2025-09-09T22:25:00Z,243.98333333333332,NA,NA,WF,0,2025,NA,NA,FALSE,TRUE
2025-OR971S-000468,0.1,Class A,2025-09-05T22:11:00Z,166.78333333333333,NA,NA,WF,0,2025,NA,NA,FALSE,TRUE
2025-ORBUD-002678,0.08,Class A,2025-08-31T23:42:00Z,25.05611111111111,NA,NA,WF,0,2025,NA,NA,FALSE,TRUE
2025-OR971S-000480,0.1,Class A,2025-09-05T22:23:00Z,146.05138888888888,NA,NA,WF,0,2025,NA,NA,FALSE,TRUE
2025-OR781S-000082,0,Class A,NA,NA,NA,NA,WF,0,2025,NA,NA,FALSE,TRUE
2025-ORCGF-001075,0.01,Class A,2025-09-01T20:57:00Z,32.208888888888886,NA,NA,WF,0,2025,NA,NA,FALSE,TRUE
2025-OR971S-000484,0.88,Class B,2025-09-08T18:32:00Z,194.53666666666663,NA,NA,WF,0,2025,NA,NA,FALSE,TRUE
2025-OR981S-250586,0.1,Class A,2025-09-04T19:57:00Z,96.58055555555556,NA,NA,WF,0,2025,NA,NA,FALSE,TRUE
2025-OR981S-250588,0.1,Class A,2025-09-04T20:06:00Z,96.10194444444444,NA,NA,WF,0,2025,NA,NA,FALSE,TRUE
2025-OR981S-250587,0.1,Class A,2025-09-09T18:22:00Z,214.86444444444444,NA,NA,WF,0,2025,NA,NA,FALSE,TRUE
2025-OR781S-000001,0,Class A,NA,NA,NA,NA,WF,0,2025,NA,NA,FALSE,TRUE
2025-ORWWF-000485,1,Class B,2025-09-09T23:45:00Z,217.22,NA,NA,WF,0,2025,NA,NA,FALSE,TRUE
2025-ORVAD-250261,5.22,Class B,2025-09-24T21:50:00Z,575.45,NA,NA,WF,0,2025,NA,NA,FALSE,TRUE
2025-ORPRD-000936,83,Class C,2025-09-17T21:06:00Z,402.8466666666667,NA,NA,WF,0,2025,NA,NA,FALSE,TRUE
2025-ORMHF-001087,0.1,Class A,2025-09-05T21:17:00Z,117.9738888888889,NA,NA,WF,0,2025,NA,NA,FALSE,TRUE
2025-ORMHF-001096,0.1,Class A,2025-09-01T20:12:00Z,1.7,NA,NA,WF,0,2025,NA,NA,FALSE,TRUE
2025-ORVAD-250263,2,Class B,2025-09-09T15:00:00Z,188.43333333333337,NA,NA,WF,0,2025,NA,NA,FALSE,TRUE
2025-ORDEF-000939,0.25,Class A,2025-09-05T22:04:00Z,97.11111111111111,NA,NA,WF,0,2025,NA,NA,FALSE,TRUE
2025-OR531S-531036,0,Class A,NA,NA,NA,NA,WF,0,2025,NA,NA,FALSE,TRUE
2025-ORDEF-000941,0.13,Class A,2025-09-04T22:21:00Z,71.75333333333333,NA,NA,WF,0,2025,NA,NA,FALSE,TRUE
2025-OR711S-030626,0.25,Class A,NA,NA,NA,NA,WF,0,2025,NA,NA,FALSE,TRUE
2025-OR711S-031326,0.09,Class A,NA,NA,NA,NA,WF,0,2025,NA,NA,FALSE,TRUE
2025-ORUMA-000488,0.3,Class B,2025-09-10T21:44:00Z,214.5,NA,NA,WF,0,2025,NA,NA,FALSE,TRUE
2025-OR531S-000033,0,Class A,NA,NA,NA,NA,WF,0,2025,NA,NA,FALSE,TRUE
2025-ORFWF-250589,3.5,Class B,2025-09-17T21:07:00Z,381.35,NA,NA,WF,0,2025,NA,NA,FALSE,TRUE
2025-OR954S-001109,0.1,Class A,2025-09-13T21:27:00Z,271.8027777777778,NA,NA,WF,0,2025,NA,NA,FALSE,TRUE
2025-ORPRD-000942,0.17,Class A,2025-09-07T20:30:00Z,124.43333333333334,NA,NA,WF,0,2025,NA,NA,FALSE,TRUE
2025-ORDEF-000943,0.1,Class A,2025-09-02T20:02:00Z,2.463888888888889,NA,NA,WF,0,2025,NA,NA,FALSE,TRUE
2025-OR771S-000060,0.01,Class A,NA,NA,NA,NA,WF,0,2025,NA,NA,FALSE,TRUE
2025-ORDEF-000879,0.1,Class A,2025-08-25T17:22:00Z,14.454444444444444,NA,NA,WF,0,2025,NA,NA,FALSE,TRUE
2025-ORCGF-001116,0,Class A,2025-09-05T23:13:00Z,67.06666666666666,NA,NA,WF,0,2025,NA,NA,FALSE,TRUE
2025-OR981S-250591,0.1,Class A,2025-09-11T19:06:00Z,196.83777777777777,NA,NA,WF,0,2025,NA,NA,FALSE,TRUE
2025-ORMHF-001119,0.25,Class A,2025-09-12T19:00:00Z,220.26583333333335,NA,NA,WF,0,2025,NA,NA,FALSE,TRUE
2025-OR981S-250594,0.1,Class A,2025-09-09T18:37:00Z,147.48333333333332,NA,NA,WF,0,2025,NA,NA,FALSE,TRUE
2025-ORRSF-000383,0.9,Class B,2025-09-11T17:20:00Z,195.56666666666663,NA,NA,WF,0,2025,NA,NA,FALSE,TRUE
2025-OR981S-250595,0.5,Class B,2025-09-09T21:21:00Z,149.76111111111112,NA,NA,WF,0,2025,NA,NA,FALSE,TRUE
2025-ORFWF-250597,0.1,Class A,2025-09-06T16:00:00Z,70.71666666666667,NA,NA,WF,0,2025,NA,NA,FALSE,TRUE
2025-OR981S-250598,0.5,Class B,2025-09-10T18:17:00Z,168.9438888888889,NA,NA,WF,0,2025,NA,NA,FALSE,TRUE
2025-ORDEF-000947,0.1,Class A,2025-09-04T23:06:00Z,24.941666666666663,NA,NA,WF,0,2025,NA,NA,FALSE,TRUE
2025-OR981S-250600,0.1,Class A,2025-09-15T19:01:00Z,286.84527777777777,NA,NA,WF,0,2025,NA,NA,FALSE,TRUE
2025-OR771S-000061,0.75,Class B,NA,NA,NA,NA,WF,0,2025,NA,NA,FALSE,TRUE
2025-ORRSF-000360,0.1,Class A,2025-09-01T23:33:00Z,121.085,NA,NA,WF,0,2025,NA,NA,FALSE,TRUE
2025-ORPRD-000950,1,Class B,NA,NA,NA,NA,WF,0,2025,NA,NA,FALSE,TRUE
2025-ORWIF-250362,0.1,Class A,2025-09-08T16:26:00Z,113.63805555555555,NA,NA,WF,0,2025,NA,NA,FALSE,TRUE
2025-ORWIF-250363,0.35,Class B,2025-09-08T18:55:00Z,115.58333333333331,NA,NA,WF,0,2025,NA,NA,FALSE,TRUE
2025-ORWIF-250359,0.5,Class B,2025-09-07T19:55:00Z,93.79777777777778,NA,NA,WF,0,2025,NA,NA,FALSE,TRUE
2025-OR981S-250596,0.1,Class A,2025-09-13T19:00:00Z,241.745,NA,NA,WF,0,2025,NA,NA,FALSE,TRUE
2025-ORMED-712303,0.3,Class B,NA,NA,NA,NA,WF,0,2025,NA,NA,FALSE,TRUE
2025-ORWIF-250375,0.16,Class A,2025-09-08T18:16:00Z,99.12416666666668,NA,NA,WF,0,2025,NA,NA,FALSE,TRUE
2025-ORLAD-250602,0.1,Class A,2025-09-05T19:35:00Z,40.74666666666667,NA,NA,WF,0,2025,NA,NA,FALSE,TRUE
2025-ORWIF-250378,0.1,Class A,2025-09-06T14:23:00Z,45.15,NA,NA,WF,0,2025,NA,NA,FALSE,TRUE
2025-ORUPF-250378,0.1,Class A,2025-09-01T21:51:00Z,0.05305555555555556,NA,NA,WF,0,2025,NA,NA,FALSE,TRUE
2025-ORUPF-250376,0.1,Class A,2025-09-01T16:44:00Z,0.3383333333333333,NA,NA,WF,0,2025,NA,NA,FALSE,TRUE
2025-ORWIF-250380,0.1,Class A,2025-09-05T22:34:00Z,28.396944444444443,NA,NA,WF,0,2025,NA,NA,FALSE,TRUE
2025-ORRSF-000398,0.1,Class A,2025-09-06T23:10:00Z,54.36666666666667,NA,NA,WF,0,2025,NA,NA,FALSE,TRUE
2025-ORWIF-250382,0.1,Class A,2025-09-08T19:43:00Z,95.58805555555556,NA,NA,WF,0,2025,NA,NA,FALSE,TRUE
2025-ORRSF-000394,0.25,Class A,2025-09-06T16:36:00Z,63.36666666666667,NA,NA,WF,0,2025,NA,NA,FALSE,TRUE
2025-OR981S-250606,0.1,Class A,2025-09-04T22:57:00Z,1.6647222222222222,NA,NA,WF,0,2025,NA,NA,FALSE,TRUE
2025-ORRSF-000396,0.1,Class A,2025-09-06T21:50:00Z,68.4875,NA,NA,WF,0,2025,NA,NA,FALSE,TRUE
2025-OR952S-025247,0.18,Class A,2025-09-06T21:43:00Z,49.33027777777778,NA,NA,WF,0,2025,NA,NA,FALSE,TRUE
2025-ORRSF-000395,0.1,Class A,2025-09-06T19:46:00Z,66.48,NA,NA,WF,0,2025,NA,NA,FALSE,TRUE
2025-ORPRD-000958,0.5,Class B,2025-09-09T20:13:00Z,117.11666666666666,NA,NA,WF,0,2025,NA,NA,FALSE,TRUE
2025-OROCF-000960,0.1,Class A,2025-09-10T21:52:00Z,141.28333333333333,NA,NA,WF,0,2025,NA,NA,FALSE,TRUE
2025-ORPRD-000965,0.1,Class A,NA,NA,NA,NA,WF,0,2025,NA,NA,FALSE,TRUE
2025-OROCF-000961,0.1,Class A,2025-09-09T23:02:00Z,118.43333333333334,NA,NA,WF,0,2025,NA,NA,FALSE,TRUE
2025-OROCF-000968,0.1,Class A,2025-09-06T22:04:00Z,43.41833333333334,NA,NA,WF,0,2025,NA,NA,FALSE,TRUE
2025-ORPRD-000966,0.25,Class A,2025-09-08T23:31:00Z,93.55,NA,NA,WF,0,2025,NA,NA,FALSE,TRUE
2025-ORUPF-250385,0.1,Class A,2025-09-13T19:46:00Z,196.55805555555557,NA,NA,WF,0,2025,NA,NA,FALSE,TRUE
2025-ORPRD-000974,0.1,Class A,2025-09-07T21:06:00Z,52.81388888888889,NA,NA,WF,0,2025,NA,NA,FALSE,TRUE
2025-OROCF-000977,0.1,Class A,2025-09-06T18:12:00Z,24.768055555555556,NA,NA,WF,0,2025,NA,NA,FALSE,TRUE
2025-OR981S-250609,0.1,Class A,2025-09-09T18:48:00Z,94.59027777777776,NA,NA,WF,0,2025,NA,NA,FALSE,TRUE
2025-OROCF-000976,0.1,Class A,2025-09-12T19:58:00Z,170.58166666666668,NA,NA,WF,0,2025,NA,NA,FALSE,TRUE
2025-OR951S-000969,0.26,Class B,2025-09-16T20:53:00Z,281.3475,NA,NA,WF,0,2025,NA,NA,FALSE,TRUE
2025-OR951S-000979,0.1,Class A,2025-09-08T20:09:00Z,68.9563888888889,NA,NA,WF,0,2025,NA,NA,FALSE,TRUE
2025-ORPRD-000973,0.1,Class A,2025-09-09T18:51:00Z,98.68888888888888,NA,NA,WF,0,2025,NA,NA,FALSE,TRUE
2025-OROCF-000982,1.5,Class B,2025-09-09T22:49:43Z,92.4875,NA,NA,WF,0,2025,NA,NA,FALSE,TRUE
2025-OROCF-000983,0.1,Class A,2025-09-06T16:55:00Z,14.269444444444444,NA,NA,WF,0,2025,NA,NA,FALSE,TRUE
2025-ORLAD-250611,0.1,Class A,2025-09-14T21:35:00Z,208.58333333333337,NA,NA,WF,0,2025,NA,NA,FALSE,TRUE
2025-ORLAD-250613,0.1,Class A,2025-09-09T21:23:00Z,77.79916666666666,NA,NA,WF,0,2025,NA,NA,FALSE,TRUE
2025-ORWWF-000504,0.1,Class A,2025-09-13T21:50:00Z,176.1,NA,NA,WF,0,2025,NA,NA,FALSE,TRUE
2025-ORLAD-250615,0.1,Class A,NA,NA,NA,NA,WF,0,2025,NA,NA,FALSE,TRUE
2025-OR520S-521034,2,Class B,NA,NA,NA,NA,WF,0,2025,NA,NA,FALSE,TRUE
2025-ORWSA-000115,0.1,Class A,NA,NA,NA,NA,WF,0,2025,NA,NA,FALSE,TRUE
2025-ORPRD-000996,0.1,Class A,2025-09-08T23:25:00Z,55.56361111111111,NA,NA,WF,0,2025,NA,NA,FALSE,TRUE
2025-OROCF-000993,0.1,Class A,2025-09-09T22:14:00Z,80.5525,NA,NA,WF,0,2025,NA,NA,FALSE,TRUE
2025-ORFWF-250616,0.1,Class A,2025-09-10T20:35:00Z,99.715,NA,NA,WF,0,2025,NA,NA,FALSE,TRUE
2025-ORRSF-000402,0.1,Class A,2025-09-06T18:10:00Z,2.0705555555555555,NA,NA,WF,0,2025,NA,NA,FALSE,TRUE
2025-OROCF-000999,0.1,Class A,2025-09-08T15:15:00Z,44.485277777777775,NA,NA,WF,0,2025,NA,NA,FALSE,TRUE
2025-OROCF-000989,0.1,Class A,2025-09-09T20:29:00Z,88.21666666666667,NA,NA,WF,0,2025,NA,NA,FALSE,TRUE
2025-ORMAF-002682,0.2,Class A,2025-09-10T20:15:00Z,97.05833333333334,NA,NA,WF,0,2025,NA,NA,FALSE,TRUE
2025-ORWWF-000505,0.13,Class A,2025-09-13T21:53:00Z,169.15,NA,NA,WF,0,2025,NA,NA,FALSE,TRUE
2025-ORPRD-001000,0.1,Class A,2025-09-09T00:24:00Z,53.29194444444445,NA,NA,WF,0,2025,NA,NA,FALSE,TRUE
2025-ORUPF-250390,0.1,Class A,2025-09-13T17:30:00Z,161.9597222222222,NA,NA,WF,0,2025,NA,NA,FALSE,TRUE
2025-ORPRD-001004,0.1,Class A,2025-09-10T22:03:00Z,94.26666666666668,NA,NA,WF,0,2025,NA,NA,FALSE,TRUE
2025-ORCLP-250619,0.1,Class A,2025-09-08T18:35:00Z,41.448055555555555,NA,NA,WF,0,2025,NA,NA,FALSE,TRUE
2025-ORWSA-000117,3,Class B,2025-09-18T18:58:00Z,282.8,NA,NA,WF,0,2025,NA,NA,FALSE,TRUE
2025-OROCF-001005,0.05,Class A,2025-09-10T22:52:00Z,94.73833333333332,NA,NA,WF,0,2025,NA,NA,FALSE,TRUE
2025-ORWIF-250388,0.8,Class B,2025-09-11T17:45:00Z,113.37722222222222,NA,NA,WF,0,2025,NA,NA,FALSE,TRUE
2025-ORWSA-000122,0.1,Class A,NA,NA,NA,NA,WF,0,2025,NA,NA,FALSE,TRUE
2025-OR711S-033326,0.02,Class A,NA,NA,NA,NA,WF,0,2025,NA,NA,FALSE,TRUE
2025-ORRSF-000404,0.74,Class B,2025-09-17T21:00:00Z,258.4125,NA,NA,WF,0,2025,NA,NA,FALSE,TRUE
2025-ORRSF-000409,0.1,Class A,2025-09-07T17:36:00Z,1.8430555555555552,NA,NA,WF,0,2025,NA,NA,FALSE,TRUE
2025-ORWSA-000121,0.1,Class A,2025-09-18T21:27:00Z,284.3,NA,NA,WF,0,2025,NA,NA,FALSE,TRUE
2025-ORRSF-000406,5.3,Class B,2025-09-24T20:00:00Z,413.8561111111111,NA,NA,WF,0,2025,NA,NA,FALSE,TRUE
2025-ORPRD-001009,5,Class B,NA,NA,NA,NA,WF,0,2025,NA,NA,FALSE,TRUE
2025-OROCF-001014,0.1,Class A,2025-09-10T21:31:00Z,76.51277777777777,NA,NA,WF,0,2025,NA,NA,FALSE,TRUE
2025-ORUPF-250398,0.1,Class A,2025-09-14T22:45:00Z,173.0075,NA,NA,WF,0,2025,NA,NA,FALSE,TRUE
2025-ORUPF-250397,0.53,Class B,2025-09-14T16:37:00Z,167.00194444444443,NA,NA,WF,0,2025,NA,NA,FALSE,TRUE
2025-ORRSF-000411,0.1,Class A,2025-09-12T22:54:00Z,125.7286111111111,NA,NA,WF,0,2025,NA,NA,FALSE,TRUE
2025-ORMED-032826,0.05,Class A,NA,NA,NA,NA,WF,0,2025,NA,NA,FALSE,TRUE
2025-ORCLP-250622,0.1,Class A,2025-09-08T19:01:00Z,26.78527777777778,NA,NA,WF,0,2025,NA,NA,FALSE,TRUE
2025-ORCLP-250623,0.1,Class A,2025-09-09T20:15:00Z,51.44694444444445,NA,NA,WF,0,2025,NA,NA,FALSE,TRUE
2025-OR951S-001015,0.1,Class A,2025-09-15T19:24:00Z,192.24972222222223,NA,NA,WF,0,2025,NA,NA,FALSE,TRUE
2025-ORUPF-250392,0.1,Class A,2025-09-15T19:38:00Z,194.46527777777777,NA,NA,WF,0,2025,NA,NA,FALSE,TRUE
2025-OR711S-033826,0.1,Class A,NA,NA,NA,NA,WF,0,2025,NA,NA,FALSE,TRUE
2025-ORMAF-025254,0.1,Class A,2025-09-20T21:30:00Z,316.95416666666665,NA,NA,WF,0,2025,NA,NA,FALSE,TRUE
2025-ORWIF-250389,0.2,Class A,2025-09-16T20:24:00Z,233.7225,NA,NA,WF,0,2025,NA,NA,FALSE,TRUE
2025-ORRSF-000407,0.5,Class B,2025-09-10T16:10:00Z,73.65944444444445,NA,NA,WF,0,2025,NA,NA,FALSE,TRUE
2025-ORRSF-000412,0.25,Class A,2025-09-09T23:15:00Z,53.47444444444445,NA,NA,WF,0,2025,NA,NA,FALSE,TRUE
2025-ORRSF-000414,0.1,Class A,2025-09-10T19:49:00Z,73.35222222222222,NA,NA,WF,0,2025,NA,NA,FALSE,TRUE
2025-ORFWF-250624,0.1,Class A,2025-09-10T20:55:00Z,72.73,NA,NA,WF,0,2025,NA,NA,FALSE,TRUE
2025-ORMED-034526,0.09,Class A,NA,NA,NA,NA,WF,0,2025,NA,NA,FALSE,TRUE
2025-ORUPF-250400,0.25,Class A,2025-09-13T19:14:00Z,143.7072222222222,NA,NA,WF,0,2025,NA,NA,FALSE,TRUE
2025-ORUPF-250394,0.25,Class A,2025-09-15T18:05:00Z,192.9,NA,NA,WF,0,2025,NA,NA,FALSE,TRUE
2025-ORUPF-250403,0.1,Class A,2025-09-10T18:06:00Z,69.46,NA,NA,WF,0,2025,NA,NA,FALSE,TRUE
2025-ORUPF-250404,0.25,Class A,2025-09-15T17:18:00Z,188.13333333333333,NA,NA,WF,0,2025,NA,NA,FALSE,TRUE
2025-ORUPF-250393,0.1,Class A,2025-09-09T15:12:00Z,46.01805555555555,NA,NA,WF,0,2025,NA,NA,FALSE,TRUE
2025-ORUPF-250395,0.1,Class A,2025-09-15T17:11:00Z,191.99,NA,NA,WF,0,2025,NA,NA,FALSE,TRUE
2025-OR951S-001007,0.1,Class A,2025-09-10T20:41:00Z,90.65555555555557,NA,NA,WF,0,2025,NA,NA,FALSE,TRUE
2025-ORPRD-000997,0.1,Class A,2025-09-08T23:32:00Z,54.516666666666666,NA,NA,WF,0,2025,NA,NA,FALSE,TRUE
2025-ORRSF-000417,0.1,Class A,2025-09-08T01:03:00Z,0.03888888888888889,NA,NA,WF,0,2025,NA,NA,FALSE,TRUE
2025-ORUPF-250406,0.2,Class A,2025-09-13T19:14:00Z,141.26555555555555,NA,NA,WF,0,2025,NA,NA,FALSE,TRUE
2025-OROCF-000988,0.1,Class A,2025-09-10T00:37:00Z,92.58555555555556,NA,NA,WF,0,2025,NA,NA,FALSE,TRUE
2025-OR981S-250627,5,Class B,NA,NA,NA,NA,WF,0,2025,NA,NA,FALSE,TRUE
2025-ORFWF-250625,0.02,Class A,2025-09-14T19:10:00Z,163.79638888888888,NA,NA,WF,0,2025,NA,NA,FALSE,TRUE
2025-ORCLP-250628,0.1,Class A,2025-09-20T23:30:00Z,295.51416666666665,NA,NA,WF,0,2025,NA,NA,FALSE,TRUE
2025-ORMHF-001150,0.1,Class A,2025-09-15T22:10:00Z,197.05555555555551,NA,NA,WF,0,2025,NA,NA,FALSE,TRUE
2025-ORWWF-000510,0.25,Class A,2025-09-09T20:08:00Z,41.68333333333333,NA,NA,WF,0,2025,NA,NA,FALSE,TRUE
2025-OROCF-001023,0.1,Class A,2025-09-12T20:17:00Z,102.08333333333331,NA,NA,WF,0,2025,NA,NA,FALSE,TRUE
2025-OR711S-034026,0.05,Class A,NA,NA,NA,NA,WF,0,2025,NA,NA,FALSE,TRUE
2025-ORPRD-001025,0.1,Class A,2025-09-12T18:08:00Z,96.98333333333332,NA,NA,WF,0,2025,NA,NA,FALSE,TRUE
2025-ORWWF-000513,0.1,Class A,2025-09-09T21:43:00Z,27.970555555555556,NA,NA,WF,0,2025,NA,NA,FALSE,TRUE
2025-OR771S-000062,0,Class A,NA,NA,NA,NA,WF,0,2025,NA,NA,FALSE,TRUE
2025-ORMHF-001161,0.1,Class A,2025-09-10T19:29:00Z,50.51888888888889,NA,NA,WF,0,2025,NA,NA,FALSE,TRUE
2025-OR951S-001026,0.25,Class A,2025-09-25T19:36:00Z,409.3666666666667,NA,NA,WF,0,2025,NA,NA,FALSE,TRUE
2025-ORWIF-250395,0.25,Class A,2025-09-15T18:21:00Z,168.64305555555555,NA,NA,WF,0,2025,NA,NA,FALSE,TRUE
2025-OR954S-001164,2.44,Class B,2025-09-22T19:40:00Z,335.79305555555555,NA,NA,WF,0,2025,NA,NA,FALSE,TRUE
2025-OR781S-000139,0.23,Class A,NA,NA,NA,NA,WF,0,2025,NA,NA,FALSE,TRUE
2025-ORFWF-250626,0.1,Class A,2025-09-09T19:50:00Z,44.155,NA,NA,WF,0,2025,NA,NA,FALSE,TRUE
2025-ORWWF-000514,0.1,Class A,2025-09-10T16:58:00Z,46.35,NA,NA,WF,0,2025,NA,NA,FALSE,TRUE
2025-ORWWF-000516,0.1,Class A,2025-09-09T17:35:00Z,20.683333333333337,NA,NA,WF,0,2025,NA,NA,FALSE,TRUE
2025-ORPRD-001027,0.1,Class A,2025-09-10T00:33:00Z,27.02888888888889,NA,NA,WF,0,2025,NA,NA,FALSE,TRUE
2025-OR781S-000140,0,Class A,NA,NA,NA,NA,WF,0,2025,NA,NA,FALSE,TRUE
2025-ORMHF-001166,0.1,Class A,2025-09-10T14:58:00Z,39.483333333333334,NA,NA,WF,0,2025,NA,NA,FALSE,TRUE
2025-OR955S-001033,0.1,Class A,2025-09-10T14:50:00Z,38.25611111111111,NA,NA,WF,0,2025,NA,NA,FALSE,TRUE
2025-OR955S-001041,0.1,Class A,2025-09-12T19:12:00Z,89.55722222222222,NA,NA,WF,0,2025,NA,NA,FALSE,TRUE
2025-OR955S-001035,0.2,Class A,2025-09-15T22:37:00Z,165.6797222222222,NA,NA,WF,0,2025,NA,NA,FALSE,TRUE
2025-OR955S-001042,0.1,Class A,2025-09-14T21:34:00Z,139.64527777777778,NA,NA,WF,0,2025,NA,NA,FALSE,TRUE
2025-ORDEF-001039,0.1,Class A,2025-09-12T22:30:00Z,93.27472222222222,NA,NA,WF,0,2025,NA,NA,FALSE,TRUE
2025-WAMCR-000846,454.16,Class E,NA,NA,NA,NA,WF,0,2025,NA,NA,FALSE,TRUE
2025-ORUMA-000529,0.17,Class A,2025-09-30T21:49:00Z,521.5652777777777,NA,NA,WF,0,2025,NA,NA,FALSE,TRUE
2025-ORWSA-000128,0.1,Class A,2025-09-13T21:12:00Z,102.68222222222222,NA,NA,WF,0,2025,NA,NA,FALSE,TRUE
2025-ORWIF-250405,0.1,Class A,2025-09-16T17:24:00Z,182.01222222222225,NA,NA,WF,0,2025,NA,NA,FALSE,TRUE
2025-OR955S-001044,0.1,Class A,2025-09-16T00:25:00Z,154.335,NA,NA,WF,0,2025,NA,NA,FALSE,TRUE
2025-ORMHF-001167,0.1,Class A,2025-09-14T18:21:00Z,123.64583333333331,NA,NA,WF,0,2025,NA,NA,FALSE,TRUE
2025-ORPRD-001046,0.1,Class A,2025-09-12T23:50:00Z,80.32694444444445,NA,NA,WF,0,2025,NA,NA,FALSE,TRUE
2025-ORDEF-001047,0.1,Class A,2025-09-12T23:25:00Z,78.71111111111111,NA,NA,WF,0,2025,NA,NA,FALSE,TRUE
2025-ORWWF-000522,0.1,Class A,2025-09-10T23:08:00Z,46.916666666666664,NA,NA,WF,0,2025,NA,NA,FALSE,TRUE
2025-ORCLP-250631,0.1,Class A,2025-09-30T21:40:00Z,527.8491666666666,NA,NA,WF,0,2025,NA,NA,FALSE,TRUE
2025-OR956S-025259,0.1,Class A,2025-09-13T17:38:00Z,94.895,NA,NA,WF,0,2025,NA,NA,FALSE,TRUE
2025-OR956S-025258,12.28,Class C,2025-09-15T23:50:00Z,149.18333333333334,NA,NA,WF,0,2025,NA,NA,FALSE,TRUE
2025-ORWSA-000125,0.1,Class A,2025-09-14T00:48:00Z,118.73333333333332,NA,NA,WF,0,2025,NA,NA,FALSE,TRUE
2025-ORWIF-250406,0.1,Class A,2025-09-13T18:21:00Z,96.85888888888888,NA,NA,WF,0,2025,NA,NA,FALSE,TRUE
2025-ORWSA-000129,0.5,Class B,2025-09-13T19:16:00Z,98.11277777777778,NA,NA,WF,0,2025,NA,NA,FALSE,TRUE
2025-ORCLP-250632,0.1,Class A,2025-09-30T21:40:00Z,505.8977777777778,NA,NA,WF,0,2025,NA,NA,FALSE,TRUE
2025-ORWSA-000130,0.1,Class A,2025-09-12T22:52:00Z,76.40583333333333,NA,NA,WF,0,2025,NA,NA,FALSE,TRUE
2025-ORUPF-250414,0.1,Class A,2025-09-12T20:09:00Z,90.25,NA,NA,WF,0,2025,NA,NA,FALSE,TRUE
2025-ORUPF-250413,0.1,Class A,2025-09-12T22:02:00Z,92.58472222222224,NA,NA,WF,0,2025,NA,NA,FALSE,TRUE
2025-ORWIF-250407,0.1,Class A,2025-09-13T18:53:00Z,97.31916666666666,NA,NA,WF,0,2025,NA,NA,FALSE,TRUE
2025-ORRSF-000418,0.1,Class A,2025-10-02T21:03:00Z,576.6063888888889,NA,NA,WF,0,2025,NA,NA,FALSE,TRUE
2025-ORWSA-000131,0.1,Class A,2025-09-17T18:07:00Z,191.36666666666667,NA,NA,WF,0,2025,NA,NA,FALSE,TRUE
2025-ORUPF-250415,0.1,Class A,2025-09-14T19:55:00Z,118.58333333333331,NA,NA,WF,0,2025,NA,NA,FALSE,TRUE
2025-OR981S-250633,0.1,Class A,2025-09-20T17:38:00Z,259.6333333333333,NA,NA,WF,0,2025,NA,NA,FALSE,TRUE
2025-OR953S-001052,0.76,Class B,2025-09-14T18:35:00Z,115.90777777777778,NA,NA,WF,0,2025,NA,NA,FALSE,TRUE
2025-ORPRD-001053,131.41,Class D,2025-09-20T22:08:00Z,262.73333333333335,NA,NA,WF,0,2025,NA,NA,FALSE,TRUE
2025-ORPRD-001055,15.42,Class C,2025-09-18T23:21:00Z,215.4,NA,NA,WF,0,2025,NA,NA,FALSE,TRUE
2025-ORUPF-250417,0.1,Class A,2025-09-15T19:30:00Z,139.0938888888889,NA,NA,WF,0,2025,NA,NA,FALSE,TRUE
2025-ORMED-035726,0.03,Class A,NA,NA,NA,NA,WF,0,2025,NA,NA,FALSE,TRUE
2025-ORWIF-250400,0.5,Class B,2025-09-12T19:49:00Z,91.06916666666666,NA,NA,WF,0,2025,NA,NA,FALSE,TRUE
2025-OR953S-001054,0.1,Class A,2025-09-13T20:25:00Z,92.46527777777776,NA,NA,WF,0,2025,NA,NA,FALSE,TRUE
2025-OR973S-000535,0.25,Class A,2025-09-19T19:09:00Z,235.81666666666663,NA,NA,WF,0,2025,NA,NA,FALSE,TRUE
2025-ORWIF-250411,1,Class B,NA,NA,NA,NA,WF,0,2025,NA,NA,FALSE,TRUE
2025-ORPRD-001050,0.1,Class A,2025-09-11T20:55:00Z,51.289722222222224,NA,NA,WF,0,2025,NA,NA,FALSE,TRUE
2025-ORDEF-001032,0.1,Class A,2025-09-10T20:50:00Z,44.30305555555555,NA,NA,WF,0,2025,NA,NA,FALSE,TRUE
2025-ORDEF-001038,0.1,Class A,2025-09-10T20:33:00Z,43.40222222222222,NA,NA,WF,0,2025,NA,NA,FALSE,TRUE
2025-ORUPF-250416,0.1,Class A,2025-09-14T22:50:00Z,119.71666666666668,NA,NA,WF,0,2025,NA,NA,FALSE,TRUE
2025-ORFWF-250634,0.25,Class A,2025-09-16T18:58:00Z,141.57111111111112,NA,NA,WF,0,2025,NA,NA,FALSE,TRUE
2025-ORMHF-001186,0.3,Class B,2025-09-18T21:57:00Z,194.86666666666667,NA,NA,WF,0,2025,NA,NA,FALSE,TRUE
2025-ORWIF-250413,0.5,Class B,2025-09-16T23:44:00Z,146.11666666666667,NA,NA,WF,0,2025,NA,NA,FALSE,TRUE
2025-ORWIF-250409,0.25,Class A,2025-09-18T17:22:00Z,213.25833333333333,NA,NA,WF,0,2025,NA,NA,FALSE,TRUE
2025-OR952S-025262,0.1,Class A,2025-09-19T22:37:00Z,215.09777777777776,NA,NA,WF,0,2025,NA,NA,FALSE,TRUE
2025-OROCF-001063,0.1,Class A,2025-09-17T21:53:00Z,164.9525,NA,NA,WF,0,2025,NA,NA,FALSE,TRUE
2025-ORMHF-001190,0.36,Class B,2025-09-27T20:57:00Z,407.4,NA,NA,WF,0,2025,NA,NA,FALSE,TRUE
2025-OR972S-250282,0.1,Class A,2025-09-16T22:00:00Z,140.4813888888889,NA,NA,WF,0,2025,NA,NA,FALSE,TRUE
2025-ORWWF-000547,0.1,Class A,2025-09-23T20:20:00Z,292.1166666666667,NA,NA,WF,0,2025,NA,NA,FALSE,TRUE
2025-ORUMF-025270,0.1,Class A,2025-09-12T20:30:00Z,26.699166666666667,NA,NA,WF,0,2025,NA,NA,FALSE,TRUE
2025-ORWWF-000541,0.1,Class A,2025-09-15T20:00:00Z,101.25083333333332,NA,NA,WF,0,2025,NA,NA,FALSE,TRUE
2025-ORWWF-000550,0.1,Class A,2025-09-12T23:10:00Z,28.816666666666663,NA,NA,WF,0,2025,NA,NA,FALSE,TRUE
2025-ORMAF-025269,0.1,Class A,2025-09-12T19:57:00Z,26.82888888888889,NA,NA,WF,0,2025,NA,NA,FALSE,TRUE
2025-OR953S-001064,0.1,Class A,2025-09-13T22:50:00Z,49.81527777777778,NA,NA,WF,0,2025,NA,NA,FALSE,TRUE
2025-OROCF-001065,0.1,Class A,2025-09-21T20:46:00Z,238.68833333333333,NA,NA,WF,0,2025,NA,NA,FALSE,TRUE
2025-ORWWF-000552,0.1,Class A,NA,NA,NA,NA,WF,0,2025,NA,NA,FALSE,TRUE
2025-ORWWF-000558,0.1,Class A,2025-09-14T00:39:00Z,49.516666666666666,NA,NA,WF,0,2025,NA,NA,FALSE,TRUE
2025-OR954S-001199,0.24,Class A,2025-09-16T22:56:00Z,121.32944444444443,NA,NA,WF,0,2025,NA,NA,FALSE,TRUE
2025-ORUMF-000562,0.1,Class A,2025-09-12T23:16:00Z,20.69388888888889,NA,NA,WF,0,2025,NA,NA,FALSE,TRUE
2025-ORVAD-000561,0.25,Class A,2025-09-14T21:01:00Z,68.26666666666667,NA,NA,WF,0,2025,NA,NA,FALSE,TRUE
2025-ORVAD-250284,6.39,Class B,2025-10-01T15:30:00Z,467.7,NA,NA,WF,0,2025,NA,NA,FALSE,TRUE
2025-ORUPF-250426,0.1,Class A,2025-09-13T16:28:00Z,44.25361111111111,NA,NA,WF,0,2025,NA,NA,FALSE,TRUE
2025-ORMHF-001160,0.1,Class A,2025-09-12T22:49:00Z,101.93972222222222,NA,NA,WF,0,2025,NA,NA,FALSE,TRUE
2025-OR972S-000569,0.1,Class A,NA,NA,NA,NA,WF,0,2025,NA,NA,FALSE,TRUE
2025-ORUMF-025274,0.1,Class A,2025-09-12T18:35:00Z,21.95,NA,NA,WF,0,2025,NA,NA,FALSE,TRUE
2025-ORMAF-025271,0.1,Class A,2025-09-13T20:21:00Z,50.388888888888886,NA,NA,WF,0,2025,NA,NA,FALSE,TRUE
2025-OR956S-025273,0.1,Class A,2025-09-13T18:38:00Z,47.53333333333333,NA,NA,WF,0,2025,NA,NA,FALSE,TRUE
2025-ORMAF-025267,0.1,Class A,2025-09-13T22:44:00Z,54.18333333333333,NA,NA,WF,0,2025,NA,NA,FALSE,TRUE
2025-ORMAF-025263,0.1,Class A,2025-09-18T21:30:00Z,189.4752777777778,NA,NA,WF,0,2025,NA,NA,FALSE,TRUE
2025-ORMAF-025255,0.1,Class A,2025-09-18T21:31:00Z,237.8502777777778,NA,NA,WF,0,2025,NA,NA,FALSE,TRUE
2025-OR956S-025244,0.1,Class A,2025-09-03T23:42:00Z,1.3808333333333334,NA,NA,WF,0,2025,NA,NA,FALSE,TRUE
2025-ORWWF-000574,0.1,Class A,2025-09-15T20:16:00Z,53.64611111111111,NA,NA,WF,0,2025,NA,NA,FALSE,TRUE
2025-ORUMF-000576,0.1,Class A,2025-09-15T19:36:00Z,49.64083333333333,NA,NA,WF,0,2025,NA,NA,FALSE,TRUE
2025-OR953S-001069,0.25,Class A,2025-09-15T18:25:00Z,45.157222222222224,NA,NA,WF,0,2025,NA,NA,FALSE,TRUE
2025-OR973S-000575,0.1,Class A,2025-09-20T20:16:00Z,172.9,NA,NA,WF,0,2025,NA,NA,FALSE,TRUE
2025-ORWIF-250412,0.1,Class A,2025-09-16T20:47:00Z,167.88722222222222,NA,NA,WF,0,2025,NA,NA,FALSE,TRUE
2025-ORWWF-000578,0.1,Class A,2025-09-15T15:55:00Z,38.583333333333336,NA,NA,WF,0,2025,NA,NA,FALSE,TRUE
2025-OROCF-001070,0.7,Class B,2025-09-23T21:28:00Z,235.90333333333336,NA,NA,WF,0,2025,NA,NA,FALSE,TRUE
2025-OR972S-000581,0.1,Class A,2025-09-19T19:04:00Z,125.2311111111111,NA,NA,WF,0,2025,NA,NA,FALSE,TRUE
2025-OR954S-001210,0.5,Class B,2025-09-17T20:05:00Z,96.05055555555556,NA,NA,WF,0,2025,NA,NA,FALSE,TRUE
2025-ORDEF-001075,0.1,Class A,2025-09-14T21:14:00Z,2.1,NA,NA,WF,0,2025,NA,NA,FALSE,TRUE
2025-ORPRD-001074,0.1,Class A,2025-09-16T18:15:00Z,48.53666666666667,NA,NA,WF,0,2025,NA,NA,FALSE,TRUE
2025-ORMAF-002692,0.1,Class A,2025-09-15T20:19:00Z,23.666666666666668,NA,NA,WF,0,2025,NA,NA,FALSE,TRUE
2025-ORWWF-000582,0.1,Class A,2025-09-17T19:30:00Z,68,NA,NA,WF,0,2025,NA,NA,FALSE,TRUE
2025-ORDEF-001078,0.1,Class A,2025-09-15T19:04:00Z,2.8072222222222223,NA,NA,WF,0,2025,NA,NA,FALSE,TRUE
2025-OR981S-250640,0.1,Class A,2025-09-21T19:36:00Z,144.53333333333333,NA,NA,WF,0,2025,NA,NA,FALSE,TRUE
2025-ORUMF-000583,0.1,Class A,2025-09-17T17:00:00Z,61.88333333333333,NA,NA,WF,0,2025,NA,NA,FALSE,TRUE
2025-ORMAF-025281,0.1,Class A,2025-09-16T22:15:00Z,26.676944444444445,NA,NA,WF,0,2025,NA,NA,FALSE,TRUE
2025-OR981S-250641,1.12,Class B,2025-09-24T18:47:00Z,214.3,NA,NA,WF,0,2025,NA,NA,FALSE,TRUE
2025-ORPRD-001072,0.1,Class A,2025-09-15T20:24:00Z,29.584722222222226,NA,NA,WF,0,2025,NA,NA,FALSE,TRUE
2025-ORWIF-250424,0.1,Class A,2025-09-22T21:12:00Z,170.95166666666665,NA,NA,WF,0,2025,NA,NA,FALSE,TRUE
2025-OR982S-250642,0.12,Class A,2025-09-21T20:19:00Z,140.44444444444446,NA,NA,WF,0,2025,NA,NA,FALSE,TRUE
2025-OR582S-000027,0,Class A,NA,NA,NA,NA,WF,0,2025,NA,NA,FALSE,TRUE
2025-ORRSF-000423,0.1,Class A,2025-09-25T18:10:00Z,215.6266666666667,NA,NA,WF,0,2025,NA,NA,FALSE,TRUE
2025-ORFWF-250646,2.8,Class B,2025-09-24T22:35:00Z,181.04166666666663,NA,NA,WF,0,2025,NA,NA,FALSE,TRUE
2025-OR982S-250648,0.25,Class A,2025-09-24T18:02:00Z,166.28694444444446,NA,NA,WF,0,2025,NA,NA,FALSE,TRUE
2025-OR781S-000156,0.01,Class A,NA,NA,NA,NA,WF,0,2025,NA,NA,FALSE,TRUE
2025-ORFWF-250651,0.1,Class A,2025-09-23T18:38:00Z,136.1761111111111,NA,NA,WF,0,2025,NA,NA,FALSE,TRUE
2025-ORFWF-250650,0.1,Class A,2025-09-23T21:30:00Z,139.86666666666667,NA,NA,WF,0,2025,NA,NA,FALSE,TRUE
2025-ORFWF-250652,0.1,Class A,2025-09-23T18:38:00Z,134.8177777777778,NA,NA,WF,0,2025,NA,NA,FALSE,TRUE
2025-ORCGF-001242,0.18,Class A,2025-09-26T19:00:00Z,211.05,NA,NA,WF,0,2025,NA,NA,FALSE,TRUE
2025-ORDEF-001083,0.1,Class A,2025-09-19T21:04:00Z,27.30388888888889,NA,NA,WF,0,2025,NA,NA,FALSE,TRUE
2025-OR981S-250653,0.1,Class A,2025-09-23T21:39:00Z,123.48638888888888,NA,NA,WF,0,2025,NA,NA,FALSE,TRUE
2025-ORWWF-000590,0.1,Class A,2025-09-21T21:36:00Z,92.68333333333334,NA,NA,WF,0,2025,NA,NA,FALSE,TRUE
2025-ORMHF-001252,0.1,Class A,2025-09-23T21:08:00Z,120.52583333333334,NA,NA,WF,0,2025,NA,NA,FALSE,TRUE
2025-ORWWF-000591,0.1,Class A,2025-09-20T21:00:00Z,26.933333333333337,NA,NA,WF,0,2025,NA,NA,FALSE,TRUE
2025-OR981S-250655,0.1,Class A,2025-09-23T19:44:00Z,93.69222222222224,NA,NA,WF,0,2025,NA,NA,FALSE,TRUE
2025-OR953S-001085,0.25,Class A,2025-09-20T00:31:00Z,1.3736111111111111,NA,NA,WF,0,2025,NA,NA,FALSE,TRUE
2025-ORFWF-250656,0.12,Class A,2025-09-24T20:30:00Z,117.77972222222222,NA,NA,WF,0,2025,NA,NA,FALSE,TRUE
2025-ORWSA-000134,0.4,Class B,2025-09-24T18:29:00Z,109.4,NA,NA,WF,0,2025,NA,NA,FALSE,TRUE
2025-ORWIF-250440,0.1,Class A,2025-09-22T22:55:00Z,54.30305555555555,NA,NA,WF,0,2025,NA,NA,FALSE,TRUE
2025-ORDEF-001086,0.25,Class A,2025-09-21T17:51:00Z,21.283333333333335,NA,NA,WF,0,2025,NA,NA,FALSE,TRUE
2025-ORWWF-000593,0.1,Class A,2025-09-22T22:19:00Z,48.79944444444445,NA,NA,WF,0,2025,NA,NA,FALSE,TRUE
2025-OR981S-250664,0.1,Class A,2025-09-25T18:27:00Z,94.44722222222222,NA,NA,WF,0,2025,NA,NA,FALSE,TRUE
2025-OR781S-000084,0,Class A,NA,NA,NA,NA,WF,0,2025,NA,NA,FALSE,TRUE
2025-OR982S-250665,0.1,Class A,2025-09-23T21:42:00Z,48.9875,NA,NA,WF,0,2025,NA,NA,FALSE,TRUE
2025-ORMHF-001270,0.1,Class A,2025-09-21T22:04:00Z,0.36722222222222223,NA,NA,WF,0,2025,NA,NA,FALSE,TRUE
2025-OR781S-000117,0,Class A,NA,NA,NA,NA,WF,0,2025,NA,NA,FALSE,TRUE
2025-OROCF-001088,0.1,Class A,2025-09-24T18:16:00Z,69.44527777777778,NA,NA,WF,0,2025,NA,NA,FALSE,TRUE
2025-ORWSA-000135,0.1,Class A,NA,NA,NA,NA,WF,0,2025,NA,NA,FALSE,TRUE
2025-OR771S-000068,0,Class A,NA,NA,NA,NA,WF,0,2025,NA,NA,FALSE,TRUE
2025-ORFWF-250668,0.1,Class A,2025-09-22T19:57:00Z,0.25916666666666666,NA,NA,WF,0,2025,NA,NA,FALSE,TRUE
2025-OR781S-000163,0.01,Class A,NA,NA,NA,NA,WF,0,2025,NA,NA,FALSE,TRUE
2025-ORWIF-250445,0.1,Class A,2025-09-24T23:31:00Z,30.64472222222222,NA,NA,WF,0,2025,NA,NA,FALSE,TRUE
2025-OR982S-250669,0.1,Class A,2025-09-25T20:05:00Z,49.65361111111111,NA,NA,WF,0,2025,NA,NA,FALSE,TRUE
2025-OR781S-000165,0.23,Class A,NA,NA,NA,NA,WF,0,2025,NA,NA,FALSE,TRUE
2025-OR781S-000166,0.02,Class A,NA,NA,NA,NA,WF,0,2025,NA,NA,FALSE,TRUE
2025-OR781S-000167,0.01,Class A,NA,NA,NA,NA,WF,0,2025,NA,NA,FALSE,TRUE
2025-OR581S-000070,0,Class A,NA,NA,NA,NA,WF,0,2025,NA,NA,FALSE,TRUE
2025-ORWWF-000597,0.1,Class A,2025-09-24T00:08:00Z,4.5625,NA,NA,WF,0,2025,NA,NA,FALSE,TRUE
2025-ORRSF-000428,0.1,Class A,2025-09-25T17:40:00Z,47.166666666666664,NA,NA,WF,0,2025,NA,NA,FALSE,TRUE
2025-ORDEF-001098,0.12,Class A,2025-09-26T22:31:00Z,49.03333333333333,NA,NA,WF,0,2025,NA,NA,FALSE,TRUE
2025-ORRSF-000421,0.1,Class A,2025-09-16T17:46:00Z,19.38,NA,NA,WF,0,2025,NA,NA,FALSE,TRUE
2025-OR981S-250672,0.17,Class A,2025-10-07T17:59:00Z,279,NA,NA,WF,0,2025,NA,NA,FALSE,TRUE
2025-ORDEF-001099,0.21,Class A,2025-09-30T19:20:00Z,100.69111111111113,NA,NA,WF,0,2025,NA,NA,FALSE,TRUE
2025-OR981S-250673,0.1,Class A,2025-10-08T17:30:00Z,288.75,NA,NA,WF,0,2025,NA,NA,FALSE,TRUE
2025-OR582S-000006,0,Class A,NA,NA,NA,NA,WF,0,2025,NA,NA,FALSE,TRUE
2025-ORWIF-250455,0.1,Class A,2025-10-02T21:00:00Z,144.55555555555554,NA,NA,WF,0,2025,NA,NA,FALSE,TRUE
2025-ORDEF-001100,0.1,Class A,2025-09-28T18:00:00Z,43.36666666666667,NA,NA,WF,0,2025,NA,NA,FALSE,TRUE
2025-OR711S-039226,0.1,Class A,NA,NA,NA,NA,WF,0,2025,NA,NA,FALSE,TRUE
2025-OR981S-250675,1.62,Class B,2025-10-05T20:59:00Z,189.07777777777775,NA,NA,WF,0,2025,NA,NA,FALSE,TRUE
2025-OR973S-000602,0.1,Class A,2025-10-02T18:20:00Z,114.65,NA,NA,WF,0,2025,NA,NA,FALSE,TRUE
2025-ORMHF-001297,0.1,Class A,2025-09-28T19:45:00Z,20.068055555555556,NA,NA,WF,0,2025,NA,NA,FALSE,TRUE
2025-ORLAD-250676,0.1,Class A,2025-09-30T20:50:00Z,66.18583333333333,NA,NA,WF,0,2025,NA,NA,FALSE,TRUE
2025-OR781S-000056,0,Class A,NA,NA,NA,NA,WF,0,2025,NA,NA,FALSE,TRUE
2025-OR781S-000128,0,Class A,NA,NA,NA,NA,WF,0,2025,NA,NA,FALSE,TRUE
2025-OR781S-000132,0,Class A,NA,NA,NA,NA,WF,0,2025,NA,NA,FALSE,TRUE
2025-OR781S-000138,0,Class A,NA,NA,NA,NA,WF,0,2025,NA,NA,FALSE,TRUE
2025-ORWWF-000603,0.1,Class A,NA,NA,NA,NA,WF,0,2025,NA,NA,FALSE,TRUE
2025-ORMHF-001304,0.1,Class A,2025-09-28T23:05:00Z,0.5975,NA,NA,WF,0,2025,NA,NA,FALSE,TRUE
2025-ORMHF-001303,0.1,Class A,2025-09-28T22:03:00Z,0.19833333333333333,NA,NA,WF,0,2025,NA,NA,FALSE,TRUE
2025-ORCLP-250678,0.57,Class B,2025-10-07T20:35:00Z,214.22555555555556,NA,NA,WF,0,2025,NA,NA,FALSE,TRUE
2025-ORLAD-250677,0.1,Class A,NA,NA,NA,NA,WF,0,2025,NA,NA,FALSE,TRUE
2025-OR581S-000051,0,Class A,NA,NA,NA,NA,WF,0,2025,NA,NA,FALSE,TRUE
2025-OR581S-000055,0,Class A,NA,NA,NA,NA,WF,0,2025,NA,NA,FALSE,TRUE
2025-OR582S-000018,0,Class A,NA,NA,NA,NA,WF,0,2025,NA,NA,FALSE,TRUE
2025-ORMHF-001309,0.1,Class A,2025-09-29T21:16:00Z,2.4922222222222223,NA,NA,WF,0,2025,NA,NA,FALSE,TRUE
2025-ORMAR-002698,0.1,Class A,2025-09-30T00:46:00Z,1.5202777777777778,NA,NA,WF,0,2025,NA,NA,FALSE,TRUE
2025-ORWWF-000573,0,Class A,2025-09-17T19:35:00Z,113.35,NA,NA,WF,0,2025,NA,NA,FALSE,TRUE
2025-OR581S-000061,0,Class A,NA,NA,NA,NA,WF,0,2025,NA,NA,FALSE,TRUE
2025-OROCF-001113,0.1,Class A,2025-10-07T19:10:00Z,167.15194444444444,NA,NA,WF,0,2025,NA,NA,FALSE,TRUE
2025-OR712S-041426,0.76,Class B,NA,NA,NA,NA,WF,0,2025,NA,NA,FALSE,TRUE
2025-OR581S-000073,0,Class A,NA,NA,NA,NA,WF,0,2025,NA,NA,FALSE,TRUE
2025-ORFWF-250681,0.1,Class A,2025-10-02T20:30:00Z,1.8286111111111112,NA,NA,WF,0,2025,NA,NA,FALSE,TRUE
2025-ORDEF-001121,0.1,Class A,2025-10-03T22:31:00Z,7.688888888888889,NA,NA,WF,0,2025,NA,NA,FALSE,TRUE
2025-OR712S-016726,0,Class A,NA,NA,NA,NA,WF,0,2025,NA,NA,FALSE,TRUE
2025-OR781S-000125,0,Class A,NA,NA,NA,NA,WF,0,2025,NA,NA,FALSE,TRUE
2025-OR781S-000171,0.01,Class A,NA,NA,NA,NA,WF,0,2025,NA,NA,FALSE,TRUE
2025-OR781S-000102,0,Class A,NA,NA,NA,NA,WF,0,2025,NA,NA,FALSE,TRUE
2025-ORPRD-001127,0.1,Class A,2025-10-05T19:16:00Z,4.2,NA,NA,WF,0,2025,NA,NA,FALSE,TRUE
2025-ORMHF-001325,0.01,Class A,2025-10-06T17:28:00Z,18.7,NA,NA,WF,0,2025,NA,NA,FALSE,TRUE
2025-ORMHF-001328,0.1,Class A,2025-10-06T16:08:00Z,1.0186111111111111,NA,NA,WF,0,2025,NA,NA,FALSE,TRUE
2025-ORMHF-001331,0.1,Class A,2025-10-06T19:31:00Z,1.2847222222222223,NA,NA,WF,0,2025,NA,NA,FALSE,TRUE
2025-OR711S-031126,0,Class A,NA,NA,NA,NA,WF,0,2025,NA,NA,FALSE,TRUE
2025-OR711S-038426,0,Class A,NA,NA,NA,NA,WF,0,2025,NA,NA,FALSE,TRUE
2025-OR711S-048325,0,Class A,NA,NA,NA,NA,WF,0,2025,NA,NA,FALSE,TRUE
2025-ORMHF-001339,0.1,Class A,2025-10-09T17:40:00Z,45.096944444444446,NA,NA,WF,0,2025,NA,NA,FALSE,TRUE
2025-OR781S-000172,0.23,Class A,NA,NA,NA,NA,WF,0,2025,NA,NA,FALSE,TRUE
2025-OR581S-000081,0,Class A,NA,NA,NA,NA,WF,0,2025,NA,NA,FALSE,TRUE
2025-ORUMA-000622,0.1,Class A,NA,NA,NA,NA,WF,0,2025,NA,NA,FALSE,TRUE
2025-ORMAF-025292,0.1,Class A,2025-10-10T17:59:00Z,210.54611111111112,NA,NA,WF,0,2025,NA,NA,FALSE,TRUE
2025-ORUMF-000572,0.1,Class A,2025-09-15T21:30:00Z,70.41666666666667,NA,NA,WF,0,2025,NA,NA,FALSE,TRUE
2025-OR551S-000027,0,Class A,NA,NA,NA,NA,WF,0,2025,NA,NA,FALSE,TRUE
2025-OR981S-250674,0.2,Class A,2025-10-10T18:47:00Z,316.15,NA,NA,WF,0,2025,NA,NA,FALSE,TRUE
2025-ORUMF-000570,0.1,Class A,NA,NA,NA,NA,WF,0,2025,NA,NA,FALSE,TRUE
2025-ORCBD-731288,0.04,Class A,NA,NA,NA,NA,WF,0,2025,NA,NA,FALSE,TRUE
2025-OR711S-039026,0.79,Class B,NA,NA,NA,NA,WF,0,2025,NA,NA,FALSE,TRUE
2025-OR711S-042226,0.01,Class A,NA,NA,NA,NA,WF,0,2025,NA,NA,FALSE,TRUE
2025-ORMAF-002561,0.1,Class A,2025-07-13T23:06:00Z,223.1,NA,NA,WF,0,2025,NA,NA,FALSE,TRUE
2025-OR711S-033526,0.03,Class A,NA,NA,NA,NA,WF,0,2025,NA,NA,FALSE,TRUE
2025-ORFWF-250654,0.18,Class A,2025-09-24T21:11:00Z,140.06527777777777,NA,NA,WF,0,2025,NA,NA,FALSE,TRUE
2025-OROCF-001132,0.1,Class A,2025-10-11T19:06:00Z,90.42805555555556,NA,NA,WF,0,2025,NA,NA,FALSE,TRUE
2025-OR711S-041626,0.01,Class A,NA,NA,NA,NA,WF,0,2025,NA,NA,FALSE,TRUE
2025-ORLAD-250427,0,Class A,2025-08-07T22:00:00Z,167.51555555555555,NA,NA,WF,0,2025,NA,NA,FALSE,TRUE
2025-ORLAD-250222,0.25,Class A,2025-07-12T20:36:00Z,260.8475,NA,NA,WF,0,2025,NA,NA,FALSE,TRUE
2025-ORLAD-250313,55.93,Class C,2025-08-19T21:00:00Z,1005.5,NA,NA,WF,0,2025,NA,NA,FALSE,TRUE
2025-OR711S-037126,0.01,Class A,NA,NA,NA,NA,WF,0,2025,NA,NA,FALSE,TRUE
2025-ORUPF-250437,0.1,Class A,2025-10-12T16:26:00Z,432.76666666666665,NA,NA,WF,0,2025,NA,NA,FALSE,TRUE
2025-OR981S-250685,0.5,Class B,2025-10-12T18:24:00Z,140.85416666666666,NA,NA,WF,0,2025,NA,NA,FALSE,TRUE
2025-OR711S-030126,0,Class A,NA,NA,NA,NA,WF,0,2025,NA,NA,FALSE,TRUE
2025-OR781S-000126,0.06,Class A,NA,NA,NA,NA,WF,0,2025,NA,NA,FALSE,TRUE
2025-OR981S-250219,0.15,Class A,2025-07-07T22:20:00Z,143.78166666666667,NA,NA,WF,0,2025,NA,NA,FALSE,TRUE
2025-OR981S-250229,0.28,Class B,2025-07-11T23:15:00Z,216.59194444444444,NA,NA,WF,0,2025,NA,NA,FALSE,TRUE
2025-OR711S-009226,0.58,Class B,NA,NA,NA,NA,WF,0,2025,NA,NA,FALSE,TRUE
2025-ORSUF-250391,0.21,Class A,NA,NA,NA,NA,WF,0,2025,NA,NA,FALSE,TRUE
2025-ORVAD-250177,119.91,Class D,2025-08-08T15:10:00Z,258.4166666666667,NA,NA,WF,0,2025,NA,NA,FALSE,TRUE
2025-ORMAF-025275,0.1,Class A,2025-09-15T20:22:00Z,95.45083333333334,NA,NA,WF,0,2025,NA,NA,FALSE,TRUE
2025-ORUKR-250610,0.01,Class A,2025-10-10T18:30:00Z,837.6727777777778,NA,NA,WF,0,2025,NA,NA,FALSE,TRUE
2025-ORMHF-001144,0.23,Class A,2025-09-18T19:15:00Z,268.95,NA,NA,WF,0,2025,NA,NA,FALSE,TRUE
2025-ORUMF-025256,53.49,Class C,2025-10-07T18:15:00Z,688.4119444444444,NA,NA,WF,0,2025,NA,NA,FALSE,TRUE
2025-ORWWF-000247,0.1,Class A,2025-07-24T20:38:00Z,120.9,NA,NA,WF,0,2025,NA,NA,FALSE,TRUE
2025-OR781S-000115,15.3,Class C,NA,NA,NA,NA,WF,0,2025,NA,NA,FALSE,TRUE
2025-ORFWF-250614,5.54,Class B,2025-10-06T16:20:00Z,720.5233333333333,NA,NA,WF,0,2025,NA,NA,FALSE,TRUE
2025-ORMED-712345,0.03,Class A,NA,NA,NA,NA,WF,0,2025,NA,NA,FALSE,TRUE
2025-ORRSF-000328,1.42,Class B,2025-09-03T18:14:00Z,212.85472222222225,NA,NA,WF,0,2025,NA,NA,FALSE,TRUE
2025-ORFWF-250323,0.17,Class A,2025-07-18T21:00:00Z,116.05805555555555,NA,NA,WF,0,2025,NA,NA,FALSE,TRUE
2025-ORWWF-000186,0.13,Class A,2025-07-05T22:06:00Z,68.25,NA,NA,WF,0,2025,NA,NA,FALSE,TRUE
2025-ORFWF-250203,0.2,Class A,2025-07-10T20:48:00Z,233.71666666666667,NA,NA,WF,0,2025,NA,NA,FALSE,TRUE
2025-OR723S-001626,0,Class A,NA,NA,NA,NA,WF,0,2025,NA,NA,FALSE,TRUE
2025-OR733S-000141,0,Class A,NA,NA,NA,NA,WF,0,2025,NA,NA,FALSE,TRUE
2025-OR733S-000216,0.01,Class A,NA,NA,NA,NA,WF,0,2025,NA,NA,FALSE,TRUE
2025-OR731S-000249,0,Class A,NA,NA,NA,NA,WF,0,2025,NA,NA,FALSE,TRUE
2025-OR731S-000258,0.75,Class B,NA,NA,NA,NA,WF,0,2025,NA,NA,FALSE,TRUE
2025-OR733S-000330,0,Class A,NA,NA,NA,NA,WF,0,2025,NA,NA,FALSE,TRUE
2025-OR732S-000293,0,Class A,NA,NA,NA,NA,WF,0,2025,NA,NA,FALSE,TRUE
2025-OR981S-250684,0.1,Class A,2025-10-13T17:31:00Z,181.39,NA,NA,WF,0,2025,NA,NA,FALSE,TRUE
2025-OR991S-250141,0.1,Class A,NA,NA,NA,NA,WF,0,2025,NA,NA,FALSE,TRUE
2025-OR982S-250140,0.1,Class A,2025-08-14T23:05:00Z,1556.8319444444444,NA,NA,WF,0,2025,NA,NA,FALSE,TRUE
2025-ORLAD-250297,0.2,Class A,2025-07-18T23:43:00Z,262.4325,NA,NA,WF,0,2025,NA,NA,FALSE,TRUE
2025-ORLAD-250230,0.03,Class A,2025-07-13T23:47:00Z,265.05027777777775,NA,NA,WF,0,2025,NA,NA,FALSE,TRUE
2025-OR733S-000023,0,Class A,NA,NA,NA,NA,WF,0,2025,NA,NA,FALSE,TRUE
2025-ORLAD-250353,0.02,Class A,2025-08-01T23:25:00Z,198.29861111111111,NA,NA,WF,0,2025,NA,NA,FALSE,TRUE
2025-OR731S-000243,0.1,Class A,NA,NA,NA,NA,WF,0,2025,NA,NA,FALSE,TRUE
2025-ORCBD-731287,0.49,Class B,NA,NA,NA,NA,WF,0,2025,NA,NA,FALSE,TRUE
2025-OR520S-521047,100.94,Class D,NA,NA,NA,NA,WF,0,2025,NA,NA,FALSE,TRUE
2025-ORFWF-250660,1.5,Class B,2025-09-28T19:54:00Z,182.7861111111111,NA,NA,WF,0,2025,NA,NA,FALSE,TRUE
2025-ORFWF-250339,1.27,Class B,NA,NA,NA,NA,WF,0,2025,NA,NA,FALSE,TRUE
2025-ORFWF-250666,0.33,Class B,2025-09-26T22:32:00Z,120.9661111111111,NA,NA,WF,0,2025,NA,NA,FALSE,TRUE
2025-ORFWF-250657,0.1,Class A,2025-09-23T21:22:00Z,68.46083333333333,NA,NA,WF,0,2025,NA,NA,FALSE,TRUE
2025-ORFWF-250659,0.1,Class A,2025-09-25T18:21:00Z,109.37833333333332,NA,NA,WF,0,2025,NA,NA,FALSE,TRUE
2025-ORFWF-250658,0.1,Class A,2025-09-23T20:01:00Z,64.37388888888889,NA,NA,WF,0,2025,NA,NA,FALSE,TRUE
2025-ORFWF-250578,0.1,Class A,2025-09-02T23:08:00Z,121.75888888888888,NA,NA,WF,0,2025,NA,NA,FALSE,TRUE
2025-OR952S-025291,0.1,Class A,2025-10-02T19:23:00Z,66.20222222222222,NA,NA,WF,0,2025,NA,NA,FALSE,TRUE
2025-ORFWF-250687,0.1,Class A,2025-10-13T19:15:00Z,135,NA,NA,WF,0,2025,NA,NA,FALSE,TRUE
2025-ORFWF-250567,0.1,Class A,2025-09-02T21:58:00Z,140.6,NA,NA,WF,0,2025,NA,NA,FALSE,TRUE
2025-ORFWF-250552,0.1,Class A,2025-09-03T19:08:00Z,186.37166666666667,NA,NA,WF,0,2025,NA,NA,FALSE,TRUE
2025-ORFWF-250630,0.25,Class A,2025-09-15T18:13:00Z,165.9391666666667,NA,NA,WF,0,2025,NA,NA,FALSE,TRUE
2025-ORFWF-250593,0.1,Class A,2025-09-06T17:26:00Z,74.81416666666667,NA,NA,WF,0,2025,NA,NA,FALSE,TRUE
2025-ORUMF-000166,1.5,Class B,2025-07-02T20:58:00Z,193,NA,NA,WF,0,2025,NA,NA,FALSE,TRUE
2025-ORUMF-000568,0.1,Class A,NA,NA,NA,NA,WF,0,2025,NA,NA,FALSE,TRUE
2025-ORUMF-000201,0,Class A,2025-07-04T22:17:00Z,0.3,NA,NA,WF,0,2025,NA,NA,FALSE,TRUE
2025-ORUMF-000456,0.1,Class A,2025-08-26T21:56:00Z,45.15444444444445,NA,NA,WF,0,2025,NA,NA,FALSE,TRUE
2025-ORUMF-000520,0.1,Class A,NA,NA,NA,NA,WF,0,2025,NA,NA,FALSE,TRUE
2025-ORUMF-000546,0.1,Class A,2025-09-12T22:41:00Z,30.683333333333337,NA,NA,WF,0,2025,NA,NA,FALSE,TRUE
2025-ORUMF-000549,0.1,Class A,2025-09-12T22:27:00Z,28.133333333333333,NA,NA,WF,0,2025,NA,NA,FALSE,TRUE
2025-ORWWF-000571,0.1,Class A,2025-09-16T21:24:00Z,97.50666666666666,NA,NA,WF,0,2025,NA,NA,FALSE,TRUE
2025-OR721S-002226,0,Class A,NA,NA,NA,NA,WF,0,2025,NA,NA,FALSE,TRUE
2025-OR951S-001131,0.24,Class A,2025-10-15T17:09:00Z,189.8161111111111,NA,NA,WF,0,2025,NA,NA,FALSE,TRUE
2025-ORMHF-001346,0.25,Class A,2025-10-12T19:19:00Z,73.81111111111112,NA,NA,WF,0,2025,NA,NA,FALSE,TRUE
2025-ORRSF-000183,44.95,Class C,2025-08-05T20:45:00Z,674.4652777777778,NA,NA,WF,0,2025,NA,NA,FALSE,TRUE
2025-OR951S-000975,0.1,Class A,2025-09-09T19:37:00Z,99.01666666666668,NA,NA,WF,0,2025,NA,NA,FALSE,TRUE
2025-OR951S-000971,0.1,Class A,2025-09-09T20:43:00Z,112.28333333333332,NA,NA,WF,0,2025,NA,NA,FALSE,TRUE
2025-ORRSF-000304,0.33,Class B,2025-09-12T22:00:00Z,451.00194444444446,NA,NA,WF,0,2025,NA,NA,FALSE,TRUE
2025-ORWWF-000586,0,Class A,2025-09-18T20:33:00Z,72.08333333333333,NA,NA,WF,0,2025,NA,NA,FALSE,TRUE
2025-ORUMF-000323,0,Class A,2025-08-02T19:27:00Z,47.388888888888886,NA,NA,WF,0,2025,NA,NA,FALSE,TRUE
2025-ORWWF-000313,0,Class A,2025-07-31T23:01:00Z,23.26,NA,NA,WF,0,2025,NA,NA,FALSE,TRUE
2025-OR581S-000027,2.2,Class B,NA,NA,NA,NA,WF,0,2025,NA,NA,FALSE,TRUE
2025-OR712S-017126,0.32,Class B,NA,NA,NA,NA,WF,0,2025,NA,NA,FALSE,TRUE
2025-ORWWF-000627,0.1,Class A,2025-10-16T21:30:00Z,68.08333333333333,NA,NA,WF,0,2025,NA,NA,FALSE,TRUE
2025-OROCF-000970,3.65,Class B,2025-09-23T00:39:00Z,428.78333333333336,NA,NA,WF,0,2025,NA,NA,FALSE,TRUE
2025-OROCF-000854,0.13,Class A,2025-08-23T18:54:00Z,89.63583333333334,NA,NA,WF,0,2025,NA,NA,FALSE,TRUE
2025-ORPRD-000816,23.46,Class C,2025-08-30T21:40:00Z,480.1,NA,NA,WF,0,2025,NA,NA,FALSE,TRUE
2025-ORPRD-000523,4396.97,Class F,2025-08-04T23:35:00Z,626.7166666666667,NA,NA,WF,0,2025,NA,NA,FALSE,TRUE
2025-OROCF-000494,8.45,Class B,2025-07-30T22:15:00Z,525.7166666666667,NA,NA,WF,0,2025,NA,NA,FALSE,TRUE
2025-ORDEF-000729,7.99,Class B,2025-10-15T15:30:00Z,1769.5166666666669,NA,NA,WF,0,2025,NA,NA,FALSE,TRUE
2025-ORPRD-000462,0.96,Class B,2025-08-01T19:03:00Z,646.1558333333334,NA,NA,WF,0,2025,NA,NA,FALSE,TRUE
2025-ORPRD-000347,38.73,Class C,2025-07-07T21:02:00Z,193.95,NA,NA,WF,0,2025,NA,NA,FALSE,TRUE
2025-ORPRD-000252,8.99,Class B,2025-06-22T22:09:00Z,265.03555555555556,NA,NA,WF,0,2025,NA,NA,FALSE,TRUE
2025-ORPRD-001059,3.89,Class B,2025-09-19T17:38:00Z,232.18138888888888,NA,NA,WF,0,2025,NA,NA,FALSE,TRUE
2025-ORDEF-001136,0.1,Class A,2025-10-10T21:04:00Z,19.8875,NA,NA,WF,0,2025,NA,NA,FALSE,TRUE
2025-OR712S-030426,0,Class A,NA,NA,NA,NA,WF,0,2025,NA,NA,FALSE,TRUE
2025-ORMED-032926,0.07,Class A,NA,NA,NA,NA,WF,0,2025,NA,NA,FALSE,TRUE
2025-OR712S-016526,0.6,Class B,NA,NA,NA,NA,WF,0,2025,NA,NA,FALSE,TRUE
2025-OR711S-046025,0.17,Class A,NA,NA,NA,NA,WF,0,2025,NA,NA,FALSE,TRUE
2025-ORWIF-250243,0.1,Class A,2025-08-01T00:47:00Z,44.716388888888886,NA,NA,WF,0,2025,NA,NA,FALSE,TRUE
2025-OR954S-001266,0.17,Class A,2025-09-23T23:45:00Z,73.46722222222222,NA,NA,WF,0,2025,NA,NA,FALSE,TRUE
2025-ORPRD-001120,0.1,Class A,2025-10-04T19:36:00Z,45.47638888888889,NA,NA,WF,0,2025,NA,NA,FALSE,TRUE
2025-ORROD-732271,0,Class A,NA,NA,NA,NA,WF,0,2025,NA,NA,FALSE,TRUE
2025-OR712S-068025,0.25,Class A,NA,NA,NA,NA,WF,0,2025,NA,NA,FALSE,TRUE
2025-ORMED-712153,0.14,Class A,NA,NA,NA,NA,WF,0,2025,NA,NA,FALSE,TRUE
2025-OROCF-000957,2.95,Class B,2025-09-19T20:29:00Z,358.2638888888889,NA,NA,WF,0,2025,NA,NA,FALSE,TRUE
2025-OR711S-044825,0.62,Class B,NA,NA,NA,NA,WF,0,2025,NA,NA,FALSE,TRUE
2025-OR712S-006926,0.06,Class A,NA,NA,NA,NA,WF,0,2025,NA,NA,FALSE,TRUE
2025-OR712S-074025,0.05,Class A,NA,NA,NA,NA,WF,0,2025,NA,NA,FALSE,TRUE
2025-OR712S-025626,0,Class A,NA,NA,NA,NA,WF,0,2025,NA,NA,FALSE,TRUE
2025-OR712S-025526,0,Class A,NA,NA,NA,NA,WF,0,2025,NA,NA,FALSE,TRUE
2025-OR712S-025426,0,Class A,NA,NA,NA,NA,WF,0,2025,NA,NA,FALSE,TRUE
2025-OR712S-022426,0.09,Class A,NA,NA,NA,NA,WF,0,2025,NA,NA,FALSE,TRUE
2024-OR712S-055225,0.24,Class A,NA,NA,NA,NA,WF,0,2024,NA,NA,FALSE,TRUE
2025-ORPRD-000624,20.73,Class C,2025-08-09T19:32:00Z,283.9425,NA,NA,WF,0,2025,NA,NA,FALSE,TRUE
2025-OR712S-043526,0.25,Class A,NA,NA,NA,NA,WF,0,2025,NA,NA,FALSE,TRUE
2025-OR712S-069125,0,Class A,NA,NA,NA,NA,WF,0,2025,NA,NA,FALSE,TRUE
2025-ORMED-712299,0.83,Class B,NA,NA,NA,NA,WF,0,2025,NA,NA,FALSE,TRUE
2025-ORMED-712301,0.01,Class A,NA,NA,NA,NA,WF,0,2025,NA,NA,FALSE,TRUE
2025-ORMED-712306,0.05,Class A,NA,NA,NA,NA,WF,0,2025,NA,NA,FALSE,TRUE
2025-ORWWF-000608,0.25,Class A,2025-10-09T18:08:00Z,115.19638888888888,NA,NA,WF,0,2025,NA,NA,FALSE,TRUE
2025-ORMED-712298,0.42,Class B,NA,NA,NA,NA,WF,0,2025,NA,NA,FALSE,TRUE
2025-ORMHF-000712,0.1,Class A,2025-07-24T16:14:00Z,7.533333333333333,NA,NA,WF,0,2025,NA,NA,FALSE,TRUE
2025-ORUPF-250259,0.17,Class A,2025-08-26T17:55:00Z,618.2333333333333,NA,NA,WF,0,2025,NA,NA,FALSE,TRUE
2025-ORUPF-250353,0.1,Class A,NA,NA,NA,NA,WF,0,2025,NA,NA,FALSE,TRUE
2025-ORVAD-000470,17.57,Class C,2025-09-17T18:45:00Z,450.75,NA,NA,WF,0,2025,NA,NA,FALSE,TRUE
2025-OR711S-042726,0.01,Class A,NA,NA,NA,NA,WF,0,2025,NA,NA,FALSE,TRUE
2025-ORFWF-250175,0.34,Class B,2025-06-24T20:34:00Z,138.9,NA,NA,WF,0,2025,NA,NA,FALSE,TRUE
2025-ORFWF-250686,0.1,Class A,NA,NA,NA,NA,WF,0,2025,NA,NA,FALSE,TRUE
2025-OROCF-000272,127.72,Class D,2025-06-22T23:12:00Z,220.665,NA,NA,WF,0,2025,NA,NA,FALSE,TRUE
2025-OROCF-000377,0.25,Class A,2025-07-06T20:10:00Z,114.66666666666669,NA,NA,WF,0,2025,NA,NA,FALSE,TRUE
2025-OR781S-000161,0.68,Class B,NA,NA,NA,NA,WF,0,2025,NA,NA,FALSE,TRUE
2025-ORPRD-000849,0.1,Class A,2025-08-21T20:22:00Z,73.58333333333333,NA,NA,WF,0,2025,NA,NA,FALSE,TRUE
2025-ORSUF-250274,0.1,Class A,2025-08-09T03:30:00Z,0.7686111111111111,NA,NA,WF,0,2025,NA,NA,FALSE,TRUE
2025-ORSUF-250084,0.5,Class B,2025-05-08T19:28:00Z,134.8625,NA,NA,WF,0,2025,NA,NA,FALSE,TRUE
2025-OR952S-025280,0.02,Class A,2025-09-24T23:30:00Z,224.21666666666667,NA,NA,WF,0,2025,NA,NA,FALSE,TRUE
2025-OROCF-001013,0.1,Class A,2025-09-09T00:18:00Z,42.00527777777778,NA,NA,WF,0,2025,NA,NA,FALSE,TRUE
2025-ORSUF-250054,0,Class A,2025-03-24T20:50:00Z,117.9075,NA,NA,WF,0,2025,NA,NA,FALSE,TRUE
2025-ORSUF-250339,0.25,Class A,2025-09-10T21:00:00Z,338.87,NA,NA,WF,0,2025,NA,NA,FALSE,TRUE
2025-ORSUF-250237,0.25,Class A,2025-07-30T17:40:00Z,41.28333333333333,NA,NA,WF,0,2025,NA,NA,FALSE,TRUE
2025-ORFWF-250437,0.1,Class A,2025-10-06T20:15:00Z,1602.5480555555555,NA,NA,WF,0,2025,NA,NA,FALSE,TRUE
2025-ORFWF-250562,0.1,Class A,2025-08-28T20:18:00Z,21.200833333333332,NA,NA,WF,0,2025,NA,NA,FALSE,TRUE
2025-ORFWF-250571,0.1,Class A,2025-10-20T20:00:00Z,1275.1172222222222,NA,NA,WF,0,2025,NA,NA,FALSE,TRUE
2025-ORFWF-250410,0.1,Class A,2025-08-03T21:44:00Z,78.06166666666667,NA,NA,WF,0,2025,NA,NA,FALSE,TRUE
2025-ORFWF-250409,0.1,Class A,2025-08-04T18:57:00Z,99.38,NA,NA,WF,0,2025,NA,NA,FALSE,TRUE
2025-ORFWF-250603,0.3,Class B,2025-09-11T19:32:00Z,173.52055555555555,NA,NA,WF,0,2025,NA,NA,FALSE,TRUE
2025-ORFWF-250679,0.1,Class A,2025-10-01T20:51:00Z,24.765833333333333,NA,NA,WF,0,2025,NA,NA,FALSE,TRUE
2025-ORRSF-000309,0.19,Class A,2025-08-30T21:06:00Z,126.79055555555556,NA,NA,WF,0,2025,NA,NA,FALSE,TRUE
2025-ORRSF-000349,0.08,Class A,2025-08-30T20:11:00Z,91.43388888888887,NA,NA,WF,0,2025,NA,NA,FALSE,TRUE
2025-ORRSF-000367,0.03,Class A,2025-08-29T22:35:00Z,24.734166666666667,NA,NA,WF,0,2025,NA,NA,FALSE,TRUE
2025-ORWWF-000069,1.46,Class B,NA,NA,NA,NA,RX,0,2025,NA,NA,FALSE,TRUE
2025-OR781S-000017,0.09,Class A,NA,NA,NA,NA,WF,0,2025,NA,NA,FALSE,TRUE
2025-OR781S-000217,0.41,Class B,NA,NA,NA,NA,WF,0,2025,NA,NA,FALSE,TRUE
2025-OROCF-000986,0.09,Class A,2025-09-12T20:45:00Z,161.02555555555554,NA,NA,WF,0,2025,NA,NA,FALSE,TRUE
2025-ORSUF-250081,0.1,Class A,2025-05-06T18:28:00Z,122.12027777777776,NA,NA,WF,0,2025,NA,NA,FALSE,TRUE
2025-ORSUF-250182,0.1,Class A,2025-07-12T01:00:00Z,50.71388888888889,NA,NA,WF,0,2025,NA,NA,FALSE,TRUE
2025-ORMED-034226,0.75,Class B,NA,NA,NA,NA,WF,0,2025,NA,NA,FALSE,TRUE
2025-ORMED-033726,0.09,Class A,NA,NA,NA,NA,WF,0,2025,NA,NA,FALSE,TRUE
2025-ORMED-033026,0.53,Class B,NA,NA,NA,NA,WF,0,2025,NA,NA,FALSE,TRUE
2025-OR711S-029626,0.12,Class A,NA,NA,NA,NA,WF,0,2025,NA,NA,FALSE,TRUE
2025-ORMED-027526,0,Class A,NA,NA,NA,NA,WF,0,2025,NA,NA,FALSE,TRUE
2025-ORMED-712305,0.05,Class A,NA,NA,NA,NA,WF,0,2025,NA,NA,FALSE,TRUE
2025-ORMED-712302,0.12,Class A,NA,NA,NA,NA,WF,0,2025,NA,NA,FALSE,TRUE
2025-ORMED-712296,1034.99,Class F,NA,NA,NA,NA,WF,0,2025,NA,NA,FALSE,TRUE
2025-ORMED-039326,0.01,Class A,NA,NA,NA,NA,WF,0,2025,NA,NA,FALSE,TRUE
2025-ORLAD-250469,0.5,Class B,2025-08-12T22:19:00Z,216.8188888888889,NA,NA,WF,0,2025,NA,NA,FALSE,TRUE
2025-OR981S-250691,0.1,Class A,2025-10-14T21:52:00Z,50.67138888888889,NA,NA,WF,0,2025,NA,NA,FALSE,TRUE
2025-ORWWF-000633,0.1,Class A,2025-10-20T18:19:00Z,69.5,NA,NA,WF,0,2025,NA,NA,FALSE,TRUE
2025-ORPRD-000536,717.33,Class E,NA,NA,NA,NA,WF,0,2025,NA,NA,FALSE,TRUE
2025-ORLAD-250643,0.1,Class A,2025-10-21T18:58:00Z,841.0425,NA,NA,WF,0,2025,NA,NA,FALSE,TRUE
2025-ORWIF-250132,0.1,Class A,2025-06-16T22:21:00Z,21.46,NA,NA,WF,0,2025,NA,NA,FALSE,TRUE
2024-ORWIF-240195,3484.76,Class F,2025-10-21T20:45:00Z,11067.833333333334,NA,NA,WF,0,2024,NA,NA,FALSE,TRUE
2024-ORWIF-240371,1309.64,Class F,2025-10-21T20:45:00Z,9832.533333333333,NA,NA,WF,0,2024,NA,NA,FALSE,TRUE
2024-ORWIF-240374,117.2,Class D,2025-10-21T20:45:00Z,9818.4,NA,NA,WF,0,2024,NA,NA,FALSE,TRUE
2025-ORLAD-250637,0.1,Class A,NA,NA,NA,NA,WF,0,2025,NA,NA,FALSE,TRUE
2025-ORLAD-250287,0.1,Class A,2025-09-23T15:42:00Z,1894.4988888888888,NA,NA,WF,0,2025,NA,NA,FALSE,TRUE
2025-ORLAD-250570,0.1,Class A,2025-09-09T18:44:00Z,300.0736111111111,NA,NA,WF,0,2025,NA,NA,FALSE,TRUE
2025-ORLAD-250576,0.1,Class A,2025-09-19T20:55:00Z,528.25,NA,NA,WF,0,2025,NA,NA,FALSE,TRUE
2025-ORLAD-250563,0.1,Class A,2025-09-19T20:55:00Z,549.6711111111111,NA,NA,WF,0,2025,NA,NA,FALSE,TRUE
2025-ORLAD-250575,0.1,Class A,2025-09-19T19:19:00Z,529.2747222222222,NA,NA,WF,0,2025,NA,NA,FALSE,TRUE
2025-ORLAD-250574,0.1,Class A,2025-09-19T19:19:00Z,529.3761111111111,NA,NA,WF,0,2025,NA,NA,FALSE,TRUE
2025-ORLAD-250617,0.1,Class A,2025-09-13T20:50:00Z,166.1,NA,NA,WF,0,2025,NA,NA,FALSE,TRUE
2025-ORLAD-250644,0.1,Class A,2025-10-21T18:59:00Z,841.0480555555556,NA,NA,WF,0,2025,NA,NA,FALSE,TRUE
2025-OR712S-050826,0,Class A,NA,NA,NA,NA,WF,0,2025,NA,NA,FALSE,TRUE
2025-ORLAD-250590,101.93,Class D,2025-10-21T16:22:00Z,1167.8,NA,NA,WF,0,2025,NA,NA,FALSE,TRUE
2025-ORWIF-250419,0.2,Class A,2025-09-14T16:53:00Z,66.93333333333334,NA,NA,WF,0,2025,NA,NA,FALSE,TRUE
2025-ORWIF-250247,1.88,Class B,2025-08-21T18:49:00Z,481.85,NA,NA,WF,0,2025,NA,NA,FALSE,TRUE
2025-ORWIF-250260,0.25,Class A,2025-09-06T16:36:00Z,812.4736111111112,NA,NA,WF,0,2025,NA,NA,FALSE,TRUE
2025-ORWIF-250257,0.1,Class A,2025-08-03T00:48:00Z,0.9716666666666668,NA,NA,WF,0,2025,NA,NA,FALSE,TRUE
2025-ORWIF-250070,0.1,Class A,2025-04-24T21:35:00Z,1.9583333333333333,NA,NA,WF,0,2025,NA,NA,FALSE,TRUE
2025-ORWIF-250159,0.1,Class A,2025-07-02T21:20:00Z,2.091388888888889,NA,NA,WF,0,2025,NA,NA,FALSE,TRUE
2025-ORSUF-250149,0.25,Class A,2025-07-02T01:00:00Z,49.733333333333334,NA,NA,WF,0,2025,NA,NA,FALSE,TRUE
2025-ORWIF-250127,0,Class A,2025-06-14T17:42:00Z,42.82222222222222,NA,NA,WF,0,2025,NA,NA,FALSE,TRUE
2025-ORWIF-250100,0.1,Class A,2025-05-28T09:38:00Z,158.1563888888889,NA,NA,WF,0,2025,NA,NA,FALSE,TRUE
2025-ORWIF-250248,0.1,Class A,2025-08-11T22:53:00Z,240.54527777777776,NA,NA,WF,0,2025,NA,NA,FALSE,TRUE
2025-ORFWF-250694,0.1,Class A,2025-10-22T18:30:00Z,67.11527777777778,NA,NA,WF,0,2025,NA,NA,FALSE,TRUE
2025-ORWIF-250162,0.1,Class A,2025-10-22T19:00:00Z,2683.7230555555557,NA,NA,WF,0,2025,NA,NA,FALSE,TRUE
2025-ORWIF-250223,0.25,Class A,2025-10-22T19:00:00Z,2143.883333333333,NA,NA,WF,0,2025,NA,NA,FALSE,TRUE
2025-ORLAD-250604,0.03,Class A,2025-09-14T22:48:00Z,247.4,NA,NA,WF,0,2025,NA,NA,FALSE,TRUE
2025-ORUPF-250418,0.15,Class A,2025-09-17T17:49:00Z,183.57722222222225,NA,NA,WF,0,2025,NA,NA,FALSE,TRUE
2025-ORMED-712309,0.03,Class A,NA,NA,NA,NA,WF,0,2025,NA,NA,FALSE,TRUE
2025-ORWIF-250462,0.1,Class A,2025-10-05T21:15:00Z,1.4058333333333333,NA,NA,WF,0,2025,NA,NA,FALSE,TRUE
2025-ORWIF-250331,0.1,Class A,2025-08-28T17:26:00Z,68.97583333333333,NA,NA,WF,0,2025,NA,NA,FALSE,TRUE
2025-ORWIF-250191,0.1,Class A,2025-07-12T22:45:00Z,1.6930555555555555,NA,NA,WF,0,2025,NA,NA,FALSE,TRUE
2025-ORWIF-250442,0.1,Class A,2025-09-25T17:29:00Z,113.01666666666668,NA,NA,WF,0,2025,NA,NA,FALSE,TRUE
2025-ORWIF-250067,2,Class B,2025-07-06T16:41:00Z,1889.901388888889,NA,NA,WF,0,2025,NA,NA,FALSE,TRUE
2025-ORWIF-250309,0.25,Class A,2025-08-21T18:28:00Z,63.733333333333334,NA,NA,WF,0,2025,NA,NA,FALSE,TRUE
2025-ORFWF-250693,0.1,Class A,2025-10-22T21:20:00Z,71.21055555555556,NA,NA,WF,0,2025,NA,NA,FALSE,TRUE
2025-ORWIF-250102,0.2,Class A,2025-10-22T19:00:00Z,3625.165,NA,NA,WF,0,2025,NA,NA,FALSE,TRUE
2025-ORWIF-250187,0.1,Class A,2025-07-12T18:24:00Z,0.2286111111111111,NA,NA,WF,0,2025,NA,NA,FALSE,TRUE
2025-OR954S-001143,0.1,Class A,2025-09-16T21:28:00Z,233.80527777777775,NA,NA,WF,0,2025,NA,NA,FALSE,TRUE
2025-ORRSF-000135,0,Class A,2025-07-10T14:17:00Z,160.69833333333332,NA,NA,WF,0,2025,NA,NA,FALSE,TRUE
2025-ORFWF-250306,1.23,Class B,NA,NA,NA,NA,WF,0,2025,NA,NA,FALSE,TRUE
2025-OROCF-000291,3279.03,Class F,NA,NA,NA,NA,WF,0,2025,NA,NA,FALSE,TRUE
2025-ORWWF-000493,46.38,Class C,2025-10-23T18:20:21Z,1222.3225,NA,NA,WF,0,2025,NA,NA,FALSE,TRUE
2025-ORBUD-002639,133.94,Class D,2025-09-13T20:00:00Z,1055.75,NA,NA,WF,0,2025,NA,NA,FALSE,TRUE
2025-ORBUD-002675,79.09,Class C,2025-09-10T22:16:00Z,333.9238888888889,NA,NA,WF,0,2025,NA,NA,FALSE,TRUE
2025-ORMAF-002686,0.13,Class A,2025-09-20T20:36:00Z,235.1197222222222,NA,NA,WF,0,2025,NA,NA,FALSE,TRUE
2025-ORBKR-250459,2,Class B,2025-09-22T21:30:00Z,2.1666666666666665,NA,NA,WF,0,2025,NA,NA,FALSE,TRUE
2025-ORWSA-000145,0.1,Class A,2025-10-24T16:42:00Z,205.5,NA,NA,WF,0,2025,NA,NA,FALSE,TRUE
2025-ORWSA-000146,0.1,Class A,2025-10-24T16:42:00Z,205.5,NA,NA,WF,0,2025,NA,NA,FALSE,TRUE
2025-OROCF-001147,4.91,Class B,2025-10-24T16:58:00Z,25.31833333333333,NA,NA,WF,0,2025,NA,NA,FALSE,TRUE
2025-OR551S-000013,0,Class A,NA,NA,NA,NA,WF,0,2025,NA,NA,FALSE,TRUE
2025-OR551S-000020,0,Class A,NA,NA,NA,NA,WF,0,2025,NA,NA,FALSE,TRUE
2025-OR551S-000022,4.69,Class B,NA,NA,NA,NA,WF,0,2025,NA,NA,FALSE,TRUE
2025-ORMHF-001069,0.1,Class A,2025-08-30T22:08:00Z,0.49666666666666665,NA,NA,WF,0,2025,NA,NA,FALSE,TRUE
2022-ORWIF-220180,1,Class B,2024-07-31T07:00:00Z,17510.35,Type 4 Incident,4,WF,0,2022,NA,NA,FALSE,TRUE
2025-ORMAF-002701,1.1,Class B,2025-10-20T19:53:00Z,244.2,NA,NA,WF,0,2025,NA,NA,FALSE,TRUE
2025-OR721S-001426,0,Class A,NA,NA,NA,NA,WF,0,2025,NA,NA,FALSE,TRUE
2025-ORRSF-000286,1.28,Class B,2025-08-27T22:52:00Z,295.1,NA,NA,WF,0,2025,NA,NA,FALSE,TRUE
2025-ORRSF-000317,0.58,Class B,2025-09-03T18:42:00Z,217.91472222222225,NA,NA,WF,0,2025,NA,NA,FALSE,TRUE
2025-ORRSF-000270,0.1,Class A,2025-08-04T23:00:00Z,18,NA,NA,WF,0,2025,NA,NA,FALSE,TRUE
2025-ORRSF-000255,0.07,Class A,2025-08-03T18:01:00Z,40.38333333333333,NA,NA,WF,0,2025,NA,NA,FALSE,TRUE
2023-ORWIF-230327,25753.93,Class G,NA,NA,Type 2 Incident,2,WF,0,2023,NA,NA,FALSE,TRUE
2025-ORMAF-002690,0.1,Class A,2025-10-27T16:23:00Z,1028.7833333333333,NA,NA,WF,0,2025,NA,NA,FALSE,TRUE
2025-ORMAF-025245,222.77,Class D,2025-10-21T15:35:00Z,1139.1069444444445,NA,NA,WF,0,2025,NA,NA,FALSE,TRUE
2025-ORBUD-002672,0.6,Class B,2025-10-27T16:23:00Z,1458.0597222222225,NA,NA,WF,0,2025,NA,NA,FALSE,TRUE
2025-ORBUD-002681,0.96,Class B,2025-10-27T16:09:00Z,1264.0725,NA,NA,WF,0,2025,NA,NA,FALSE,TRUE
2025-ORBUD-002699,0.1,Class A,2025-10-27T16:25:00Z,664.7277777777778,NA,NA,WF,0,2025,NA,NA,FALSE,TRUE
2025-ORMAF-002676,4.57,Class B,2025-10-27T16:25:00Z,1433.9858333333334,NA,NA,WF,0,2025,NA,NA,FALSE,TRUE
2025-ORBUD-002679,8.37,Class B,2025-10-27T16:25:00Z,1319.95,NA,NA,WF,0,2025,NA,NA,FALSE,TRUE
2025-ORBUD-002630,115.61,Class D,2025-10-27T16:26:00Z,2154.123611111111,NA,NA,WF,0,2025,NA,NA,FALSE,TRUE
2025-ORBUD-002684,17.69,Class C,2025-10-27T16:27:00Z,1192.5677777777778,NA,NA,WF,0,2025,NA,NA,FALSE,TRUE
2025-ORMAF-002622,0.1,Class A,2025-10-27T16:28:00Z,2155.5452777777778,NA,NA,WF,0,2025,NA,NA,FALSE,TRUE
2025-ORMAF-002609,0.8,Class B,2025-10-27T16:26:00Z,2161.4225,NA,NA,WF,0,2025,NA,NA,FALSE,TRUE
2025-ORMAF-002702,0.1,Class A,2025-10-18T22:35:00Z,24.379166666666663,NA,NA,WF,0,2025,NA,NA,FALSE,TRUE
2025-ORMAF-002646,0.06,Class A,2025-08-06T22:00:00Z,92.45,NA,NA,WF,0,2025,NA,NA,FALSE,TRUE
2025-ORMAF-002694,0.5,Class B,2025-10-08T17:39:00Z,504.1322222222222,NA,NA,WF,0,2025,NA,NA,FALSE,TRUE
2025-ORBUD-002670,0.1,Class A,NA,NA,NA,NA,WF,0,2025,NA,NA,FALSE,TRUE
2025-OR712S-011926,0,Class A,NA,NA,NA,NA,WF,0,2025,NA,NA,FALSE,TRUE
2023-ORWIF-230393,1,Class B,2024-06-18T16:50:00Z,7155.316666666667,Type 1 Incident,1,WF,0,2023,NA,NA,FALSE,TRUE
2025-ORBUD-002580,1.93,Class B,2025-10-27T16:28:00Z,2684.961111111111,NA,NA,WF,0,2025,NA,NA,FALSE,TRUE
2025-ORMAF-002704,0.1,Class A,2025-10-27T21:27:00Z,216.1266666666667,NA,NA,WF,0,2025,NA,NA,FALSE,TRUE
2024-ORWIF-240203,6015.11,Class G,NA,NA,NA,NA,WF,0,2024,NA,NA,FALSE,TRUE
2025-ORDEF-001151,0.1,Class A,2025-10-27T23:00:00Z,72.6825,NA,NA,WF,0,2025,NA,NA,FALSE,TRUE
2025-OROCF-001146,0.25,Class A,2025-10-26T20:00:00Z,101.4811111111111,NA,NA,WF,0,2025,NA,NA,FALSE,TRUE
2025-ORRSF-000118,0.1,Class A,2025-07-06T17:51:00Z,123.48166666666668,NA,NA,WF,0,2025,NA,NA,FALSE,TRUE
2025-ORRSF-000427,0.1,Class A,2025-09-29T18:00:00Z,162.38722222222222,NA,NA,WF,0,2025,NA,NA,FALSE,TRUE
2025-ORRSF-000410,0.1,Class A,2025-10-02T21:01:00Z,604.3180555555556,NA,NA,WF,0,2025,NA,NA,FALSE,TRUE
2025-ORSUF-250183,0.1,Class A,2025-07-11T20:23:00Z,45.10444444444445,NA,NA,WF,0,2025,NA,NA,FALSE,TRUE
2025-ORWIF-250423,0.1,Class A,2025-09-16T22:55:00Z,46.13333333333333,NA,NA,WF,0,2025,NA,NA,FALSE,TRUE
2025-ORWIF-250454,0.25,Class A,2025-09-30T19:16:00Z,95.33333333333331,NA,NA,WF,0,2025,NA,NA,FALSE,TRUE
2025-ORWIF-250342,0.1,Class A,2025-10-08T19:00:00Z,1000.6902777777776,NA,NA,WF,0,2025,NA,NA,FALSE,TRUE
2025-ORWIF-250458,3,Class B,2025-10-16T19:13:00Z,387.7866666666667,NA,NA,WF,0,2025,NA,NA,FALSE,TRUE
2025-ORWIF-250410,0.1,Class A,2025-10-07T00:28:00Z,652.3458333333333,NA,NA,WF,0,2025,NA,NA,FALSE,TRUE
2025-ORWIF-250431,0.25,Class A,2025-10-03T22:59:00Z,406.40527777777777,NA,NA,WF,0,2025,NA,NA,FALSE,TRUE
2025-ORRSF-000274,0.1,Class A,2025-08-15T23:19:00Z,140.1425,NA,NA,WF,0,2025,NA,NA,FALSE,TRUE
2024-ORWIF-240237,6203.25,Class G,NA,NA,NA,NA,WF,0,2024,NA,NA,FALSE,TRUE
2025-ORWIF-250383,0.1,Class A,2025-09-11T21:56:00Z,167.47583333333333,NA,NA,WF,0,2025,NA,NA,FALSE,TRUE
2025-ORRSF-000442,0.25,Class A,2025-10-23T23:35:00Z,346.69916666666666,NA,NA,WF,0,2025,NA,NA,FALSE,TRUE
2025-ORRSF-000445,0.1,Class A,2025-10-27T17:36:00Z,289.4216666666667,NA,NA,WF,0,2025,NA,NA,FALSE,TRUE
2025-OR723S-001726,0,Class A,NA,NA,NA,NA,WF,0,2025,NA,NA,FALSE,TRUE
2025-ORRSF-000441,0.5,Class B,2025-10-23T23:34:00Z,348.0625,NA,NA,WF,0,2025,NA,NA,FALSE,TRUE
2025-OR712S-010326,0,Class A,NA,NA,NA,NA,WF,0,2025,NA,NA,FALSE,TRUE
2025-ORBUD-002540,0.92,Class B,2025-07-29T01:30:00Z,1036.1733333333334,NA,NA,WF,0,2025,NA,NA,FALSE,TRUE
2025-ORWIF-250399,0.1,Class A,2025-09-17T18:11:00Z,210.21472222222224,NA,NA,WF,0,2025,NA,NA,FALSE,TRUE
2025-ORRSF-000323,2.28,Class B,2025-10-02T20:56:00Z,913.1863888888888,NA,NA,WF,0,2025,NA,NA,FALSE,TRUE
2025-ORRSF-000163,58.03,Class C,2025-10-27T17:36:00Z,2667.319722222222,NA,NA,WF,0,2025,NA,NA,FALSE,TRUE
2025-ORWIF-250408,0.1,Class A,2025-09-16T19:55:00Z,168.1436111111111,NA,NA,WF,0,2025,NA,NA,FALSE,TRUE
2025-ORWIF-250308,0.1,Class A,2025-08-19T01:15:00Z,3.319722222222222,NA,NA,WF,0,2025,NA,NA,FALSE,TRUE
2025-ORMHF-001351,0.1,Class A,2025-10-27T18:12:00Z,382.5652777777778,NA,NA,WF,0,2025,NA,NA,FALSE,TRUE
2025-ORWIF-250369,10.1,Class C,2025-10-29T15:38:00Z,1335.1,NA,NA,WF,0,2025,NA,NA,FALSE,TRUE
2025-ORRSF-000440,2,Class B,2025-10-29T18:15:00Z,488.7805555555556,NA,NA,WF,0,2025,NA,NA,FALSE,TRUE
2025-ORWSA-000016,1.6,Class B,NA,NA,NA,NA,WF,0,2025,NA,NA,FALSE,TRUE
2024-OR954S-001433,0.1,Class A,2024-10-26T16:00:00Z,90.82944444444443,NA,NA,WF,0,2024,NA,NA,FALSE,TRUE
2025-ORWIF-250393,0.1,Class A,2025-10-29T07:00:00Z,1231.25,NA,NA,WF,0,2025,NA,NA,FALSE,TRUE
2025-ORWIF-250361,0.1,Class A,2025-10-29T18:59:00Z,1340.45,NA,NA,WF,0,2025,NA,NA,FALSE,TRUE
2025-ORDEF-001148,0.1,Class A,2025-10-24T17:13:00Z,21.091666666666665,NA,NA,WF,0,2025,NA,NA,FALSE,TRUE
2025-ORCGF-000125,0,Class A,2025-05-23T21:22:00Z,448.3202777777778,NA,NA,WF,0,2025,NA,NA,FALSE,TRUE
2025-ORRSF-000272,0.88,Class B,2025-08-15T23:00:00Z,177.1313888888889,NA,NA,WF,0,2025,NA,NA,FALSE,TRUE
2025-OR712S-073125,0.06,Class A,NA,NA,NA,NA,WF,0,2025,NA,NA,FALSE,TRUE
2025-ORWWF-000515,0.1,Class A,2025-09-10T20:07:00Z,48.281666666666666,NA,NA,WF,0,2025,NA,NA,FALSE,TRUE
2025-ORPRD-000909,0,Class A,2025-08-29T23:08:00Z,44.45027777777778,NA,NA,WF,0,2025,NA,NA,FALSE,TRUE
2025-ORMHF-001225,0.1,Class A,2025-09-16T01:30:00Z,3.405555555555555,NA,NA,WF,0,2025,NA,NA,FALSE,TRUE
2025-ORPRD-000826,56.98,Class C,2025-09-10T22:55:00Z,675.6166666666667,NA,NA,WF,0,2025,NA,NA,FALSE,TRUE
2025-ORBUD-002708,0.25,Class A,2025-10-29T16:28:00Z,17.93638888888889,NA,NA,WF,0,2025,NA,NA,FALSE,TRUE
2025-ORMHF-000702,0.1,Class A,2025-07-22T18:45:00Z,0.01444444444444444,NA,NA,WF,0,2025,NA,NA,FALSE,TRUE
2025-ORMED-005326,113.01,Class D,NA,NA,NA,NA,WF,0,2025,NA,NA,FALSE,TRUE
2025-ORUMA-000443,89.56,Class C,NA,NA,NA,NA,WF,0,2025,NA,NA,FALSE,TRUE
2025-ORRSF-000287,0.05,Class A,2025-08-19T17:27:00Z,45.733333333333334,NA,NA,WF,0,2025,NA,NA,FALSE,TRUE
2025-ORRSF-000439,8.11,Class B,2025-10-24T21:06:00Z,384.4,NA,NA,WF,0,2025,NA,NA,FALSE,TRUE
2025-ORRSF-000275,0.5,Class B,2025-08-15T23:18:00Z,127,NA,NA,WF,0,2025,NA,NA,FALSE,TRUE
2025-ORPRD-001157,0.1,Class A,2025-10-30T19:17:00Z,20.142222222222223,NA,NA,WF,0,2025,NA,NA,FALSE,TRUE
2025-ORUMA-000412,4.34,Class B,2025-08-13T00:27:00Z,72.1025,NA,NA,WF,0,2025,NA,NA,FALSE,TRUE
2025-ORUMA-000530,0.1,Class A,NA,NA,NA,NA,WF,0,2025,NA,NA,FALSE,TRUE
2024-ORWIF-240198,16.68,Class C,2025-10-31T17:19:00Z,11303.633333333331,NA,NA,WF,0,2024,NA,NA,FALSE,TRUE
2024-ORWIF-240214,2848.73,Class F,NA,NA,NA,NA,WF,0,2024,NA,NA,FALSE,TRUE
2025-ORWIF-250452,0.4,Class B,2025-10-31T17:22:00Z,882.6544444444445,NA,NA,WF,0,2025,NA,NA,FALSE,TRUE
2025-ORSUF-250298,0.1,Class A,2025-08-15T20:55:00Z,53.64472222222222,NA,NA,WF,0,2025,NA,NA,FALSE,TRUE
2024-ORWIF-240208,11262.86,Class G,2025-10-31T17:22:00Z,11302.383333333331,NA,NA,WF,0,2024,NA,NA,FALSE,TRUE
2025-OR532S-000001,0,Class A,NA,NA,NA,NA,WF,0,2025,NA,NA,FALSE,TRUE
2025-OR711S-045625,0.01,Class A,NA,NA,NA,NA,WF,0,2025,NA,NA,FALSE,TRUE
2025-OR981S-250695,2.12,Class B,NA,NA,NA,NA,WF,0,2025,NA,NA,FALSE,TRUE
2025-OR982S-250539,0.1,Class A,2025-08-27T19:00:00Z,44.3125,NA,NA,WF,0,2025,NA,NA,FALSE,TRUE
2025-ORNOD-531034,1.98,Class B,NA,NA,NA,NA,WF,0,2025,NA,NA,FALSE,TRUE
2025-ORWWF-000657,0.67,Class B,2025-11-03T18:02:00Z,42.516666666666666,NA,NA,WF,0,2025,NA,NA,FALSE,TRUE
2025-ORNOD-552013,0.1,Class A,NA,NA,NA,NA,WF,0,2025,NA,NA,FALSE,TRUE
2025-ORNOD-552029,0,Class A,NA,NA,NA,NA,WF,0,2025,NA,NA,FALSE,TRUE
2025-ORNOD-552024,0,Class A,NA,NA,NA,NA,WF,0,2025,NA,NA,FALSE,TRUE
2025-ORNOD-552025,0,Class A,NA,NA,NA,NA,WF,0,2025,NA,NA,FALSE,TRUE
2025-ORNOD-552032,0.19,Class A,NA,NA,NA,NA,WF,0,2025,NA,NA,FALSE,TRUE
2025-ORWWF-000650,0.1,Class A,2025-11-03T18:34:00Z,71.68583333333333,NA,NA,WF,0,2025,NA,NA,FALSE,TRUE
2025-ORNOD-551018,0,Class A,NA,NA,NA,NA,WF,0,2025,NA,NA,FALSE,TRUE
2025-ORNOD-781133,0.56,Class B,NA,NA,NA,NA,WF,0,2025,NA,NA,FALSE,TRUE
2025-OR781S-000157,0.11,Class A,NA,NA,NA,NA,WF,0,2025,NA,NA,FALSE,TRUE
2025-ORNOD-781134,1.25,Class B,NA,NA,NA,NA,WF,0,2025,NA,NA,FALSE,TRUE
2025-ORNOD-781062,2.81,Class B,NA,NA,NA,NA,WF,0,2025,NA,NA,FALSE,TRUE
2025-ORNOD-771045,0,Class A,NA,NA,NA,NA,WF,0,2025,NA,NA,FALSE,TRUE
2025-ORNOD-771047,0,Class A,NA,NA,NA,NA,WF,0,2025,NA,NA,FALSE,TRUE
2025-ORNOD-771130,0.1,Class A,NA,NA,NA,NA,WF,0,2025,NA,NA,FALSE,TRUE
2025-ORUMF-000224,0.25,Class A,2025-07-12T22:08:00Z,29.633333333333333,NA,NA,WF,0,2025,NA,NA,FALSE,TRUE
2025-ORUMF-000625,0.1,Class A,NA,NA,NA,NA,WF,0,2025,NA,NA,FALSE,TRUE
2025-ORUPF-250401,26.44,Class C,2025-11-03T18:00:00Z,1366.3333333333333,NA,NA,WF,0,2025,NA,NA,FALSE,TRUE
2025-ORROD-733264,0.2,Class A,NA,NA,NA,NA,WF,0,2025,NA,NA,FALSE,TRUE
2025-ORROD-731408,0,Class A,NA,NA,NA,NA,WF,0,2025,NA,NA,FALSE,TRUE
2025-ORROD-732295,0.01,Class A,NA,NA,NA,NA,WF,0,2025,NA,NA,FALSE,TRUE
2025-ORROD-732291,0,Class A,NA,NA,NA,NA,WF,0,2025,NA,NA,FALSE,TRUE
2025-OR732S-000298,0.04,Class A,NA,NA,NA,NA,WF,0,2025,NA,NA,FALSE,TRUE
2025-OR721S-016525,1.5,Class B,NA,NA,NA,NA,WF,0,2025,NA,NA,FALSE,TRUE
2025-OR721S-016425,0.31,Class B,NA,NA,NA,NA,WF,0,2025,NA,NA,FALSE,TRUE
2025-ORUPF-250328,0.35,Class B,2025-11-04T15:27:00Z,1747.6986111111112,NA,NA,WF,0,2025,NA,NA,FALSE,TRUE
2025-ORMED-042526,0,Class A,NA,NA,NA,NA,WF,0,2025,NA,NA,FALSE,TRUE
2025-ORMED-022426,0.5,Class B,NA,NA,NA,NA,WF,0,2025,NA,NA,FALSE,TRUE
2025-ORMED-040326,0.03,Class A,NA,NA,NA,NA,WF,0,2025,NA,NA,FALSE,TRUE
2025-ORMED-039726,0,Class A,NA,NA,NA,NA,WF,0,2025,NA,NA,FALSE,TRUE
2025-ORWWF-000655,0.25,Class A,2025-11-04T19:54:00Z,68.91666666666667,NA,NA,WF,0,2025,NA,NA,FALSE,TRUE
2025-ORWIF-250433,12.14,Class C,2025-11-04T00:07:00Z,1127.8419444444444,NA,NA,WF,0,2025,NA,NA,FALSE,TRUE
2025-ORDEF-000591,0.2,Class A,2025-07-26T01:12:00Z,76.43583333333333,NA,NA,WF,0,2025,NA,NA,FALSE,TRUE
2025-ORNOD-781123,0.01,Class A,NA,NA,NA,NA,WF,0,2025,NA,NA,FALSE,TRUE
2025-ORNOD-781078,0.14,Class A,NA,NA,NA,NA,WF,0,2025,NA,NA,FALSE,TRUE
2025-ORNOD-781031,0.01,Class A,NA,NA,NA,NA,WF,0,2025,NA,NA,FALSE,TRUE
2025-ORNOD-781196,0.15,Class A,NA,NA,NA,NA,WF,0,2025,NA,NA,FALSE,TRUE
2025-OR721S-005426,0.01,Class A,NA,NA,NA,NA,WF,0,2025,NA,NA,FALSE,TRUE
2025-ORNOD-582024,0,Class A,NA,NA,NA,NA,WF,0,2025,NA,NA,FALSE,TRUE
2025-ORNOD-772068,0.25,Class A,NA,NA,NA,NA,WF,0,2025,NA,NA,FALSE,TRUE
2025-ORNOD-771056,0.01,Class A,NA,NA,NA,NA,WF,0,2025,NA,NA,FALSE,TRUE
2025-ORNOD-771052,0.01,Class A,NA,NA,NA,NA,WF,0,2025,NA,NA,FALSE,TRUE
2025-OR712S-020626,0,Class A,NA,NA,NA,NA,WF,0,2025,NA,NA,FALSE,TRUE
2025-OR712S-038326,0,Class A,NA,NA,NA,NA,WF,0,2025,NA,NA,FALSE,TRUE
2025-OR712S-050626,0.08,Class A,NA,NA,NA,NA,WF,0,2025,NA,NA,FALSE,TRUE
2025-OR712S-029326,0.03,Class A,NA,NA,NA,NA,WF,0,2025,NA,NA,FALSE,TRUE
2025-OR712S-712088,0.05,Class A,NA,NA,NA,NA,WF,0,2025,NA,NA,FALSE,TRUE
2025-ORMED-712439,0.1,Class A,NA,NA,NA,NA,WF,0,2025,NA,NA,FALSE,TRUE
2025-OR956S-025241,121.66,Class D,NA,NA,NA,NA,WF,0,2025,NA,NA,FALSE,TRUE
2025-ORPRD-001016,437.61,Class E,2025-09-29T20:34:00Z,527.2675,NA,NA,WF,0,2025,NA,NA,FALSE,TRUE
2025-OR953S-000856,4,Class B,NA,NA,NA,NA,WF,0,2025,NA,NA,FALSE,TRUE
2025-OR723S-007526,0,Class A,NA,NA,NA,NA,WF,0,2025,NA,NA,FALSE,TRUE
2025-OR721S-009526,0,Class A,NA,NA,NA,NA,WF,0,2025,NA,NA,FALSE,TRUE
2024-OR712S-000156,7.02,Class B,NA,NA,NA,NA,WF,0,2024,NA,NA,FALSE,TRUE
2025-ORDEF-001155,0.1,Class A,2025-10-29T16:49:00Z,16.285833333333333,NA,NA,WF,0,2025,NA,NA,FALSE,TRUE
2025-ORWWF-000665,0.1,Class A,2025-11-12T17:28:00Z,69.00305555555556,NA,NA,WF,0,2025,NA,NA,FALSE,TRUE
2025-ORWWF-000653,0.5,Class B,2025-11-12T19:21:00Z,262.57,NA,NA,WF,0,2025,NA,NA,FALSE,TRUE
2025-OR982S-250645,0.1,Class A,NA,NA,NA,NA,WF,0,2025,NA,NA,FALSE,TRUE
2025-OR981S-250308,2636.68,Class F,2025-11-12T23:00:00Z,3053.266666666667,NA,NA,WF,0,2025,NA,NA,FALSE,TRUE
2025-OR982S-250196,64.92,Class C,2025-11-12T23:00:00Z,3237.5833333333335,NA,NA,WF,0,2025,NA,NA,FALSE,TRUE
2025-OR982S-250327,21.63,Class C,2025-11-12T23:00:00Z,2924.7833333333333,NA,NA,WF,0,2025,NA,NA,FALSE,TRUE
2025-OR981S-250667,300.64,Class E,2025-11-12T23:00:00Z,1246.8833333333334,NA,NA,WF,0,2025,NA,NA,FALSE,TRUE
2025-OR722S-000826,0,Class A,NA,NA,NA,NA,WF,0,2025,NA,NA,FALSE,TRUE
2025-ORPRD-001161,0.1,Class A,2025-11-12T16:45:00Z,48.10583333333334,NA,NA,WF,0,2025,NA,NA,FALSE,TRUE
2025-OR981S-250692,0.1,Class A,2025-11-12T23:00:00Z,627.8983333333333,NA,NA,WF,0,2025,NA,NA,FALSE,TRUE
2025-ORWIF-250269,29.31,Class C,2025-11-03T19:30:00Z,2108.95,NA,NA,WF,0,2025,NA,NA,FALSE,TRUE
2025-OR771S-771071,0,Class A,NA,NA,NA,NA,WF,0,2025,NA,NA,FALSE,TRUE
2025-ORMED-009126,16.29,Class C,NA,NA,NA,NA,WF,0,2025,NA,NA,FALSE,TRUE
2025-ORRSF-000446,0.1,Class A,2025-11-14T15:27:00Z,611.7316666666667,NA,NA,WF,0,2025,NA,NA,FALSE,TRUE
2025-ORRSF-000448,0.1,Class A,2025-11-14T15:27:00Z,404.87944444444446,NA,NA,WF,0,2025,NA,NA,FALSE,TRUE
2025-ORRSF-000467,0.1,Class A,2025-11-11T21:26:00Z,0.04666666666666667,NA,NA,WF,0,2025,NA,NA,FALSE,TRUE
2025-ORRSF-000466,0.1,Class A,2025-11-12T19:33:00Z,25.435,NA,NA,WF,0,2025,NA,NA,FALSE,TRUE
2025-OR721S-007026,0,Class A,NA,NA,NA,NA,WF,0,2025,NA,NA,FALSE,TRUE
2025-ORMAF-025299,9.7,Class B,2025-11-17T17:38:00Z,333.6513888888889,NA,NA,WF,0,2025,NA,NA,FALSE,TRUE
2025-ORWWF-000671,0.1,Class A,2025-11-17T18:30:00Z,45.6975,NA,NA,WF,0,2025,NA,NA,FALSE,TRUE
2025-ORWWF-000661,0,Class A,NA,NA,NA,NA,WF,0,2025,NA,NA,FALSE,TRUE
2025-ORWWF-000667,0.1,Class A,NA,NA,NA,NA,WF,0,2025,NA,NA,FALSE,TRUE
2025-OR972S-000241,0.1,Class A,NA,NA,NA,NA,WF,0,2025,NA,NA,FALSE,TRUE
2025-ORWSA-000152,0.5,Class B,2025-11-11T20:00:00Z,72.88333333333334,NA,NA,WF,0,2025,NA,NA,FALSE,TRUE
2025-ORMAF-025310,0.1,Class A,2025-11-17T19:18:00Z,45.151666666666664,NA,NA,WF,0,2025,NA,NA,FALSE,TRUE
2025-ORUPF-250345,53.01,Class C,2025-11-18T20:00:00Z,2064.516666666667,NA,NA,WF,0,2025,NA,NA,FALSE,TRUE
2025-ORFWF-250139,0.05,Class A,2025-06-12T15:44:00Z,38.75111111111111,NA,NA,WF,0,2025,NA,NA,FALSE,TRUE
2025-ORFWF-250224,0.1,Class A,2025-07-07T19:21:00Z,138.10916666666665,NA,NA,WF,0,2025,NA,NA,FALSE,TRUE
2025-OR711S-046225,0.78,Class B,NA,NA,NA,NA,WF,0,2025,NA,NA,FALSE,TRUE
2025-OR973S-000243,23.62,Class C,NA,NA,NA,NA,WF,0,2025,NA,NA,FALSE,TRUE
2025-ORVAD-000669,0.1,Class A,2025-11-18T18:24:00Z,116.58333333333331,NA,NA,WF,0,2025,NA,NA,FALSE,TRUE
2025-ORLAD-250520,0.01,Class A,2025-09-04T21:14:00Z,267.51194444444445,NA,NA,WF,0,2025,NA,NA,FALSE,TRUE
2025-ORLAD-250543,116.15,Class D,NA,NA,NA,NA,WF,0,2025,NA,NA,FALSE,TRUE
2025-ORDEF-000978,54.47,Class C,2025-11-07T19:23:00Z,1510.6166666666666,NA,NA,WF,0,2025,NA,NA,FALSE,TRUE
2025-ORLAD-250629,6.58,Class B,NA,NA,NA,NA,WF,0,2025,NA,NA,FALSE,TRUE
2025-ORMAF-002689,0.12,Class A,2025-09-22T19:49:00Z,194.41416666666663,NA,NA,WF,0,2025,NA,NA,FALSE,TRUE
2025-OR711S-021626,0.65,Class B,NA,NA,NA,NA,WF,0,2025,NA,NA,FALSE,TRUE
2025-OR721S-006426,6.2,Class B,NA,NA,NA,NA,WF,0,2025,NA,NA,FALSE,TRUE
2025-OR711S-038526,1.84,Class B,NA,NA,NA,NA,WF,0,2025,NA,NA,FALSE,TRUE
2025-ORFWF-250592,0.54,Class B,2025-09-09T19:04:00Z,148.53333333333333,NA,NA,WF,0,2025,NA,NA,FALSE,TRUE
2025-ORMAF-002703,0.1,Class A,2025-10-22T23:05:00Z,120.05222222222224,NA,NA,WF,0,2025,NA,NA,FALSE,TRUE
2025-OR974S-000050,3,Class B,2025-04-18T20:34:00Z,1.5655555555555556,NA,NA,WF,0,2025,NA,NA,FALSE,TRUE
2025-OR974S-000184,0.5,Class B,NA,NA,NA,NA,WF,0,2025,NA,NA,FALSE,TRUE
2025-OR974S-000253,0.1,Class A,NA,NA,NA,NA,WF,0,2025,NA,NA,FALSE,TRUE
2025-OR974S-000556,14.37,Class C,NA,NA,NA,NA,WF,0,2025,NA,NA,FALSE,TRUE
2025-ORMAF-025298,0.2,Class A,2025-11-19T20:30:00Z,457.0211111111111,NA,NA,WF,0,2025,NA,NA,FALSE,TRUE
2025-ORROD-732308,0.16,Class A,NA,NA,NA,NA,WF,0,2025,NA,NA,FALSE,TRUE
2025-ORROD-732562,0.56,Class B,NA,NA,NA,NA,WF,0,2025,NA,NA,FALSE,TRUE
2025-OR722S-006126,0,Class A,NA,NA,NA,NA,WF,0,2025,NA,NA,FALSE,TRUE
2025-OR723S-005626,0.01,Class A,NA,NA,NA,NA,WF,0,2025,NA,NA,FALSE,TRUE
2025-OR721S-006826,0,Class A,NA,NA,NA,NA,WF,0,2025,NA,NA,FALSE,TRUE
2025-ORCBD-72109826,0,Class A,NA,NA,NA,NA,WF,0,2025,NA,NA,FALSE,TRUE
2025-OR721S-009926,0,Class A,NA,NA,NA,NA,WF,0,2025,NA,NA,FALSE,TRUE
2025-OR721S-012926,0,Class A,NA,NA,NA,NA,WF,0,2025,NA,NA,FALSE,TRUE
2025-OR721S-013026,0,Class A,NA,NA,NA,NA,WF,0,2025,NA,NA,FALSE,TRUE
2025-OR732S-000145,0,Class A,NA,NA,NA,NA,WF,0,2025,NA,NA,FALSE,TRUE
2025-OR731S-000335,0,Class A,NA,NA,NA,NA,WF,0,2025,NA,NA,FALSE,TRUE
2025-OR733S-000225,0,Class A,NA,NA,NA,NA,WF,0,2025,NA,NA,FALSE,TRUE
2025-OR733S-000237,0,Class A,NA,NA,NA,NA,WF,0,2025,NA,NA,FALSE,TRUE
2025-ORMAF-025302,0.1,Class A,2025-11-20T17:58:00Z,213.695,NA,NA,WF,0,2025,NA,NA,FALSE,TRUE
2025-ORCBD-72212226,1.66,Class B,NA,NA,NA,NA,WF,0,2025,NA,NA,FALSE,TRUE
2025-ORRSF-000480,0.1,Class A,2025-11-20T19:48:00Z,0.5811111111111111,NA,NA,WF,0,2025,NA,NA,FALSE,TRUE
2025-ORRSF-000382,15.37,Class C,2025-09-15T22:50:00Z,316.43333333333334,NA,NA,WF,0,2025,NA,NA,FALSE,TRUE
2025-ORWIF-250231,11.19,Class C,2025-10-30T20:20:00Z,2254.65,NA,NA,WF,0,2025,NA,NA,FALSE,TRUE
2025-ORPRD-000385,14.69,Class C,2025-07-12T22:00:00Z,246.98333333333332,NA,NA,WF,0,2025,NA,NA,FALSE,TRUE
2025-ORMAF-002711,0.1,Class A,2025-11-20T17:25:00Z,406.8122222222222,NA,NA,WF,0,2025,NA,NA,FALSE,TRUE
2025-OR733S-000390,0,Class A,NA,NA,NA,NA,WF,0,2025,NA,NA,FALSE,TRUE
2025-OR722S-009426,0,Class A,NA,NA,NA,NA,WF,0,2025,NA,NA,FALSE,TRUE
2025-ORRSF-000123,2.43,Class B,2025-07-12T20:15:00Z,268.1113888888889,NA,NA,WF,0,2025,NA,NA,FALSE,TRUE
2025-ORRSF-000115,0.42,Class B,NA,NA,NA,NA,WF,0,2025,NA,NA,FALSE,TRUE
2025-ORMED-016526,5.89,Class B,NA,NA,NA,NA,WF,0,2025,NA,NA,FALSE,TRUE
2025-ORMED-028726,0.01,Class A,NA,NA,NA,NA,WF,0,2025,NA,NA,FALSE,TRUE
2025-ORMED-712322,0.14,Class A,NA,NA,NA,NA,WF,0,2025,NA,NA,FALSE,TRUE
2025-ORMED-035226,0.17,Class A,NA,NA,NA,NA,WF,0,2025,NA,NA,FALSE,TRUE
2025-OR711S-035126,0.05,Class A,NA,NA,NA,NA,WF,0,2025,NA,NA,FALSE,TRUE
2025-ORROD-731284,0.35,Class B,NA,NA,NA,NA,WF,0,2025,NA,NA,FALSE,TRUE
2025-ORMED-034826,0.11,Class A,NA,NA,NA,NA,WF,0,2025,NA,NA,FALSE,TRUE
2025-OR712S-072225,0.01,Class A,NA,NA,NA,NA,WF,0,2025,NA,NA,FALSE,TRUE
2025-OR712S-074225,8.34,Class B,NA,NA,NA,NA,WF,0,2025,NA,NA,FALSE,TRUE
2025-OR711S-046425,0.11,Class A,NA,NA,NA,NA,WF,0,2025,NA,NA,FALSE,TRUE
2025-OR711S-047725,0.24,Class A,NA,NA,NA,NA,WF,0,2025,NA,NA,FALSE,TRUE
2025-OR711S-048725,0.06,Class A,NA,NA,NA,NA,WF,0,2025,NA,NA,FALSE,TRUE
2025-OR712S-078925,0.05,Class A,NA,NA,NA,NA,WF,0,2025,NA,NA,FALSE,TRUE
2025-OR712S-000126,0.02,Class A,NA,NA,NA,NA,WF,0,2025,NA,NA,FALSE,TRUE
2025-OR711S-001626,0.03,Class A,NA,NA,NA,NA,WF,0,2025,NA,NA,FALSE,TRUE
2025-OR712S-002326,0.02,Class A,NA,NA,NA,NA,WF,0,2025,NA,NA,FALSE,TRUE
2025-OR712S-002126,0.03,Class A,NA,NA,NA,NA,WF,0,2025,NA,NA,FALSE,TRUE
2025-OR712S-002626,0.13,Class A,NA,NA,NA,NA,WF,0,2025,NA,NA,FALSE,TRUE
2025-OR711S-016026,1.73,Class B,NA,NA,NA,NA,WF,0,2025,NA,NA,FALSE,TRUE
2025-OR581S-000018,1.07,Class B,NA,NA,NA,NA,WF,0,2025,NA,NA,FALSE,TRUE
2025-OR952S-002592,0,Class A,2025-08-03T20:29:00Z,550.4333333333333,NA,NA,WF,0,2025,NA,NA,FALSE,TRUE
2025-OR712S-015426,0.16,Class A,NA,NA,NA,NA,WF,0,2025,NA,NA,FALSE,TRUE
2025-OR712S-016826,0.04,Class A,NA,NA,NA,NA,WF,0,2025,NA,NA,FALSE,TRUE
2025-OR733S-000185,0.33,Class B,NA,NA,NA,NA,WF,0,2025,NA,NA,FALSE,TRUE
2025-OR711S-024226,0.32,Class B,NA,NA,NA,NA,WF,0,2025,NA,NA,FALSE,TRUE
2025-OR711S-024626,1.01,Class B,NA,NA,NA,NA,WF,0,2025,NA,NA,FALSE,TRUE
2025-OR712S-023726,0.05,Class A,NA,NA,NA,NA,WF,0,2025,NA,NA,FALSE,TRUE
2025-OR711S-024826,0.53,Class B,NA,NA,NA,NA,WF,0,2025,NA,NA,FALSE,TRUE
2025-OR712S-025826,0.09,Class A,NA,NA,NA,NA,WF,0,2025,NA,NA,FALSE,TRUE
2025-OR712S-025726,0.03,Class A,NA,NA,NA,NA,WF,0,2025,NA,NA,FALSE,TRUE
2025-OR772S-000059,28.55,Class C,NA,NA,NA,NA,WF,0,2025,NA,NA,FALSE,TRUE
2025-OR711S-029426,0.04,Class A,NA,NA,NA,NA,WF,0,2025,NA,NA,FALSE,TRUE
2025-ORMED-712308,0.02,Class A,NA,NA,NA,NA,WF,0,2025,NA,NA,FALSE,TRUE
2025-OR712S-030726,0.05,Class A,NA,NA,NA,NA,WF,0,2025,NA,NA,FALSE,TRUE
2025-OR712S-031726,0.02,Class A,NA,NA,NA,NA,WF,0,2025,NA,NA,FALSE,TRUE
2025-OR711S-033926,0.01,Class A,NA,NA,NA,NA,WF,0,2025,NA,NA,FALSE,TRUE
2025-ORMED-034126,0,Class A,NA,NA,NA,NA,WF,0,2025,NA,NA,FALSE,TRUE
2025-OR772S-000072,0.03,Class A,NA,NA,NA,NA,WF,0,2025,NA,NA,FALSE,TRUE
2025-OR711S-034926,8.06,Class B,NA,NA,NA,NA,WF,0,2025,NA,NA,FALSE,TRUE
2025-OR732S-000299,0.03,Class A,NA,NA,NA,NA,WF,0,2025,NA,NA,FALSE,TRUE
2025-OR712S-035226,0.14,Class A,NA,NA,NA,NA,WF,0,2025,NA,NA,FALSE,TRUE
2025-OR711S-036726,3.03,Class B,NA,NA,NA,NA,WF,0,2025,NA,NA,FALSE,TRUE
2025-OR532S-000018,0.31,Class B,NA,NA,NA,NA,WF,0,2025,NA,NA,FALSE,TRUE
2025-OR711S-037526,0.12,Class A,NA,NA,NA,NA,WF,0,2025,NA,NA,FALSE,TRUE
2025-OR711S-037926,0.01,Class A,NA,NA,NA,NA,WF,0,2025,NA,NA,FALSE,TRUE
2025-OR711S-036126,0.02,Class A,NA,NA,NA,NA,WF,0,2025,NA,NA,FALSE,TRUE
2025-OR581S-000044,1.52,Class B,NA,NA,NA,NA,WF,0,2025,NA,NA,FALSE,TRUE
2025-ORCBD-72111626,0.05,Class A,NA,NA,NA,NA,WF,0,2025,NA,NA,FALSE,TRUE
2025-OR711S-037626,0.08,Class A,NA,NA,NA,NA,WF,0,2025,NA,NA,FALSE,TRUE
2025-OR721S-011926,0,Class A,NA,NA,NA,NA,WF,0,2025,NA,NA,FALSE,TRUE
2025-OR733S-000031,0,Class A,NA,NA,NA,NA,WF,0,2025,NA,NA,FALSE,TRUE
2025-OR733S-0000037,0.1,Class A,NA,NA,NA,NA,WF,0,2025,NA,NA,FALSE,TRUE
2025-OR731S-000042,0.31,Class B,NA,NA,NA,NA,WF,0,2025,NA,NA,FALSE,TRUE
2025-OR731S-000030,0,Class A,NA,NA,NA,NA,WF,0,2025,NA,NA,FALSE,TRUE
2025-OR733S-000029,0,Class A,NA,NA,NA,NA,WF,0,2025,NA,NA,FALSE,TRUE
2025-OR733S-000061,0.1,Class A,NA,NA,NA,NA,WF,0,2025,NA,NA,FALSE,TRUE
2025-OR733S-000139,0,Class A,NA,NA,NA,NA,WF,0,2025,NA,NA,FALSE,TRUE
2025-OR582S-000015,0,Class A,NA,NA,NA,NA,WF,0,2025,NA,NA,FALSE,TRUE
2025-OR712S-050926,0,Class A,NA,NA,NA,NA,WF,0,2025,NA,NA,FALSE,TRUE
2025-OR712S-017026,0,Class A,NA,NA,NA,NA,WF,0,2025,NA,NA,FALSE,TRUE
2025-ORMED-712507,0,Class A,NA,NA,NA,NA,WF,0,2025,NA,NA,FALSE,TRUE
2025-ORMED-712048,1,Class B,NA,NA,NA,NA,WF,0,2025,NA,NA,FALSE,TRUE
2025-OR712S-027126,0.36,Class B,NA,NA,NA,NA,WF,0,2025,NA,NA,FALSE,TRUE
2025-ORMED-035526,0.1,Class A,NA,NA,NA,NA,WF,0,2025,NA,NA,FALSE,TRUE
2025-OR712S-019426,2.55,Class B,NA,NA,NA,NA,WF,0,2025,NA,NA,FALSE,TRUE
2025-ORMED-711419,0.1,Class A,NA,NA,NA,NA,WF,0,2025,NA,NA,FALSE,TRUE
2025-ORMAF-025312,0.1,Class A,2025-11-25T21:10:00Z,144.18166666666667,NA,NA,WF,0,2025,NA,NA,FALSE,TRUE
2025-ORMED-007126,4.79,Class B,NA,NA,NA,NA,WF,0,2025,NA,NA,FALSE,TRUE
2025-ORMED-008626,0.49,Class B,NA,NA,NA,NA,WF,0,2025,NA,NA,FALSE,TRUE
2025-ORMED-006126,11.05,Class C,NA,NA,NA,NA,WF,0,2025,NA,NA,FALSE,TRUE
2025-ORPRD-001163,0.1,Class A,2025-11-17T22:11:00Z,1.9116666666666664,NA,NA,WF,0,2025,NA,NA,FALSE,TRUE
2025-OR954S-001151,92.2,Class C,2025-11-26T19:00:00Z,1921.6333333333337,NA,NA,WF,0,2025,NA,NA,FALSE,TRUE
2025-ORDEF-001171,0.1,Class A,2025-12-01T20:41:00Z,64.49583333333334,NA,NA,WF,0,2025,NA,NA,FALSE,TRUE
2025-ORFWF-250696,0.1,Class A,2025-12-01T08:00:00Z,566.4313888888889,NA,NA,WF,0,2025,NA,NA,FALSE,TRUE
2025-ORVAD-250295,12.13,Class C,2025-10-28T16:00:00Z,667.2152777777778,NA,NA,WF,0,2025,NA,NA,FALSE,TRUE
2025-ORVAD-250296,0.25,Class A,2025-10-28T16:00:00Z,601.8383333333334,NA,NA,WF,0,2025,NA,NA,FALSE,TRUE
2025-OR971S-000089,0.1,Class A,NA,NA,NA,NA,WF,0,2025,NA,NA,FALSE,TRUE
2025-OR971S-000432,0.1,Class A,NA,NA,NA,NA,WF,0,2025,NA,NA,FALSE,TRUE
2025-OR971S-000658,8,Class B,NA,NA,NA,NA,WF,0,2025,NA,NA,FALSE,TRUE
2025-OR971S-000642,0.25,Class A,NA,NA,NA,NA,WF,0,2025,NA,NA,FALSE,TRUE
2025-ORMAF-025308,1.65,Class B,2025-12-02T22:30:00Z,434.38166666666666,NA,NA,WF,0,2025,NA,NA,FALSE,TRUE
2025-ORMAF-025306,0.1,Class A,2025-12-02T22:30:00Z,475.55,NA,NA,WF,0,2025,NA,NA,FALSE,TRUE
2025-ORMAF-025303,0.1,Class A,2025-12-02T22:30:00Z,503.79333333333335,NA,NA,WF,0,2025,NA,NA,FALSE,TRUE
2025-ORMAF-025300,0.25,Class A,2025-12-02T22:30:00Z,532.35,NA,NA,WF,0,2025,NA,NA,FALSE,TRUE
2025-OR952S-025132,41.2,Class C,2025-12-02T23:02:00Z,3459.8480555555557,NA,NA,WF,0,2025,NA,NA,FALSE,TRUE
2025-ORMAF-002712,0,Class A,NA,NA,NA,NA,WF,0,2025,NA,NA,FALSE,TRUE
2025-OROCF-001134,3,Class B,2025-10-15T17:00:00Z,161.9375,NA,NA,WF,0,2025,NA,NA,FALSE,TRUE
2025-OROCF-001048,0.1,Class A,2025-10-15T15:31:00Z,862.4797222222222,NA,NA,WF,0,2025,NA,NA,FALSE,TRUE
2025-ORMAF-025307,1,Class B,2025-12-02T22:30:00Z,458.18583333333333,NA,NA,WF,0,2025,NA,NA,FALSE,TRUE
2025-ORDEF-001173,0.1,Class A,2025-12-10T19:30:00Z,213.33944444444444,NA,NA,WF,0,2025,NA,NA,FALSE,TRUE
2025-ORPRD-000300,294.13,Class D,2025-07-16T18:28:00Z,694.6194444444444,NA,NA,WF,0,2025,NA,NA,FALSE,TRUE
2025-ORPRD-000400,1007.09,Class F,2025-07-08T19:00:00Z,138.48333333333332,NA,NA,WF,0,2025,NA,NA,FALSE,TRUE
2025-ORPRD-000920,235.36,Class D,NA,NA,NA,NA,WF,0,2025,NA,NA,FALSE,TRUE
2025-ORPRD-000948,152.94,Class D,NA,NA,NA,NA,WF,0,2025,NA,NA,FALSE,TRUE
2025-ORPRD-000803,124.8,Class D,2025-08-11T19:35:00Z,68.56666666666666,NA,NA,WF,0,2025,NA,NA,FALSE,TRUE
2025-OR953S-000383,73.26,Class C,2025-07-09T18:22:00Z,183.38333333333333,NA,NA,WF,0,2025,NA,NA,FALSE,TRUE
2025-ORVAD-250275,0.02,Class A,2025-09-30T16:00:00Z,545.1383333333333,NA,NA,WF,0,2025,NA,NA,FALSE,TRUE
2025-ORVAD-250288,0.35,Class B,2025-09-30T16:00:00Z,233.36944444444444,NA,NA,WF,0,2025,NA,NA,FALSE,TRUE
2025-OR951S-000396,0.1,Class A,2025-07-08T19:01:00Z,140.38,NA,NA,WF,0,2025,NA,NA,FALSE,TRUE
2025-OR951S-000391,369.36,Class E,NA,NA,NA,NA,WF,0,2025,NA,NA,FALSE,TRUE
2025-OR951S-000497,0.25,Class A,2025-07-13T18:47:00Z,113.66694444444444,NA,NA,WF,0,2025,NA,NA,FALSE,TRUE
2025-OROCF-001066,0.1,Class A,NA,NA,NA,NA,WF,0,2025,NA,NA,FALSE,TRUE
2025-OR952S-025293,0.75,Class B,2025-10-14T18:16:00Z,142.30916666666667,NA,NA,WF,0,2025,NA,NA,FALSE,TRUE
2025-OR732S-000203,0,Class A,NA,NA,NA,NA,WF,0,2025,NA,NA,FALSE,TRUE
2025-OR732S-000296,0,Class A,NA,NA,NA,NA,WF,0,2025,NA,NA,FALSE,TRUE
2025-OR732S-000132,0.1,Class A,NA,NA,NA,NA,WF,0,2025,NA,NA,FALSE,TRUE
2025-OR733S-000369,0,Class A,NA,NA,NA,NA,WF,0,2025,NA,NA,FALSE,TRUE
2025-OR732S-000148,2.24,Class B,NA,NA,NA,NA,WF,0,2025,NA,NA,FALSE,TRUE
2025-OR732S-000409,0,Class A,NA,NA,NA,NA,WF,0,2025,NA,NA,FALSE,TRUE
2025-OR733S-000617,17.94,Class C,NA,NA,NA,NA,WF,0,2025,NA,NA,FALSE,TRUE
2025-OR733S-000263,0.01,Class A,NA,NA,NA,NA,WF,0,2025,NA,NA,FALSE,TRUE
2025-OR732S-000313,0.11,Class A,NA,NA,NA,NA,WF,0,2025,NA,NA,FALSE,TRUE
2025-OR731S-000241,0,Class A,NA,NA,NA,NA,WF,0,2025,NA,NA,FALSE,TRUE
2025-ORRSF-000267,0.1,Class A,2025-08-04T17:34:00Z,18.281388888888888,NA,NA,WF,0,2025,NA,NA,FALSE,TRUE
2025-OR731S-000113,4.8,Class B,NA,NA,NA,NA,WF,0,2025,NA,NA,FALSE,TRUE
2025-OR731S-000025,0,Class A,NA,NA,NA,NA,WF,0,2025,NA,NA,FALSE,TRUE
2025-ORDEF-001149,0.1,Class A,2025-10-29T18:15:00Z,122.95305555555557,NA,NA,WF,0,2025,NA,NA,FALSE,TRUE
2025-OR733S-000218,0,Class A,NA,NA,NA,NA,WF,0,2025,NA,NA,FALSE,TRUE
2025-OR731S-000280,0,Class A,NA,NA,NA,NA,WF,0,2025,NA,NA,FALSE,TRUE
2025-OR731S-000138,0,Class A,NA,NA,NA,NA,WF,0,2025,NA,NA,FALSE,TRUE
2025-OR732S-000246,145,Class D,NA,NA,NA,NA,WF,0,2025,NA,NA,FALSE,TRUE
2025-ORMAF-025301,7.11,Class B,2025-12-02T22:30:00Z,528.3808333333334,NA,NA,WF,0,2025,NA,NA,FALSE,TRUE
2025-OR532S-000014,0,Class A,NA,NA,NA,NA,WF,0,2025,NA,NA,FALSE,TRUE
2025-OR956S-025305,14.2,Class C,2025-12-02T23:10:00Z,482.64416666666665,NA,NA,WF,0,2025,NA,NA,FALSE,TRUE
2025-ORMED-712275,0.05,Class A,NA,NA,NA,NA,WF,0,2025,NA,NA,FALSE,TRUE
2025-OR731S-000213,0.02,Class A,NA,NA,NA,NA,WF,0,2025,NA,NA,FALSE,TRUE
2025-OR731S-000283,0.07,Class A,NA,NA,NA,NA,WF,0,2025,NA,NA,FALSE,TRUE
2025-OR731S-000317,1.55,Class B,NA,NA,NA,NA,WF,0,2025,NA,NA,FALSE,TRUE
2025-OR733S-000147,13.21,Class C,NA,NA,NA,NA,WF,0,2025,NA,NA,FALSE,TRUE
2025-OR733S-000356,0,Class A,NA,NA,NA,NA,WF,0,2025,NA,NA,FALSE,TRUE
2025-OR731S-000058,0.01,Class A,NA,NA,NA,NA,WF,0,2025,NA,NA,FALSE,TRUE
2025-OR731S-000405,0,Class A,NA,NA,NA,NA,WF,0,2025,NA,NA,FALSE,TRUE
2025-OR732S-000114,0,Class A,NA,NA,NA,NA,WF,0,2025,NA,NA,FALSE,TRUE
2025-OR711S-004726,0.1,Class A,NA,NA,NA,NA,WF,0,2025,NA,NA,FALSE,TRUE
2025-OR711S-006326,0,Class A,NA,NA,NA,NA,WF,0,2025,NA,NA,FALSE,TRUE
2025-ORRSF-000483,0.1,Class A,2025-12-01T22:47:00Z,172.21305555555554,NA,NA,WF,0,2025,NA,NA,FALSE,TRUE
2025-OR955S-000863,23357.37,Class G,NA,NA,NA,NA,WF,0,2025,NA,NA,FALSE,TRUE
2025-OR711S-042826,0.1,Class A,NA,NA,NA,NA,WF,0,2025,NA,NA,FALSE,TRUE
2025-ORRSF-000303,0.1,Class A,2025-08-29T23:02:00Z,116.12388888888889,NA,NA,WF,0,2025,NA,NA,FALSE,TRUE
2025-ORRSF-000500,0.1,Class A,2025-12-11T17:12:00Z,18.67527777777778,NA,NA,WF,0,2025,NA,NA,FALSE,TRUE
2025-ORRSF-000499,0.1,Class A,2025-12-11T17:14:00Z,18.79888888888889,NA,NA,WF,0,2025,NA,NA,FALSE,TRUE
2025-ORRSF-000501,0.1,Class A,2025-12-11T17:12:00Z,18.621944444444445,NA,NA,WF,0,2025,NA,NA,FALSE,TRUE
2025-ORRSF-000273,0.25,Class A,2025-08-14T01:02:00Z,97.2575,NA,NA,WF,0,2025,NA,NA,FALSE,TRUE
2025-ORDEF-001165,0.5,Class B,2025-12-08T16:00:00Z,452.0805555555556,NA,NA,WF,0,2025,NA,NA,FALSE,TRUE
2025-OR711S-010825,0,Class A,NA,NA,NA,NA,WF,0,2025,NA,NA,FALSE,TRUE
2025-ORUMA-000675,15.95,Class C,NA,NA,NA,NA,WF,0,2025,NA,NA,FALSE,TRUE
2025-ORRSF-000447,0,Class A,2025-10-28T20:28:00Z,21.357777777777777,NA,NA,WF,0,2025,NA,NA,FALSE,TRUE
2025-ORMED-007526,0.1,Class A,NA,NA,NA,NA,WF,0,2025,NA,NA,FALSE,TRUE
2025-ORMED-711-096-26,0.8,Class B,NA,NA,NA,NA,WF,0,2025,NA,NA,FALSE,TRUE
2025-ORMED-010126,255.98,Class D,NA,NA,NA,NA,WF,0,2025,NA,NA,FALSE,TRUE
2025-ORMED-009826,4.61,Class B,NA,NA,NA,NA,WF,0,2025,NA,NA,FALSE,TRUE
2025-ORMED-711-095-26,2.08,Class B,NA,NA,NA,NA,WF,0,2025,NA,NA,FALSE,TRUE
2025-ORMED-004426,0.1,Class A,NA,NA,NA,NA,WF,0,2025,NA,NA,FALSE,TRUE
2025-ORPRD-001107,3788.25,Class F,2025-10-07T21:27:00Z,217.93333333333337,NA,NA,WF,0,2025,NA,NA,FALSE,TRUE
2025-ORUMF-000663,0.1,Class A,2025-11-17T22:57:00Z,222.4061111111111,NA,NA,WF,0,2025,NA,NA,FALSE,TRUE
2025-ORBUD-002715,0.1,Class A,NA,NA,NA,NA,WF,0,2025,NA,NA,FALSE,TRUE
2025-ORRVC-711-088-26,0.3,Class B,NA,NA,NA,NA,WF,0,2025,NA,NA,FALSE,TRUE
2025-ORPRD-001162,0.1,Class A,2025-12-18T21:22:00Z,821.05,NA,NA,WF,0,2025,NA,NA,FALSE,TRUE
2025-ORPRD-000545,95692.14,Class G,2025-12-19T23:12:00Z,3814.6666666666665,NA,NA,WF,0,2025,NA,NA,FALSE,TRUE
2025-ORUMF-000218,0.1,Class A,2025-07-14T20:01:00Z,122,NA,NA,WF,0,2025,NA,NA,FALSE,TRUE
2025-ORVAD-250307,0,Class A,2025-12-15T17:00:00Z,769.6666666666666,NA,NA,WF,0,2025,NA,NA,FALSE,TRUE
2025-ORWSA-000007,0.1,Class A,2025-12-29T17:30:00Z,5490.283333333334,NA,NA,WF,0,2025,NA,NA,FALSE,TRUE
2025-ORWSA-000008,0.1,Class A,2025-12-29T17:30:00Z,5280.366666666667,NA,NA,WF,0,2025,NA,NA,FALSE,TRUE
2025-ORWSA-000010,2,Class B,2025-12-29T17:30:00Z,5224.4,NA,NA,WF,0,2025,NA,NA,FALSE,TRUE
2025-ORWSA-000011,4,Class B,2025-12-29T17:30:00Z,5222.95,NA,NA,WF,0,2025,NA,NA,FALSE,TRUE
2025-ORWSA-000017,10,Class C,2025-12-29T17:30:00Z,5083.433333333333,NA,NA,WF,0,2025,NA,NA,FALSE,TRUE
2025-ORWSA-000023,0.1,Class A,2025-12-29T17:30:00Z,4818.133333333333,NA,NA,WF,0,2025,NA,NA,FALSE,TRUE
2025-ORWSA-000027,18,Class C,2025-12-29T17:30:00Z,4702.716666666666,NA,NA,WF,0,2025,NA,NA,FALSE,TRUE
2025-ORWSA-000085,0.5,Class B,2025-12-29T17:30:00Z,3611.4166666666665,NA,NA,WF,0,2025,NA,NA,FALSE,TRUE
2025-ORWSA-000079,2079.08,Class F,2025-12-29T17:30:00Z,3924.516666666667,NA,NA,WF,0,2025,NA,NA,FALSE,TRUE
2025-ORDEF-001178,0.1,Class A,2025-12-30T17:46:00Z,68.57861111111112,NA,NA,WF,0,2025,NA,NA,FALSE,TRUE
2025-ORWIF-250322,33127.4,Class G,NA,NA,NA,NA,WF,0,2025,NA,NA,FALSE,TRUE
2025-OR954S-001367,164.63,Class D,2025-12-15T20:00:00Z,1414.95,NA,NA,WF,0,2025,NA,NA,FALSE,TRUE
2025-OR954S-000327,3585.94,Class F,2025-10-13T19:00:00Z,2974.5919444444444,NA,NA,WF,0,2025,NA,NA,FALSE,TRUE
2025-ORRSF-000502,0.1,Class A,2026-01-06T20:15:00Z,626.4794444444444,NA,NA,WF,0,2025,NA,NA,FALSE,TRUE
2025-OR531S-531048,0,Class A,NA,NA,NA,NA,WF,0,2025,NA,NA,FALSE,TRUE
2025-OR532S-000022,0,Class A,NA,NA,NA,NA,WF,0,2025,NA,NA,FALSE,TRUE
2025-OR531S-531024,0,Class A,NA,NA,NA,NA,WF,0,2025,NA,NA,FALSE,TRUE
2025-OR771S-000138,0.01,Class A,NA,NA,NA,NA,WF,0,2025,NA,NA,FALSE,TRUE
2025-OR711S-000726,0,Class A,NA,NA,NA,NA,WF,0,2025,NA,NA,FALSE,TRUE
2025-OR711S-003926,10.39,Class C,NA,NA,NA,NA,WF,0,2025,NA,NA,FALSE,TRUE
2025-OR711S-009726,100,Class D,NA,NA,NA,NA,WF,0,2025,NA,NA,FALSE,TRUE
2025-OR711S-029326,0,Class A,NA,NA,NA,NA,WF,0,2025,NA,NA,FALSE,TRUE
2025-OR711S-044325,0,Class A,NA,NA,NA,NA,WF,0,2025,NA,NA,FALSE,TRUE
2025-OR711S-006226,0.01,Class A,NA,NA,NA,NA,WF,0,2025,NA,NA,FALSE,TRUE
2025-OR711S-711-041-26,0,Class A,NA,NA,NA,NA,WF,0,2025,NA,NA,FALSE,TRUE
2025-OR551S-000001,0,Class A,NA,NA,NA,NA,WF,0,2025,NA,NA,FALSE,TRUE
2025-OR772S-000048,0.01,Class A,NA,NA,NA,NA,WF,0,2025,NA,NA,FALSE,TRUE
2025-OR781S-000034,0,Class A,NA,NA,NA,NA,WF,0,2025,NA,NA,FALSE,TRUE
2025-OR781S-000040,0,Class A,NA,NA,NA,NA,WF,0,2025,NA,NA,FALSE,TRUE
2025-OR781S-000008,0.01,Class A,NA,NA,NA,NA,WF,0,2025,NA,NA,FALSE,TRUE
2025-OR781S-000019,0.17,Class A,NA,NA,NA,NA,WF,0,2025,NA,NA,FALSE,TRUE
2025-ORPRD-001176,0.1,Class A,2025-12-17T00:40:00Z,2.6666666666666665,NA,NA,WF,0,2025,NA,NA,FALSE,TRUE
2025-OR956S-025131,345.46,Class E,NA,NA,NA,NA,WF,0,2025,NA,NA,FALSE,TRUE
2025-OR771S-000031,0.01,Class A,NA,NA,NA,NA,WF,0,2025,NA,NA,FALSE,TRUE
2025-OR951S-000514,0.1,Class A,NA,NA,NA,NA,WF,0,2025,NA,NA,FALSE,TRUE
2025-OR781S-000071,0.05,Class A,NA,NA,NA,NA,WF,0,2025,NA,NA,FALSE,TRUE
2025-OR781S-0000029,0,Class A,NA,NA,NA,NA,WF,0,2025,NA,NA,FALSE,TRUE
2025-ORFWF-250697,0.1,Class A,2026-01-09T21:19:00Z,266.9263888888889,NA,NA,WF,0,2025,NA,NA,FALSE,TRUE
2025-ORUMA-000027,1,Class B,NA,NA,NA,NA,WF,0,2025,NA,NA,FALSE,TRUE
2025-ORUMA-000123,0,Class A,2025-10-01T19:00:00Z,2740.388611111111,NA,NA,WF,0,2025,NA,NA,FALSE,TRUE
2025-ORUMA-000124,0.5,Class B,NA,NA,NA,NA,WF,0,2025,NA,NA,FALSE,TRUE
2025-ORUMA-000491,1,Class B,2025-10-01T19:00:00Z,712.65,NA,NA,WF,0,2025,NA,NA,FALSE,TRUE
2025-ORUMA-000097,3.52,Class B,NA,NA,NA,NA,WF,0,2025,NA,NA,FALSE,TRUE
2025-ORUMA-000524,2.23,Class B,NA,NA,NA,NA,WF,0,2025,NA,NA,FALSE,TRUE
2025-OR973S-000198,54.59,Class C,NA,NA,NA,NA,WF,0,2025,NA,NA,FALSE,TRUE
2025-OR973S-000324,471.04,Class E,2025-08-09T20:00:00Z,215.66666666666663,NA,NA,WF,0,2025,NA,NA,FALSE,TRUE
2025-OR973S-000525,661.77,Class E,NA,NA,NA,NA,WF,0,2025,NA,NA,FALSE,TRUE
2025-OR973S-000596,0.1,Class A,2025-09-23T21:00:00Z,1.8225,NA,NA,WF,0,2025,NA,NA,FALSE,TRUE
2025-OR973S-000619,0.1,Class A,2025-10-10T23:30:00Z,46.145833333333336,NA,NA,WF,0,2025,NA,NA,FALSE,TRUE
2025-ORPRD-000482,308.74,Class E,NA,NA,NA,NA,WF,0,2025,NA,NA,FALSE,TRUE
2025-OR50C-000026,0,Class A,NA,NA,NA,NA,WF,0,2025,NA,NA,FALSE,TRUE
2025-OR50C-000083,0,Class A,NA,NA,NA,NA,WF,0,2025,NA,NA,FALSE,TRUE
2025-ORRSF-000213,0,Class A,2025-07-15T19:30:00Z,0.26,NA,NA,WF,0,2025,NA,NA,FALSE,TRUE
2025-OR951S-000109,0.86,Class B,2025-05-16T19:46:00Z,235.28333333333333,NA,NA,WF,0,2025,NA,NA,FALSE,TRUE
2025-ORPRD-001153,0.1,Class A,2025-10-27T23:00:00Z,71.24583333333334,NA,NA,WF,0,2025,NA,NA,FALSE,TRUE
2025-ORPRD-001144,7,Class B,2025-10-28T15:15:00Z,161.27444444444444,NA,NA,WF,0,2025,NA,NA,FALSE,TRUE
2025-ORPRD-000963,43964.9,Class G,NA,NA,NA,NA,WF,0,2025,NA,NA,FALSE,TRUE
2025-ORUPF-000537,9,Class B,2026-01-05T20:00:00Z,503.1138888888889,NA,NA,WF,0,2025,NA,NA,FALSE,TRUE
2025-OR711S-025026,0.01,Class A,NA,NA,NA,NA,WF,0,2025,NA,NA,FALSE,TRUE
2025-OR711S-005526,38.49,Class C,NA,NA,NA,NA,WF,0,2025,NA,NA,FALSE,TRUE
2025-OR712S-070725,0.01,Class A,NA,NA,NA,NA,WF,0,2025,NA,NA,FALSE,TRUE
2025-OR712S-008126,0,Class A,NA,NA,NA,NA,WF,0,2025,NA,NA,FALSE,TRUE
2025-OR712S-008226,0.16,Class A,NA,NA,NA,NA,WF,0,2025,NA,NA,FALSE,TRUE
2025-OR712S-035026,0.01,Class A,NA,NA,NA,NA,WF,0,2025,NA,NA,FALSE,TRUE
2025-OR711S-000421,0.37,Class B,NA,NA,NA,NA,WF,0,2025,NA,NA,FALSE,TRUE
2025-OR711S-711-461-25,469.85,Class E,NA,NA,NA,NA,WF,0,2025,NA,NA,FALSE,TRUE
2025-ORRSF-000450,0,Class A,2025-11-13T23:27:00Z,243.14944444444444,NA,NA,WF,0,2025,NA,NA,FALSE,TRUE
2025-ORWIF-250508,0,Class A,2026-01-15T19:15:00Z,1331.4261111111111,NA,NA,WF,0,2025,NA,NA,FALSE,TRUE
2025-ORWSA-000066,908.4,Class E,2025-08-26T01:56:00Z,1175.9166666666667,NA,NA,WF,0,2025,NA,NA,FALSE,TRUE
2020-ORUMF-000670,0.5,Class B,2020-08-09T18:23:00Z,63.64138888888889,NA,NA,WF,0,2020,NA,NA,FALSE,TRUE
2024-ORUPF-240118,0.1,Class A,2024-06-04T17:00:00Z,17.483333333333334,NA,NA,WF,0,2024,NA,NA,FALSE,TRUE
2023-ORUPF-000077,0.2,Class A,2023-05-28T16:03:00Z,161.93333333333334,NA,NA,WF,0,2023,NA,NA,FALSE,TRUE
2023-ORCGF-001295,0.18,Class A,2023-09-01T18:53:00Z,87.4713888888889,NA,NA,WF,0,2023,NA,NA,FALSE,TRUE
2024-ORUPF-000361,1965.24,Class F,NA,NA,NA,NA,WF,0,2024,NA,NA,FALSE,TRUE
2025-ORVAD-000204,0.2,Class A,2025-08-11T16:00:00Z,188.86805555555551,NA,NA,WF,0,2025,NA,NA,FALSE,TRUE
2024-ORWWF-000206,0.5,Class B,2024-08-28T21:30:00Z,1079.95,NA,NA,WF,0,2024,NA,NA,FALSE,TRUE
2024-ORWWF-000164,0.25,Class A,2024-07-07T18:51:00Z,69.11666666666666,NA,NA,WF,0,2024,NA,NA,FALSE,TRUE
2025-ORWWF-000161,0.58,Class B,2025-07-03T22:19:00Z,259.93333333333334,NA,NA,WF,0,2025,NA,NA,FALSE,TRUE
2025-ORWWF-000212,0.25,Class A,2025-07-11T20:32:00Z,98.05,NA,NA,WF,0,2025,NA,NA,FALSE,TRUE
2025-ORWWF-000268,0.1,Class A,NA,NA,NA,NA,WF,0,2025,NA,NA,FALSE,TRUE
2025-OR973S-000460,8772.6,Class G,NA,NA,NA,NA,WF,0,2025,NA,NA,FALSE,TRUE
2025-ORVAD-000632,1.5,Class B,2025-12-01T20:00:00Z,1092.9666666666667,NA,NA,WF,0,2025,NA,NA,FALSE,TRUE
2024-OR953S-024269,96,Class C,NA,NA,NA,NA,WF,0,2024,NA,NA,FALSE,TRUE
2024-OR974S-000357,297.89,Class D,NA,NA,NA,NA,WF,0,2024,NA,NA,FALSE,TRUE
2025-OR974S-000065,1,Class B,2025-05-08T22:37:00Z,262.8177777777778,NA,NA,WF,0,2025,NA,NA,FALSE,TRUE
2024-ORUMF-000686,0.1,Class A,NA,NA,NA,NA,WF,0,2024,NA,NA,FALSE,TRUE
2024-ORUMF-000708,0.1,Class A,2024-09-10T19:08:00Z,42.861666666666665,NA,NA,WF,0,2024,NA,NA,FALSE,TRUE
2025-ORUMF-000613,0.6,Class B,2025-10-29T15:40:00Z,543.1666666666666,NA,NA,WF,0,2025,NA,NA,FALSE,TRUE
2025-ORUMF-000651,0.1,Class A,2025-11-03T22:34:00Z,70.2161111111111,NA,NA,WF,0,2025,NA,NA,FALSE,TRUE
2025-ORUMF-000610,0.1,Class A,2025-10-06T20:47:00Z,20.266666666666666,NA,NA,WF,0,2025,NA,NA,FALSE,TRUE
2025-ORUMF-000644,2.5,Class B,2025-10-30T18:03:00Z,139.2997222222222,NA,NA,WF,0,2025,NA,NA,FALSE,TRUE
2025-ORUMF-000196,0.1,Class A,2025-07-10T22:15:00Z,165.73333333333332,NA,NA,WF,0,2025,NA,NA,FALSE,TRUE
2024-OR953S-024259,252.57,Class D,NA,NA,NA,NA,WF,0,2024,NA,NA,FALSE,TRUE
2024-OR953S-024268,193.85,Class D,NA,NA,NA,NA,WF,0,2024,NA,NA,FALSE,TRUE
2025-OR952S-025282,0.66,Class B,2025-09-19T20:28:00Z,95.63388888888888,NA,NA,WF,0,2025,NA,NA,FALSE,TRUE
2025-OR956S-025251,0.25,Class A,NA,NA,NA,NA,WF,0,2025,NA,NA,FALSE,TRUE
2025-ORRSF-000388,3352.87,Class F,NA,NA,NA,NA,WF,0,2025,NA,NA,FALSE,TRUE
2025-ORRSF-000389,19494.15,Class G,NA,NA,NA,NA,WF,0,2025,NA,NA,FALSE,TRUE
2025-ORRSF-000392,25.88,Class C,NA,NA,NA,NA,WF,0,2025,NA,NA,FALSE,TRUE
2025-ORRSF-000391,217.54,Class D,NA,NA,NA,NA,WF,0,2025,NA,NA,FALSE,TRUE
2025-ORRSF-000280,48.47,Class C,2026-04-06T16:30:00Z,5681.596388888889,NA,NA,WF,0,2025,NA,NA,FALSE,TRUE
2025-ORBUD-002716,0.1,Class A,NA,NA,NA,NA,WF,0,2025,NA,NA,FALSE,TRUE
2025-ORWIF-250387,496.91,Class E,NA,NA,NA,NA,WF,0,2025,NA,NA,FALSE,TRUE
2024-ORUPF-000037,0.1,Class A,NA,NA,NA,NA,RX,0,2024,NA,NA,FALSE,TRUE
2025-OR721S-006326,50.96,Class C,NA,NA,NA,NA,WF,0,2025,NA,NA,FALSE,TRUE
2025-ORWIF-250242,0.1,Class A,2025-08-01T00:47:00Z,47.48861111111111,NA,NA,WF,0,2025,NA,NA,FALSE,TRUE
2025-ORWIF-250204,0.1,Class A,2025-07-19T23:15:00Z,51.772222222222226,NA,NA,WF,0,2025,NA,NA,FALSE,TRUE
2025-ORWIF-250215,0.1,Class A,2025-07-22T16:15:00Z,1.5177777777777777,NA,NA,WF,0,2025,NA,NA,FALSE,TRUE
2025-ORWIF-250125,0.22,Class A,2025-06-20T00:10:00Z,174.71444444444444,NA,NA,WF,0,2025,NA,NA,FALSE,TRUE
2025-OROCF-000944,1714.38,Class F,2026-06-01T21:00:00Z,6529.633333333333,NA,NA,WF,0,2025,NA,NA,FALSE,TRUE
2025-OR981S-250151,0.1,Class A,2025-06-19T19:20:00Z,196.25444444444443,NA,NA,WF,0,2025,NA,NA,FALSE,TRUE
2015-ORWIF-000208,10.4554,Class D,2015-09-03T19:00:00Z,1126.55,Type 3 Incident,3,WF,0,2015,122.52,2015,TRUE,TRUE
2020-IDPAF-000570,96298.6295,Class G,2020-11-16T17:00:00Z,1676.4333333333334,Type 4 Incident,4,WF,0,2020,96735.7,2020,TRUE,TRUE
2020-ORWWF-000185,0.25,Class A,2020-05-29T20:01:00Z,27.116666666666667,NA,NA,WF,0,2020,0.15,2020,TRUE,TRUE
2023-ORWWF-000347,503.8,Class D,NA,NA,Type 4 Incident,4,WF,0,2023,251.9,2023,TRUE,TRUE
2023-ORWWF-000336,120.51,Class D,2023-08-08T20:46:00Z,71.26666666666667,NA,NA,WF,0,2023,120.51,2023,TRUE,TRUE
2023-ORWWF-000381,68.7926,Class C,2023-09-28T20:15:00Z,1188.0166666666669,NA,NA,WF,0,2023,68.79,2023,TRUE,TRUE
2017-ORCLP-000453,15825,Class G,NA,NA,NA,NA,WF,0,2017,15837,2017,TRUE,TRUE
2023-ORWIF-23230409,3254.08,Class F,2024-01-03T17:14:00Z,3142.2844444444445,Type 2 Incident,2,WF,0,2023,3254.19,2023,TRUE,TRUE
2023-ORMHF-000583,233.9307,Class D,2024-02-22T21:26:00Z,5495.633333333333,Type 2 Incident,2,WF,0,2023,232.9,2023,TRUE,TRUE
2023-ORRSF-000412,12.4,Class C,2023-09-09T22:45:00Z,363.4,NA,NA,WF,0,2023,12.4,2023,TRUE,TRUE
2023-ORUMF-000392,94.81,Class C,2023-10-31T19:30:00Z,1941.0166666666669,Type 4 Incident,4,WF,0,2023,94.81,2023,TRUE,TRUE
2023-ORRSF-000352,36.71,Class C,2023-09-18T01:00:00Z,677.0705555555555,NA,NA,WF,0,2023,28.09,2023,TRUE,TRUE
2023-ORWIF-230434,10.31,Class C,2023-10-30T19:00:00Z,1505.2666666666669,NA,NA,WF,0,2023,10.31,2023,TRUE,TRUE
2023-ORSUF-230424,119.3,Class D,2023-10-26T21:30:00Z,1466.9333333333334,Type 3 Incident,3,WF,0,2023,119.3,2023,TRUE,TRUE
2023-ORUMF-000379,20.9,Class C,2023-08-17T20:40:00Z,189.16666666666663,NA,NA,WF,0,2023,20.9,2023,TRUE,TRUE
2023-ORUPF-000359,571.05,Class E,2023-12-12T22:00:00Z,2616.383333333333,Type 2 Incident,2,WF,0,2023,571,2023,TRUE,TRUE
2023-ORWIF-230111,79.97,Class C,2023-07-24T21:28:00Z,1315.8833333333334,Type 4 Incident,4,WF,0,2023,79.97,2023,TRUE,TRUE
2023-ORSUF-230394,12.95,Class C,2023-10-04T03:00:00Z,948.0666666666668,NA,NA,WF,0,2023,13,2023,TRUE,TRUE
2023-ORDEF-000670,12.56,Class C,2023-08-25T20:27:00Z,240.4152777777778,NA,NA,WF,0,2023,12.56,2023,TRUE,TRUE
2023-ORFWF-230118,3119.9513,Class F,2023-10-11T21:14:00Z,3454.016666666667,Type 4 Incident,4,WF,0,2023,3119.81,2023,TRUE,TRUE
2023-ORWIF-23230338,99.32,Class C,2024-01-16T19:48:00Z,3882.3166666666666,Type 5 Incident,5,WF,0,2023,96.94,2023,TRUE,TRUE
2023-ORUPF-000341,323.9,Class E,NA,NA,Type 2 Incident,2,WF,0,2023,324,2023,TRUE,TRUE
2023-ORUPF-230345,1939.83,Class F,NA,NA,Type 2 Incident,2,WF,0,2023,1940,2023,TRUE,TRUE
2023-ORUPF-230346,214.24,Class D,NA,NA,Type 2 Incident,2,WF,0,2023,214,2023,TRUE,TRUE
2023-ORRSF-000410,34.42,Class C,2023-10-01T18:22:00Z,887.0333333333333,NA,NA,WF,0,2023,34.42,2023,TRUE,TRUE
2023-ORMHF-000323,42.1281,Class C,2023-09-28T20:31:00Z,2733.283611111111,NA,NA,WF,0,2023,42.13,2023,TRUE,TRUE
2023-ORUPF-000357,303.54,Class E,2023-12-12T21:00:00Z,2617.1569444444444,Type 2 Incident,2,WF,0,2023,304,2023,TRUE,TRUE
2023-ORFWF-230307,2288.7795,Class F,2023-12-12T22:00:00Z,2040.2666666666669,Type 5 Incident,5,WF,0,2023,2288.72,2023,TRUE,TRUE
2024-OR711S-000382-24,1142.5745,Class F,NA,NA,NA,NA,WF,0,2024,1143,2024,TRUE,TRUE
2024-OROCF-000675,590.61,Class E,NA,NA,NA,NA,WF,0,2024,590.6,2024,TRUE,TRUE
2024-ORNOD-771031,1515.76,Class F,NA,NA,NA,NA,WF,0,2024,1515.76,2024,TRUE,TRUE
2024-ORWWF-000546,116.55,Class D,2024-09-30T17:00:00Z,1029.15,NA,NA,WF,0,2024,116.54,2024,TRUE,TRUE
2024-ORDEF-000868,83.22,Class C,2024-12-17T21:35:00Z,2430.266666666667,NA,NA,WF,0,2024,83.22,2024,TRUE,TRUE
2024-ORDEF-000899,15521.87,Class G,2024-12-17T21:51:00Z,2421.5833333333335,NA,NA,WF,0,2024,15521.9,2024,TRUE,TRUE
2024-ORDEF-000853,16.43,Class C,NA,NA,NA,NA,WF,0,2024,16.43,2024,TRUE,TRUE
2024-OR973S-000226,4485,Class F,NA,NA,NA,NA,WF,0,2024,4485,2024,TRUE,TRUE
2024-ORVAD-240141,294265.55,Class G,2024-12-31T19:00:00Z,4011.05,NA,NA,WF,0,2024,294266,2024,TRUE,TRUE
2024-ORDEF-000406,11.77,Class C,2024-08-02T19:56:00Z,476.1988888888889,NA,NA,WF,0,2024,11.77,2024,TRUE,TRUE
2024-ORWWF-000353,159.55,Class D,2024-09-11T18:00:00Z,1142.272222222222,NA,NA,WF,0,2024,159.55,2024,TRUE,TRUE
2024-ORUPF-240235,1248.4,Class F,2024-07-28T07:10:00Z,256.325,NA,NA,WF,0,2024,1248.39,2024,TRUE,TRUE
2024-ORUPF-240218,64.07,Class C,2024-10-28T15:55:00Z,2485.6,NA,NA,WF,0,2024,64.07,2024,TRUE,TRUE
2024-ORUPF-240301,974.5,Class E,2024-07-28T07:10:00Z,220.67083333333332,NA,NA,WF,0,2024,974.5,2024,TRUE,TRUE
2024-ORUPF-240331,64.6594,Class C,2024-10-02T01:00:00Z,1665.125,NA,NA,WF,0,2024,64.61,2024,TRUE,TRUE
2024-ORUPF-240285,16.2504,Class C,2024-09-11T01:00:00Z,1299.512222222222,NA,NA,WF,0,2024,16.1,2024,TRUE,TRUE
2024-ORUPF-240283,43.59,Class C,2024-10-29T19:51:00Z,2472.4766666666665,NA,NA,WF,0,2024,43.56,2024,TRUE,TRUE
2024-ORUPF-240241,237.0371,Class D,2024-10-29T01:00:00Z,2479.9166666666665,NA,NA,WF,0,2024,236.94,2024,TRUE,TRUE
2024-ORDEF-000911,13.1,Class C,2024-12-17T21:30:00Z,2402.5241666666666,NA,NA,WF,0,2024,13.1,2024,TRUE,TRUE
2024-ORDEF-000445,167.97,Class D,2024-12-17T21:35:00Z,3673.516666666667,NA,NA,WF,0,2024,167.97,2024,TRUE,TRUE
2024-ORWWF-000354,48.21,Class C,NA,NA,NA,NA,WF,0,2024,48,2024,TRUE,TRUE
2024-ORUPF-240252,372.9424,Class E,2024-11-05T16:00:00Z,2659.7,NA,NA,WF,0,2024,372.67,2024,TRUE,TRUE
2024-ORMAF-002508,13.72,Class C,2024-09-13T19:56:00Z,1539.8986111111112,NA,NA,WF,0,2024,13.72,2024,TRUE,TRUE
2024-OROCF-000732,17.46,Class C,2024-10-11T20:08:00Z,986.0455555555556,NA,NA,WF,0,2024,17.5,2024,TRUE,TRUE
2024-ORUMF-000138,12.76,Class C,2024-07-05T23:32:00Z,271.5833333333333,NA,NA,WF,0,2024,12.8,2024,TRUE,TRUE
2024-ORDEF-000111,103.52,Class D,2024-06-19T20:35:00Z,987.9561111111112,NA,NA,WF,0,2024,103.52,2024,TRUE,TRUE
2024-ORWWF-000698,14.56,Class C,2024-09-30T16:00:00Z,525.15,NA,NA,WF,0,2024,13.44,2024,TRUE,TRUE
2024-ORUPF-240329,20.0803,Class C,2024-09-11T01:00:00Z,1175.3044444444445,NA,NA,WF,0,2024,20.08,2024,TRUE,TRUE
2024-OROCF-000366,15.31,Class C,2024-07-21T23:34:00Z,315.71777777777777,NA,NA,WF,0,2024,15.3,2024,TRUE,TRUE
2024-ORWIF-240255,69.44,Class C,NA,NA,NA,NA,WF,0,2024,69.44,2024,TRUE,TRUE
2024-ORUPF-240265,26.9104,Class C,2024-10-29T20:15:00Z,2493.3166666666666,NA,NA,WF,0,2024,26.88,2024,TRUE,TRUE
2024-ORUPF-240220,842.3216,Class E,2024-10-22T01:00:00Z,2326.35,NA,NA,WF,0,2024,841.73,2024,TRUE,TRUE
2024-ORUPF-240308,334.3867,Class E,2024-10-28T18:57:00Z,2424.6,NA,NA,WF,0,2024,334.41,2024,TRUE,TRUE
2024-ORUPF-240227,3976.07,Class F,2024-11-05T16:00:00Z,2676.2,NA,NA,WF,0,2024,3976.07,2024,TRUE,TRUE
2024-ORUPF-240258,1246.4073,Class F,2024-11-05T16:00:00Z,2658.233333333333,NA,NA,WF,0,2024,1245.55,2024,TRUE,TRUE
2024-ORWIF-240207,23.4,Class C,NA,NA,NA,NA,WF,0,2024,23.4,2024,TRUE,TRUE
2024-ORWIF-240217,37.53,Class C,NA,NA,NA,NA,WF,0,2024,37.53,2024,TRUE,TRUE
2024-ORWIF-240367,103.56,Class D,2025-01-08T00:14:00Z,2949.5833333333335,NA,NA,WF,0,2024,103.56,2024,TRUE,TRUE
2024-ORWIF-240365,167.19,Class D,NA,NA,NA,NA,WF,0,2024,293.4,2024,TRUE,TRUE
2024-ORUPF-240246,220.0613,Class D,2024-11-05T16:00:00Z,2661.454444444445,NA,NA,WF,0,2024,219.72,2024,TRUE,TRUE
2024-ORUPF-240310,542.8115,Class E,NA,NA,NA,NA,WF,0,2024,542.42,2024,TRUE,TRUE
2024-ORCLP-240223,3851.1062,Class G,NA,NA,NA,NA,WF,0,2024,5285.54,2024,TRUE,TRUE
2024-ORWWF-000732,125.9385,Class D,2024-11-13T16:00:00Z,1552.9166666666667,NA,NA,WF,0,2024,126,2024,TRUE,TRUE
2024-ORWWF-000538,21.44,Class C,2024-10-07T21:30:00Z,1225.4333333333334,NA,NA,WF,0,2024,21.44,2024,TRUE,TRUE
2024-ORUMF-000679,49.08,Class C,NA,NA,NA,NA,WF,0,2024,40,2024,TRUE,TRUE
2024-ORWIF-240370,119.7,Class D,NA,NA,NA,NA,WF,0,2024,120.84,2024,TRUE,TRUE
2024-ORDEF-000913,247.68,Class D,NA,NA,NA,NA,WF,0,2024,238.86,2024,TRUE,TRUE
2024-ORDEF-000892,547.67,Class E,2024-12-17T21:50:00Z,2425.6047222222223,NA,NA,WF,0,2024,547.67,2024,TRUE,TRUE
2024-ORUMF-000162,64.29,Class C,NA,NA,NA,NA,WF,0,2024,64.29,2024,TRUE,TRUE
2024-ORRSF-000309,64.43,Class C,2024-12-10T22:07:00Z,1106.9333333333334,NA,NA,WF,0,2024,64.43,2024,TRUE,TRUE
2024-OR771S-000028,25968.03,Class G,2024-10-01T19:05:00Z,1820.9166666666667,NA,NA,WF,0,2024,25968,2024,TRUE,TRUE
2024-OROCF-000381,628.86,Class E,NA,NA,NA,NA,WF,0,2024,628.85,2024,TRUE,TRUE
2024-ORUPF-240336,22.6661,Class C,NA,NA,NA,NA,WF,0,2024,22.66,2024,TRUE,TRUE
2024-ORUPF-240245,274.8971,Class D,2024-10-28T16:56:00Z,2471.3305555555557,NA,NA,WF,0,2024,274.88,2024,TRUE,TRUE
2024-ORPRD-000604,5176.5,Class G,2024-10-25T01:00:00Z,1942.3666666666663,NA,NA,WF,0,2024,5176.49,2024,TRUE,TRUE
2024-ORUPF-240233,11.0974,Class C,NA,NA,NA,NA,WF,0,2024,10.71,2024,TRUE,TRUE
2024-ORPRD-001002,6193.9181,Class G,NA,NA,NA,NA,WF,0,2024,6634.18,2024,TRUE,TRUE
2024-ORDEF-000851,9481.93,Class G,NA,NA,NA,NA,WF,0,2024,9481.61,2024,TRUE,TRUE
2024-ORUMF-000830,530.65,Class E,2024-12-04T23:00:00Z,1536.6666666666667,NA,NA,WF,0,2024,530.66,2024,TRUE,TRUE
2024-ORFWF-240332,5737.68,Class G,2024-12-19T16:00:00Z,2472.016666666667,NA,NA,WF,0,2024,5737.65,2024,TRUE,TRUE
2024-ORMAF-024157,18.37,Class C,2024-08-13T21:52:00Z,405.4613888888889,NA,NA,WF,0,2024,18.37,2024,TRUE,TRUE
2024-ORWIF-240185,10,Class C,NA,NA,NA,NA,WF,0,2024,10,2024,TRUE,TRUE
2024-ORWIF-240427,199.01,Class D,2024-11-26T00:16:00Z,1342.85,NA,NA,WF,0,2024,199.01,2024,TRUE,TRUE
2024-ORUPF-240274,64.2161,Class C,2024-10-28T15:45:00Z,2449,NA,NA,WF,0,2024,64.19,2024,TRUE,TRUE
2024-ORUPF-240309,38.82,Class C,2024-10-28T15:20:00Z,2420.3166666666666,NA,NA,WF,0,2024,38.9,2024,TRUE,TRUE
2024-OROCF-000498,66.69,Class C,2024-10-30T23:30:00Z,2408.75,NA,NA,WF,0,2024,66.69,2024,TRUE,TRUE
2024-ORMAF-002497,1086.16,Class F,2024-12-03T17:30:00Z,3549.233333333333,NA,NA,WF,0,2024,1086.16,2024,TRUE,TRUE
2024-ORDEF-000447,107.53,Class D,2024-12-17T21:35:00Z,3673.116666666667,NA,NA,WF,0,2024,107.53,2024,TRUE,TRUE
2024-ORRSF-000311,20.06,Class C,2024-12-10T22:07:00Z,1103.4552777777778,NA,NA,WF,0,2024,17.51,2024,TRUE,TRUE
2024-ORWWF-000365,32.29,Class C,2024-09-11T18:00:00Z,1121.6,NA,NA,WF,0,2024,32.29,2024,TRUE,TRUE
2024-ORMAF-002541,7577.74,Class G,2024-12-03T17:30:00Z,3155.6069444444443,NA,NA,WF,0,2024,7577.74,2024,TRUE,TRUE
2024-ORMAF-002540,484.87,Class E,2024-12-03T17:30:00Z,3157.883333333333,NA,NA,WF,0,2024,484.87,2024,TRUE,TRUE
2024-ORMAF-002549,1061.15,Class F,2024-12-03T17:30:00Z,3139.4241666666667,NA,NA,WF,0,2024,1061.15,2024,TRUE,TRUE
2024-ORUPF-240286,1201.6,Class F,2024-07-28T07:10:00Z,225.1797222222222,NA,NA,WF,0,2024,1201.59,2024,TRUE,TRUE
2024-ORUPF-240270,12610.98,Class G,2024-08-06T07:01:00Z,462.15,NA,NA,WF,0,2024,12611,2024,TRUE,TRUE
2024-OROCF-000507,11.83,Class C,2024-09-25T19:30:00Z,1559.5666666666666,NA,NA,WF,0,2024,11.8,2024,TRUE,TRUE
2024-ORUPF-240230,392.18,Class E,2024-07-28T07:10:00Z,258.1622222222222,NA,NA,WF,0,2024,392.18,2024,TRUE,TRUE
2024-ORUPF-240234,79.68,Class C,2024-07-28T07:10:00Z,256.75,NA,NA,WF,0,2024,79.68,2024,TRUE,TRUE
2024-ORUPF-240256,34.0488,Class C,2024-10-28T16:33:00Z,2467.133333333333,NA,NA,WF,0,2024,34.05,2024,TRUE,TRUE
2024-ORWWF-000431,18393.45,Class G,2024-11-18T20:15:00Z,2523.8,NA,NA,WF,0,2024,18393.4,2024,TRUE,TRUE
2024-ORUMF-000428,16.9354,Class C,2024-11-04T21:21:00Z,2189.35,NA,NA,WF,0,2024,16.9,2024,TRUE,TRUE
2024-ORUMF-000257,129.06,Class D,2024-11-20T18:45:50Z,3000.8805555555555,NA,NA,WF,0,2024,129.06,2024,TRUE,TRUE
2024-OR981S-240314,3821.31,Class F,NA,NA,NA,NA,WF,0,2024,3822,2024,TRUE,TRUE
2024-ORFWF-240107,6340.25,Class G,2024-11-26T22:12:00Z,5277.9,NA,NA,WF,0,2024,6340.25,2024,TRUE,TRUE
2024-ORFWF-240319,21.61,Class C,2024-12-03T23:45:00Z,2110.8972222222224,NA,NA,WF,0,2024,21.61,2024,TRUE,TRUE
2024-ORWIF-240193,23.61,Class C,2025-01-07T22:00:00Z,4182.333333333333,NA,NA,WF,0,2024,23.61,2024,TRUE,TRUE
2024-ORDEF-000845,36471.75,Class G,2024-12-17T21:35:00Z,2443.633333333333,NA,NA,WF,0,2024,36471.7,2024,TRUE,TRUE
2024-ORPRD-000289,3903.6241,Class F,2024-12-18T02:00:00Z,4206.233333333334,NA,NA,WF,0,2024,3903.65,2024,TRUE,TRUE
2024-ORMAF-002523,54005.11,Class G,2024-12-03T17:30:00Z,3214.1680555555554,NA,NA,WF,0,2024,54005.1,2024,TRUE,TRUE
2024-ORMAF-002533,4356.99,Class F,2024-12-03T17:30:00Z,3162.6936111111113,NA,NA,WF,0,2024,4357,2024,TRUE,TRUE
2024-ORMAF-002531,28.46,Class C,2024-12-03T17:30:00Z,3164.08,NA,NA,WF,0,2024,28.46,2024,TRUE,TRUE
2024-ORMAF-002502,151683.12,Class G,2024-12-03T17:30:00Z,3506.5833333333335,NA,NA,WF,0,2024,151683,2024,TRUE,TRUE
2023-CASRF-000939,94639.2669,Class G,2025-04-22T18:58:16Z,14789.471111111112,NA,NA,WF,0,2023,89326,2023,TRUE,TRUE
2020-ORWWF-000202,0.1,Class A,2020-06-03T19:06:00Z,0.8055555555555556,NA,NA,WF,0,2020,8.78717e-4,2020,TRUE,TRUE
2020-ORUPF-000436,131595.97,Class G,2022-01-04T23:15:00Z,11600.633333333331,Type 4 Incident,4,WF,0,2020,131595,2020,TRUE,TRUE
2020-CAKNF-007035,157429.91,Class G,NA,NA,Type 4 Incident,4,WF,0,2020,157429,2020,TRUE,TRUE
2020-ORWSA-000077,198347.11,Class G,2020-11-20T20:00:00Z,2296.266666666667,Type 4 Incident,4,WF,0,2020,204588,2020,TRUE,TRUE
2021-ORUPF-000405,1016.41,Class F,NA,NA,NA,NA,WF,0,2021,1016.41,2021,TRUE,TRUE
2020-OR954S-000022,997.07,Class E,NA,NA,Type 1 Incident,1,WF,0,2020,997.07,2020,TRUE,TRUE
2020-OR954S-000017,313.78,Class E,NA,NA,Type 4 Incident,4,WF,0,2020,313.77,2020,TRUE,TRUE
2020-ORMHF-000859,138152.5538,Class G,2022-03-10T20:00:00Z,13163.1,Type 4 Incident,4,WF,0,2020,138151,2020,TRUE,TRUE
2021-ORBUD-002263,2643.26,Class F,2021-11-19T17:24:00Z,1696.9333333333334,Type 4 Incident,4,WF,0,2021,2643.25,2021,TRUE,TRUE
2020-ORNOD-000040,496.94,Class E,NA,NA,NA,NA,WF,0,2020,496.94,2020,TRUE,TRUE
2020-OR581S-ORC000008,46.13,Class C,NA,NA,Type 2 Incident,2,WF,0,2020,46.13,2020,TRUE,TRUE
2020-ORCGF-000297,1.41,Class B,NA,NA,NA,NA,WF,0,2020,1.41,2020,TRUE,TRUE
2020-OR954S-000152,0.07,Class A,2020-06-02T23:03:00Z,124.6,NA,NA,WF,0,2020,0.07,2020,TRUE,TRUE
2021-OR951S-000109,15.92,Class C,NA,NA,NA,NA,WF,0,2021,15.92,2021,TRUE,TRUE
2020-ORPRD-000360,53.07,Class C,2020-12-11T15:40:00Z,3811.616666666667,NA,NA,WF,0,2020,53.15,2020,TRUE,TRUE
2021-ORUPF-000265,23987.2309,Class G,NA,NA,Type 4 Incident,4,WF,0,2021,24167.1,2021,TRUE,TRUE
2022-ORWIF-220189,241.94,Class D,2022-11-02T19:02:00Z,2226.6666666666665,Type 3 Incident,3,WF,0,2022,120.97,2022,TRUE,TRUE
2021-ORPRD-000572,686.55,Class E,2021-09-14T20:01:00Z,1511.4833333333331,Type 2 Incident,2,WF,0,2021,686.54,2021,TRUE,TRUE
2021-OR981S-210279,12.42,Class C,2021-07-24T16:55:00Z,664.4666666666667,NA,NA,WF,0,2021,12.42,2021,TRUE,TRUE
2020-CAKNF-007035,157429.91,Class G,NA,NA,Type 4 Incident,4,WF,0,2020,157430,2020,TRUE,TRUE
2015-OR972S-000843,22792.2377,Class G,NA,NA,Type 4 Incident,4,WF,0,2015,56331,2015,TRUE,TRUE
2020-CAKNF-007035,157429.91,Class G,NA,NA,Type 4 Incident,4,WF,0,2020,157429,2020,TRUE,TRUE
2015-ORBUD-005075,1808.2109,Class F,2015-07-28T23:44:00Z,570.8166666666667,Type 3 Incident,3,WF,0,2015,1036.62,2015,TRUE,TRUE
2016-ORMED-000146,520,Class E,2017-01-01T07:59:59Z,3153.0163888888887,NA,NA,WF,0,2016,520.14,2016,TRUE,TRUE
2016-ORBUD-006064,897,Class E,2016-09-15T06:59:59Z,919.2663888888889,NA,NA,WF,0,2016,897.71,2016,TRUE,TRUE
2016-ORBUD-006075,250,Class D,2016-09-15T06:59:59Z,683.4830555555556,NA,NA,WF,0,2016,249.13,2016,TRUE,TRUE
2016-ORBUD-006074,172,Class D,2016-10-25T06:59:59Z,1661.016388888889,NA,NA,WF,0,2016,172.36,2016,TRUE,TRUE
2017-ORBUD-007028,229.1,Class D,2017-07-09T06:59:59Z,297.19972222222225,NA,NA,WF,0,2017,231.61,2017,TRUE,TRUE
2017-ORBUD-007049,1583,Class F,2017-09-03T06:59:59Z,1257.5330555555556,NA,NA,WF,0,2017,1313.38,2017,TRUE,TRUE
2017-ORBUD-007045,688,Class E,2017-07-13T06:59:59Z,100.79972222222224,NA,NA,WF,0,2017,688.08,2017,TRUE,TRUE
2017-ORBUD-007058,411.5855,Class F,2017-10-16T19:00:00Z,2018.1833333333336,Type 3 Incident,3,WF,0,2017,4410.98,2017,TRUE,TRUE
2017-ORBUD-007058,4494,Class F,2017-10-17T06:59:59Z,2030.1830555555557,NA,NA,WF,0,2017,4410.98,2017,TRUE,TRUE
2017-ORBUD-007100,0.5,Class B,2017-08-14T06:59:59Z,105.24972222222222,NA,NA,WF,0,2017,0.9,2017,TRUE,TRUE
2017-ORBUD-007089,14,Class C,2017-12-14T07:59:59Z,3253.049722222222,NA,NA,WF,0,2017,13.8,2017,TRUE,TRUE
2017-ORBUD-007092,52531,Class G,2017-10-17T06:59:59Z,1811.0830555555556,NA,NA,WF,0,2017,52435.7,2017,TRUE,TRUE
2017-ORBUD-007058,411.5855,Class C,2017-10-16T19:00:00Z,2018.1833333333336,Type 3 Incident,3,WF,0,2017,39.43,2017,TRUE,TRUE
2017-ORBUD-007058,4494,Class C,2017-10-17T06:59:59Z,2030.1830555555557,NA,NA,WF,0,2017,39.43,2017,TRUE,TRUE
2017-ORBUD-007130,337,Class D,2017-12-13T07:59:59Z,1334.9997222222223,NA,NA,WF,0,2017,285.39,2017,TRUE,TRUE
2016-ORLAD-000266,3424,Class F,2016-10-19T06:59:59Z,1497.9330555555557,NA,NA,WF,0,2016,3400.54,2016,TRUE,TRUE
2018-ORBUD-008035,850,Class F,2018-07-28T06:59:59Z,553.6663888888888,NA,NA,WF,0,2018,1212.43,2018,TRUE,TRUE
2018-ORBUD-008061,42,Class C,2018-07-31T06:59:59Z,122.19972222222222,NA,NA,WF,0,2018,42.23,2018,TRUE,TRUE
2018-ORBUD-008036,73,Class C,2018-07-28T06:59:59Z,585.0997222222222,NA,NA,WF,0,2018,72.01,2018,TRUE,TRUE
2018-ORVAD-000148,751.7,Class E,2018-09-06T05:59:59Z,993.3163888888888,NA,NA,WF,0,2018,824.66,2018,TRUE,TRUE
2018-ORVAD-000015,2.3,Class C,2018-05-24T05:59:59Z,872.3163888888889,NA,NA,WF,0,2018,10.99,2018,TRUE,TRUE
2018-ORVAD-000015,2.3,Class B,2018-05-24T05:59:59Z,872.3163888888889,NA,NA,WF,0,2018,2.25,2018,TRUE,TRUE
2018-ORVAD-000027,189.4,Class C,2018-07-06T05:59:59Z,1476.9663888888888,NA,NA,WF,0,2018,33.43,2018,TRUE,TRUE
2018-ORVAD-000112,32,Class C,2018-10-17T05:59:59Z,2213.366388888889,NA,NA,WF,0,2018,32.2,2018,TRUE,TRUE
2018-ORVAD-000042,61.5,Class C,2018-07-06T05:59:59Z,768.5997222222222,NA,NA,WF,0,2018,61.5,2018,TRUE,TRUE
2018-ORVAD-000040,58.3,Class C,2018-07-06T05:59:59Z,892.3330555555556,NA,NA,WF,0,2018,58.35,2018,TRUE,TRUE
2018-ORVAD-000027,189.4,Class E,2018-07-06T05:59:59Z,1476.9663888888888,NA,NA,WF,0,2018,305.24,2018,TRUE,TRUE
2018-ORVAD-000054,2230,Class F,2018-07-06T05:59:59Z,494.5997222222222,NA,NA,WF,0,2018,2228.92,2018,TRUE,TRUE
2019-ORBUD-009065,122,Class D,2019-10-18T06:59:59Z,1905.2163888888888,NA,NA,WF,0,2019,122.36,2019,TRUE,TRUE
2019-ORBUD-009077,3.4,Class B,2019-08-12T06:59:59Z,79.79972222222223,NA,NA,WF,0,2019,3.42,2019,TRUE,TRUE
2019-ORBUD-009105,494,Class D,2019-09-13T06:59:59Z,298.4997222222222,NA,NA,WF,0,2019,293.97,2019,TRUE,TRUE
2019-ORBUD-009057,1209,Class F,2019-08-18T06:59:59Z,650.2163888888889,NA,NA,WF,0,2019,1208.89,2019,TRUE,TRUE
2019-ORBUD-009118,751,Class E,2019-10-18T06:59:59Z,946.9330555555556,NA,NA,WF,0,2019,753.22,2019,TRUE,TRUE
2019-ORBUD-009115,217,Class D,2019-10-18T06:59:59Z,992.8497222222222,NA,NA,WF,0,2019,214.7,2019,TRUE,TRUE
2019-ORBUD-009115,217,Class B,2019-10-18T06:59:59Z,992.8497222222222,NA,NA,WF,0,2019,3.01,2019,TRUE,TRUE
2018-ORPRD-001069,12,Class C,2018-09-01T06:59:59Z,220.6663888888889,NA,NA,WF,0,2018,12.31,2018,TRUE,TRUE
2018-ORPRD-001020,823,Class E,2018-10-17T06:59:59Z,1451.8663888888889,NA,NA,WF,0,2018,757.4,2018,TRUE,TRUE
2017-ORPRD-001138,103,Class D,2017-10-05T06:59:59Z,608.1663888888888,NA,NA,WF,0,2017,110.18,2017,TRUE,TRUE
2018-ORPRD-001008,54221,Class G,2018-10-17T06:59:59Z,1456.2830555555556,NA,NA,WF,0,2018,35334.3,2018,TRUE,TRUE
2018-ORPRD-001145,463,Class E,2018-10-17T06:59:59Z,942.3163888888888,NA,NA,WF,0,2018,463.1,2018,TRUE,TRUE
2017-ORPRD-001126,840,Class E,2017-11-02T06:59:59Z,1305.5330555555556,NA,NA,WF,0,2017,831.8,2017,TRUE,TRUE
2018-ORPRD-001057,5056,Class F,2018-10-17T06:59:59Z,1448.3830555555555,NA,NA,WF,0,2018,4553.83,2018,TRUE,TRUE
2021-ORLAD-210330,0.43,Class A,2021-07-20T19:12:00Z,187.73333333333332,NA,NA,WF,0,2021,0.13,2021,TRUE,TRUE
2021-ORVAD-050094,16.07,Class C,2021-10-25T19:20:13Z,4937.853611111111,NA,NA,WF,0,2021,16.07,2021,TRUE,TRUE
2020-ORVAD-000207,221.23,Class D,2020-10-19T18:00:00Z,732.1666666666666,NA,NA,WF,0,2020,221.22,2020,TRUE,TRUE
2021-ORBUD-002173,14.48,Class B,2021-07-09T17:41:00Z,331.53333333333336,NA,NA,WF,0,2021,7.24,2021,TRUE,TRUE
2020-ORPRD-000103,1038.21,Class F,2020-05-22T22:31:00Z,551.75,Type 4 Incident,4,WF,0,2020,1036.6,2020,TRUE,TRUE
2023-ORVAD-230112,682.47,Class E,2023-09-26T14:30:00Z,1698.65,Type 5 Incident,5,WF,0,2023,682.47,2023,TRUE,TRUE
2024-ORVAD-240133,8.02,Class B,2024-08-18T19:58:00Z,858.9216666666666,NA,NA,WF,0,2024,8.02,2024,TRUE,TRUE
2024-ORPRD-000176,15.48,Class C,2024-06-14T23:51:00Z,291.3047222222222,NA,NA,WF,0,2024,15.48,2024,TRUE,TRUE
2024-ORMED-009013,1.5,Class B,NA,NA,NA,NA,WF,0,2024,1.5,2024,TRUE,TRUE
2020-ORLAD-200177,0.12,Class A,2020-07-14T21:02:00Z,76.23333333333333,NA,NA,WF,0,2020,0.02,2020,TRUE,TRUE
2021-ORPRD-000684,553.15,Class E,2021-08-05T17:23:00Z,160.51666666666668,Type 4 Incident,4,WF,0,2021,553.15,2021,TRUE,TRUE
2020-ORVAD-000039,14.93,Class C,2020-11-03T19:00:00Z,4099.316666666667,NA,NA,WF,0,2020,14.93,2020,TRUE,TRUE
2022-ORVAD-000112,18.95,Class B,2022-10-17T14:30:00Z,1838.3666666666663,NA,NA,WF,0,2022,9.46,2022,TRUE,TRUE
2024-ORLAD-240178,14.72,Class C,NA,NA,NA,NA,WF,0,2024,14.72,2024,TRUE,TRUE
2024-ORVAD-050542,42.16,Class C,2024-08-27T18:33:00Z,228.36666666666667,NA,NA,WF,0,2024,42.16,2024,TRUE,TRUE
2024-ORVAC-240111,0.24,Class A,NA,NA,NA,NA,WF,0,2024,0.24,2024,TRUE,TRUE
2024-ORVAD-240297,176.84,Class D,2024-11-04T21:15:00Z,1380.3211111111111,NA,NA,WF,0,2024,176.84,2024,TRUE,TRUE
2024-ORVAD-240272,54.63,Class C,2024-09-18T18:20:00Z,388.3333333333333,NA,NA,WF,0,2024,54.63,2024,TRUE,TRUE
2024-ORPRD-000922,6794.49,Class G,NA,NA,NA,NA,WF,0,2024,6794.45,2024,TRUE,TRUE
2021-ORLAD-210341,0.1,Class A,NA,NA,NA,NA,WF,0,2021,0.00495398,2021,TRUE,TRUE
2020-ORPRD-000376,86.43,Class C,NA,NA,NA,NA,WF,0,2020,86.43,2020,TRUE,TRUE
2021-ORPRD-000444,1100.14,Class F,2021-11-16T17:53:00Z,3329.3333333333335,Type 3 Incident,3,WF,0,2021,1100.14,2021,TRUE,TRUE
2021-ORBUD-002245,10.65,Class C,2021-10-27T15:00:00Z,2032.65,NA,NA,WF,0,2021,10.65,2021,TRUE,TRUE
2020-ORNOD-000040,496.94,Class E,NA,NA,NA,NA,WF,0,2020,496.94,2020,TRUE,TRUE
2020-ORVAD-000143,40.13,Class C,2020-11-10T19:00:00Z,2225.3166666666666,NA,NA,WF,0,2020,40.13,2020,TRUE,TRUE
2020-ORBUD-002105,150.29,Class D,2020-09-30T20:04:00Z,1075.65,NA,NA,WF,0,2020,150.29,2020,TRUE,TRUE
2020-ORPRD-000140,0.12,Class A,2020-05-17T23:12:00Z,0.25,NA,NA,WF,0,2020,0.02,2020,TRUE,TRUE
2023-ORVAD-050252,0.1,Class B,NA,NA,NA,NA,WF,0,2023,9,2023,TRUE,TRUE
2024-ORBUD-002490,50,Class C,2024-07-12T23:25:00Z,216.61666666666667,NA,NA,WF,0,2024,34.91,2024,TRUE,TRUE
2024-ORVAD-240059,2.76,Class B,2024-07-28T06:00:00Z,1163.5422222222223,NA,NA,WF,0,2024,2.76,2024,TRUE,TRUE
2024-ORPRD-000465,178.37,Class D,2024-10-25T17:55:00Z,2350.3333333333335,NA,NA,WF,0,2024,178.37,2024,TRUE,TRUE
2021-ORLAD-210010,1434.72,Class F,NA,NA,NA,NA,RX,0,2021,1434.71,2021,TRUE,TRUE
2022-ORVAD-050200,193.95,Class D,2022-09-28T18:00:00Z,1337.25,NA,NA,WF,0,2022,193.95,2022,TRUE,TRUE
2023-ORPRD-000414,113.02,Class D,2023-08-09T00:18:00Z,771.0827777777778,NA,NA,WF,0,2023,113.02,2023,TRUE,TRUE
2023-ORVAD-230108,34.68,Class C,2023-08-08T20:52:00Z,536.2,NA,NA,WF,0,2023,34.68,2023,TRUE,TRUE
2023-ORMED-000400,16.9,Class C,2023-09-26T21:38:00Z,774.6363888888889,NA,NA,WF,0,2023,16.91,2023,TRUE,TRUE
2024-ORPRD-000761,176661.38,Class G,NA,NA,NA,NA,WF,0,2024,176661,2024,TRUE,TRUE
2024-ORVAD-240051,90.04,Class C,2024-10-09T19:00:00Z,3117.6741666666667,NA,NA,WF,0,2024,90.04,2024,TRUE,TRUE
2024-ORVAD-240094,228.46,Class D,2024-10-09T19:00:00Z,2514.8005555555555,NA,NA,WF,0,2024,228.45,2024,TRUE,TRUE
2024-ORBUD-002528,474.75,Class E,2024-10-25T18:15:00Z,2244.5833333333335,NA,NA,WF,0,2024,474.75,2024,TRUE,TRUE
2021-ORVAD-000220,169.13,Class D,2021-09-27T18:00:00Z,986.4833333333332,Type 4 Incident,4,WF,0,2021,169.13,2021,TRUE,TRUE
2021-ORROD-000471,66.78,Class C,2021-11-01T00:00:00Z,2180.7,Type 1 Incident,1,WF,0,2021,66.78,2021,TRUE,TRUE
2020-ORVAD-000181,47.91,Class C,2020-09-02T21:23:00Z,1.9166666666666667,NA,NA,WF,0,2020,47.91,2020,TRUE,TRUE
2022-ORVAD-000139,0.06,Class A,2022-09-28T18:00:00Z,1061.6666666666667,NA,NA,WF,0,2022,0.06,2022,TRUE,TRUE
2021-ORBUD-002263,2643.26,Class F,2021-11-19T17:24:00Z,1696.9333333333334,Type 4 Incident,4,WF,0,2021,2643.24,2021,TRUE,TRUE
2021-ORPRD-000028,0.1,Class A,NA,NA,NA,NA,WF,0,2021,0.00426816,2021,TRUE,TRUE
2020-ORVAD-000032,66.41,Class C,2020-07-01T18:00:00Z,1436.7,NA,NA,WF,0,2020,66.41,2020,TRUE,TRUE
2020-ORVAD-000040,0.46,Class B,2020-07-01T18:00:00Z,1079.7166666666667,NA,NA,WF,0,2020,0.46,2020,TRUE,TRUE
2022-ORVAD-000182,95.66,Class C,2022-10-10T18:00:00Z,719.2,NA,NA,WF,0,2022,95.66,2022,TRUE,TRUE
2020-ORVAD-000155,3695.88,Class F,2020-10-19T18:00:00Z,1507.2333333333331,Type 4 Incident,4,WF,0,2020,3695.86,2020,TRUE,TRUE
2021-ORBUD-002194,1182.38,Class F,2021-08-21T21:22:00Z,1214.4833333333331,Type 4 Incident,4,WF,0,2021,1182.38,2021,TRUE,TRUE
2022-ORMED-000215,6.9,Class B,2022-09-04T00:00:00Z,407.28333333333336,NA,NA,WF,0,2022,3.4,2022,TRUE,TRUE
2022-ORMED-000251,4.91,Class B,2022-08-31T00:00:00Z,312,NA,NA,WF,0,2022,1.91,2022,TRUE,TRUE
2022-ORMED-000236,27.75,Class C,NA,NA,Type 2 Incident,2,WF,0,2022,27.75,2022,TRUE,TRUE
2023-ORVAD-230125,2.79,Class B,2023-08-09T23:15:00Z,395.53333333333336,NA,NA,WF,0,2023,1.39,2023,TRUE,TRUE
2024-ORNOD-771031,1515.76,Class F,NA,NA,NA,NA,WF,0,2024,1515.75,2024,TRUE,TRUE
2024-ORPRD-000493,48.97,Class C,2024-07-25T04:08:00Z,62.58055555555555,NA,NA,WF,0,2024,48.96,2024,TRUE,TRUE
2024-ORVAD-240158,7.08,Class B,NA,NA,NA,NA,WF,0,2024,7.08,2024,TRUE,TRUE
2024-ORVAD-240161,22179.63,Class G,2024-08-02T02:00:00Z,236.70277777777775,NA,NA,WF,0,2024,22179.6,2024,TRUE,TRUE
2024-ORVAD-240155,168.89,Class D,2024-07-23T22:00:00Z,23.633333333333333,NA,NA,WF,0,2024,168.89,2024,TRUE,TRUE
2020-ORPRD-000380,3,Class B,2020-07-28T21:11:00Z,478.1166666666667,NA,NA,WF,0,2020,1,2020,TRUE,TRUE
2020-ORPRD-000369,16.97,Class C,2020-07-28T21:11:00Z,521.1091666666666,NA,NA,WF,0,2020,16.97,2020,TRUE,TRUE
2020-ORPRD-000370,14.62,Class C,2020-07-28T21:11:00Z,521,NA,NA,WF,0,2020,14.62,2020,TRUE,TRUE
2022-ORVAD-000189,20.87,Class C,2022-09-27T22:00:00Z,310.1333333333333,NA,NA,WF,0,2022,20.87,2022,TRUE,TRUE
2020-ORVAD-050640,28.06,Class C,NA,NA,NA,NA,WF,0,2020,19.56,2020,TRUE,TRUE
2021-ORLAD-210297,0.77,Class B,NA,NA,NA,NA,WF,0,2021,0.67,2021,TRUE,TRUE
2022-ORVAD-050175,8.84,Class B,2022-09-19T19:00:00Z,1273.3,NA,NA,WF,0,2022,4.42,2022,TRUE,TRUE
2021-ORVAD-000347,7609.93,Class G,NA,NA,Type 5 Incident,5,WF,1550.25,2021,7609.9,2021,TRUE,TRUE
2020-ORPRD-000072,0.47,Class A,2020-04-14T21:30:00Z,93.16666666666669,NA,NA,WF,0,2020,0.17,2020,TRUE,TRUE
2022-ORPRD-000696,2.6,Class B,NA,NA,NA,NA,WF,0,2022,1.3,2022,TRUE,TRUE
2021-ORMED-000144,59.98,Class C,2021-07-08T19:00:00Z,451.55,NA,NA,WF,0,2021,59.98,2021,TRUE,TRUE
2020-ORBUD-002079,3392.54,Class F,2020-09-30T19:20:00Z,1340.2333333333331,Type 4 Incident,4,WF,0,2020,3392.53,2020,TRUE,TRUE
2020-ORBUD-002074,174.23,Class D,2020-10-02T21:33:00Z,1391.6333333333334,Type 4 Incident,4,WF,0,2020,174.23,2020,TRUE,TRUE
2021-ORLAD-210420,823.85,Class E,2021-10-18T16:38:00Z,1601.9833333333331,Type 3 Incident,3,WF,0,2021,823.85,2021,TRUE,TRUE
2023-ORVAD-230078,323.46,Class E,2023-08-08T19:27:00Z,983.7,Type 4 Incident,4,WF,0,2023,323.46,2023,TRUE,TRUE
2024-ORPRD-000489,87.57,Class C,2024-08-06T22:33:00Z,376.1666666666667,NA,NA,WF,0,2024,87.56,2024,TRUE,TRUE
2024-ORVAD-240057,43.36,Class C,2024-09-18T16:43:00Z,2484.1833333333334,NA,NA,WF,0,2024,43.36,2024,TRUE,TRUE
2024-ORVAD-240170,2665.32,Class F,2024-09-17T18:35:00Z,1318.1,NA,NA,WF,0,2024,2665.31,2024,TRUE,TRUE
2024-ORVAC-240122,85.89,Class C,2024-08-01T15:00:00Z,547.5069444444445,NA,NA,WF,0,2024,85.89,2024,TRUE,TRUE
2024-ORPRD-000621,5.29,Class B,NA,NA,NA,NA,WF,0,2024,5.29,2024,TRUE,TRUE
2021-ORVAD-000195,499.47,Class E,2021-08-20T16:46:00Z,374.71666666666664,Type 4 Incident,4,WF,0,2021,499.47,2021,TRUE,TRUE
2021-ORVAD-000194,692.92,Class E,2021-08-20T16:44:00Z,374.81666666666666,Type 4 Incident,4,WF,513.47,2021,692.91,2021,TRUE,TRUE
2022-ORVAD-000092,6.64,Class B,2022-10-15T18:00:00Z,2153.983333333333,NA,NA,WF,0,2022,3.06,2022,TRUE,TRUE
2020-ORVAD-000079,30.73,Class C,2020-11-03T19:00:00Z,2736.9,NA,NA,WF,0,2020,30.73,2020,TRUE,TRUE
2021-ORVAD-000114,83.02,Class C,2021-08-20T16:30:00Z,1167.4333333333334,NA,NA,WF,0,2021,83.02,2021,TRUE,TRUE
2022-ORPRD-000366,5.51,Class B,2022-07-20T22:27:00Z,165.13333333333333,NA,NA,WF,0,2022,2.81,2022,TRUE,TRUE
2023-ORBUD-002389,138.09,Class D,2023-08-09T20:12:00Z,138.46666666666667,NA,NA,WF,0,2023,138.09,2023,TRUE,TRUE
2023-ORVAD-000014,3.04,Class B,2023-09-27T19:17:00Z,5035.283333333334,NA,NA,WF,0,2023,3.05,2023,TRUE,TRUE
2022-ORROD-000328,5.26,Class B,2022-09-05T00:00:00Z,416,NA,NA,WF,0,2022,5.26,2022,TRUE,TRUE
2024-ORVAD-240144,2818.89,Class F,2024-10-09T19:00:00Z,2017.79,NA,NA,WF,0,2024,2818.89,2024,TRUE,TRUE
2024-ORVAD-240187,410.46,Class E,2024-11-04T21:00:00Z,2464.8325,NA,NA,WF,0,2024,410.45,2024,TRUE,TRUE
2024-ORNOD-781056,0.86,Class B,NA,NA,NA,NA,WF,0,2024,0.86,2024,TRUE,TRUE
2020-ORVAD-050712,297.41,Class D,2020-11-17T22:00:00Z,2379.55,NA,NA,WF,0,2020,297.4,2020,TRUE,TRUE
2022-ORVAD-000101,0.15,Class A,2022-09-01T18:00:00Z,886.8833333333333,NA,NA,WF,0,2022,0.05,2022,TRUE,TRUE
2021-ORVAD-000165,511.55,Class E,2021-10-15T18:00:00Z,2031.3333333333333,Type 4 Incident,4,WF,0,2021,511.54,2021,TRUE,TRUE
2020-ORVAD-000167,2.15,Class B,2020-10-10T18:00:00Z,1175.4833333333331,NA,NA,WF,0,2020,1.7,2020,TRUE,TRUE
2022-ORBUD-002273,9.46,Class B,2022-07-21T22:22:00Z,196.53333333333333,NA,NA,WF,0,2022,4.76,2022,TRUE,TRUE
2021-ORVAD-000037,20.56,Class C,2021-07-07T23:05:00Z,1849.3166666666664,NA,NA,WF,0,2021,20.55,2021,TRUE,TRUE
2021-ORROD-000087,198.89,Class D,NA,NA,NA,NA,WF,0,2021,196.79,2021,TRUE,TRUE
2022-ORMED-000233,87.56,Class C,NA,NA,NA,NA,WF,0,2022,87.56,2022,TRUE,TRUE
2023-ORVAD-230070,1.85,Class B,2023-07-10T20:33:00Z,382,NA,NA,WF,0,2023,1.85,2023,TRUE,TRUE
2023-ORPRD-000630,29.25,Class C,2023-09-28T21:37:00Z,1197.9166666666667,NA,NA,WF,0,2023,29.25,2023,TRUE,TRUE
2024-ORVAD-240129,133489.62,Class G,2024-10-01T19:00:00Z,1973.8333333333333,NA,NA,WF,0,2024,133489,2024,TRUE,TRUE
2024-ORVAD-240091,17900.9358,Class G,2024-08-08T17:00:00Z,1030.3,NA,NA,WF,0,2024,17900.8,2024,TRUE,TRUE
2024-ORVAD-240179,0.47,Class B,2024-08-18T20:00:00Z,596.1697222222223,NA,NA,WF,0,2024,0.47,2024,TRUE,TRUE
2021-ORROD-000486,25.65,Class C,2021-08-25T22:00:00Z,570.9,Type 1 Incident,1,WF,0,2021,18.65,2021,TRUE,TRUE
2020-ORPRD-000097,0.12,Class A,2020-04-30T21:48:00Z,71.55,NA,NA,WF,0,2020,0.02,2020,TRUE,TRUE
2022-ORVAD-000184,0.16,Class A,2022-10-17T14:30:00Z,805.95,NA,NA,WF,0,2022,0.06,2022,TRUE,TRUE
2020-ORVAD-000199,2.5,Class B,2020-11-01T19:00:00Z,1226.1666666666667,NA,NA,WF,0,2020,2.5,2020,TRUE,TRUE
2021-ORLAD-210267,2.22,Class B,2021-07-15T23:30:00Z,507.8,NA,NA,WF,0,2021,1.12,2021,TRUE,TRUE
2021-ORPRD-000875,7.79,Class B,2021-08-26T22:45:00Z,46.983333333333334,NA,NA,WF,0,2021,3.59,2021,TRUE,TRUE
2024-ORVAD-240235,23.7,Class C,2024-11-04T21:20:00Z,1951.94,NA,NA,WF,0,2024,23.7,2024,TRUE,TRUE
2024-ORVAD-240339,48.46,Class C,2024-11-04T21:20:00Z,776.8333333333334,NA,NA,WF,0,2024,48.46,2024,TRUE,TRUE
2024-ORPRD-050265,178541.3788,Class G,NA,NA,NA,NA,WF,0,2024,178541,2024,TRUE,TRUE
2021-ORVAD-000115,6.76,Class B,2021-08-20T16:45:00Z,1144.3166666666666,NA,NA,WF,0,2021,3.36,2021,TRUE,TRUE
2020-ORBUD-002104,19.22,Class B,2020-08-25T20:03:00Z,212.85,NA,NA,WF,0,2020,9.92,2020,TRUE,TRUE
2020-ORLAD-200271,3.5,Class B,2020-08-15T22:29:00Z,240.66666666666663,NA,NA,WF,0,2020,1.66,2020,TRUE,TRUE
2021-ORPRD-000839,5.36,Class B,2021-08-18T19:06:00Z,113.9,NA,NA,WF,0,2021,2.59,2021,TRUE,TRUE
2022-ORLAD-220290,0.75,Class B,2022-08-15T00:33:00Z,120.7,NA,NA,WF,0,2022,0.65,2022,TRUE,TRUE
2021-ORLAD-210190,0.26,Class A,2021-06-10T23:44:00Z,189.51666666666668,NA,NA,WF,0,2021,0.12,2021,TRUE,TRUE
2020-ORPRD-000023,11.37,Class C,2020-03-02T17:56:00Z,213.03333333333333,NA,NA,WF,0,2020,11.38,2020,TRUE,TRUE
2020-ORVAD-000100,0.65,Class A,2020-10-11T18:00:00Z,1913.4166666666667,NA,NA,WF,0,2020,0.19,2020,TRUE,TRUE
2022-ORBUD-002290,0.11,Class A,2022-07-28T19:40:00Z,1.9,NA,NA,WF,0,2022,0.01,2022,TRUE,TRUE
2020-ORLAD-200376,0.11,Class A,2020-09-07T19:25:00Z,303.51666666666665,NA,NA,WF,0,2020,0.01,2020,TRUE,TRUE
2020-ORVAD-000154,530.97,Class E,2020-10-10T18:00:00Z,1294.9166666666667,Type 4 Incident,4,WF,0,2020,530.97,2020,TRUE,TRUE
2022-ORVAD-000145,224.72,Class D,2022-09-29T16:00:00Z,979.5,NA,NA,WF,0,2022,224.71,2022,TRUE,TRUE
2020-ORBUD-002082,84.22,Class C,2020-08-22T20:24:00Z,405.18333333333334,NA,NA,WF,0,2020,84.22,2020,TRUE,TRUE
2022-ORVAD-000121,427.85,Class E,2022-10-15T18:00:00Z,1720.0833333333333,Type 4 Incident,4,WF,0,2022,427.84,2022,TRUE,TRUE
2020-ORVAD-000153,48128.14,Class G,2020-10-19T18:00:00Z,1535.5333333333333,Type 4 Incident,4,WF,138.17,2020,48127.9,2020,TRUE,TRUE
2022-ORPRD-000913,0.12,Class A,2022-09-16T22:10:00Z,77.01666666666667,NA,NA,WF,0,2022,0.02,2022,TRUE,TRUE
2023-ORVAD-230104,13.57,Class B,2023-08-29T16:46:00Z,1086.76,NA,NA,WF,0,2023,6.77,2023,TRUE,TRUE
2024-ORVAD-240171,1546.87,Class F,2024-09-17T22:00:00Z,1319.9186111111112,NA,NA,WF,0,2024,1546.86,2024,TRUE,TRUE
2024-ORVAD-240162,538.63,Class E,2024-08-01T02:00:00Z,209.69861111111112,NA,NA,WF,0,2024,538.63,2024,TRUE,TRUE
2024-ORVAD-050535,1,Class B,2024-11-08T19:28:03Z,2012.2675,NA,NA,WF,0,2024,1,2024,TRUE,TRUE
2024-ORPRD-000404,137221.69,Class G,2024-11-07T20:00:00Z,2804.5933333333332,NA,NA,WF,0,2024,137221,2024,TRUE,TRUE
2022-ORCBD-000027,14.94,Class C,NA,NA,NA,NA,WF,0,2022,15.94,2022,TRUE,TRUE
2020-ORVAD-000098,45.41,Class C,2020-10-11T18:00:00Z,1941,NA,NA,WF,0,2020,45.7,2020,TRUE,TRUE
2022-ORVAD-000200,2426.85,Class F,2022-10-17T14:00:00Z,443.5,Type 5 Incident,5,WF,0,2022,2426.84,2022,TRUE,TRUE
2021-ORMED-000317,23.88,Class C,2021-08-20T19:22:00Z,451.26666666666665,NA,NA,WF,0,2021,16.88,2021,TRUE,TRUE
2020-ORBUD-002115,150.51,Class D,2020-10-02T19:31:00Z,1072.6666666666667,Type 4 Incident,4,WF,0,2020,150.51,2020,TRUE,TRUE
2020-ORVAD-000049,79.89,Class C,2020-07-01T18:00:00Z,521.2833333333333,NA,NA,WF,0,2020,79.89,2020,TRUE,TRUE
2020-ORBUD-002092,138.03,Class D,2020-11-03T23:30:00Z,2136.9666666666667,NA,NA,WF,0,2020,138.03,2020,TRUE,TRUE
2021-ORLAD-210277,0.18,Class A,NA,NA,NA,NA,WF,0,2021,0.08,2021,TRUE,TRUE
2023-ORNOD-230246,2.81,Class B,2023-07-18T01:00:00Z,2.6333333333333333,NA,NA,WF,0,2023,2.8,2023,TRUE,TRUE
2023-ORVAD-230203,469.63,Class E,2023-09-27T06:00:00Z,484.9166666666667,Type 5 Incident,5,WF,0,2023,469.62,2023,TRUE,TRUE
2024-ORROD-730067,0.78,Class B,NA,NA,NA,NA,WF,0,2024,0.78,2024,TRUE,TRUE
2024-ORLAD-240325,2852.801,Class F,NA,NA,NA,NA,WF,0,2024,2852.76,2024,TRUE,TRUE
2024-ORLAD-240323,335.97,Class E,2024-11-20T21:40:00Z,1795.3275,NA,NA,WF,0,2024,335.96,2024,TRUE,TRUE
2024-ORPRD-000289,3903.6241,Class F,2024-12-18T02:00:00Z,4206.233333333334,NA,NA,WF,0,2024,3903.65,2024,TRUE,TRUE
2021-ORROD-000481,14.4,Class B,2021-09-15T00:00:00Z,1054.95,NA,NA,WF,0,2021,7.2,2021,TRUE,TRUE
2020-ORMED-000227,14.64,Class C,NA,NA,NA,NA,WF,0,2020,14.64,2020,TRUE,TRUE
2021-ORMED-000355,0.56,Class B,NA,NA,NA,NA,WF,0,2021,0.26,2021,TRUE,TRUE
2021-ORBUD-002246,0.12,Class A,2021-08-09T22:01:00Z,141.73333333333332,NA,NA,WF,0,2021,0.12,2021,TRUE,TRUE
2023-OR732S-000351,3.64,Class B,NA,NA,NA,NA,WF,0,2023,3.64,2023,TRUE,TRUE
2024-ORVAD-240073,4.11,Class B,2024-08-18T19:50:00Z,1488.8666666666666,NA,NA,WF,0,2024,4.1,2024,TRUE,TRUE
2024-ORVAD-240127,2799.27,Class F,2024-10-09T19:00:00Z,2182.6902777777777,NA,NA,WF,0,2024,2799.26,2024,TRUE,TRUE
2024-ORVAC-240175,66.61,Class C,2024-08-19T15:58:00Z,617.3558333333333,NA,NA,WF,0,2024,66.61,2024,TRUE,TRUE
2020-ORLAD-200217,0.26,Class A,2020-08-02T20:36:00Z,219.25,NA,NA,WF,0,2020,0.13,2020,TRUE,TRUE
2021-ORVAD-000116,15.16,Class B,2021-10-15T18:00:00Z,2489.2,NA,NA,WF,0,2021,7.16,2021,TRUE,TRUE
2022-ORLAD-220279,0.12,Class A,2022-08-13T21:07:00Z,97.73333333333332,NA,NA,WF,0,2022,0.02,2022,TRUE,TRUE
2022-ORVAD-000063,1.78,Class B,2022-07-15T18:00:00Z,481.6333333333333,NA,NA,WF,NA,2022,1.78,2022,TRUE,TRUE
2021-ORMED-000211,0.11,Class A,2021-07-18T00:30:00Z,335.43333333333334,NA,NA,WF,0,2021,0.01,2021,TRUE,TRUE
2020-ORBUD-002114,35.6,Class C,2020-09-30T21:40:00Z,1030.2333333333331,NA,NA,WF,0,2020,35.6,2020,TRUE,TRUE
2020-ORVAD-000031,0.34,Class A,2020-07-01T18:00:00Z,1461.0333333333333,NA,NA,WF,0,2020,0.09,2020,TRUE,TRUE
2021-ORLAD-210299,0.63,Class A,NA,NA,NA,NA,WF,0,2021,0.13,2021,TRUE,TRUE
2021-ORBUD-002198,0.3,Class A,2021-07-08T01:58:00Z,97.33333333333331,NA,NA,WF,0,2021,0.15,2021,TRUE,TRUE
2021-ORBUD-002262,87.05,Class C,2021-10-27T15:00:00Z,1143,Type 4 Incident,4,WF,0,2021,87.05,2021,TRUE,TRUE
2022-ORVAD-000180,3237.15,Class F,2022-10-15T18:00:00Z,885.15,Type 4 Incident,4,WF,0,2022,3237.14,2022,TRUE,TRUE
2022-ORMED-000221,25.84,Class C,NA,NA,NA,NA,WF,0,2022,25.84,2022,TRUE,TRUE
2023-ORVAD-230088,5.95,Class B,2023-08-09T23:00:00Z,865.0216666666666,NA,NA,WF,0,2023,2.95,2023,TRUE,TRUE
2023-ORMED-000107,0.52,Class B,2023-06-10T20:05:00Z,309.01666666666665,NA,NA,WF,0,2023,0.52,2023,TRUE,TRUE
2024-ORPRD-000523,1580.88,Class F,NA,NA,NA,NA,WF,0,2024,1580.87,2024,TRUE,TRUE
2024-ORPRD-000793,198.83,Class D,2025-02-07T22:45:00Z,3789.0833333333335,NA,NA,WF,0,2024,198.83,2024,TRUE,TRUE
2024-ORVAD-240215,11060.76,Class G,2024-11-04T21:00:00Z,2182.7091666666665,NA,NA,WF,0,2024,11060.7,2024,TRUE,TRUE
2021-ORLAD-210460,76.6534,Class D,2021-10-18T22:06:00Z,839,NA,NA,WF,0,2021,100.07,2021,TRUE,TRUE
2021-ORVAD-000022,22.83,Class C,2021-07-07T22:41:00Z,2305.516666666667,NA,NA,WF,0,2021,22.83,2021,TRUE,TRUE
2021-ORMED-000356,0.21,Class A,NA,NA,NA,NA,WF,0,2021,0.11,2021,TRUE,TRUE
2021-ORBUD-002177,9.95,Class B,2021-07-09T17:42:00Z,331.55,NA,NA,WF,0,2021,4.95,2021,TRUE,TRUE
2022-ORVAD-000065,36280.3204,Class G,2022-08-02T18:17:00Z,836.5,Type 4 Incident,4,WF,0,2022,40306.1,2022,TRUE,TRUE
2021-ORLAD-210211,6.76,Class B,2021-07-20T17:42:00Z,788.0833333333334,NA,NA,WF,0,2021,3.16,2021,TRUE,TRUE
2022-ORMED-000265,1.14,Class A,2022-08-31T00:00:00Z,312,NA,NA,WF,0,2022,0.14,2022,TRUE,TRUE
2023-ORBUD-002373,581.1878,Class E,NA,NA,Type 5 Incident,5,WF,0,2023,619.81,2023,TRUE,TRUE
2023-ORMED-000419,27.11,Class C,2023-09-27T21:24:00Z,812.8,NA,NA,WF,0,2023,27.11,2023,TRUE,TRUE
2024-ORPRD-000244,725.34,Class E,2024-07-24T15:57:00Z,930.5333333333332,NA,NA,WF,0,2024,725.33,2024,TRUE,TRUE
2024-ORVAD-240271,7114.94,Class G,2024-09-30T19:00:00Z,679,NA,NA,WF,328.3,2024,7114.91,2024,TRUE,TRUE
2024-ORMED-000057,5.71,Class B,NA,NA,NA,NA,WF,0,2024,5.07,2024,TRUE,TRUE
2024-ORPRD-000773,14315.86,Class G,2024-09-23T21:51:00Z,510.01666666666665,NA,NA,WF,0,2024,14315.8,2024,TRUE,TRUE
2024-ORVAD-240125,4511,Class F,2024-09-17T19:00:00Z,1664.5,NA,NA,WF,0,2024,4510.99,2024,TRUE,TRUE
2024-ORBUD-002558,6491.71,Class G,2024-11-22T23:00:00Z,2620.451111111111,NA,NA,WF,0,2024,6491.7,2024,TRUE,TRUE
2024-ORPRD-000580,77.86,Class C,NA,NA,NA,NA,WF,0,2024,77.86,2024,TRUE,TRUE
2021-ORPRD-000919,45.09,Class C,2021-09-26T20:56:00Z,527.6,NA,NA,WF,0,2021,45.09,2021,TRUE,TRUE
2021-ORVAD-000128,99.67,Class C,2021-10-15T16:00:00Z,2399.35,NA,NA,WF,0,2021,99.67,2021,TRUE,TRUE
2021-ORPRD-000024,0.1,Class A,2021-04-20T15:55:00Z,1337.3666666666666,NA,NA,WF,0,2021,0.00368585,2021,TRUE,TRUE
2021-ORMED-000375,0.15,Class A,2021-09-14T23:27:00Z,1054.5333333333333,NA,NA,WF,0,2021,0.05,2021,TRUE,TRUE
2021-ORVAD-000232,2.52,Class B,2021-09-02T02:00:00Z,124.1,NA,NA,WF,0,2021,2.52,2021,TRUE,TRUE
2020-ORMED-000243,758.43,Class E,2020-09-08T20:45:00Z,958.5666666666668,Type 4 Incident,4,WF,0,2020,758.42,2020,TRUE,TRUE
2022-ORMED-000149,0.71,Class B,2022-08-24T00:00:00Z,542.5,NA,NA,WF,0,2022,0.31,2022,TRUE,TRUE
2024-ORPRD-000353,458.16,Class E,2024-08-04T21:33:00Z,696.5916666666667,NA,NA,WF,0,2024,458.16,2024,TRUE,TRUE
2024-ORBUD-002587,5952.7,Class G,2024-12-03T17:00:00Z,2200.6666666666665,NA,NA,WF,0,2024,5952.68,2024,TRUE,TRUE
2020-ORNOD-000003,16.46,Class C,2020-09-30T23:00:00Z,767,NA,NA,WF,0,2020,16.47,2020,TRUE,TRUE
2020-ORMED-000298,0.88,Class B,2020-08-29T19:00:00Z,342,NA,NA,WF,0,2020,0.38,2020,TRUE,TRUE
2023-ORVAD-230199,1.02,Class B,2023-09-07T19:04:00Z,118.94416666666666,NA,NA,WF,0,2023,0.51,2023,TRUE,TRUE
2024-ORPRD-000221,5.92,Class B,2024-06-17T21:09:00Z,141.1627777777778,NA,NA,WF,0,2024,5.92,2024,TRUE,TRUE
2024-ORVAD-240055,0.04,Class A,2024-08-18T21:54:00Z,1753.805,NA,NA,WF,0,2024,0.04,2024,TRUE,TRUE
2024-ORPRD-000486,27.48,Class C,2024-07-30T21:51:00Z,209.36333333333337,NA,NA,WF,0,2024,27.49,2024,TRUE,TRUE
2024-ORPRD-001006,53.22,Class C,NA,NA,NA,NA,WF,0,2024,53.22,2024,TRUE,TRUE
2020-ORLAD-200293,0.3,Class A,NA,NA,NA,NA,WF,0,2020,0.00105731,2020,TRUE,TRUE
2020-ORVAD-000170,18.95,Class B,2020-11-01T19:00:00Z,1625.15,NA,NA,WF,0,2020,9.45,2020,TRUE,TRUE
2020-ORPRD-001017,0.62,Class B,2020-10-31T00:03:00Z,1.8333333333333333,NA,NA,WF,0,2020,0.31,2020,TRUE,TRUE
2022-ORPRD-000885,0.12,Class A,2022-09-13T20:30:00Z,125.98333333333332,NA,NA,WF,0,2022,0.02,2022,TRUE,TRUE
2021-ORROD-000473,2,Class B,2021-09-15T00:00:00Z,1055.3333333333333,NA,NA,WF,0,2021,2.03,2021,TRUE,TRUE
2022-ORVAD-000141,11.08,Class C,2022-08-26T21:10:00Z,214.43333333333337,NA,NA,WF,0,2022,11.08,2022,TRUE,TRUE
2021-ORPRD-000447,68.09,Class C,2021-10-27T21:36:00Z,2852.55,NA,NA,WF,0,2021,68.09,2021,TRUE,TRUE
2021-ORROD-000469,5290.68,Class G,2021-10-31T19:00:00Z,2176.05,Type 1 Incident,1,WF,0,2021,5290.66,2021,TRUE,TRUE
2022-ORVAD-000159,1256.86,Class F,2022-09-14T20:33:00Z,314.8333333333333,Type 3 Incident,3,WF,0,2022,1256.86,2022,TRUE,TRUE
2022-ORMED-000232,27.55,Class C,NA,NA,NA,NA,WF,0,2022,27.55,2022,TRUE,TRUE
2023-ORVAD-230122,20.82,Class C,2023-08-28T18:46:00Z,877.5166666666667,NA,NA,WF,0,2023,20.82,2023,TRUE,TRUE
2023-ORMED-000368,10.67,Class C,2023-09-08T21:00:00Z,456.9,NA,NA,WF,0,2023,10.67,2023,TRUE,TRUE
2024-ORPRD-000791,7.41,Class B,2024-09-28T16:24:00Z,614.8333333333334,NA,NA,WF,0,2024,7.41,2024,TRUE,TRUE
2024-ORVAD-240183,98977.85,Class G,2024-10-09T19:00:00Z,1841.7,NA,NA,WF,0,2024,98977.5,2024,TRUE,TRUE
2024-ORBUD-002538,84.61,Class C,NA,NA,NA,NA,WF,0,2024,84.61,2024,TRUE,TRUE
2020-ORVAD-000035,0.41,Class A,2020-08-08T18:20:29Z,2180.1247222222223,NA,NA,WF,0,2020,0.11,2020,TRUE,TRUE
2020-ORVAD-000162,59.93,Class C,2020-10-19T18:00:00Z,1468.8333333333333,NA,NA,WF,0,2020,59.93,2020,TRUE,TRUE
2022-ORVAD-000171,0.08,Class A,2022-09-29T16:00:00Z,519.8166666666667,NA,NA,WF,0,2022,0.04,2022,TRUE,TRUE
2021-ORMED-000108,50.06,Class C,2021-06-05T01:48:00Z,148.15,NA,NA,WF,0,2021,49.07,2021,TRUE,TRUE
2022-ORPRD-000881,0.12,Class A,2022-09-13T20:31:00Z,138.76666666666668,NA,NA,WF,0,2022,0.02,2022,TRUE,TRUE
2022-ORVAD-000172,2328.22,Class F,2022-09-30T18:00:00Z,545.7166666666667,Type 4 Incident,4,WF,0,2022,2328.21,2022,TRUE,TRUE
2024-ORBUD-002474,0.67,Class B,2024-07-06T19:11:00Z,382.3652777777778,NA,NA,WF,0,2024,0.67,2024,TRUE,TRUE
2024-ORVAD-240131,249.36,Class D,2024-09-17T16:16:00Z,1595.371666666667,NA,NA,WF,0,2024,249.36,2024,TRUE,TRUE
2024-ORVAD-240309,65.3,Class C,2024-09-29T21:04:00Z,427.65,NA,NA,WF,0,2024,65.31,2024,TRUE,TRUE
2024-ORVAD-240278,7.77,Class B,2024-09-17T21:30:00Z,355.2477777777778,NA,NA,WF,0,2024,7.77,2024,TRUE,TRUE
2024-ORMED-009002,4101.9486,Class F,NA,NA,NA,NA,WF,0,2024,4101.98,2024,TRUE,TRUE
2024-ORPRD-000960,174.03,Class D,2024-10-21T22:02:00Z,762.2280555555556,NA,NA,WF,0,2024,174.03,2024,TRUE,TRUE
2021-ORVAD-000162,13.19,Class B,2021-08-01T18:00:00Z,253.91666666666663,NA,NA,WF,0,2021,6.59,2021,TRUE,TRUE
2022-ORVAD-000080,0.96,Class B,2022-08-01T18:00:00Z,618.4666666666667,NA,NA,WF,0,2022,0.46,2022,TRUE,TRUE
2021-ORMED-000486,0.84,Class B,2021-10-21T20:25:00Z,96,NA,NA,WF,0,2021,0.74,2021,TRUE,TRUE
2021-ORVAD-000052,0.07,Class A,2021-07-01T18:00:00Z,737.8666666666667,NA,NA,WF,0,2021,0.07,2021,TRUE,TRUE
2020-ORVAD-000226,1788.47,Class F,2020-11-02T19:00:00Z,406.6166666666667,Type 4 Incident,4,WF,0,2020,1788.47,2020,TRUE,TRUE
2022-ORROD-000417,7.4,Class B,2022-10-25T19:36:00Z,445.53333333333336,NA,NA,WF,0,2022,7.32,2022,TRUE,TRUE
2021-ORMED-000380,0.16,Class A,2021-08-21T01:52:00Z,363.55,NA,NA,WF,0,2021,0.06,2021,TRUE,TRUE
2023-ORVAD-230157,133.02,Class D,2023-09-27T06:00:00Z,1111.5333333333333,NA,NA,WF,0,2023,133.02,2023,TRUE,TRUE
2024-ORVAD-050801,20.66,Class C,2024-10-28T18:00:00Z,787.2,NA,NA,WF,0,2024,20.66,2024,TRUE,TRUE
2024-ORPRD-000692,7.34,Class B,2024-08-23T22:35:00Z,26.3,NA,NA,WF,0,2024,7.34,2024,TRUE,TRUE
2024-ORPRD-000277,1023.72,Class F,2024-07-26T21:27:00Z,814.2333333333333,NA,NA,WF,0,2024,1023.72,2024,TRUE,TRUE
2024-ORPRD-001002,6193.9181,Class G,NA,NA,NA,NA,WF,0,2024,6634.18,2024,TRUE,TRUE
2020-ORPRD-000512,47.37,Class C,2020-08-26T21:20:00Z,675.3166666666667,NA,NA,WF,0,2020,47.37,2020,TRUE,TRUE
2021-ORVAD-000055,16.75,Class C,2021-07-07T22:19:00Z,813.0166666666667,NA,NA,WF,0,2021,16.75,2021,TRUE,TRUE
2022-ORPRD-000626,56.86,Class C,2022-09-09T19:20:00Z,742.6,NA,NA,WF,0,2022,56.86,2022,TRUE,TRUE
2021-ORPRD-000700,791.29,Class E,2021-08-12T19:57:00Z,316.68333333333334,Type 3 Incident,3,WF,0,2021,791.28,2021,TRUE,TRUE
2022-ORMED-000250,2.64,Class B,2022-08-31T00:00:00Z,312,NA,NA,WF,0,2022,0.64,2022,TRUE,TRUE
2023-ORPRD-000123,319.73,Class E,2023-05-28T21:30:00Z,207.31666666666663,Type 4 Incident,4,WF,0,2023,319.73,2023,TRUE,TRUE
2023-ORBUD-002387,1141.56,Class F,2023-08-30T20:53:00Z,697.6333333333333,Type 3 Incident,3,WF,0,2023,1141.55,2023,TRUE,TRUE
2024-ORVAD-240214,77.97,Class C,2024-08-21T18:15:00Z,379.9861111111111,NA,NA,WF,0,2024,77.97,2024,TRUE,TRUE
2024-ORCBD-730084,1.97,Class B,NA,NA,NA,NA,WF,0,2024,1.97,2024,TRUE,TRUE
2024-ORVAD-240154,89.23,Class C,2024-07-23T18:00:00Z,19.93861111111111,NA,NA,WF,0,2024,89.23,2024,TRUE,TRUE
2024-ORVAD-000088,0.25,Class A,2024-06-21T19:57:00Z,551.9130555555555,NA,NA,WF,0,2024,0.25,2024,TRUE,TRUE
2024-ORVAD-240191,5.28,Class B,2024-09-29T21:03:00Z,1585.6569444444444,NA,NA,WF,0,2024,5.28,2024,TRUE,TRUE
2024-ORVAD-240299,0.24,Class A,2024-12-01T19:00:00Z,2015.081111111111,NA,NA,WF,0,2024,0.24,2024,TRUE,TRUE
2021-ORROD-000501,0.23,Class A,NA,NA,NA,NA,WF,0,2021,0.14,2021,TRUE,TRUE
2020-ORVAD-000105,6.43,Class B,2020-10-19T18:00:00Z,2065.55,NA,NA,WF,0,2020,3.23,2020,TRUE,TRUE
2022-ORVAD-000194,20.05,Class C,2022-09-26T18:00:00Z,188.21666666666667,NA,NA,WF,0,2022,15.05,2022,TRUE,TRUE
2020-ORVAD-000050,0.1,Class A,2020-07-01T18:00:00Z,495.53333333333336,NA,NA,WF,0,2020,0.05,2020,TRUE,TRUE
2021-ORVAD-000261,62.77,Class C,2021-10-25T16:00:00Z,473,NA,NA,WF,0,2021,62.76,2021,TRUE,TRUE
2021-ORVAD-050553,130.6,Class D,NA,NA,NA,NA,WF,0,2021,130.6,2021,TRUE,TRUE
2022-ORMED-000148,2.03,Class B,2022-08-24T00:00:00Z,542.5,NA,NA,WF,0,2022,0.53,2022,TRUE,TRUE
2023-ORVAD-230139,18.82,Class C,NA,NA,NA,NA,WF,0,2023,18.82,2023,TRUE,TRUE
2023-ORMED-000281,0.22,Class A,NA,NA,NA,NA,WF,0,2023,0.22,2023,TRUE,TRUE
2024-ORVAD-240185,2556.19,Class F,2024-11-04T21:00:00Z,2466.315,NA,NA,WF,0,2024,2556.19,2024,TRUE,TRUE
2024-ORVAD-240141,294265.55,Class G,2024-12-31T19:00:00Z,4011.05,NA,NA,WF,0,2024,294264,2024,TRUE,TRUE
2024-ORBUD-002583,1849.4,Class F,2024-11-21T22:40:00Z,1920.2030555555557,NA,NA,WF,0,2024,1849.39,2024,TRUE,TRUE
2022-ORVAD-000098,0.01,Class A,2022-09-01T18:00:00Z,987.5833333333334,NA,NA,WF,0,2022,0.01,2022,TRUE,TRUE
2021-ORROD-000472,31.23,Class C,2021-08-25T22:00:00Z,570.4,Type 1 Incident,1,WF,0,2021,31.23,2021,TRUE,TRUE
2023-ORPRD-000407,483.8146,Class F,NA,NA,Type 4 Incident,4,WF,0,2023,1627.55,2023,TRUE,TRUE
2024-ORVAD-240192,14.46,Class C,2024-08-19T16:52:00Z,596.9202777777778,NA,NA,WF,0,2024,14.46,2024,TRUE,TRUE
2024-ORPRD-000604,5176.5,Class G,2024-10-25T01:00:00Z,1942.3666666666663,NA,NA,WF,0,2024,5176.45,2024,TRUE,TRUE
2024-ORVAD-240281,555.4,Class E,2024-09-30T20:00:00Z,646.9930555555555,NA,NA,WF,0,2024,555.4,2024,TRUE,TRUE
2024-ORMED-712464,0.27,Class B,NA,NA,NA,NA,WF,0,2024,0.27,2024,TRUE,TRUE
2024-ORPRD-000154,31.11,Class C,2024-06-20T20:37:00Z,615.8230555555556,NA,NA,WF,0,2024,31.11,2024,TRUE,TRUE
2021-ORPRD-000392,20.37,Class C,2021-07-18T22:20:30Z,554.225,NA,NA,WF,0,2021,20.37,2021,TRUE,TRUE
2021-ORPRD-000421,74.43,Class C,2021-07-12T20:26:00Z,672.6833333333333,NA,NA,WF,0,2021,74.43,2021,TRUE,TRUE
2020-ORBUD-002065,0.15,Class A,2020-09-05T21:18:00Z,932.9,NA,NA,WF,0,2020,0.05,2020,TRUE,TRUE
2022-ORPRD-000558,3.9,Class B,2022-08-11T20:28:00Z,161.9,NA,NA,WF,0,2022,1.9,2022,TRUE,TRUE
2021-ORROD-000502,0.48,Class A,2021-09-06T00:00:00Z,747.65,NA,NA,WF,0,2021,0.24,2021,TRUE,TRUE
2020-ORLAD-200166,1.96,Class B,2020-07-12T19:47:00Z,306.7,NA,NA,WF,0,2020,0.96,2020,TRUE,TRUE
2021-ORBUD-002220,0.15,Class A,2021-07-22T21:36:00Z,52.983333333333334,NA,NA,WF,0,2021,0.05,2021,TRUE,TRUE
2020-ORBUD-002088,76.1,Class C,2020-10-04T20:29:00Z,1435.8166666666666,Type 4 Incident,4,WF,0,2020,76.1,2020,TRUE,TRUE
2022-ORMED-000264,3.48,Class B,2022-08-31T00:00:00Z,312,NA,NA,WF,0,2022,3.38,2022,TRUE,TRUE
2022-ORPRD-000854,0.12,Class A,2022-09-09T18:11:00Z,90.65,NA,NA,WF,0,2022,0.02,2022,TRUE,TRUE
2023-ORVAD-230110,66.76,Class C,2023-09-27T06:00:00Z,1719.8833333333334,NA,NA,WF,0,2023,66.76,2023,TRUE,TRUE
2024-ORLAD-240252,31.94,Class C,2024-09-12T22:38:00Z,1084.2666666666669,NA,NA,WF,0,2024,31.94,2024,TRUE,TRUE
2024-ORPRD-000672,5488.4,Class G,2025-02-07T22:45:00Z,4171.716666666666,NA,NA,WF,0,2024,5488.37,2024,TRUE,TRUE
2024-ORMED-712463,0.76,Class B,NA,NA,NA,NA,WF,0,2024,0.76,2024,TRUE,TRUE
2020-ORPRD-000674,16.55,Class C,2020-08-21T22:18:00Z,119.03333333333332,NA,NA,WF,0,2020,16.55,2020,TRUE,TRUE
2020-ORBUD-002058,0.23,Class A,2020-07-26T22:40:00Z,76.85,NA,NA,WF,0,2020,0.13,2020,TRUE,TRUE
2021-ORVAD-000105,9.22,Class B,2021-08-01T18:00:00Z,760.5833333333334,NA,NA,WF,0,2021,4.62,2021,TRUE,TRUE
2021-ORMED-000328,20.32,Class C,2021-08-25T22:00:00Z,546.7166666666667,Type 1 Incident,1,WF,0,2021,20.32,2021,TRUE,TRUE
2020-ORVAD-000189,751.48,Class E,2020-10-19T18:00:00Z,1004.5166666666668,Type 4 Incident,4,WF,0,2020,751.47,2020,TRUE,TRUE
2023-ORVAD-230190,13.28,Class B,2023-09-27T16:31:00Z,755.7427777777777,NA,NA,WF,0,2023,6.64,2023,TRUE,TRUE
2023-ORMED-000378,4.05,Class B,2023-09-08T19:19:00Z,458.43333333333334,NA,NA,WF,0,2023,4.05,2023,TRUE,TRUE
2022-ORMED-000106,28.56,Class C,NA,NA,NA,NA,WF,0,2022,28.56,2022,TRUE,TRUE
2024-IDBOD-005732,15441.09,Class G,2024-10-15T16:00:00Z,1033.3166666666666,NA,NA,WF,0,2024,15441,2024,TRUE,TRUE
2024-IDBOD-000885,25741.6,Class G,2024-08-10T18:00:00Z,117.41638888888887,NA,NA,WF,0,2024,25741.5,2024,TRUE,TRUE
2024-ORVAD-240159,31557.42,Class G,2024-07-25T06:00:00Z,53.95805555555555,NA,NA,WF,0,2024,31557.3,2024,TRUE,TRUE
2024-ORVAC-240079,3.31,Class B,2024-08-01T15:00:00Z,976.3316666666668,NA,NA,WF,0,2024,3.31,2024,TRUE,TRUE
2024-ORVAD-050641,58.8,Class C,NA,NA,NA,NA,WF,0,2024,58.8,2024,TRUE,TRUE
2021-ORMED-000374,0.69,Class B,2021-08-19T15:00:00Z,280.96666666666664,NA,NA,WF,0,2021,0.39,2021,TRUE,TRUE
2021-ORMED-000068,8.16,Class B,2021-05-24T15:07:00Z,407.6322222222222,NA,NA,WF,0,2021,3.96,2021,TRUE,TRUE
2021-ORLAD-210261,0.1,Class A,2021-07-03T20:07:00Z,231.56666666666663,NA,NA,WF,0,2021,5.58468e-4,2021,TRUE,TRUE
2021-ORROD-000476,0.48,Class A,2021-08-21T01:52:00Z,430.0833333333333,NA,NA,WF,0,2021,0.24,2021,TRUE,TRUE
2022-ORVAD-050186,349.94,Class E,2022-09-19T19:00:00Z,1194.4333333333334,Type 4 Incident,4,WF,0,2022,349.94,2022,TRUE,TRUE
2022-ORBUD-002313,1705.1411,Class F,2022-09-20T18:18:00Z,1123.3333333333333,Type 4 Incident,4,WF,0,2022,1705.13,2022,TRUE,TRUE
2022-ORPRD-000265,1.12,Class B,2022-06-27T22:55:00Z,70.26666666666667,NA,NA,WF,0,2022,0.32,2022,TRUE,TRUE
2021-ORLAD-210191,0.1,Class A,2021-06-10T20:12:00Z,185.71666666666667,NA,NA,WF,0,2021,0.0044146,2021,TRUE,TRUE
2023-ORMED-000120,0.03,Class A,2023-06-22T19:00:00Z,309.9838888888889,NA,NA,WF,0,2023,0.03,2023,TRUE,TRUE
2024-ORVAD-240134,124.03,Class D,2024-07-14T20:30:00Z,17.91138888888889,NA,NA,WF,0,2024,124.03,2024,TRUE,TRUE
2024-ORMED-000165,0.82,Class B,NA,NA,NA,NA,WF,0,2024,0.82,2024,TRUE,TRUE
2024-ORPRD-000550,17,Class C,2024-08-10T20:32:00Z,334.31666666666666,NA,NA,WF,0,2024,17,2024,TRUE,TRUE
2024-ORVAC-240048,54,Class C,NA,NA,NA,NA,WF,0,2024,54,2024,TRUE,TRUE
2024-ORVAD-240128,2725.38,Class F,2024-09-29T21:02:00Z,1929.8,NA,NA,WF,0,2024,2725.37,2024,TRUE,TRUE
2024-ORVAD-240060,544.05,Class E,2024-07-28T06:00:00Z,1159.4166666666667,NA,NA,WF,0,2024,544.05,2024,TRUE,TRUE
2021-ORNOD-210406,14.98,Class C,2021-08-16T18:00:00Z,16.75,NA,NA,WF,0,2021,14.98,2021,TRUE,TRUE
2021-ORROD-000489,4.04,Class B,2021-08-08T19:27:00Z,67.15,NA,NA,WF,0,2021,2.04,2021,TRUE,TRUE
2020-ORVAD-000084,0.4,Class A,2020-10-10T18:00:00Z,2020.8333333333333,NA,NA,WF,0,2020,0.2,2020,TRUE,TRUE
2020-ORLAD-200334,4.17,Class B,2020-08-27T17:13:00Z,281.06666666666666,NA,NA,WF,0,2020,2.07,2020,TRUE,TRUE
2021-ORMED-000367,0.25,Class A,2021-08-08T19:43:00Z,114.78333333333332,NA,NA,WF,0,2021,0.15,2021,TRUE,TRUE
2021-ORPRD-000572,686.55,Class E,2021-09-14T20:01:00Z,1511.4833333333331,Type 2 Incident,2,WF,0,2021,686.54,2021,TRUE,TRUE
2023-ORPRD-000810,1420.82,Class F,2023-10-17T19:01:00Z,718.9908333333333,Type 3 Incident,3,WF,0,2023,1420.81,2023,TRUE,TRUE
2024-ORROD-730150,0.07,Class A,NA,NA,NA,NA,WF,0,2024,0.07,2024,TRUE,TRUE
2022-ORMED-000243,21226.9122,Class G,NA,NA,Type 4 Incident,4,WF,0,2022,21347.3,2022,TRUE,TRUE
2020-ORPRD-000741,1257.47,Class F,NA,NA,Type 4 Incident,4,WF,0,2020,1257.47,2020,TRUE,TRUE
2020-ORLAD-200176,16.22,Class B,2020-07-20T22:02:00Z,231.48333333333332,NA,NA,WF,0,2020,8.12,2020,TRUE,TRUE
2020-ORMED-000314,0.55,Class A,2020-08-29T17:00:00Z,369.8333333333333,NA,NA,WF,0,2020,0.25,2020,TRUE,TRUE
2020-ORVAD-050642,28.77,Class C,2020-11-17T19:02:00Z,2485.3166666666666,NA,NA,WF,0,2020,28.76,2020,TRUE,TRUE
2021-ORVAD-000158,17.44,Class C,2021-08-20T16:45:00Z,735.6166666666667,NA,NA,WF,0,2021,17.44,2021,TRUE,TRUE
2020-ORPRD-000360,53.07,Class C,2020-12-11T15:40:00Z,3811.616666666667,NA,NA,WF,0,2020,53.07,2020,TRUE,TRUE
2020-ORLAD-200253,1.08,Class B,2020-08-15T21:49:00Z,432.75,NA,NA,WF,0,2020,0.58,2020,TRUE,TRUE
2021-ORLAD-210302,0.1,Class A,2021-07-06T20:20:00Z,136.88333333333333,NA,NA,WF,0,2021,0.00124098,2021,TRUE,TRUE
2022-ORLAD-220351,2448.4526,Class F,2022-12-06T18:00:00Z,2158.6,Type 4 Incident,4,WF,0,2022,2639.25,2022,TRUE,TRUE
2023-ORNOD-000022,10.4,Class C,NA,NA,NA,NA,WF,0,2023,10.4,2023,TRUE,TRUE
2023-ORROD-000058,0.01,Class A,NA,NA,NA,NA,WF,0,2023,0.01,2023,TRUE,TRUE
2024-ORROD-730018,1.37,Class B,NA,NA,NA,NA,WF,0,2024,1.37,2024,TRUE,TRUE
2024-ORPRD-000258,38.41,Class C,2024-07-11T20:03:00Z,572.4666666666667,NA,NA,WF,0,2024,38.4,2024,TRUE,TRUE
2020-ORLAD-200278,0.11,Class A,2020-08-21T21:45:00Z,379.26666666666665,NA,NA,WF,0,2020,0.01,2020,TRUE,TRUE
2021-ORPRD-000449,53.16,Class C,2021-10-20T19:14:00Z,2681.8166666666666,Type 4 Incident,4,WF,0,2021,53.16,2021,TRUE,TRUE
2020-ORVAD-000156,3914.89,Class F,2020-10-11T18:00:00Z,1315.2166666666667,Type 4 Incident,4,WF,0,2020,3914.88,2020,TRUE,TRUE
2020-ORVAD-000080,12.65,Class B,2020-10-19T18:00:00Z,2346.4666666666667,NA,NA,WF,0,2020,6.35,2020,TRUE,TRUE
2020-ORVAD-000043,43.39,Class C,2020-07-01T18:00:00Z,836.8833333333333,NA,NA,WF,0,2020,43.39,2020,TRUE,TRUE
2020-ORMED-000305,4.06,Class B,2020-08-31T19:40:00Z,355.48333333333335,NA,NA,WF,0,2020,1.96,2020,TRUE,TRUE
2020-ORLAD-200402,17.27,Class C,2020-10-04T17:00:00Z,683.9166666666666,NA,NA,WF,0,2020,17.27,2020,TRUE,TRUE
2023-ORPRD-000462,572.37,Class E,NA,NA,Type 4 Incident,4,WF,0,2023,572.37,2023,TRUE,TRUE
2024-ORVAD-240056,5719.7,Class G,2024-08-18T19:49:00Z,1751.4797222222223,NA,NA,WF,0,2024,5719.68,2024,TRUE,TRUE
2024-ORPRD-000669,317.08,Class E,2024-08-29T01:03:00Z,263.11277777777775,NA,NA,WF,0,2024,317.08,2024,TRUE,TRUE
2024-ORVAD-240093,2669.9885,Class F,2024-10-09T19:00:00Z,2515.6,NA,NA,WF,0,2024,2669.96,2024,TRUE,TRUE
2024-ORVAC-240110,0.02,Class A,NA,NA,NA,NA,WF,0,2024,0.02,2024,TRUE,TRUE
2024-ORPRD-000596,630.24,Class E,NA,NA,NA,NA,WF,0,2024,630.24,2024,TRUE,TRUE
2021-ORLAD-210206,3.48,Class B,2021-06-20T20:12:00Z,187.25,NA,NA,WF,0,2021,1.81,2021,TRUE,TRUE
2020-ORVAD-000239,5145.41,Class G,2020-12-01T17:30:00Z,619.3166666666667,Type 4 Incident,4,WF,0,2020,5145.39,2020,TRUE,TRUE
2021-ORVAD-000041,5.21,Class B,2021-07-07T22:57:00Z,1683.95,NA,NA,WF,0,2021,5.21,2021,TRUE,TRUE
2022-ORVAD-000173,37.25,Class C,2022-10-10T18:00:00Z,785.55,NA,NA,WF,0,2022,37.25,2022,TRUE,TRUE
2022-ORMED-000359,25.74,Class C,NA,NA,NA,NA,WF,0,2022,25.74,2022,TRUE,TRUE
2022-ORMED-000296,11.71,Class B,2022-09-08T01:00:00Z,505,NA,NA,WF,0,2022,6.55,2022,TRUE,TRUE
2022-ORMED-000147,3.29,Class B,2022-08-12T00:00:00Z,248.21666666666667,NA,NA,WF,0,2022,1.89,2022,TRUE,TRUE
2024-ORBUD-002568,94.99,Class C,2024-08-31T21:51:00Z,358.55,NA,NA,WF,0,2024,94.99,2024,TRUE,TRUE
2024-ORVAD-240276,312.11,Class E,2024-09-17T20:00:00Z,362.20222222222225,NA,NA,WF,0,2024,312.12,2024,TRUE,TRUE
2016-ORCLP-000290,0.1,Class A,NA,NA,NA,NA,WF,0,2016,0.0994935,2016,TRUE,TRUE
2018-ORCLP-000302,0.5,Class B,NA,NA,NA,NA,WF,0,2018,0.298521,2018,TRUE,TRUE
2017-ORCLP-000619,0.1,Class A,NA,NA,NA,NA,WF,0,2017,0.0992984,2017,TRUE,TRUE
2018-ORCLP-000288,0.8,Class B,NA,NA,NA,NA,WF,0,2018,0.696999,2018,TRUE,TRUE
2018-ORCLP-000242,0.1,Class A,NA,NA,NA,NA,WF,0,2018,0.099512,2018,TRUE,TRUE
2017-OROCP-000596,1.5,Class B,NA,NA,NA,NA,WF,0,2017,1.47416,2017,TRUE,TRUE
2018-ORCLP-000216,0.1,Class A,NA,NA,NA,NA,WF,0,2018,0.0995123,2018,TRUE,TRUE
2016-ORCLP-000147,0.1,Class A,NA,NA,NA,NA,WF,0,2016,0.0994935,2016,TRUE,TRUE
2018-ORCLP-000238,0.2,Class A,NA,NA,NA,NA,WF,0,2018,0.198984,2018,TRUE,TRUE
2018-ORCLP-000232,0.5,Class B,NA,NA,NA,NA,WF,0,2018,0.497427,2018,TRUE,TRUE
2017-ORCLP-000509,0.5,Class B,NA,NA,NA,NA,WF,0,2017,0.497905,2017,TRUE,TRUE
2018-ORCLP-000300,0.1,Class A,NA,NA,NA,NA,WF,0,2018,0.0995121,2018,TRUE,TRUE
2017-ORCLP-000504,0.5,Class B,NA,NA,NA,NA,WF,0,2017,0.497906,2017,TRUE,TRUE
2016-ORCLP-000199,1072,Class F,NA,NA,NA,NA,WF,0,2016,1069.91,2016,TRUE,TRUE
2015-ORCLP-000405,20840,Class G,NA,NA,NA,NA,WF,0,2015,20908,2015,TRUE,TRUE
2017-ORCLP-000381,0.1,Class A,NA,NA,NA,NA,WF,0,2017,0.0992984,2017,TRUE,TRUE
2016-ORCLP-000263,0.1,Class A,NA,NA,NA,NA,WF,0,2016,0.0994934,2016,TRUE,TRUE
2017-ORCLP-000350,0.1,Class A,NA,NA,NA,NA,WF,0,2017,0.0992986,2017,TRUE,TRUE
2016-ORCLP-000155,0.1,Class A,NA,NA,NA,NA,WF,0,2016,0.0994934,2016,TRUE,TRUE
2018-ORCLP-000248,3126,Class F,NA,NA,NA,NA,WF,0,2018,3120.55,2018,TRUE,TRUE
2018-ORCLP-000295,0.8,Class B,NA,NA,NA,NA,WF,0,2018,0.796705,2018,TRUE,TRUE
2016-ORCLP-000186,0.1,Class A,NA,NA,NA,NA,WF,0,2016,0.0994934,2016,TRUE,TRUE
2018-ORCLP-000329,1,Class B,NA,NA,NA,NA,WF,0,2018,0.996413,2018,TRUE,TRUE
2017-ORCLP-000453,15825,Class G,NA,NA,NA,NA,WF,0,2017,15836.8,2017,TRUE,TRUE
2016-ORCLP-000204,0.3,Class C,NA,NA,NA,NA,WF,0,2016,11.0903,2016,TRUE,TRUE
2018-ORCLP-000234,0.1,Class A,NA,NA,NA,NA,WF,0,2018,0.0995123,2018,TRUE,TRUE
2018-ORCLP-000231,0.1,Class B,NA,NA,NA,NA,WF,0,2018,0.298522,2018,TRUE,TRUE
2016-ORCLP-000202,0.6,Class B,NA,NA,NA,NA,WF,0,2016,0.597272,2016,TRUE,TRUE
2018-ORCLP-000336,193,Class D,NA,NA,NA,NA,WF,0,2018,192.188,2018,TRUE,TRUE
2018-ORCLP-000275,0.1,Class A,NA,NA,NA,NA,WF,0,2018,0.0994933,2018,TRUE,TRUE
2017-ORCLP-000370,0.1,Class A,NA,NA,NA,NA,WF,0,2017,0.0992984,2017,TRUE,TRUE
2018-ORCLP-000406,0.1,Class A,NA,NA,NA,NA,WF,0,2018,0.0995121,2018,TRUE,TRUE
2017-ORCLP-000264,0.1,Class A,NA,NA,NA,NA,WF,0,2017,0.0992983,2017,TRUE,TRUE
2018-ORCLP-000152,0.1,Class A,NA,NA,NA,NA,WF,0,2018,0.0995121,2018,TRUE,TRUE
2017-ORCLP-000523,0.2,Class A,NA,NA,NA,NA,WF,0,2017,0.199286,2017,TRUE,TRUE
2016-ORCLP-000301,0.1,Class A,NA,NA,NA,NA,WF,0,2016,0.0994935,2016,TRUE,TRUE
2018-ORCLP-000290,2.6,Class B,NA,NA,NA,NA,WF,0,2018,2.09699,2018,TRUE,TRUE
2020-ORCLP-200175,0.15,Class A,2020-07-17T21:30:00Z,166.9,NA,NA,WF,0,2020,0.05,2020,TRUE,TRUE
2021-ORCLP-210269,18.49,Class C,2021-09-18T18:00:00Z,2060.1,NA,NA,WF,0,2021,18.49,2021,TRUE,TRUE
2020-ORCLP-200236,0.1,Class A,2020-07-30T15:15:00Z,66.71666666666667,NA,NA,WF,0,2020,2.14448e-4,2020,TRUE,TRUE
2024-ORCLP-240223,3851.1062,Class G,NA,NA,NA,NA,WF,0,2024,5285.52,2024,TRUE,TRUE
2020-ORWSA-000075,4608.16,Class F,2020-11-18T00:30:00Z,2232.5666666666666,Type 1 Incident,1,WF,0,2020,4608.14,2020,TRUE,TRUE
2022-ORUMA-000533,69.6,Class C,2022-11-18T20:00:00Z,962.3166666666668,NA,NA,WF,0,2022,69.6,2022,TRUE,TRUE
2022-ORUMA-000472,601.39,Class E,2022-11-29T22:00:00Z,1825.2,Type 4 Incident,4,WF,0,2022,601.39,2022,TRUE,TRUE
2021-ORWSA-000028,491.14,Class E,2021-10-30T19:18:00Z,3137.866666666667,NA,NA,WF,0,2021,491.14,2021,TRUE,TRUE
2021-ORWSA-000037,5481.62,Class G,2021-11-04T15:00:00Z,3041.633333333333,Type 4 Incident,4,WF,0,2021,5481.61,2021,TRUE,TRUE
2021-ORWSA-000026,6685.92,Class G,2021-11-04T15:00:00Z,3327.25,Type 4 Incident,4,WF,0,2021,6685.89,2021,TRUE,TRUE
2022-ORUMA-000231,133.93,Class D,2022-10-10T19:34:00Z,1457.05,NA,NA,WF,0,2022,133.93,2022,TRUE,TRUE
2020-ORWSA-000077,198347.11,Class G,2020-11-20T20:00:00Z,2296.266666666667,Type 4 Incident,4,WF,0,2020,198346,2020,TRUE,TRUE
2022-ORWSA-000075,10889.421,Class G,2022-08-31T17:30:00Z,693.5,Type 2 Incident,2,WF,0,2022,10847.7,2022,TRUE,TRUE
2023-ORWSA-000026,4.24,Class B,NA,NA,NA,NA,WF,0,2023,2.12,2023,TRUE,TRUE
2023-ORWSA-000068,225.41,Class D,NA,NA,Type 4 Incident,4,WF,0,2023,225.41,2023,TRUE,TRUE
2023-ORWSA-000001,3.4,Class B,NA,NA,NA,NA,WF,0,2023,3.39947,2023,TRUE,TRUE
2023-ORUMA-000280,201.78,Class D,NA,NA,NA,NA,WF,0,2023,201.78,2023,TRUE,TRUE
2023-ORUMA-000011,24.53,Class C,NA,NA,NA,NA,WF,0,2023,24.53,2023,TRUE,TRUE
2020-ORMAR-002006,827.5079,Class E,2020-05-01T19:00:00Z,1365.1833333333334,Type 4 Incident,4,WF,0,2020,827.5,2020,TRUE,TRUE
2022-ORFWF-220274,0.16,Class A,2022-08-15T23:06:00Z,148.89833333333334,NA,NA,WF,0,2022,0.06,2022,TRUE,TRUE
2022-ORDEF-000569,0.66,Class B,2022-08-10T19:21:00Z,65.91583333333334,NA,NA,WF,0,2022,0.41,2022,TRUE,TRUE
2022-ORUMF-000276,0.14,Class A,2022-08-23T19:11:00Z,67.40666666666667,NA,NA,WF,0,2022,0.04,2022,TRUE,TRUE
2020-ORUMF-000530,101.7558,Class C,2020-09-29T00:03:00Z,1489.4,Type 4 Incident,4,WF,0,2020,73.81,2020,TRUE,TRUE
2021-ORDEF-000766,18.9176,Class D,2021-10-24T21:00:00Z,1918.235,Type 4 Incident,4,WF,0,2021,146.88,2021,TRUE,TRUE
2022-ORWIF-220170,631.499,Class E,2022-11-02T19:02:00Z,2258.0333333333333,Type 3 Incident,3,WF,0,2022,631.69,2022,TRUE,TRUE
2020-OR581S-000041,532.04,Class E,NA,NA,NA,NA,WF,0,2020,532.03,2020,TRUE,TRUE
2021-ORFWF-210148,831.6508,Class E,2021-08-19T00:40:00Z,2525.2833333333333,Type 3 Incident,3,WF,0,2021,831.65,2021,TRUE,TRUE
2022-ORWWF-000413,4429.9558,Class F,NA,NA,Type 2 Incident,2,WF,0,2022,4429.9,2022,TRUE,TRUE
2022-ORDEF-000445,38.15,Class C,2022-11-03T17:37:00Z,2368.8547222222223,NA,NA,WF,0,2022,38.15,2022,TRUE,TRUE
2022-ORWWF-000334,21635.795,Class G,2022-12-01T16:30:00Z,2421.366666666667,Type 4 Incident,4,WF,0,2022,21635.7,2022,TRUE,TRUE
2021-ORUMF-000745,22358.8073,Class G,NA,NA,Type 4 Incident,4,WF,0,2021,22959.1,2021,TRUE,TRUE
2021-ORFWF-210321,413763.169,Class G,2022-01-14T18:45:00Z,4606.05,Type 1 Incident,1,WF,0,2021,413715,2021,TRUE,TRUE
2021-ORWIF-210287,1484.6899,Class F,2022-10-28T19:00:00Z,10991.805,NA,NA,WF,0,2021,1484.68,2021,TRUE,TRUE
2022-ORFWF-220298,0.33,Class A,2022-08-14T15:51:00Z,97.71027777777778,NA,NA,WF,0,2022,0.08,2022,TRUE,TRUE
2020-ORMHF-000164,12.17,Class C,2020-07-10T22:16:00Z,960.3419444444444,NA,NA,WF,0,2020,12.17,2020,TRUE,TRUE
2022-OROCF-000714,11.22,Class B,2022-08-18T23:00:00Z,169.9061111111111,NA,NA,WF,0,2022,5.48,2022,TRUE,TRUE
2021-OR955S-000558,5943.41,Class G,2022-01-03T20:44:00Z,4224.2,Type 4 Incident,4,WF,0,2021,5943.39,2021,TRUE,TRUE
2020-OR954S-000017,313.78,Class E,NA,NA,Type 4 Incident,4,WF,0,2020,313.77,2020,TRUE,TRUE
2021-ORWWF-000454,0.26,Class B,NA,NA,NA,NA,WF,0,2021,0.26,2021,TRUE,TRUE
2022-ORDEF-000485,0.74,Class B,2022-08-07T21:00:00Z,163.62416666666667,NA,NA,WF,0,2022,0.37,2022,TRUE,TRUE
2020-ORMHF-000859,138152.5538,Class G,2022-03-10T20:00:00Z,13163.1,Type 4 Incident,4,WF,0,2020,138151,2020,TRUE,TRUE
2022-ORWWF-000245,28.95,Class C,2022-09-25T19:23:00Z,1055.0325,NA,NA,WF,0,2022,28.95,2022,TRUE,TRUE
2022-ORWWF-000230,64.8742,Class C,2022-08-21T00:10:00Z,238.72722222222225,Type 3 Incident,3,WF,0,2022,64.87,2022,TRUE,TRUE
2020-OR781S-000037,307.34,Class E,2020-11-02T01:00:00Z,1515.55,Type 1 Incident,1,WF,0,2020,307.33,2020,TRUE,TRUE
2022-ORFWF-220223,0.15,Class A,2022-08-07T19:02:00Z,121.05027777777778,NA,NA,WF,0,2022,0.05,2022,TRUE,TRUE
2021-ORUPF-000437,4832.6833,Class F,2021-11-17T20:00:00Z,2569.3127777777777,NA,NA,WF,0,2021,4868.12,2021,TRUE,TRUE
2020-ORFWF-200345,2415.8795,Class F,2020-11-30T16:24:00Z,2539.65,Type 5 Incident,5,WF,0,2020,2983.8,2020,TRUE,TRUE
2022-ORWWF-000353,585.56,Class E,2022-12-01T16:30:00Z,2396.5666666666666,Type 4 Incident,4,WF,0,2022,585.56,2022,TRUE,TRUE
2022-ORWWF-000228,237.721,Class D,2022-08-21T00:10:00Z,239.15,Type 3 Incident,3,WF,0,2022,237.72,2022,TRUE,TRUE
2022-ORDEF-000532,14.89,Class B,2022-08-08T20:06:00Z,140.0052777777778,NA,NA,WF,0,2022,7.39,2022,TRUE,TRUE
2022-ORFWF-220162,0.41,Class A,2022-07-10T22:49:00Z,171.69305555555556,NA,NA,WF,0,2022,0.16,2022,TRUE,TRUE
2020-ORUMF-020264,130.7625,Class D,2020-11-09T16:00:00Z,1966.8333333333333,Type 4 Incident,4,WF,0,2020,130.75,2020,TRUE,TRUE
2021-ORUMF-021142,5122.0962,Class D,2021-10-14T14:30:00Z,2560.2,Type 4 Incident,4,WF,0,2021,137.02,2021,TRUE,TRUE
2022-ORUMF-000307,77.38,Class C,2022-11-08T23:20:00Z,1880.6638888888888,Type 4 Incident,4,WF,0,2022,77.38,2022,TRUE,TRUE
2024-IDPAF-005464,33016.2876,Class G,2024-11-15T16:25:00Z,2728.0666666666666,NA,NA,WF,0,2024,33083.6,2024,TRUE,TRUE
2022-ORWIF-220303,17.17,Class B,2022-11-02T20:15:00Z,1844.8833333333337,NA,NA,WF,0,2022,8.47,2022,TRUE,TRUE
2021-ORFWF-210268,32.9,Class C,NA,NA,NA,NA,WF,0,2021,32.9,2021,TRUE,TRUE
2021-ORMAF-002236,0.09,Class A,2021-08-14T20:04:00Z,283.73805555555555,NA,NA,WF,0,2021,0.09,2021,TRUE,TRUE
2021-ORUPF-000425,61341.2023,Class G,NA,NA,NA,NA,WF,0,2021,49238.9,2021,TRUE,TRUE
2020-ORUMF-020257,12.29,Class C,2020-10-15T00:00:00Z,1353.8758333333333,NA,NA,WF,0,2020,12.29,2020,TRUE,TRUE
2020-OR954S-000022,997.07,Class E,NA,NA,Type 1 Incident,1,WF,0,2020,997.07,2020,TRUE,TRUE
2021-ORFWF-210179,683.5988,Class E,2021-07-27T17:35:00Z,1388.1666666666667,Type 4 Incident,4,WF,0,2021,615.2,2021,TRUE,TRUE
2021-ORMAF-021300,22444.2931,Class G,2021-11-16T02:00:00Z,2504.9,Type 5 Incident,5,WF,0,2021,22444.9,2021,TRUE,TRUE
2022-ORWWF-000374,0.55,Class A,2022-08-29T20:21:00Z,101.75083333333332,NA,NA,WF,0,2022,0.25,2022,TRUE,TRUE
2022-ORFWF-220280,0.1,Class A,2022-08-14T21:07:00Z,121.71111111111112,NA,NA,WF,0,2022,3.69736e-4,2022,TRUE,TRUE
2020-ORMAR-002055,395.9555,Class E,2020-08-25T00:32:00Z,793.4833333333333,Type 4 Incident,4,WF,0,2020,395.98,2020,TRUE,TRUE
2021-OR981S-210279,12.42,Class C,2021-07-24T16:55:00Z,664.4666666666667,NA,NA,WF,0,2021,12.42,2021,TRUE,TRUE
2020-OR982S-200196,1248.93,Class F,NA,NA,Type 5 Incident,5,WF,0,2020,1248.92,2020,TRUE,TRUE
2022-ORFWF-220245,0.14,Class A,2022-08-06T20:43:00Z,50.788333333333334,NA,NA,WF,0,2022,0.04,2022,TRUE,TRUE
2020-ORUMF-000891,65.8976,Class C,NA,NA,NA,NA,WF,0,2020,56.95,2020,TRUE,TRUE
2021-ORFWF-210329,4291.2372,Class G,NA,NA,Type 5 Incident,5,WF,0,2021,16337.2,2021,TRUE,TRUE
2021-ORWIF-210344,28.5707,Class C,2021-09-29T19:38:00Z,1390.6166666666666,NA,NA,WF,0,2021,28.6,2021,TRUE,TRUE
2021-ORUPF-000490,8969.7135,Class G,2021-11-17T20:00:00Z,2567.383333333333,NA,NA,WF,0,2021,9444.67,2021,TRUE,TRUE
2021-ORFWF-210419,8948.4283,Class G,2022-01-14T18:45:00Z,3716.6833333333334,Type 3 Incident,3,WF,0,2021,8929.56,2021,TRUE,TRUE
2020-ORMHF-000681,17442.2417,Class G,2022-03-08T20:00:00Z,13635.883333333331,Type 4 Incident,4,WF,0,2020,17412.3,2020,TRUE,TRUE
2020-ORWIF-200299,193117.952,Class G,2021-09-27T23:00:00Z,9772.7,Type 4 Incident,4,WF,0,2020,193565,2020,TRUE,TRUE
2022-ORFWF-220269,0.41,Class B,2022-08-14T19:38:00Z,124.37416666666668,NA,NA,WF,0,2022,0.26,2022,TRUE,TRUE
2022-ORUPF-000269,1.6,Class B,2022-08-20T23:46:00Z,431.8172222222222,NA,NA,WF,0,2022,1,2022,TRUE,TRUE
2022-ORFWF-220216,0.02,Class A,2022-08-08T16:33:00Z,157.22861111111112,NA,NA,WF,0,2022,0.01,2022,TRUE,TRUE
2020-ORDEF-000429,392.9071,Class E,2020-12-11T15:40:00Z,3498.633333333333,Type 3 Incident,3,WF,0,2020,392.9,2020,TRUE,TRUE
2021-IDCMS-000470,90574.44,Class G,2021-12-06T20:00:00Z,3654.2833333333338,Type 2 Incident,2,WF,0,2021,90574,2021,TRUE,TRUE
2021-ORUPF-000417,1,Class C,NA,NA,NA,NA,WF,0,2021,16.27,2021,TRUE,TRUE
2021-ORMAF-002178,9.75,Class B,2021-07-07T22:08:00Z,264.0236111111111,NA,NA,WF,0,2021,9.75,2021,TRUE,TRUE
2021-ORUPF-000444,40.1759,Class C,NA,NA,NA,NA,WF,0,2021,40.18,2021,TRUE,TRUE
2022-ORMAR-002227,16.81,Class C,2022-06-20T19:30:00Z,1222.65,NA,NA,WF,0,2022,16.81,2022,TRUE,TRUE
2022-ORDEF-000406,26.46,Class C,2022-08-11T21:59:00Z,482.8333333333333,NA,NA,WF,0,2022,26.46,2022,TRUE,TRUE
2020-OROCF-000657,4019.6759,Class F,2020-11-20T17:25:00Z,2299.8166666666666,Type 4 Incident,4,WF,0,2020,3930.25,2020,TRUE,TRUE
2020-OROCF-000714,14.82,Class C,2020-08-29T00:15:00Z,264.4266666666667,NA,NA,WF,0,2020,13.32,2020,TRUE,TRUE
2020-OR553S-553018,2521.8852,Class F,2020-10-13T01:00:00Z,834.1166666666667,Type 4 Incident,4,WF,0,2020,2521.95,2020,TRUE,TRUE
2022-ORFWF-220121,7.22,Class B,2022-06-13T22:05:00Z,672.7,NA,NA,WF,0,2022,4.61,2022,TRUE,TRUE
2021-ORWWF-001199,87.1338,Class C,2021-11-03T14:30:00Z,1552.4666666666667,Type 4 Incident,4,WF,0,2021,59.09,2021,TRUE,TRUE
2022-ORMAF-002365,0.4,Class A,2022-09-26T21:26:00Z,126.77111111111113,NA,NA,WF,0,2022,0.15,2022,TRUE,TRUE
2022-ORFWF-220160,0.22,Class A,2022-07-08T17:37:00Z,122.94055555555556,NA,NA,WF,0,2022,0.12,2022,TRUE,TRUE
2021-ORUPF-000405,1016.41,Class F,NA,NA,NA,NA,WF,0,2021,1016.41,2021,TRUE,TRUE
2020-ORUPF-000436,131595.97,Class G,2022-01-04T23:15:00Z,11600.633333333331,Type 4 Incident,4,WF,0,2020,131595,2020,TRUE,TRUE
2021-ORMHF-000738,24894.106,Class G,2022-08-24T16:30:00Z,9305.383333333331,Type 3 Incident,3,WF,0,2021,24894.2,2021,TRUE,TRUE
2022-ORMAF-002300,0.12,Class A,2022-08-03T19:43:00Z,28.899444444444445,NA,NA,WF,0,2022,0.02,2022,TRUE,TRUE
2022-ORWWF-000400,175937.8191,Class G,2022-12-01T16:30:00Z,2226.45,Type 4 Incident,4,WF,0,2022,175937,2022,TRUE,TRUE
2022-ORDEF-000498,0.14,Class A,2022-08-01T18:01:00Z,11.895833333333334,NA,NA,WF,0,2022,0.04,2022,TRUE,TRUE
2021-ORMAF-002162,0.06,Class A,NA,NA,NA,NA,WF,0,2021,0.06,2021,TRUE,TRUE
2022-ORUPF-000257,1.55,Class B,2022-08-29T00:15:00Z,634.2119444444445,NA,NA,WF,0,2022,0.75,2022,TRUE,TRUE
2022-ORFWF-220255,0.24,Class A,2022-08-17T15:40:00Z,279.01194444444445,NA,NA,WF,0,2022,0.12,2022,TRUE,TRUE
2020-ORFWF-200404,19282.8336,Class G,2021-01-26T20:00:00Z,3378.116666666667,Type 4 Incident,4,WF,0.89,2020,14468.4,2020,TRUE,TRUE
2021-ORFWF-210452,91335.9385,Class G,2022-01-14T18:45:00Z,3093.983333333333,Type 5 Incident,5,WF,0,2021,91701.1,2021,TRUE,TRUE
2023-WAMCR-000129,2745.24,Class F,2023-06-15T16:15:00Z,596.5,Type 4 Incident,4,WF,0,2023,2745.23,2023,TRUE,TRUE
2022-ORFWF-220293,0.18,Class A,2022-08-13T19:29:00Z,90.93055555555556,NA,NA,WF,0,2022,0.08,2022,TRUE,TRUE
2022-ORFWF-220300,0.23,Class A,2022-08-14T20:21:00Z,95.87361111111112,NA,NA,WF,0,2022,0.13,2022,TRUE,TRUE
2022-ORWWF-000227,13.27,Class C,2022-08-30T20:27:00Z,475.5372222222222,NA,NA,WF,0,2022,15,2022,TRUE,TRUE
2022-ORWWF-000224,15.62,Class B,2022-08-13T00:23:00Z,48.67805555555555,NA,NA,WF,0,2022,8.02,2022,TRUE,TRUE
2021-ORMAF-002273,1.21,Class B,2021-10-27T15:00:00Z,784.7833333333333,NA,NA,WF,0,2021,1.21,2021,TRUE,TRUE
2020-ORDEF-000684,4338.0798,Class F,2020-11-19T18:12:00Z,2274.116666666667,Type 2 Incident,2,WF,0,2020,4338.18,2020,TRUE,TRUE
2022-ORMAF-022252,27.46,Class C,2022-09-18T21:00:00Z,120.86916666666669,NA,NA,WF,0,2022,13.72,2022,TRUE,TRUE
2022-ORDEF-000399,0.67,Class B,2022-07-24T21:55:00Z,92.1,NA,NA,WF,0,2022,0.27,2022,TRUE,TRUE
2021-ORDEF-000610,61.7563,Class C,2021-09-22T19:54:00Z,1579.7333333333331,NA,NA,WF,0,2021,59.4,2021,TRUE,TRUE
2021-ORMAF-002257,67.26,Class C,2021-10-27T15:00:00Z,1385.65,NA,NA,WF,0,2021,67.26,2021,TRUE,TRUE
2022-ORUMF-000495,0.18,Class A,2022-09-18T19:46:00Z,27.313333333333333,NA,NA,WF,0,2022,0.08,2022,TRUE,TRUE
2022-ORDEF-000921,0.71,Class A,2022-09-21T19:25:00Z,97.55,NA,NA,WF,0,2022,0.21,2022,TRUE,TRUE
2022-ORFWF-220186,0.17,Class A,2022-07-30T18:28:00Z,95.13333333333334,NA,NA,WF,0,2022,0.07,2022,TRUE,TRUE
2021-ORMAF-002180,0.37,Class B,2021-07-08T00:22:00Z,243.09333333333333,NA,NA,WF,0,2021,0.37,2021,TRUE,TRUE
2020-ORDEF-000701,25.3543,Class C,2020-10-14T16:50:00Z,1392.601111111111,Type 4 Incident,4,WF,0,2020,45.92,2020,TRUE,TRUE
2020-OR581S-ORC000008,46.13,Class C,NA,NA,Type 2 Incident,2,WF,0,2020,46.13,2020,TRUE,TRUE
2020-OR581S-000043,1508.89,Class F,NA,NA,NA,NA,WF,0,2020,1508.88,2020,TRUE,TRUE
2022-ORWWF-000380,12608.57,Class G,2022-12-01T16:30:00Z,2345.1833333333334,Type 4 Incident,4,WF,0,2022,12608.5,2022,TRUE,TRUE
2020-ORKLR-200138,456.8,Class E,2020-06-12T19:50:00Z,353.06666666666666,Type 5 Incident,5,WF,0,2020,456.8,2020,TRUE,TRUE
2022-ORDEF-000537,22.88,Class C,2022-09-16T22:58:00Z,1077.4791666666667,NA,NA,WF,0,2022,22.88,2022,TRUE,TRUE
2021-ORWIF-210239,194.5699,Class D,2022-10-14T15:00:00Z,11010.083333333334,Type 5 Incident,5,WF,0,2021,194.36,2021,TRUE,TRUE
2021-ORUPF-000400,19377.0428,Class G,NA,NA,Type 3 Incident,3,WF,0,2021,19377.1,2021,TRUE,TRUE
2020-ORUPF-000441,9951.8663,Class G,NA,NA,Type 4 Incident,4,WF,0,2020,9951.22,2020,TRUE,TRUE
2021-ORMAF-002233,4.59,Class B,2021-10-27T14:30:00Z,2073.2166666666667,NA,NA,WF,0,2021,4.59,2021,TRUE,TRUE
2022-ORDEF-000883,20.09,Class C,2022-09-23T23:08:22Z,375.2052777777778,NA,NA,WF,0,2022,20.09,2022,TRUE,TRUE
2021-ORMAR-002259,89.1125,Class C,2021-10-13T01:00:00Z,915.2333333333332,NA,NA,WF,0,2021,89.11,2021,TRUE,TRUE
2022-ORWWF-000137,12.12,Class C,2022-07-18T21:38:00Z,123.18333333333334,NA,NA,WF,0,2022,12.12,2022,TRUE,TRUE
2022-ORFWF-220297,0.12,Class A,2022-08-13T21:30:00Z,90.38694444444444,NA,NA,WF,0,2022,0.02,2022,TRUE,TRUE
2022-ORDEF-000487,274.83,Class D,2022-10-04T22:31:00Z,1556.5,NA,NA,WF,0,2022,274.82,2022,TRUE,TRUE
2020-ORFWF-200406,50500.7237,Class G,2021-01-05T17:00:00Z,2867.366666666667,Type 4 Incident,4,WF,0,2020,50951.8,2020,TRUE,TRUE
2020-ORWIF-200430,174404.7246,Class G,2021-09-27T23:00:00Z,9235.716666666667,Type 4 Incident,4,WF,0,2020,173393,2020,TRUE,TRUE
2021-ORUPF-000346,38319.2166,Class G,2021-11-17T20:00:00Z,2710.9166666666665,NA,NA,WF,0,2021,28863.8,2021,TRUE,TRUE
2021-ORUPF-000369,48.67,Class C,NA,NA,NA,NA,WF,0,2021,48.67,2021,TRUE,TRUE
2021-ORWWF-000349,1561.8203,Class F,2021-08-13T15:57:00Z,1678.3,Type 5 Incident,5,WF,0,2021,1585.11,2021,TRUE,TRUE
2022-ORUMF-000321,0.23,Class A,2022-08-23T21:04:00Z,27.68138888888889,NA,NA,WF,0,2022,0.11,2022,TRUE,TRUE
2020-ORUMF-000900,113.9276,Class D,NA,NA,NA,NA,WF,0,2020,169.03,2020,TRUE,TRUE
2021-ORUPF-000265,23987.2309,Class G,NA,NA,Type 4 Incident,4,WF,0,2021,24167,2021,TRUE,TRUE
2021-ORWIF-210279,27679.3418,Class G,2022-10-28T19:00:00Z,10997.139722222222,NA,NA,WF,0,2021,29355.8,2021,TRUE,TRUE
2022-ORWIF-220212,0.87,Class B,2022-08-31T21:05:00Z,600.1391666666667,NA,NA,WF,0,2022,0.37,2022,TRUE,TRUE
2021-ORRSF-000069,1,Class C,2021-05-21T16:57:38Z,282.66055555555556,NA,NA,WF,0,2021,82.29,2021,TRUE,TRUE
2022-ORMAR-002206,16.81,Class C,2022-04-27T21:00:00Z,836.9666666666667,NA,NA,WF,0,2022,16.81,2022,TRUE,TRUE
2021-ORUPF-000422,215.0838,Class D,NA,NA,NA,NA,WF,0,2021,215.13,2021,TRUE,TRUE
2022-ORUMF-000237,0.06,Class A,2022-08-12T21:58:00Z,29.136944444444445,NA,NA,WF,0,2022,0.03,2022,TRUE,TRUE
2022-ORUMF-000235,0.04,Class A,2022-08-16T00:36:00Z,105.60166666666667,NA,NA,WF,0,2022,0.02,2022,TRUE,TRUE
2020-ORMAF-002067,89.0011,Class C,2020-10-02T23:00:00Z,1536.0833333333333,NA,NA,WF,0,2020,98.05,2020,TRUE,TRUE
2021-ORUPF-000439,74.2554,Class C,NA,NA,NA,NA,WF,0,2021,75.77,2021,TRUE,TRUE
2021-ORUPF-000412,135.1692,Class D,NA,NA,NA,NA,WF,0,2021,127.89,2021,TRUE,TRUE
2021-OR951S-000109,15.92,Class C,NA,NA,NA,NA,WF,0,2021,15.92,2021,TRUE,TRUE
2021-ORMAF-002131,4.85,Class B,2021-06-19T20:35:00Z,480.90972222222223,NA,NA,WF,0,2021,4.85,2021,TRUE,TRUE
2022-ORFWF-220221,0.17,Class A,2022-08-06T18:38:00Z,96.78805555555556,NA,NA,WF,0,2022,0.07,2022,TRUE,TRUE
2022-ORWIF-220201,7.66,Class B,2022-11-02T19:02:00Z,2203.4166666666665,NA,NA,WF,0,2022,4.66,2022,TRUE,TRUE
2021-ORWIF-210362,544.2496,Class E,2022-02-01T20:00:00Z,4312.45,Type 5 Incident,5,WF,0,2021,544.26,2021,TRUE,TRUE
2022-ORFWF-220271,0.11,Class A,2022-08-14T22:06:00Z,124.66805555555555,NA,NA,WF,0,2022,0.01,2022,TRUE,TRUE
2020-ORUMF-001166,3.2,Class B,2020-11-04T16:00:00Z,1221.6333333333334,Type 4 Incident,4,WF,0,2020,3.2,2020,TRUE,TRUE
2021-OR981S-210215,1288.22,Class F,2021-10-22T00:00:00Z,2979.516666666667,Type 4 Incident,4,WF,0,2021,1288.22,2021,TRUE,TRUE
2015-WAMNR-J3J1,488,Class G,2015-09-20T07:00:00Z,160,NA,NA,WF,0,2015,8960.3,2015,TRUE,TRUE
2015-ORWMR-J1GH,135,Class D,2015-09-15T07:00:00Z,801.5,NA,NA,WF,0,2015,136.1,2015,TRUE,TRUE
2015-ORMAR-J3W2,148,Class D,2015-10-22T07:00:00Z,634.5,NA,NA,WF,0,2015,147.7,2015,TRUE,TRUE
2018-WAMNR-L14Z,1029,Class G,NA,NA,NA,NA,WF,0,2018,12382.1,2018,TRUE,TRUE
2018-ORBKR-L44Y,0.2,Class A,2018-08-21T07:00:00Z,8,NA,NA,WF,0,2018,0.2,2018,TRUE,TRUE
2018-ORUMR-L24S,0.9,Class B,2018-08-14T07:00:00Z,68,NA,NA,WF,0,2018,0.8,2018,TRUE,TRUE
2018-ORMAR-LQK4,1502,Class F,2018-09-12T07:00:00Z,3296,NA,NA,WF,0,2018,1501.3,2018,TRUE,TRUE
2019-ORMAR-MH1Z,1.1,Class B,2019-08-31T07:00:00Z,847.5,NA,NA,WF,0,2019,1.04025,2019,TRUE,TRUE
2019-ORMAR-L6ZE,43,Class C,2019-02-09T08:00:00Z,33.5,NA,NA,WF,0,2019,43.8,2019,TRUE,TRUE
2019-ORHMR-MS0T,21888,Class G,2019-11-18T08:00:00Z,1526.25,NA,NA,WF,0,2019,23401.3,2019,TRUE,TRUE
2018-ORMAR-L5X0,1533,Class F,2018-11-01T07:00:00Z,380.5,NA,NA,WF,0,2018,2303.3,2018,TRUE,TRUE
2019-CALKR-MPB7,2,Class B,2019-09-12T07:00:00Z,393.5,NA,NA,WF,0,2019,2,2019,TRUE,TRUE
2019-WAMNR-MBF3,25.2,Class C,2019-07-09T07:00:00Z,454,NA,NA,WF,0,2019,25.2,2019,TRUE,TRUE
2024-ORSHR-240269,65411.133,Class G,2024-11-12T23:12:00Z,2375.116666666667,NA,NA,WF,0,2024,65865.9,2024,TRUE,TRUE
2024-ORAKR-240159,0.88,Class B,NA,NA,NA,NA,WF,0,2024,0.88,2024,TRUE,TRUE
2024-ORKLR-240378,0.02,Class A,2024-11-06T17:05:00Z,239.41,NA,NA,WF,0,2024,0.02,2024,TRUE,TRUE
2024-ORKLR-240225,5.24,Class B,2024-12-02T17:45:00Z,3300.7,NA,NA,WF,0,2024,5.24,2024,TRUE,TRUE
2023-ORKLR-230311,2648.61,Class F,2023-12-06T15:00:00Z,1771.6,Type 5 Incident,5,WF,0,2023,2648.61,2023,TRUE,TRUE
2024-ORKLR-240295,24.08,Class C,2025-02-04T21:00:00Z,4103.683333333333,NA,NA,WF,0,2024,24.08,2024,TRUE,TRUE
2024-ORWSA-000012,19.79,Class C,NA,NA,NA,NA,WF,0,2024,19.79,2024,TRUE,TRUE
2024-ORWSA-000005,0.01,Class A,NA,NA,NA,NA,WF,0,2024,3.57376e-5,2024,TRUE,TRUE
2024-ORUMA-000215,3224.31,Class F,NA,NA,NA,NA,WF,0,2024,3224.3,2024,TRUE,TRUE
2023-ORWSA-000109,20.6,Class C,NA,NA,NA,NA,WF,0,2023,20.6,2023,TRUE,TRUE
2024-ORWSA-000086,0.64,Class B,NA,NA,NA,NA,WF,0,2024,0.64,2024,TRUE,TRUE
2024-ORUMA-000616,196.37,Class D,NA,NA,NA,NA,WF,0,2024,196.37,2024,TRUE,TRUE
2024-ORUMA-000565,14.79,Class C,2024-10-31T18:56:00Z,1702,NA,NA,WF,0,2024,14.79,2024,TRUE,TRUE
2024-ORUMA-000661,2.11,Class B,2024-10-02T01:00:00Z,682.1166666666667,NA,NA,WF,0,2024,2.11,2024,TRUE,TRUE
2024-ORWSA-000007,0,Class A,NA,NA,NA,NA,WF,0,2024,3.50088e-5,2024,TRUE,TRUE
2024-ORWSA-000013,56.96,Class C,NA,NA,NA,NA,WF,0,2024,56.96,2024,TRUE,TRUE
2022-ORUMF-000479,719.98,Class E,2022-11-25T18:47:00Z,1722.9,Type 4 Incident,4,WF,0,2022,719.97,2022,TRUE,TRUE
2023-ORRSF-000401,4.93,Class B,2023-09-02T20:23:00Z,196.51666666666668,NA,NA,WF,0,2023,4.93,2023,TRUE,TRUE
2023-ORFWF-230251,0.04,Class A,NA,NA,NA,NA,WF,0,2023,0.04,2023,TRUE,TRUE
2023-ORSUF-230153,18.25,Class B,2023-06-30T22:35:00Z,336.8352777777778,NA,NA,WF,0,2023,9.14,2023,TRUE,TRUE
2023-ORFWF-230117,874.6982,Class B,2023-05-29T01:00:00Z,195.9013888888889,NA,NA,WF,0,2023,1.92,2023,TRUE,TRUE
2023-ORFWF-230225,0,Class A,2023-08-06T20:06:00Z,44.844166666666666,NA,NA,WF,0,2023,0,2023,TRUE,TRUE
2023-ORWIF-230329,134.76,Class D,2024-06-17T22:05:00Z,7585.816666666667,Type 4 Incident,4,WF,0,2023,134.76,2023,TRUE,TRUE
2023-ORFWF-230172,0.38,Class B,2023-07-02T21:51:00Z,119.46861111111112,NA,NA,WF,0,2023,0.38,2023,TRUE,TRUE
2023-ORWWF-000474,4.4222,Class B,2023-10-02T19:40:00Z,523.7,NA,NA,WF,0,2023,1.55,2023,TRUE,TRUE
2023-ORRSF-000209,34241.69,Class G,NA,NA,Type 4 Incident,4,WF,0,2023,34241.6,2023,TRUE,TRUE
2023-ORMHF-001199,163.48,Class F,2024-09-20T17:30:00Z,9416.45,Type 4 Incident,4,WF,0,2023,2054.99,2023,TRUE,TRUE
2023-ORWWF-000161,18.4,Class B,2023-07-06T17:14:00Z,118.41944444444444,NA,NA,WF,0,2023,9.2,2023,TRUE,TRUE
2023-ORFWF-230242,0,Class A,2023-08-08T20:05:00Z,76.67888888888889,NA,NA,WF,0,2023,0,2023,TRUE,TRUE
2023-ORRSF-000413,820,Class G,NA,NA,Type 4 Incident,4,WF,0,2023,22166.9,2023,TRUE,TRUE
2023-ORFWF-230253,0.05,Class A,2023-08-10T18:17:00Z,72.53833333333333,NA,NA,WF,0,2023,0.05,2023,TRUE,TRUE
2023-ORWWF-000076,0.15,Class A,2023-06-05T16:47:00Z,93.66361111111112,NA,NA,WF,0,2023,0.15,2023,TRUE,TRUE
2024-ORFWF-240150,0.93,Class B,2024-06-26T21:09:00Z,360.5475,NA,NA,WF,0,2024,0.93,2024,TRUE,TRUE
2024-ORDEF-000893,1.43,Class B,2024-12-17T21:51:00Z,2425.548888888889,NA,NA,WF,0,2024,1.43,2024,TRUE,TRUE
2024-OROCF-000829,1.31,Class B,2024-09-28T22:06:00Z,558.7813888888888,NA,NA,WF,0,2024,1.31,2024,TRUE,TRUE
2024-OROCF-000246,4.08,Class B,2024-07-05T23:17:00Z,476.31666666666666,NA,NA,WF,0,2024,4.08,2024,TRUE,TRUE
2024-ORMHF-001101,9.19,Class B,2024-09-19T20:40:00Z,434.7688888888889,NA,NA,WF,0,2024,9.19,2024,TRUE,TRUE
2024-OROCF-000502,3245.44,Class F,NA,NA,NA,NA,WF,0,2024,3245.43,2024,TRUE,TRUE
2024-ORWIF-240191,0.23,Class A,2024-08-09T18:05:00Z,555.1636111111111,NA,NA,WF,0,2024,0.23,2024,TRUE,TRUE
2024-ORDEF-000887,0.16,Class A,2024-12-17T21:35:00Z,2427.3033333333333,NA,NA,WF,0,2024,0.16,2024,TRUE,TRUE
2024-ORDEF-000846,3.01,Class B,2024-12-17T21:35:00Z,2443.4166666666665,NA,NA,WF,0,2024,3.01,2024,TRUE,TRUE
2024-ORMAF-002532,4.15,Class B,NA,NA,NA,NA,WF,0,2024,4.15,2024,TRUE,TRUE
2024-ORFWF-240146,2.02,Class B,2024-07-02T19:50:00Z,528.1333333333333,NA,NA,WF,0,2024,2.02,2024,TRUE,TRUE
2024-ORWIF-240391,0.32,Class B,2024-10-22T20:40:00Z,1005.9688888888888,NA,NA,WF,0,2024,0.32,2024,TRUE,TRUE
2024-ORDEF-000722,1.77,Class B,2024-12-02T17:27:00Z,2278.9280555555556,NA,NA,WF,0,2024,1.77,2024,TRUE,TRUE
2024-ORWIF-240377,0.1,Class A,NA,NA,NA,NA,WF,0,2024,0.1,2024,TRUE,TRUE
2024-ORDEF-000857,0.72,Class B,NA,NA,NA,NA,WF,0,2024,0.72,2024,TRUE,TRUE
2024-ORFWF-240288,4.82,Class B,2024-08-28T18:54:00Z,286.4163888888889,NA,NA,WF,0,2024,4.82,2024,TRUE,TRUE
2024-ORWIF-240363,0.5,Class B,2024-09-10T20:00:00Z,91.34361111111112,NA,NA,WF,0,2024,8.12,2024,TRUE,TRUE
2024-ORFWF-240128,0.1,Class B,2024-06-18T17:02:00Z,500.8,NA,NA,WF,0,2024,5.61,2024,TRUE,TRUE
2024-ORDEF-000814,0.01,Class A,2024-09-08T21:29:00Z,116.40805555555556,NA,NA,WF,0,2024,0.01,2024,TRUE,TRUE
2024-ORFWF-240164,8.72,Class B,2024-07-12T19:45:00Z,480,NA,NA,WF,0,2024,8.72,2024,TRUE,TRUE
2024-ORWIF-240383,0.25,Class B,2024-09-10T20:00:00Z,65.91444444444444,NA,NA,WF,0,2024,1.62,2024,TRUE,TRUE
2024-ORDEF-000885,1.25,Class B,NA,NA,NA,NA,WF,0,2024,1.25,2024,TRUE,TRUE
2024-ORSUF-240325,0,Class A,2024-08-28T22:10:00Z,127.2461111111111,NA,NA,WF,0,2024,0,2024,TRUE,TRUE
2024-ORUPF-240351,0.13,Class A,2024-08-11T01:00:00Z,226.77416666666667,NA,NA,WF,0,2024,0.13,2024,TRUE,TRUE
2024-ORFWF-240158,0.19,Class A,2024-06-20T18:52:00Z,94.42472222222224,NA,NA,WF,0,2024,0.19,2024,TRUE,TRUE
2024-ORWIF-240192,1.79,Class B,2024-08-09T19:40:00Z,556.05,NA,NA,WF,0,2024,1.79,2024,TRUE,TRUE
2024-ORUMF-000254,8.45,Class B,2024-10-16T19:45:05Z,2171.101388888889,NA,NA,WF,0,2024,8.45,2024,TRUE,TRUE
